[DEBUG] 17:09:55.497 [AiEngine] Adaptive time: 500ms, depth: 4, reason: midgame, opening, emergency: false
[DEBUG] 17:09:55.504 [AiEngine] Using JS Search
[DEBUG] 17:09:56.005 [AiEngine] Adaptive time: 500ms, depth: 4, reason: midgame, opening, emergency: false
[DEBUG] 17:09:56.005 [AiEngine] Using JS Search
[DEBUG] 17:09:56.365 [AiEngine] Adaptive time: 500ms, depth: 4, reason: midgame, opening, emergency: false
[DEBUG] 17:09:56.365 [AiEngine] Using JS Search
[DEBUG] 17:09:56.653 [AiEngine] Adaptive time: 500ms, depth: 4, reason: midgame, opening, emergency: false
[DEBUG] 17:09:56.653 [AiEngine] Using JS Search
[DEBUG] 17:09:56.887 [AiEngine] Adaptive time: 500ms, depth: 4, reason: midgame, opening, emergency: false
[DEBUG] 17:09:56.888 [AiEngine] Using JS Search
[DEBUG] 17:09:57.050 [AiEngine] Adaptive time: 500ms, depth: 4, reason: midgame, opening, emergency: false
[DEBUG] 17:09:57.050 [AiEngine] Using JS Search
[DEBUG] 17:09:57.460 [AiEngine] Adaptive time: 500ms, depth: 4, reason: midgame, opening, tactical, emergency: false
[DEBUG] 17:09:57.460 [AiEngine] Using JS Search
[DEBUG] 17:09:57.743 [AiEngine] Adaptive time: 500ms, depth: 4, reason: midgame, opening, emergency: false
[DEBUG] 17:09:57.743 [AiEngine] Using JS Search
[DEBUG] 17:09:58.413 [AiEngine] Adaptive time: 500ms, depth: 4, reason: midgame, opening, emergency: false
[DEBUG] 17:09:58.413 [AiEngine] Using JS Search
[DEBUG] 17:09:58.613 [AiEngine] Adaptive time: 500ms, depth: 4, reason: midgame, opening, tactical, emergency: false
[DEBUG] 17:09:58.613 [AiEngine] Using JS Search
[DEBUG] 17:09:58.840 [AiEngine] Adaptive time: 500ms, depth: 4, reason: midgame, opening, tactical, emergency: false
[DEBUG] 17:09:58.840 [AiEngine] Using JS Search
[DEBUG] 17:09:59.264 [AiEngine] Adaptive time: 500ms, depth: 4, reason: midgame, opening, tactical, emergency: false
[DEBUG] 17:09:59.264 [AiEngine] Using JS Search
[DEBUG] 17:09:59.471 [AiEngine] Adaptive time: 500ms, depth: 4, reason: midgame, opening, tactical, emergency: false
[DEBUG] 17:09:59.471 [AiEngine] Using JS Search
[DEBUG] 17:09:59.659 [AiEngine] Adaptive time: 500ms, depth: 4, reason: midgame, opening, tactical, emergency: false
[DEBUG] 17:09:59.659 [AiEngine] Using JS Search
[DEBUG] 17:09:59.853 [AiEngine] Adaptive time: 500ms, depth: 4, reason: midgame, opening, tactical, emergency: false
[DEBUG] 17:09:59.853 [AiEngine] Using JS Search
[DEBUG] 17:10:00.142 [AiEngine] Adaptive time: 500ms, depth: 4, reason: midgame, opening, tactical, emergency: false
[DEBUG] 17:10:00.142 [AiEngine] Using JS Search
[DEBUG] 17:10:00.329 [AiEngine] Adaptive time: 500ms, depth: 4, reason: midgame, opening, tactical, emergency: false
[DEBUG] 17:10:00.329 [AiEngine] Using JS Search
[DEBUG] 17:10:00.966 [AiEngine] Adaptive time: 500ms, depth: 4, reason: midgame, opening, tactical, emergency: false
[DEBUG] 17:10:00.966 [AiEngine] Using JS Search
[DEBUG] 17:10:01.180 [AiEngine] Adaptive time: 500ms, depth: 4, reason: midgame, opening, tactical, emergency: false
[DEBUG] 17:10:01.180 [AiEngine] Using JS Search
[DEBUG] 17:10:01.740 [AiEngine] Adaptive time: 500ms, depth: 4, reason: midgame, opening, tactical, emergency: false
[DEBUG] 17:10:01.740 [AiEngine] Using JS Search
[DEBUG] 17:10:02.267 [AiEngine] Adaptive time: 500ms, depth: 4, reason: midgame, opening, tactical, emergency: false
[DEBUG] 17:10:02.267 [AiEngine] Using JS Search
[DEBUG] 17:10:02.409 [AiEngine] Adaptive time: 500ms, depth: 4, reason: midgame, opening, tactical, emergency: false
[DEBUG] 17:10:02.409 [AiEngine] Using JS Search
[DEBUG] 17:10:02.699 [AiEngine] Adaptive time: 500ms, depth: 4, reason: midgame, opening, tactical, emergency: false
[DEBUG] 17:10:02.699 [AiEngine] Using JS Search
[DEBUG] 17:10:03.068 [AiEngine] Adaptive time: 500ms, depth: 4, reason: midgame, opening, tactical, emergency: false
[DEBUG] 17:10:03.068 [AiEngine] Using JS Search
[DEBUG] 17:10:03.362 [AiEngine] Adaptive time: 500ms, depth: 4, reason: midgame, opening, tactical, emergency: false
[DEBUG] 17:10:03.362 [AiEngine] Using JS Search
[DEBUG] 17:10:03.744 [AiEngine] Adaptive time: 500ms, depth: 4, reason: midgame, opening, tactical, emergency: false
[DEBUG] 17:10:03.744 [AiEngine] Using JS Search
[DEBUG] 17:10:04.333 [AiEngine] Adaptive time: 500ms, depth: 4, reason: midgame, opening, tactical, emergency: false
[DEBUG] 17:10:04.333 [AiEngine] Using JS Search
[DEBUG] 17:10:04.579 [AiEngine] Adaptive time: 500ms, depth: 4, reason: midgame, opening, tactical, emergency: false
[DEBUG] 17:10:04.579 [AiEngine] Using JS Search
[DEBUG] 17:10:04.767 [AiEngine] Adaptive time: 500ms, depth: 4, reason: midgame, opening, in-check, emergency: false
[DEBUG] 17:10:04.767 [AiEngine] Using JS Search
[DEBUG] 17:10:04.909 [AiEngine] Adaptive time: 500ms, depth: 4, reason: midgame, opening, tactical, emergency: false
[DEBUG] 17:10:04.909 [AiEngine] Using JS Search
[DEBUG] 17:10:05.075 [AiEngine] Adaptive time: 500ms, depth: 4, reason: midgame, opening, in-check, emergency: false
[DEBUG] 17:10:05.075 [AiEngine] Using JS Search
[DEBUG] 17:10:05.078 [AiEngine] Adaptive time: 500ms, depth: 4, reason: midgame, opening, tactical, emergency: false
[DEBUG] 17:10:05.078 [AiEngine] Using JS Search
[DEBUG] 17:10:05.079 [AiEngine] Adaptive time: 500ms, depth: 4, reason: midgame, opening, tactical, emergency: false
[DEBUG] 17:10:05.079 [AiEngine] Using JS Search
[DEBUG] 17:10:05.344 [AiEngine] Adaptive time: 500ms, depth: 4, reason: midgame, opening, tactical, emergency: false
[DEBUG] 17:10:05.344 [AiEngine] Using JS Search
[DEBUG] 17:10:05.346 [AiEngine] Adaptive time: 500ms, depth: 4, reason: midgame, opening, tactical, emergency: false
[DEBUG] 17:10:05.346 [AiEngine] Using JS Search
[DEBUG] 17:10:05.546 [AiEngine] Adaptive time: 500ms, depth: 4, reason: midgame, opening, tactical, emergency: false
[DEBUG] 17:10:05.546 [AiEngine] Using JS Search
[DEBUG] 17:10:05.547 [AiEngine] Adaptive time: 500ms, depth: 4, reason: midgame, opening, tactical, emergency: false
[DEBUG] 17:10:05.547 [AiEngine] Using JS Search
[DEBUG] 17:10:05.727 [AiEngine] Adaptive time: 500ms, depth: 4, reason: midgame, opening, tactical, emergency: false
[DEBUG] 17:10:05.727 [AiEngine] Using JS Search
[DEBUG] 17:10:05.728 [AiEngine] Adaptive time: 500ms, depth: 4, reason: midgame, opening, tactical, emergency: false
[DEBUG] 17:10:05.728 [AiEngine] Using JS Search
[DEBUG] 17:10:05.894 [AiEngine] Adaptive time: 500ms, depth: 4, reason: midgame, opening, tactical, emergency: false
[DEBUG] 17:10:05.894 [AiEngine] Using JS Search
[DEBUG] 17:10:05.895 [AiEngine] Adaptive time: 3000ms, depth: 4, reason: midgame, emergency: false
[DEBUG] 17:10:05.895 [AiEngine] Using JS Search
[DEBUG] 17:10:05.968 [AiEngine] Adaptive time: 3000ms, depth: 4, reason: midgame, tactical, emergency: false
[DEBUG] 17:10:05.968 [AiEngine] Using JS Search
[DEBUG] 17:10:05.969 [AiEngine] Adaptive time: 3000ms, depth: 4, reason: midgame, tactical, emergency: false
[DEBUG] 17:10:05.969 [AiEngine] Using JS Search
[DEBUG] 17:10:06.122 [AiEngine] Adaptive time: 3000ms, depth: 4, reason: midgame, tactical, emergency: false
[DEBUG] 17:10:06.123 [AiEngine] Using JS Search
[DEBUG] 17:10:06.124 [AiEngine] Adaptive time: 3000ms, depth: 4, reason: midgame, tactical, emergency: false
[DEBUG] 17:10:06.124 [AiEngine] Using JS Search
[DEBUG] 17:10:06.293 [AiEngine] Adaptive time: 3000ms, depth: 4, reason: midgame, tactical, emergency: false
[DEBUG] 17:10:06.293 [AiEngine] Using JS Search
[DEBUG] 17:10:06.294 [AiEngine] Adaptive time: 3000ms, depth: 4, reason: midgame, tactical, emergency: false
[DEBUG] 17:10:06.294 [AiEngine] Using JS Search
[DEBUG] 17:10:06.596 [AiEngine] Adaptive time: 3000ms, depth: 4, reason: midgame, tactical, emergency: false
[DEBUG] 17:10:06.596 [AiEngine] Using JS Search
[DEBUG] 17:10:06.897 [AiEngine] Adaptive time: 3000ms, depth: 4, reason: midgame, tactical, emergency: false
[DEBUG] 17:10:06.897 [AiEngine] Using JS Search
[DEBUG] 17:10:06.999 [AiEngine] Adaptive time: 3000ms, depth: 4, reason: midgame, tactical, emergency: false
[DEBUG] 17:10:06.999 [AiEngine] Using JS Search
[DEBUG] 17:10:07.000 [AiEngine] Adaptive time: 3000ms, depth: 4, reason: midgame, emergency: false
[DEBUG] 17:10:07.001 [AiEngine] Using JS Search
[DEBUG] 17:10:07.159 [AiEngine] Adaptive time: 3000ms, depth: 4, reason: midgame, tactical, emergency: false
[DEBUG] 17:10:07.159 [AiEngine] Using JS Search
[DEBUG] 17:10:07.165 [AiEngine] Adaptive time: 3000ms, depth: 4, reason: midgame, in-check, emergency: false
[DEBUG] 17:10:07.165 [AiEngine] Using JS Search
[DEBUG] 17:10:07.293 [AiEngine] Adaptive time: 3000ms, depth: 4, reason: midgame, emergency: false
[DEBUG] 17:10:07.293 [AiEngine] Using JS Search
[DEBUG] 17:10:07.295 [AiEngine] Adaptive time: 3000ms, depth: 4, reason: midgame, emergency: false
[DEBUG] 17:10:07.295 [AiEngine] Using JS Search
[DEBUG] 17:10:07.549 [AiEngine] Adaptive time: 3000ms, depth: 4, reason: midgame, emergency: false
[DEBUG] 17:10:07.549 [AiEngine] Using JS Search
[DEBUG] 17:10:07.550 [AiEngine] Adaptive time: 3000ms, depth: 4, reason: midgame, emergency: false
[DEBUG] 17:10:07.550 [AiEngine] Using JS Search
[DEBUG] 17:10:07.797 [AiEngine] Adaptive time: 3000ms, depth: 4, reason: midgame, emergency: false
[DEBUG] 17:10:07.797 [AiEngine] Using JS Search
[DEBUG] 17:10:07.799 [AiEngine] Adaptive time: 3000ms, depth: 4, reason: midgame, emergency: false
[DEBUG] 17:10:07.799 [AiEngine] Using JS Search
[DEBUG] 17:10:07.846 [AiEngine] Adaptive time: 3000ms, depth: 4, reason: midgame, emergency: false
[DEBUG] 17:10:07.847 [AiEngine] Using JS Search
[DEBUG] 17:10:07.964 [AiEngine] Adaptive time: 3000ms, depth: 4, reason: midgame, emergency: false
[DEBUG] 17:10:07.964 [AiEngine] Using JS Search
[DEBUG] 17:10:08.002 [AiEngine] Adaptive time: 3000ms, depth: 4, reason: midgame, tactical, emergency: false
[DEBUG] 17:10:08.002 [AiEngine] Using JS Search
[DEBUG] 17:10:08.003 [AiEngine] Adaptive time: 3000ms, depth: 4, reason: midgame, emergency: false
[DEBUG] 17:10:08.003 [AiEngine] Using JS Search
[DEBUG] 17:10:08.101 [AiEngine] Adaptive time: 3000ms, depth: 4, reason: midgame, emergency: false
[DEBUG] 17:10:08.101 [AiEngine] Using JS Search
[DEBUG] 17:10:08.102 [AiEngine] Adaptive time: 3000ms, depth: 4, reason: midgame, emergency: false
[DEBUG] 17:10:08.102 [AiEngine] Using JS Search
[DEBUG] 17:10:08.226 [AiEngine] Adaptive time: 3000ms, depth: 4, reason: midgame, emergency: false
[DEBUG] 17:10:08.226 [AiEngine] Using JS Search
[DEBUG] 17:10:08.259 [AiEngine] Adaptive time: 3000ms, depth: 4, reason: midgame, tactical, emergency: false
[DEBUG] 17:10:08.259 [AiEngine] Using JS Search
[DEBUG] 17:10:08.415 [AiEngine] Adaptive time: 3000ms, depth: 4, reason: midgame, emergency: false
[DEBUG] 17:10:08.415 [AiEngine] Using JS Search
[DEBUG] 17:10:08.486 [AiEngine] Adaptive time: 3000ms, depth: 4, reason: midgame, tactical, emergency: false
[DEBUG] 17:10:08.487 [AiEngine] Using JS Search
[DEBUG] 17:10:08.526 [AiEngine] Adaptive time: 3000ms, depth: 4, reason: midgame, tactical, emergency: false
[DEBUG] 17:10:08.526 [AiEngine] Using JS Search
[DEBUG] 17:10:08.585 [AiEngine] Adaptive time: 3000ms, depth: 4, reason: midgame, emergency: false
[DEBUG] 17:10:08.585 [AiEngine] Using JS Search
[DEBUG] 17:10:08.627 [AiEngine] Adaptive time: 3000ms, depth: 4, reason: tactical, emergency: false
[DEBUG] 17:10:08.627 [AiEngine] Using JS Search
[DEBUG] 17:10:08.628 [AiEngine] Adaptive time: 3000ms, depth: 4, reason: standard, emergency: false
[DEBUG] 17:10:08.628 [AiEngine] Using JS Search
[DEBUG] 17:10:08.715 [AiEngine] Adaptive time: 3000ms, depth: 4, reason: tactical, emergency: false
[DEBUG] 17:10:08.716 [AiEngine] Using JS Search
[DEBUG] 17:10:08.720 [AiEngine] Adaptive time: 3000ms, depth: 4, reason: in-check, emergency: false
[DEBUG] 17:10:08.720 [AiEngine] Using JS Search
[DEBUG] 17:10:08.790 [AiEngine] Adaptive time: 3000ms, depth: 4, reason: standard, emergency: false
[DEBUG] 17:10:08.790 [AiEngine] Using JS Search
[DEBUG] 17:10:08.833 [AiEngine] Adaptive time: 3000ms, depth: 4, reason: standard, emergency: false
[DEBUG] 17:10:08.833 [AiEngine] Using JS Search
[DEBUG] 17:10:08.876 [AiEngine] Adaptive time: 3000ms, depth: 4, reason: standard, emergency: false
[DEBUG] 17:10:08.876 [AiEngine] Using JS Search
[DEBUG] 17:10:08.920 [AiEngine] Adaptive time: 3000ms, depth: 4, reason: standard, emergency: false
[DEBUG] 17:10:08.920 [AiEngine] Using JS Search
[DEBUG] 17:10:08.990 [AiEngine] Adaptive time: 3000ms, depth: 4, reason: standard, emergency: false
[DEBUG] 17:10:08.990 [AiEngine] Using JS Search
[DEBUG] 17:10:09.032 [AiEngine] Adaptive time: 500ms, depth: 4, reason: midgame, opening, emergency: false
[DEBUG] 17:10:09.032 [AiEngine] Using JS Search
[DEBUG] 17:10:09.230 [AiEngine] Adaptive time: 500ms, depth: 4, reason: midgame, opening, emergency: false
[DEBUG] 17:10:09.230 [AiEngine] Using JS Search
[DEBUG] 17:10:09.450 [AiEngine] Adaptive time: 500ms, depth: 4, reason: midgame, opening, emergency: false
[DEBUG] 17:10:09.450 [AiEngine] Using JS Search
[DEBUG] 17:10:09.638 [AiEngine] Adaptive time: 500ms, depth: 4, reason: midgame, opening, emergency: false
[DEBUG] 17:10:09.639 [AiEngine] Using JS Search
[DEBUG] 17:10:10.098 [AiEngine] Adaptive time: 500ms, depth: 4, reason: midgame, opening, emergency: false
[DEBUG] 17:10:10.098 [AiEngine] Using JS Search
[DEBUG] 17:10:10.285 [AiEngine] Adaptive time: 500ms, depth: 4, reason: midgame, opening, emergency: false
[DEBUG] 17:10:10.285 [AiEngine] Using JS Search
[DEBUG] 17:10:10.733 [AiEngine] Adaptive time: 500ms, depth: 4, reason: midgame, opening, emergency: false
[DEBUG] 17:10:10.733 [AiEngine] Using JS Search
[DEBUG] 17:10:11.395 [AiEngine] Adaptive time: 500ms, depth: 4, reason: midgame, opening, emergency: false
[DEBUG] 17:10:11.395 [AiEngine] Using JS Search
[DEBUG] 17:10:11.615 [AiEngine] Adaptive time: 500ms, depth: 4, reason: midgame, opening, emergency: false
[DEBUG] 17:10:11.615 [AiEngine] Using JS Search
[DEBUG] 17:10:11.740 [AiEngine] Adaptive time: 500ms, depth: 4, reason: midgame, opening, tactical, emergency: false
[DEBUG] 17:10:11.740 [AiEngine] Using JS Search
[DEBUG] 17:10:11.868 [AiEngine] Adaptive time: 500ms, depth: 4, reason: midgame, opening, emergency: false
[DEBUG] 17:10:11.868 [AiEngine] Using JS Search
[DEBUG] 17:10:12.327 [AiEngine] Adaptive time: 500ms, depth: 4, reason: midgame, opening, emergency: false
[DEBUG] 17:10:12.328 [AiEngine] Using JS Search
[DEBUG] 17:10:12.341 [AiEngine] Adaptive time: 500ms, depth: 4, reason: midgame, opening, tactical, emergency: false
[DEBUG] 17:10:12.341 [AiEngine] Using JS Search
[DEBUG] 17:10:12.877 [AiEngine] Adaptive time: 500ms, depth: 4, reason: midgame, opening, emergency: false
[DEBUG] 17:10:12.877 [AiEngine] Using JS Search
[DEBUG] 17:10:12.954 [AiEngine] Adaptive time: 500ms, depth: 4, reason: midgame, opening, tactical, emergency: false
[DEBUG] 17:10:12.954 [AiEngine] Using JS Search
[DEBUG] 17:10:13.007 [AiEngine] Adaptive time: 500ms, depth: 4, reason: midgame, opening, emergency: false
[DEBUG] 17:10:13.007 [AiEngine] Using JS Search
[DEBUG] 17:10:13.150 [AiEngine] Adaptive time: 500ms, depth: 4, reason: midgame, opening, emergency: false
[DEBUG] 17:10:13.150 [AiEngine] Using JS Search
[DEBUG] 17:10:13.322 [AiEngine] Adaptive time: 500ms, depth: 4, reason: midgame, opening, emergency: false
[DEBUG] 17:10:13.322 [AiEngine] Using JS Search
[DEBUG] 17:10:13.397 [AiEngine] Adaptive time: 500ms, depth: 4, reason: midgame, opening, emergency: false
[DEBUG] 17:10:13.397 [AiEngine] Using JS Search
[DEBUG] 17:10:13.587 [AiEngine] Adaptive time: 500ms, depth: 4, reason: midgame, opening, emergency: false
[DEBUG] 17:10:13.587 [AiEngine] Using JS Search
[DEBUG] 17:10:13.757 [AiEngine] Adaptive time: 500ms, depth: 4, reason: midgame, opening, tactical, emergency: false
[DEBUG] 17:10:13.757 [AiEngine] Using JS Search
[DEBUG] 17:10:14.184 [AiEngine] Adaptive time: 500ms, depth: 4, reason: midgame, opening, emergency: false
[DEBUG] 17:10:14.184 [AiEngine] Using JS Search
[DEBUG] 17:10:14.325 [AiEngine] Adaptive time: 500ms, depth: 4, reason: midgame, opening, tactical, emergency: false
[DEBUG] 17:10:14.326 [AiEngine] Using JS Search
[DEBUG] 17:10:14.366 [AiEngine] Adaptive time: 500ms, depth: 4, reason: midgame, opening, emergency: false
[DEBUG] 17:10:14.366 [AiEngine] Using JS Search
[DEBUG] 17:10:14.542 [AiEngine] Adaptive time: 500ms, depth: 4, reason: midgame, opening, emergency: false
[DEBUG] 17:10:14.542 [AiEngine] Using JS Search
[DEBUG] 17:10:14.715 [AiEngine] Adaptive time: 500ms, depth: 4, reason: midgame, opening, emergency: false
[DEBUG] 17:10:14.715 [AiEngine] Using JS Search
[DEBUG] 17:10:14.890 [AiEngine] Adaptive time: 500ms, depth: 4, reason: midgame, opening, emergency: false
[DEBUG] 17:10:14.890 [AiEngine] Using JS Search
[DEBUG] 17:10:15.040 [AiEngine] Adaptive time: 500ms, depth: 4, reason: midgame, opening, emergency: false
[DEBUG] 17:10:15.040 [AiEngine] Using JS Search
[DEBUG] 17:10:15.162 [AiEngine] Adaptive time: 500ms, depth: 4, reason: midgame, opening, emergency: false
[DEBUG] 17:10:15.162 [AiEngine] Using JS Search
[DEBUG] 17:10:15.382 [AiEngine] Adaptive time: 500ms, depth: 4, reason: midgame, opening, emergency: false
[DEBUG] 17:10:15.382 [AiEngine] Using JS Search
[DEBUG] 17:10:15.470 [AiEngine] Adaptive time: 500ms, depth: 4, reason: midgame, opening, emergency: false
[DEBUG] 17:10:15.470 [AiEngine] Using JS Search
[DEBUG] 17:10:15.637 [AiEngine] Adaptive time: 500ms, depth: 4, reason: midgame, opening, emergency: false
[DEBUG] 17:10:15.637 [AiEngine] Using JS Search
[DEBUG] 17:10:15.726 [AiEngine] Adaptive time: 500ms, depth: 4, reason: midgame, opening, emergency: false
[DEBUG] 17:10:15.726 [AiEngine] Using JS Search
[DEBUG] 17:10:15.875 [AiEngine] Adaptive time: 500ms, depth: 4, reason: midgame, opening, emergency: false
[DEBUG] 17:10:15.875 [AiEngine] Using JS Search
[DEBUG] 17:10:15.971 [AiEngine] Adaptive time: 500ms, depth: 4, reason: midgame, opening, emergency: false
[DEBUG] 17:10:15.971 [AiEngine] Using JS Search
[DEBUG] 17:10:16.118 [AiEngine] Adaptive time: 500ms, depth: 4, reason: midgame, opening, emergency: false
[DEBUG] 17:10:16.118 [AiEngine] Using JS Search
[DEBUG] 17:10:16.201 [AiEngine] Adaptive time: 500ms, depth: 4, reason: midgame, opening, emergency: false
[DEBUG] 17:10:16.201 [AiEngine] Using JS Search
[DEBUG] 17:10:16.337 [AiEngine] Adaptive time: 500ms, depth: 4, reason: midgame, opening, emergency: false
[DEBUG] 17:10:16.337 [AiEngine] Using JS Search
[DEBUG] 17:10:16.414 [AiEngine] Adaptive time: 500ms, depth: 4, reason: midgame, opening, emergency: false
[DEBUG] 17:10:16.414 [AiEngine] Using JS Search
[DEBUG] 17:10:16.588 [AiEngine] Adaptive time: 500ms, depth: 4, reason: midgame, opening, emergency: false
[DEBUG] 17:10:16.588 [AiEngine] Using JS Search
[DEBUG] 17:10:16.652 [AiEngine] Adaptive time: 3000ms, depth: 4, reason: midgame, emergency: false
[DEBUG] 17:10:16.652 [AiEngine] Using JS Search
[DEBUG] 17:10:16.777 [AiEngine] Adaptive time: 3000ms, depth: 4, reason: midgame, emergency: false
[DEBUG] 17:10:16.777 [AiEngine] Using JS Search
[DEBUG] 17:10:16.840 [AiEngine] Adaptive time: 3000ms, depth: 4, reason: midgame, emergency: false
[DEBUG] 17:10:16.840 [AiEngine] Using JS Search
[DEBUG] 17:10:16.989 [AiEngine] Adaptive time: 3000ms, depth: 4, reason: midgame, emergency: false
[DEBUG] 17:10:16.989 [AiEngine] Using JS Search
[DEBUG] 17:10:17.064 [AiEngine] Adaptive time: 3000ms, depth: 4, reason: midgame, emergency: false
[DEBUG] 17:10:17.064 [AiEngine] Using JS Search
[DEBUG] 17:10:17.229 [AiEngine] Adaptive time: 3000ms, depth: 4, reason: midgame, emergency: false
[DEBUG] 17:10:17.229 [AiEngine] Using JS Search
[DEBUG] 17:10:17.288 [AiEngine] Adaptive time: 3000ms, depth: 4, reason: midgame, emergency: false
[DEBUG] 17:10:17.288 [AiEngine] Using JS Search
[DEBUG] 17:10:17.529 [AiEngine] Adaptive time: 3000ms, depth: 4, reason: midgame, emergency: false
[DEBUG] 17:10:17.529 [AiEngine] Using JS Search
[DEBUG] 17:10:17.599 [AiEngine] Adaptive time: 3000ms, depth: 4, reason: midgame, tactical, emergency: false
[DEBUG] 17:10:17.599 [AiEngine] Using JS Search
[DEBUG] 17:10:17.720 [AiEngine] Adaptive time: 3000ms, depth: 4, reason: midgame, emergency: false
[DEBUG] 17:10:17.720 [AiEngine] Using JS Search
[DEBUG] 17:10:17.810 [AiEngine] Adaptive time: 3000ms, depth: 4, reason: midgame, tactical, emergency: false
[DEBUG] 17:10:17.810 [AiEngine] Using JS Search
[DEBUG] 17:10:17.985 [AiEngine] Adaptive time: 3000ms, depth: 4, reason: midgame, in-check, emergency: false
[DEBUG] 17:10:17.985 [AiEngine] Using JS Search
[DEBUG] 17:10:18.074 [AiEngine] Adaptive time: 3000ms, depth: 4, reason: midgame, tactical, emergency: false
[DEBUG] 17:10:18.074 [AiEngine] Using JS Search
[DEBUG] 17:10:18.240 [AiEngine] Adaptive time: 3000ms, depth: 4, reason: midgame, emergency: false
[DEBUG] 17:10:18.240 [AiEngine] Using JS Search
[DEBUG] 17:10:18.316 [AiEngine] Adaptive time: 3000ms, depth: 4, reason: midgame, tactical, emergency: false
[DEBUG] 17:10:18.316 [AiEngine] Using JS Search
[DEBUG] 17:10:18.409 [AiEngine] Adaptive time: 3000ms, depth: 4, reason: midgame, emergency: false
[DEBUG] 17:10:18.409 [AiEngine] Using JS Search
[DEBUG] 17:10:18.474 [AiEngine] Adaptive time: 3000ms, depth: 4, reason: midgame, tactical, emergency: false
[DEBUG] 17:10:18.474 [AiEngine] Using JS Search
[DEBUG] 17:10:18.577 [AiEngine] Adaptive time: 3000ms, depth: 4, reason: midgame, emergency: false
[DEBUG] 17:10:18.577 [AiEngine] Using JS Search
[DEBUG] 17:10:18.635 [AiEngine] Adaptive time: 3000ms, depth: 4, reason: midgame, tactical, emergency: false
[DEBUG] 17:10:18.635 [AiEngine] Using JS Search
[DEBUG] 17:10:18.713 [AiEngine] Adaptive time: 3000ms, depth: 4, reason: midgame, emergency: false
[DEBUG] 17:10:18.713 [AiEngine] Using JS Search
[DEBUG] 17:10:18.769 [AiEngine] Adaptive time: 3000ms, depth: 4, reason: midgame, tactical, emergency: false
[DEBUG] 17:10:18.769 [AiEngine] Using JS Search
[DEBUG] 17:10:18.861 [AiEngine] Adaptive time: 3000ms, depth: 4, reason: midgame, emergency: false
[DEBUG] 17:10:18.861 [AiEngine] Using JS Search
[DEBUG] 17:10:18.930 [AiEngine] Adaptive time: 3000ms, depth: 4, reason: midgame, tactical, emergency: false
[DEBUG] 17:10:18.931 [AiEngine] Using JS Search
[DEBUG] 17:10:19.086 [AiEngine] Adaptive time: 3000ms, depth: 4, reason: midgame, emergency: false
[DEBUG] 17:10:19.086 [AiEngine] Using JS Search
[DEBUG] 17:10:19.133 [AiEngine] Adaptive time: 3000ms, depth: 4, reason: midgame, tactical, emergency: false
[DEBUG] 17:10:19.133 [AiEngine] Using JS Search
[DEBUG] 17:10:19.418 [AiEngine] Adaptive time: 3000ms, depth: 4, reason: midgame, tactical, emergency: false
[DEBUG] 17:10:19.418 [AiEngine] Using JS Search
[DEBUG] 17:10:19.483 [AiEngine] Adaptive time: 3000ms, depth: 4, reason: midgame, tactical, emergency: false
[DEBUG] 17:10:19.483 [AiEngine] Using JS Search
[DEBUG] 17:10:19.560 [AiEngine] Adaptive time: 3000ms, depth: 4, reason: midgame, emergency: false
[DEBUG] 17:10:19.560 [AiEngine] Using JS Search
[DEBUG] 17:10:19.561 [AiEngine] Adaptive time: 3000ms, depth: 4, reason: midgame, tactical, emergency: false
[DEBUG] 17:10:19.561 [AiEngine] Using JS Search
[DEBUG] 17:10:19.561 [AiEngine] Adaptive time: 3000ms, depth: 4, reason: midgame, tactical, emergency: false
[DEBUG] 17:10:19.561 [AiEngine] Using JS Search
[DEBUG] 17:10:19.574 [AiEngine] Adaptive time: 3000ms, depth: 4, reason: midgame, in-check, emergency: false
[DEBUG] 17:10:19.574 [AiEngine] Using JS Search
[DEBUG] 17:10:19.750 [AiEngine] Adaptive time: 3000ms, depth: 4, reason: midgame, tactical, emergency: false
[DEBUG] 17:10:19.750 [AiEngine] Using JS Search
[DEBUG] 17:10:19.809 [AiEngine] Adaptive time: 3000ms, depth: 4, reason: midgame, emergency: false
[DEBUG] 17:10:19.809 [AiEngine] Using JS Search
[DEBUG] 17:10:19.933 [AiEngine] Adaptive time: 3000ms, depth: 4, reason: midgame, tactical, emergency: false
[DEBUG] 17:10:19.933 [AiEngine] Using JS Search
[DEBUG] 17:10:20.027 [AiEngine] Adaptive time: 3000ms, depth: 4, reason: midgame, tactical, emergency: false
[DEBUG] 17:10:20.028 [AiEngine] Using JS Search
[DEBUG] 17:10:20.125 [AiEngine] Adaptive time: 3000ms, depth: 4, reason: midgame, tactical, emergency: false
[DEBUG] 17:10:20.125 [AiEngine] Using JS Search
[DEBUG] 17:10:20.204 [AiEngine] Adaptive time: 3000ms, depth: 4, reason: midgame, tactical, emergency: false
[DEBUG] 17:10:20.204 [AiEngine] Using JS Search
[DEBUG] 17:10:20.321 [AiEngine] Adaptive time: 3000ms, depth: 4, reason: midgame, emergency: false
[DEBUG] 17:10:20.321 [AiEngine] Using JS Search
[DEBUG] 17:10:20.387 [AiEngine] Adaptive time: 3000ms, depth: 4, reason: midgame, tactical, emergency: false
[DEBUG] 17:10:20.388 [AiEngine] Using JS Search
[DEBUG] 17:10:20.536 [AiEngine] Adaptive time: 3000ms, depth: 4, reason: midgame, tactical, emergency: false
[DEBUG] 17:10:20.536 [AiEngine] Using JS Search
[DEBUG] 17:10:20.569 [AiEngine] Adaptive time: 3000ms, depth: 4, reason: midgame, in-check, emergency: false
[DEBUG] 17:10:20.569 [AiEngine] Using JS Search
[DEBUG] 17:10:20.779 [AiEngine] Adaptive time: 3000ms, depth: 4, reason: midgame, tactical, emergency: false
[DEBUG] 17:10:20.779 [AiEngine] Using JS Search
[DEBUG] 17:10:20.818 [AiEngine] Adaptive time: 3000ms, depth: 4, reason: midgame, emergency: false
[DEBUG] 17:10:20.818 [AiEngine] Using JS Search
[DEBUG] 17:10:20.902 [AiEngine] Adaptive time: 3000ms, depth: 4, reason: midgame, emergency: false
[DEBUG] 17:10:20.902 [AiEngine] Using JS Search
[DEBUG] 17:10:20.950 [AiEngine] Adaptive time: 3000ms, depth: 4, reason: midgame, emergency: false
[DEBUG] 17:10:20.950 [AiEngine] Using JS Search
[DEBUG] 17:10:20.970 [AiEngine] Adaptive time: 3000ms, depth: 4, reason: midgame, emergency: false
[DEBUG] 17:10:20.970 [AiEngine] Using JS Search
[DEBUG] 17:10:21.012 [AiEngine] Adaptive time: 3000ms, depth: 4, reason: midgame, emergency: false
[DEBUG] 17:10:21.013 [AiEngine] Using JS Search
[DEBUG] 17:10:21.181 [AiEngine] Adaptive time: 3000ms, depth: 4, reason: midgame, emergency: false
[DEBUG] 17:10:21.181 [AiEngine] Using JS Search
[DEBUG] 17:10:21.204 [AiEngine] Adaptive time: 3000ms, depth: 4, reason: midgame, emergency: false
[DEBUG] 17:10:21.205 [AiEngine] Using JS Search
[DEBUG] 17:10:21.386 [AiEngine] Adaptive time: 3000ms, depth: 4, reason: midgame, in-check, emergency: false
[DEBUG] 17:10:21.386 [AiEngine] Using JS Search
[DEBUG] 17:10:21.444 [AiEngine] Adaptive time: 3000ms, depth: 4, reason: midgame, emergency: false
[DEBUG] 17:10:21.444 [AiEngine] Using JS Search
[DEBUG] 17:10:21.590 [AiEngine] Adaptive time: 3000ms, depth: 4, reason: midgame, in-check, emergency: false
[DEBUG] 17:10:21.590 [AiEngine] Using JS Search
[DEBUG] 17:10:21.632 [AiEngine] Adaptive time: 500ms, depth: 4, reason: midgame, opening, emergency: false
[DEBUG] 17:10:21.632 [AiEngine] Using JS Search
[DEBUG] 17:10:21.717 [AiEngine] Adaptive time: 500ms, depth: 4, reason: midgame, opening, emergency: false
[DEBUG] 17:10:21.717 [AiEngine] Using JS Search
[DEBUG] 17:10:21.996 [AiEngine] Adaptive time: 500ms, depth: 4, reason: midgame, opening, tactical, emergency: false
[DEBUG] 17:10:21.996 [AiEngine] Using JS Search
[DEBUG] 17:10:22.217 [AiEngine] Adaptive time: 500ms, depth: 4, reason: midgame, opening, emergency: false
[DEBUG] 17:10:22.217 [AiEngine] Using JS Search
[DEBUG] 17:10:22.399 [AiEngine] Adaptive time: 500ms, depth: 4, reason: midgame, opening, tactical, emergency: false
[DEBUG] 17:10:22.399 [AiEngine] Using JS Search
[DEBUG] 17:10:22.928 [AiEngine] Adaptive time: 500ms, depth: 4, reason: midgame, opening, emergency: false
[DEBUG] 17:10:22.928 [AiEngine] Using JS Search
[DEBUG] 17:10:23.157 [AiEngine] Adaptive time: 500ms, depth: 4, reason: midgame, opening, tactical, emergency: false
[DEBUG] 17:10:23.157 [AiEngine] Using JS Search
[DEBUG] 17:10:23.485 [AiEngine] Adaptive time: 500ms, depth: 4, reason: midgame, opening, emergency: false
[DEBUG] 17:10:23.485 [AiEngine] Using JS Search
[DEBUG] 17:10:23.625 [AiEngine] Adaptive time: 500ms, depth: 4, reason: midgame, opening, tactical, emergency: false
[DEBUG] 17:10:23.625 [AiEngine] Using JS Search
[DEBUG] 17:10:23.724 [AiEngine] Adaptive time: 500ms, depth: 4, reason: midgame, opening, emergency: false
[DEBUG] 17:10:23.724 [AiEngine] Using JS Search
[DEBUG] 17:10:23.813 [AiEngine] Adaptive time: 500ms, depth: 4, reason: midgame, opening, tactical, emergency: false
[DEBUG] 17:10:23.813 [AiEngine] Using JS Search
[DEBUG] 17:10:23.990 [AiEngine] Adaptive time: 500ms, depth: 4, reason: midgame, opening, tactical, emergency: false
[DEBUG] 17:10:23.990 [AiEngine] Using JS Search
[DEBUG] 17:10:24.249 [AiEngine] Adaptive time: 500ms, depth: 4, reason: midgame, opening, emergency: false
[DEBUG] 17:10:24.249 [AiEngine] Using JS Search
[DEBUG] 17:10:24.433 [AiEngine] Adaptive time: 500ms, depth: 4, reason: midgame, opening, emergency: false
[DEBUG] 17:10:24.433 [AiEngine] Using JS Search
[DEBUG] 17:10:24.734 [AiEngine] Adaptive time: 500ms, depth: 4, reason: midgame, opening, emergency: false
[DEBUG] 17:10:24.734 [AiEngine] Using JS Search
[DEBUG] 17:10:24.830 [AiEngine] Adaptive time: 500ms, depth: 4, reason: midgame, opening, tactical, emergency: false
[DEBUG] 17:10:24.831 [AiEngine] Using JS Search
[DEBUG] 17:10:24.942 [AiEngine] Adaptive time: 500ms, depth: 4, reason: midgame, opening, in-check, emergency: false
[DEBUG] 17:10:24.942 [AiEngine] Using JS Search
[DEBUG] 17:10:24.971 [AiEngine] Adaptive time: 500ms, depth: 4, reason: midgame, opening, tactical, emergency: false
[DEBUG] 17:10:24.971 [AiEngine] Using JS Search
[DEBUG] 17:10:24.994 [AiEngine] Adaptive time: 500ms, depth: 4, reason: midgame, opening, emergency: false
[DEBUG] 17:10:24.994 [AiEngine] Using JS Search
[DEBUG] 17:10:25.126 [AiEngine] Adaptive time: 500ms, depth: 4, reason: midgame, opening, tactical, emergency: false
[DEBUG] 17:10:25.126 [AiEngine] Using JS Search
[DEBUG] 17:10:25.186 [AiEngine] Adaptive time: 500ms, depth: 4, reason: midgame, opening, in-check, emergency: false
[DEBUG] 17:10:25.186 [AiEngine] Using JS Search
[DEBUG] 17:10:25.195 [AiEngine] Adaptive time: 500ms, depth: 4, reason: midgame, opening, tactical, emergency: false
[DEBUG] 17:10:25.195 [AiEngine] Using JS Search
[DEBUG] 17:10:25.197 [AiEngine] Adaptive time: 500ms, depth: 4, reason: midgame, opening, in-check, emergency: false
[DEBUG] 17:10:25.197 [AiEngine] Using JS Search
[DEBUG] 17:10:25.198 [AiEngine] Adaptive time: 500ms, depth: 4, reason: midgame, opening, emergency: false
[DEBUG] 17:10:25.198 [AiEngine] Using JS Search
[DEBUG] 17:10:25.199 [AiEngine] Adaptive time: 500ms, depth: 4, reason: midgame, opening, emergency: false
[DEBUG] 17:10:25.199 [AiEngine] Using JS Search
[DEBUG] 17:10:25.370 [AiEngine] Adaptive time: 500ms, depth: 4, reason: midgame, opening, emergency: false
[DEBUG] 17:10:25.370 [AiEngine] Using JS Search
[DEBUG] 17:10:25.371 [AiEngine] Adaptive time: 500ms, depth: 4, reason: midgame, opening, emergency: false
[DEBUG] 17:10:25.371 [AiEngine] Using JS Search
[DEBUG] 17:10:25.401 [AiEngine] Adaptive time: 500ms, depth: 4, reason: midgame, opening, emergency: false
[DEBUG] 17:10:25.401 [AiEngine] Using JS Search
[DEBUG] 17:10:25.402 [AiEngine] Adaptive time: 500ms, depth: 4, reason: midgame, opening, emergency: false
[DEBUG] 17:10:25.402 [AiEngine] Using JS Search
[DEBUG] 17:10:25.520 [AiEngine] Adaptive time: 500ms, depth: 4, reason: midgame, opening, emergency: false
[DEBUG] 17:10:25.520 [AiEngine] Using JS Search
[DEBUG] 17:10:25.522 [AiEngine] Adaptive time: 500ms, depth: 4, reason: midgame, opening, emergency: false
[DEBUG] 17:10:25.522 [AiEngine] Using JS Search
[DEBUG] 17:10:25.685 [AiEngine] Adaptive time: 500ms, depth: 4, reason: midgame, opening, emergency: false
[DEBUG] 17:10:25.685 [AiEngine] Using JS Search
[DEBUG] 17:10:25.686 [AiEngine] Adaptive time: 500ms, depth: 4, reason: midgame, opening, emergency: false
[DEBUG] 17:10:25.686 [AiEngine] Using JS Search
[DEBUG] 17:10:25.779 [AiEngine] Adaptive time: 500ms, depth: 4, reason: midgame, opening, emergency: false
[DEBUG] 17:10:25.779 [AiEngine] Using JS Search
[DEBUG] 17:10:25.780 [AiEngine] Adaptive time: 500ms, depth: 4, reason: midgame, opening, emergency: false
[DEBUG] 17:10:25.780 [AiEngine] Using JS Search
[DEBUG] 17:10:25.904 [AiEngine] Adaptive time: 500ms, depth: 4, reason: midgame, opening, tactical, emergency: false
[DEBUG] 17:10:25.904 [AiEngine] Using JS Search
[DEBUG] 17:10:25.905 [AiEngine] Adaptive time: 500ms, depth: 4, reason: midgame, opening, emergency: false
[DEBUG] 17:10:25.905 [AiEngine] Using JS Search
[DEBUG] 17:10:26.327 [AiEngine] Adaptive time: 500ms, depth: 4, reason: midgame, opening, tactical, emergency: false
[DEBUG] 17:10:26.327 [AiEngine] Using JS Search
[DEBUG] 17:10:26.328 [AiEngine] Adaptive time: 500ms, depth: 4, reason: midgame, opening, emergency: false
[DEBUG] 17:10:26.328 [AiEngine] Using JS Search
[DEBUG] 17:10:26.426 [AiEngine] Adaptive time: 500ms, depth: 4, reason: midgame, opening, tactical, emergency: false
[DEBUG] 17:10:26.426 [AiEngine] Using JS Search
[DEBUG] 17:10:26.427 [AiEngine] Adaptive time: 3000ms, depth: 4, reason: midgame, tactical, emergency: false
[DEBUG] 17:10:26.427 [AiEngine] Using JS Search
[DEBUG] 17:10:26.649 [AiEngine] Adaptive time: 3000ms, depth: 4, reason: midgame, tactical, emergency: false
[DEBUG] 17:10:26.649 [AiEngine] Using JS Search
[DEBUG] 17:10:26.717 [AiEngine] Adaptive time: 3000ms, depth: 4, reason: midgame, emergency: false
[DEBUG] 17:10:26.717 [AiEngine] Using JS Search
[DEBUG] 17:10:26.762 [AiEngine] Adaptive time: 3000ms, depth: 4, reason: midgame, emergency: false
[DEBUG] 17:10:26.762 [AiEngine] Using JS Search
[DEBUG] 17:10:26.820 [AiEngine] Adaptive time: 3000ms, depth: 4, reason: midgame, emergency: false
[DEBUG] 17:10:26.820 [AiEngine] Using JS Search
[DEBUG] 17:10:26.851 [AiEngine] Adaptive time: 3000ms, depth: 4, reason: midgame, emergency: false
[DEBUG] 17:10:26.851 [AiEngine] Using JS Search
[DEBUG] 17:10:26.969 [AiEngine] Adaptive time: 3000ms, depth: 4, reason: midgame, emergency: false
[DEBUG] 17:10:26.969 [AiEngine] Using JS Search
[DEBUG] 17:10:27.004 [AiEngine] Adaptive time: 3000ms, depth: 4, reason: midgame, emergency: false
[DEBUG] 17:10:27.004 [AiEngine] Using JS Search
[DEBUG] 17:10:27.226 [AiEngine] Adaptive time: 3000ms, depth: 4, reason: midgame, emergency: false
[DEBUG] 17:10:27.226 [AiEngine] Using JS Search
[DEBUG] 17:10:27.267 [AiEngine] Adaptive time: 3000ms, depth: 4, reason: midgame, emergency: false
[DEBUG] 17:10:27.267 [AiEngine] Using JS Search
[DEBUG] 17:10:27.372 [AiEngine] Adaptive time: 3000ms, depth: 4, reason: midgame, emergency: false
[DEBUG] 17:10:27.372 [AiEngine] Using JS Search
[DEBUG] 17:10:27.432 [AiEngine] Adaptive time: 3000ms, depth: 4, reason: midgame, emergency: false
[DEBUG] 17:10:27.432 [AiEngine] Using JS Search
[DEBUG] 17:10:27.620 [AiEngine] Adaptive time: 3000ms, depth: 4, reason: midgame, emergency: false
[DEBUG] 17:10:27.620 [AiEngine] Using JS Search
[DEBUG] 17:10:27.658 [AiEngine] Adaptive time: 3000ms, depth: 4, reason: midgame, emergency: false
[DEBUG] 17:10:27.659 [AiEngine] Using JS Search
[DEBUG] 17:10:27.747 [AiEngine] Adaptive time: 3000ms, depth: 4, reason: midgame, emergency: false
[DEBUG] 17:10:27.747 [AiEngine] Using JS Search
[DEBUG] 17:10:27.784 [AiEngine] Adaptive time: 3000ms, depth: 4, reason: midgame, tactical, emergency: false
[DEBUG] 17:10:27.784 [AiEngine] Using JS Search
[DEBUG] 17:10:27.843 [AiEngine] Adaptive time: 3000ms, depth: 4, reason: midgame, emergency: false
[DEBUG] 17:10:27.843 [AiEngine] Using JS Search
[DEBUG] 17:10:27.924 [AiEngine] Adaptive time: 3000ms, depth: 4, reason: midgame, emergency: false
[DEBUG] 17:10:27.924 [AiEngine] Using JS Search
[DEBUG] 17:10:27.925 [AiEngine] Adaptive time: 3000ms, depth: 4, reason: midgame, emergency: false
[DEBUG] 17:10:27.925 [AiEngine] Using JS Search
[DEBUG] 17:10:28.059 [AiEngine] Adaptive time: 3000ms, depth: 4, reason: midgame, emergency: false
[DEBUG] 17:10:28.059 [AiEngine] Using JS Search
[DEBUG] 17:10:28.060 [AiEngine] Adaptive time: 3000ms, depth: 4, reason: midgame, emergency: false
[DEBUG] 17:10:28.060 [AiEngine] Using JS Search
[DEBUG] 17:10:28.168 [AiEngine] Adaptive time: 3000ms, depth: 4, reason: midgame, emergency: false
[DEBUG] 17:10:28.168 [AiEngine] Using JS Search
[DEBUG] 17:10:28.169 [AiEngine] Adaptive time: 3000ms, depth: 4, reason: midgame, emergency: false
[DEBUG] 17:10:28.169 [AiEngine] Using JS Search
[DEBUG] 17:10:28.289 [AiEngine] Adaptive time: 3000ms, depth: 4, reason: midgame, emergency: false
[DEBUG] 17:10:28.289 [AiEngine] Using JS Search
[DEBUG] 17:10:28.294 [AiEngine] Adaptive time: 3000ms, depth: 4, reason: midgame, emergency: false
[DEBUG] 17:10:28.294 [AiEngine] Using JS Search
[DEBUG] 17:10:28.423 [AiEngine] Adaptive time: 3000ms, depth: 4, reason: midgame, emergency: false
[DEBUG] 17:10:28.423 [AiEngine] Using JS Search
[DEBUG] 17:10:28.424 [AiEngine] Adaptive time: 3000ms, depth: 4, reason: midgame, emergency: false
[DEBUG] 17:10:28.424 [AiEngine] Using JS Search
[DEBUG] 17:10:28.503 [AiEngine] Adaptive time: 3000ms, depth: 4, reason: midgame, emergency: false
[DEBUG] 17:10:28.504 [AiEngine] Using JS Search
[DEBUG] 17:10:28.504 [AiEngine] Adaptive time: 3000ms, depth: 4, reason: midgame, emergency: false
[DEBUG] 17:10:28.504 [AiEngine] Using JS Search
[DEBUG] 17:10:28.626 [AiEngine] Adaptive time: 3000ms, depth: 4, reason: midgame, emergency: false
[DEBUG] 17:10:28.626 [AiEngine] Using JS Search
[DEBUG] 17:10:28.627 [AiEngine] Adaptive time: 3000ms, depth: 4, reason: midgame, emergency: false
[DEBUG] 17:10:28.627 [AiEngine] Using JS Search
[DEBUG] 17:10:28.665 [AiEngine] Adaptive time: 3000ms, depth: 4, reason: midgame, emergency: false
[DEBUG] 17:10:28.665 [AiEngine] Using JS Search
[DEBUG] 17:10:28.666 [AiEngine] Adaptive time: 3000ms, depth: 4, reason: standard, emergency: false
[DEBUG] 17:10:28.666 [AiEngine] Using JS Search
[DEBUG] 17:10:28.729 [AiEngine] Adaptive time: 3000ms, depth: 4, reason: standard, emergency: false
[DEBUG] 17:10:28.729 [AiEngine] Using JS Search
[DEBUG] 17:10:28.730 [AiEngine] Adaptive time: 3000ms, depth: 4, reason: tactical, emergency: false
[DEBUG] 17:10:28.730 [AiEngine] Using JS Search
[DEBUG] 17:10:28.801 [AiEngine] Adaptive time: 3000ms, depth: 4, reason: standard, emergency: false
[DEBUG] 17:10:28.801 [AiEngine] Using JS Search
[DEBUG] 17:10:28.802 [AiEngine] Adaptive time: 3000ms, depth: 4, reason: standard, emergency: false
[DEBUG] 17:10:28.802 [AiEngine] Using JS Search
[DEBUG] 17:10:28.859 [AiEngine] Adaptive time: 3000ms, depth: 4, reason: in-check, emergency: false
[DEBUG] 17:10:28.859 [AiEngine] Using JS Search
[DEBUG] 17:10:28.860 [AiEngine] Adaptive time: 3000ms, depth: 4, reason: standard, emergency: false
[DEBUG] 17:10:28.860 [AiEngine] Using JS Search
[DEBUG] 17:10:28.886 [AiEngine] Adaptive time: 3000ms, depth: 4, reason: standard, emergency: false
[DEBUG] 17:10:28.886 [AiEngine] Using JS Search
[DEBUG] 17:10:28.887 [AiEngine] Adaptive time: 3000ms, depth: 4, reason: standard, emergency: false
[DEBUG] 17:10:28.887 [AiEngine] Using JS Search
[DEBUG] 17:10:28.953 [AiEngine] Adaptive time: 3000ms, depth: 4, reason: standard, emergency: false
[DEBUG] 17:10:28.953 [AiEngine] Using JS Search
[DEBUG] 17:10:28.961 [AiEngine] Adaptive time: 3000ms, depth: 4, reason: standard, emergency: false
[DEBUG] 17:10:28.961 [AiEngine] Using JS Search
[DEBUG] 17:10:29.019 [AiEngine] Adaptive time: 3000ms, depth: 4, reason: standard, emergency: false
[DEBUG] 17:10:29.019 [AiEngine] Using JS Search
[DEBUG] 17:10:29.019 [AiEngine] Adaptive time: 3000ms, depth: 4, reason: standard, emergency: false
[DEBUG] 17:10:29.019 [AiEngine] Using JS Search
[DEBUG] 17:10:29.067 [AiEngine] Adaptive time: 3000ms, depth: 4, reason: standard, emergency: false
[DEBUG] 17:10:29.067 [AiEngine] Using JS Search
[DEBUG] 17:10:29.068 [AiEngine] Adaptive time: 3000ms, depth: 4, reason: standard, emergency: false
[DEBUG] 17:10:29.068 [AiEngine] Using JS Search
[DEBUG] 17:10:29.091 [AiEngine] Adaptive time: 3000ms, depth: 4, reason: standard, emergency: false
[DEBUG] 17:10:29.092 [AiEngine] Using JS Search
[DEBUG] 17:10:29.092 [AiEngine] Adaptive time: 3000ms, depth: 4, reason: standard, emergency: false
[DEBUG] 17:10:29.092 [AiEngine] Using JS Search
[DEBUG] 17:10:29.125 [AiEngine] Adaptive time: 3000ms, depth: 4, reason: standard, emergency: false
[DEBUG] 17:10:29.125 [AiEngine] Using JS Search
[DEBUG] 17:10:29.125 [AiEngine] Adaptive time: 3000ms, depth: 4, reason: tactical, emergency: false
[DEBUG] 17:10:29.125 [AiEngine] Using JS Search
[DEBUG] 17:10:29.158 [AiEngine] Adaptive time: 3000ms, depth: 4, reason: standard, emergency: false
[DEBUG] 17:10:29.158 [AiEngine] Using JS Search
[DEBUG] 17:10:29.159 [AiEngine] Adaptive time: 3000ms, depth: 4, reason: tactical, emergency: false
[DEBUG] 17:10:29.159 [AiEngine] Using JS Search
[DEBUG] 17:10:29.185 [AiEngine] Adaptive time: 3000ms, depth: 4, reason: tactical, emergency: false
[DEBUG] 17:10:29.186 [AiEngine] Using JS Search
[DEBUG] 17:10:29.186 [AiEngine] Adaptive time: 3000ms, depth: 4, reason: standard, emergency: false
[DEBUG] 17:10:29.186 [AiEngine] Using JS Search
[DEBUG] 17:10:29.227 [AiEngine] Adaptive time: 3000ms, depth: 4, reason: standard, emergency: false
[DEBUG] 17:10:29.227 [AiEngine] Using JS Search
[DEBUG] 17:10:29.227 [AiEngine] Adaptive time: 3000ms, depth: 4, reason: tactical, emergency: false
[DEBUG] 17:10:29.227 [AiEngine] Using JS Search
[DEBUG] 17:10:29.262 [AiEngine] Adaptive time: 3000ms, depth: 4, reason: standard, emergency: false
[DEBUG] 17:10:29.262 [AiEngine] Using JS Search
[DEBUG] 17:10:29.263 [AiEngine] Adaptive time: 3000ms, depth: 4, reason: standard, emergency: false
[DEBUG] 17:10:29.263 [AiEngine] Using JS Search
[DEBUG] 17:10:29.294 [AiEngine] Adaptive time: 3000ms, depth: 4, reason: endgame, emergency: false
[DEBUG] 17:10:29.294 [AiEngine] Using JS Search
[DEBUG] 17:10:29.295 [AiEngine] Adaptive time: 500ms, depth: 4, reason: midgame, opening, emergency: false
[DEBUG] 17:10:29.295 [AiEngine] Using JS Search
[DEBUG] 17:10:29.498 [AiEngine] Adaptive time: 500ms, depth: 4, reason: midgame, opening, emergency: false
[DEBUG] 17:10:29.498 [AiEngine] Using JS Search
[DEBUG] 17:10:29.604 [AiEngine] Adaptive time: 500ms, depth: 4, reason: midgame, opening, emergency: false
[DEBUG] 17:10:29.604 [AiEngine] Using JS Search
[DEBUG] 17:10:29.835 [AiEngine] Adaptive time: 500ms, depth: 4, reason: midgame, opening, emergency: false
[DEBUG] 17:10:29.835 [AiEngine] Using JS Search
[DEBUG] 17:10:30.005 [AiEngine] Adaptive time: 500ms, depth: 4, reason: midgame, opening, emergency: false
[DEBUG] 17:10:30.005 [AiEngine] Using JS Search
[DEBUG] 17:10:30.284 [AiEngine] Adaptive time: 500ms, depth: 4, reason: midgame, opening, emergency: false
[DEBUG] 17:10:30.284 [AiEngine] Using JS Search
[DEBUG] 17:10:30.618 [AiEngine] Adaptive time: 500ms, depth: 4, reason: midgame, opening, emergency: false
[DEBUG] 17:10:30.618 [AiEngine] Using JS Search
[DEBUG] 17:10:30.890 [AiEngine] Adaptive time: 500ms, depth: 4, reason: midgame, opening, emergency: false
[DEBUG] 17:10:30.890 [AiEngine] Using JS Search
[DEBUG] 17:10:31.091 [AiEngine] Adaptive time: 500ms, depth: 4, reason: midgame, opening, tactical, emergency: false
[DEBUG] 17:10:31.091 [AiEngine] Using JS Search
[DEBUG] 17:10:31.379 [AiEngine] Adaptive time: 500ms, depth: 4, reason: midgame, opening, tactical, emergency: false
[DEBUG] 17:10:31.379 [AiEngine] Using JS Search
[DEBUG] 17:10:31.749 [AiEngine] Adaptive time: 500ms, depth: 4, reason: midgame, opening, emergency: false
[DEBUG] 17:10:31.749 [AiEngine] Using JS Search
[DEBUG] 17:10:32.173 [AiEngine] Adaptive time: 500ms, depth: 4, reason: midgame, opening, emergency: false
[DEBUG] 17:10:32.173 [AiEngine] Using JS Search
[DEBUG] 17:10:32.348 [AiEngine] Adaptive time: 500ms, depth: 4, reason: midgame, opening, tactical, emergency: false
[DEBUG] 17:10:32.348 [AiEngine] Using JS Search
[DEBUG] 17:10:32.466 [AiEngine] Adaptive time: 500ms, depth: 4, reason: midgame, opening, tactical, emergency: false
[DEBUG] 17:10:32.466 [AiEngine] Using JS Search
[DEBUG] 17:10:32.542 [AiEngine] Adaptive time: 500ms, depth: 4, reason: midgame, opening, tactical, emergency: false
[DEBUG] 17:10:32.542 [AiEngine] Using JS Search
[DEBUG] 17:10:32.687 [AiEngine] Adaptive time: 500ms, depth: 4, reason: midgame, opening, emergency: false
[DEBUG] 17:10:32.687 [AiEngine] Using JS Search
[DEBUG] 17:10:32.896 [AiEngine] Adaptive time: 500ms, depth: 4, reason: midgame, opening, emergency: false
[DEBUG] 17:10:32.896 [AiEngine] Using JS Search
[DEBUG] 17:10:33.455 [AiEngine] Adaptive time: 500ms, depth: 4, reason: midgame, opening, tactical, emergency: false
[DEBUG] 17:10:33.455 [AiEngine] Using JS Search
[DEBUG] 17:10:33.456 [AiEngine] Adaptive time: 500ms, depth: 4, reason: midgame, opening, emergency: false
[DEBUG] 17:10:33.456 [AiEngine] Using JS Search
[DEBUG] 17:10:33.630 [AiEngine] Adaptive time: 500ms, depth: 4, reason: midgame, opening, emergency: false
[DEBUG] 17:10:33.630 [AiEngine] Using JS Search
[DEBUG] 17:10:33.837 [AiEngine] Adaptive time: 500ms, depth: 4, reason: midgame, opening, emergency: false
[DEBUG] 17:10:33.837 [AiEngine] Using JS Search
[DEBUG] 17:10:34.177 [AiEngine] Adaptive time: 500ms, depth: 4, reason: midgame, opening, emergency: false
[DEBUG] 17:10:34.177 [AiEngine] Using JS Search
[DEBUG] 17:10:34.340 [AiEngine] Adaptive time: 500ms, depth: 4, reason: midgame, opening, tactical, emergency: false
[DEBUG] 17:10:34.340 [AiEngine] Using JS Search
[DEBUG] 17:10:34.541 [AiEngine] Adaptive time: 500ms, depth: 4, reason: midgame, opening, emergency: false
[DEBUG] 17:10:34.541 [AiEngine] Using JS Search
[DEBUG] 17:10:34.628 [AiEngine] Adaptive time: 500ms, depth: 4, reason: midgame, opening, tactical, emergency: false
[DEBUG] 17:10:34.628 [AiEngine] Using JS Search
[DEBUG] 17:10:34.768 [AiEngine] Adaptive time: 500ms, depth: 4, reason: midgame, opening, emergency: false
[DEBUG] 17:10:34.768 [AiEngine] Using JS Search
[DEBUG] 17:10:34.885 [AiEngine] Adaptive time: 500ms, depth: 4, reason: midgame, opening, tactical, emergency: false
[DEBUG] 17:10:34.885 [AiEngine] Using JS Search
[DEBUG] 17:10:35.133 [AiEngine] Adaptive time: 500ms, depth: 4, reason: midgame, opening, emergency: false
[DEBUG] 17:10:35.133 [AiEngine] Using JS Search
[DEBUG] 17:10:35.198 [AiEngine] Adaptive time: 500ms, depth: 4, reason: midgame, opening, tactical, emergency: false
[DEBUG] 17:10:35.198 [AiEngine] Using JS Search
[DEBUG] 17:10:35.228 [AiEngine] Adaptive time: 500ms, depth: 4, reason: midgame, opening, in-check, emergency: false
[DEBUG] 17:10:35.228 [AiEngine] Using JS Search
[DEBUG] 17:10:35.242 [AiEngine] Adaptive time: 500ms, depth: 4, reason: midgame, opening, tactical, emergency: false
[DEBUG] 17:10:35.243 [AiEngine] Using JS Search
[DEBUG] 17:10:35.244 [AiEngine] Adaptive time: 500ms, depth: 4, reason: midgame, opening, emergency: false
[DEBUG] 17:10:35.244 [AiEngine] Using JS Search
[DEBUG] 17:10:35.309 [AiEngine] Adaptive time: 500ms, depth: 4, reason: midgame, opening, tactical, emergency: false
[DEBUG] 17:10:35.309 [AiEngine] Using JS Search
[DEBUG] 17:10:35.311 [AiEngine] Adaptive time: 500ms, depth: 4, reason: midgame, opening, tactical, emergency: false
[DEBUG] 17:10:35.311 [AiEngine] Using JS Search
[DEBUG] 17:10:35.347 [AiEngine] Adaptive time: 500ms, depth: 4, reason: midgame, opening, in-check, emergency: false
[DEBUG] 17:10:35.347 [AiEngine] Using JS Search
[DEBUG] 17:10:35.348 [AiEngine] Adaptive time: 500ms, depth: 4, reason: midgame, opening, emergency: false
[DEBUG] 17:10:35.349 [AiEngine] Using JS Search
[DEBUG] 17:10:35.479 [AiEngine] Adaptive time: 500ms, depth: 4, reason: midgame, opening, tactical, emergency: false
[DEBUG] 17:10:35.479 [AiEngine] Using JS Search
[DEBUG] 17:10:35.480 [AiEngine] Adaptive time: 500ms, depth: 4, reason: midgame, opening, emergency: false
[DEBUG] 17:10:35.480 [AiEngine] Using JS Search
[DEBUG] 17:10:35.527 [AiEngine] Adaptive time: 500ms, depth: 4, reason: midgame, opening, tactical, emergency: false
[DEBUG] 17:10:35.527 [AiEngine] Using JS Search
[DEBUG] 17:10:35.537 [AiEngine] Adaptive time: 500ms, depth: 4, reason: midgame, opening, emergency: false
[DEBUG] 17:10:35.537 [AiEngine] Using JS Search
[DEBUG] 17:10:35.555 [AiEngine] Adaptive time: 3000ms, depth: 4, reason: midgame, tactical, emergency: false
[DEBUG] 17:10:35.555 [AiEngine] Using JS Search
[DEBUG] 17:10:35.565 [AiEngine] Adaptive time: 3000ms, depth: 4, reason: midgame, emergency: false
[DEBUG] 17:10:35.565 [AiEngine] Using JS Search
[DEBUG] 17:10:35.583 [AiEngine] Adaptive time: 3000ms, depth: 4, reason: midgame, emergency: false
[DEBUG] 17:10:35.583 [AiEngine] Using JS Search
[DEBUG] 17:10:35.591 [AiEngine] Adaptive time: 3000ms, depth: 4, reason: midgame, emergency: false
[DEBUG] 17:10:35.591 [AiEngine] Using JS Search
[DEBUG] 17:10:35.604 [AiEngine] Adaptive time: 3000ms, depth: 4, reason: midgame, tactical, emergency: false
[DEBUG] 17:10:35.604 [AiEngine] Using JS Search
[DEBUG] 17:10:35.607 [AiEngine] Adaptive time: 3000ms, depth: 4, reason: midgame, in-check, emergency: false
[DEBUG] 17:10:35.607 [AiEngine] Using JS Search
[DEBUG] 17:10:35.612 [AiEngine] Adaptive time: 3000ms, depth: 4, reason: midgame, tactical, emergency: false
[DEBUG] 17:10:35.612 [AiEngine] Using JS Search
[DEBUG] 17:10:35.621 [AiEngine] Adaptive time: 3000ms, depth: 4, reason: midgame, emergency: false
[DEBUG] 17:10:35.621 [AiEngine] Using JS Search
[DEBUG] 17:10:35.633 [AiEngine] Adaptive time: 3000ms, depth: 4, reason: midgame, tactical, emergency: false
[DEBUG] 17:10:35.633 [AiEngine] Using JS Search
[DEBUG] 17:10:35.635 [AiEngine] Adaptive time: 3000ms, depth: 4, reason: in-check, emergency: false
[DEBUG] 17:10:35.635 [AiEngine] Using JS Search
[DEBUG] 17:10:35.639 [AiEngine] Adaptive time: 3000ms, depth: 4, reason: standard, emergency: false
[DEBUG] 17:10:35.639 [AiEngine] Using JS Search
[DEBUG] 17:10:35.646 [AiEngine] Adaptive time: 3000ms, depth: 4, reason: standard, emergency: false
[DEBUG] 17:10:35.646 [AiEngine] Using JS Search
[DEBUG] 17:10:35.660 [AiEngine] Adaptive time: 3000ms, depth: 4, reason: standard, emergency: false
[DEBUG] 17:10:35.660 [AiEngine] Using JS Search
[DEBUG] 17:10:35.665 [AiEngine] Adaptive time: 3000ms, depth: 4, reason: standard, emergency: false
[DEBUG] 17:10:35.665 [AiEngine] Using JS Search
[DEBUG] 17:10:35.677 [AiEngine] Adaptive time: 3000ms, depth: 4, reason: tactical, emergency: false
[DEBUG] 17:10:35.677 [AiEngine] Using JS Search
[DEBUG] 17:10:35.681 [AiEngine] Adaptive time: 3000ms, depth: 4, reason: standard, emergency: false
[DEBUG] 17:10:35.681 [AiEngine] Using JS Search
[DEBUG] 17:10:35.689 [AiEngine] Adaptive time: 3000ms, depth: 4, reason: standard, emergency: false
[DEBUG] 17:10:35.689 [AiEngine] Using JS Search
[DEBUG] 17:10:35.692 [AiEngine] Adaptive time: 3000ms, depth: 4, reason: endgame, emergency: false
[DEBUG] 17:10:35.692 [AiEngine] Using JS Search
[DEBUG] 17:10:35.699 [AiEngine] Adaptive time: 3000ms, depth: 4, reason: endgame, tactical, emergency: false
[DEBUG] 17:10:35.699 [AiEngine] Using JS Search
[DEBUG] 17:10:35.702 [AiEngine] Adaptive time: 3000ms, depth: 4, reason: endgame, emergency: false
[DEBUG] 17:10:35.702 [AiEngine] Using JS Search
[DEBUG] 17:10:35.708 [AiEngine] Adaptive time: 3000ms, depth: 4, reason: endgame, tactical, emergency: false
[DEBUG] 17:10:35.708 [AiEngine] Using JS Search
[DEBUG] 17:10:35.711 [AiEngine] Adaptive time: 3000ms, depth: 4, reason: endgame, emergency: false
[DEBUG] 17:10:35.711 [AiEngine] Using JS Search
[DEBUG] 17:10:35.715 [AiEngine] Adaptive time: 3000ms, depth: 4, reason: endgame, tactical, emergency: false
[DEBUG] 17:10:35.715 [AiEngine] Using JS Search
[DEBUG] 17:10:35.718 [AiEngine] Adaptive time: 3000ms, depth: 4, reason: endgame, emergency: false
[DEBUG] 17:10:35.718 [AiEngine] Using JS Search
[DEBUG] 17:10:35.724 [AiEngine] Adaptive time: 3000ms, depth: 4, reason: endgame, tactical, emergency: false
[DEBUG] 17:10:35.724 [AiEngine] Using JS Search
[DEBUG] 17:10:35.726 [AiEngine] Adaptive time: 3000ms, depth: 4, reason: endgame, emergency: false
[DEBUG] 17:10:35.726 [AiEngine] Using JS Search
[DEBUG] 17:10:35.728 [AiEngine] Adaptive time: 3000ms, depth: 4, reason: endgame, tactical, emergency: false
[DEBUG] 17:10:35.728 [AiEngine] Using JS Search
[DEBUG] 17:10:35.729 [AiEngine] Adaptive time: 3000ms, depth: 4, reason: endgame, emergency: false
[DEBUG] 17:10:35.729 [AiEngine] Using JS Search
[DEBUG] 17:10:35.733 [AiEngine] Adaptive time: 3000ms, depth: 4, reason: endgame, tactical, emergency: false
[DEBUG] 17:10:35.733 [AiEngine] Using JS Search
[DEBUG] 17:10:35.735 [AiEngine] Adaptive time: 3000ms, depth: 4, reason: endgame, emergency: false
[DEBUG] 17:10:35.735 [AiEngine] Using JS Search
[DEBUG] 17:10:35.743 [AiEngine] Adaptive time: 3000ms, depth: 4, reason: endgame, tactical, emergency: false
[DEBUG] 17:10:35.743 [AiEngine] Using JS Search
[DEBUG] 17:10:35.745 [AiEngine] Adaptive time: 3000ms, depth: 4, reason: endgame, emergency: false
[DEBUG] 17:10:35.745 [AiEngine] Using JS Search
[DEBUG] 17:10:35.752 [AiEngine] Adaptive time: 3000ms, depth: 4, reason: endgame, tactical, emergency: false
[DEBUG] 17:10:35.752 [AiEngine] Using JS Search
[DEBUG] 17:10:35.754 [AiEngine] Adaptive time: 3000ms, depth: 4, reason: endgame, emergency: false
[DEBUG] 17:10:35.754 [AiEngine] Using JS Search
[DEBUG] 17:10:35.758 [AiEngine] Adaptive time: 3000ms, depth: 4, reason: endgame, tactical, emergency: false
[DEBUG] 17:10:35.759 [AiEngine] Using JS Search
[DEBUG] 17:10:35.760 [AiEngine] Adaptive time: 3000ms, depth: 4, reason: endgame, emergency: false
[DEBUG] 17:10:35.760 [AiEngine] Using JS Search
[DEBUG] 17:10:35.763 [AiEngine] Adaptive time: 3000ms, depth: 4, reason: endgame, tactical, emergency: false
[DEBUG] 17:10:35.763 [AiEngine] Using JS Search
[DEBUG] 17:10:35.765 [AiEngine] Adaptive time: 3000ms, depth: 4, reason: endgame, emergency: false
[DEBUG] 17:10:35.765 [AiEngine] Using JS Search
[DEBUG] 17:10:35.769 [AiEngine] Adaptive time: 3000ms, depth: 4, reason: endgame, tactical, emergency: false
[DEBUG] 17:10:35.769 [AiEngine] Using JS Search
[DEBUG] 17:10:35.770 [AiEngine] Adaptive time: 3000ms, depth: 4, reason: endgame, emergency: false
[DEBUG] 17:10:35.770 [AiEngine] Using JS Search
[DEBUG] 17:10:35.773 [AiEngine] Adaptive time: 3000ms, depth: 4, reason: endgame, tactical, emergency: false
[DEBUG] 17:10:35.773 [AiEngine] Using JS Search
[DEBUG] 17:10:35.775 [AiEngine] Adaptive time: 3000ms, depth: 4, reason: endgame, emergency: false
[DEBUG] 17:10:35.775 [AiEngine] Using JS Search
[DEBUG] 17:10:35.778 [AiEngine] Adaptive time: 3000ms, depth: 4, reason: endgame, tactical, emergency: false
[DEBUG] 17:10:35.779 [AiEngine] Using JS Search
[DEBUG] 17:10:35.780 [AiEngine] Adaptive time: 3000ms, depth: 4, reason: endgame, emergency: false
[DEBUG] 17:10:35.780 [AiEngine] Using JS Search
[DEBUG] 17:10:35.782 [AiEngine] Adaptive time: 3000ms, depth: 4, reason: endgame, tactical, emergency: false
[DEBUG] 17:10:35.782 [AiEngine] Using JS Search
[DEBUG] 17:10:35.784 [AiEngine] Adaptive time: 3000ms, depth: 4, reason: endgame, emergency: false
[DEBUG] 17:10:35.784 [AiEngine] Using JS Search
[DEBUG] 17:10:35.789 [AiEngine] Adaptive time: 3000ms, depth: 4, reason: endgame, tactical, emergency: false
[DEBUG] 17:10:35.789 [AiEngine] Using JS Search
[DEBUG] 17:10:35.791 [AiEngine] Adaptive time: 3000ms, depth: 4, reason: endgame, emergency: false
[DEBUG] 17:10:35.791 [AiEngine] Using JS Search
[DEBUG] 17:10:35.793 [AiEngine] Adaptive time: 3000ms, depth: 4, reason: endgame, tactical, emergency: false
[DEBUG] 17:10:35.794 [AiEngine] Using JS Search
[DEBUG] 17:10:35.796 [AiEngine] Adaptive time: 3000ms, depth: 4, reason: endgame, emergency: false
[DEBUG] 17:10:35.796 [AiEngine] Using JS Search
[DEBUG] 17:10:35.800 [AiEngine] Adaptive time: 3000ms, depth: 4, reason: endgame, tactical, emergency: false
[DEBUG] 17:10:35.800 [AiEngine] Using JS Search
[DEBUG] 17:10:35.802 [AiEngine] Adaptive time: 3000ms, depth: 4, reason: endgame, emergency: false
[DEBUG] 17:10:35.802 [AiEngine] Using JS Search
[DEBUG] 17:10:35.807 [AiEngine] Adaptive time: 3000ms, depth: 4, reason: endgame, tactical, emergency: false
[DEBUG] 17:10:35.807 [AiEngine] Using JS Search
[DEBUG] 17:10:35.808 [AiEngine] Adaptive time: 3000ms, depth: 4, reason: endgame, emergency: false
[DEBUG] 17:10:35.809 [AiEngine] Using JS Search
[DEBUG] 17:10:35.818 [AiEngine] Adaptive time: 3000ms, depth: 4, reason: endgame, tactical, emergency: false
[DEBUG] 17:10:35.818 [AiEngine] Using JS Search
[DEBUG] 17:10:35.821 [AiEngine] Adaptive time: 3000ms, depth: 4, reason: endgame, emergency: false
[DEBUG] 17:10:35.821 [AiEngine] Using JS Search
[DEBUG] 17:10:35.839 [AiEngine] Adaptive time: 3000ms, depth: 4, reason: endgame, emergency: false
[DEBUG] 17:10:35.839 [AiEngine] Using JS Search
[DEBUG] 17:10:35.843 [AiEngine] Adaptive time: 3000ms, depth: 4, reason: endgame, emergency: false
[DEBUG] 17:10:35.843 [AiEngine] Using JS Search
[DEBUG] 17:10:35.851 [AiEngine] Adaptive time: 3000ms, depth: 4, reason: endgame, emergency: false
[DEBUG] 17:10:35.851 [AiEngine] Using JS Search
[DEBUG] 17:10:35.855 [AiEngine] Adaptive time: 3000ms, depth: 4, reason: endgame, emergency: false
[DEBUG] 17:10:35.855 [AiEngine] Using JS Search
[DEBUG] 17:10:35.863 [AiEngine] Adaptive time: 500ms, depth: 4, reason: midgame, opening, emergency: false
[DEBUG] 17:10:35.863 [AiEngine] Using JS Search
[DEBUG] 17:10:35.917 [AiEngine] Adaptive time: 500ms, depth: 4, reason: midgame, opening, emergency: false
[DEBUG] 17:10:35.917 [AiEngine] Using JS Search
[DEBUG] 17:10:36.072 [AiEngine] Adaptive time: 500ms, depth: 4, reason: midgame, opening, emergency: false
[DEBUG] 17:10:36.072 [AiEngine] Using JS Search
[DEBUG] 17:10:36.379 [AiEngine] Adaptive time: 500ms, depth: 4, reason: midgame, opening, emergency: false
[DEBUG] 17:10:36.380 [AiEngine] Using JS Search
[DEBUG] 17:10:36.562 [AiEngine] Adaptive time: 500ms, depth: 4, reason: midgame, opening, emergency: false
[DEBUG] 17:10:36.562 [AiEngine] Using JS Search
[DEBUG] 17:10:36.768 [AiEngine] Adaptive time: 500ms, depth: 4, reason: midgame, opening, emergency: false
[DEBUG] 17:10:36.768 [AiEngine] Using JS Search
[DEBUG] 17:10:37.002 [AiEngine] Adaptive time: 500ms, depth: 4, reason: midgame, opening, emergency: false
[DEBUG] 17:10:37.002 [AiEngine] Using JS Search
[DEBUG] 17:10:37.139 [AiEngine] Adaptive time: 500ms, depth: 4, reason: midgame, opening, emergency: false
[DEBUG] 17:10:37.139 [AiEngine] Using JS Search
[DEBUG] 17:10:37.382 [AiEngine] Adaptive time: 500ms, depth: 4, reason: midgame, opening, emergency: false
[DEBUG] 17:10:37.382 [AiEngine] Using JS Search
[DEBUG] 17:10:37.514 [AiEngine] Adaptive time: 500ms, depth: 4, reason: midgame, opening, emergency: false
[DEBUG] 17:10:37.514 [AiEngine] Using JS Search
[DEBUG] 17:10:37.675 [AiEngine] Adaptive time: 500ms, depth: 4, reason: midgame, opening, emergency: false
[DEBUG] 17:10:37.675 [AiEngine] Using JS Search
[DEBUG] 17:10:37.866 [AiEngine] Adaptive time: 500ms, depth: 4, reason: midgame, opening, tactical, emergency: false
[DEBUG] 17:10:37.867 [AiEngine] Using JS Search
[DEBUG] 17:10:38.218 [AiEngine] Adaptive time: 500ms, depth: 4, reason: midgame, opening, tactical, emergency: false
[DEBUG] 17:10:38.218 [AiEngine] Using JS Search
[DEBUG] 17:10:38.280 [AiEngine] Adaptive time: 500ms, depth: 4, reason: midgame, opening, in-check, emergency: false
[DEBUG] 17:10:38.280 [AiEngine] Using JS Search
[DEBUG] 17:10:38.287 [AiEngine] Adaptive time: 500ms, depth: 4, reason: midgame, opening, tactical, emergency: false
[DEBUG] 17:10:38.288 [AiEngine] Using JS Search
[DEBUG] 17:10:38.605 [AiEngine] Adaptive time: 500ms, depth: 4, reason: midgame, opening, tactical, emergency: false
[DEBUG] 17:10:38.605 [AiEngine] Using JS Search
[DEBUG] 17:10:38.783 [AiEngine] Adaptive time: 500ms, depth: 4, reason: midgame, opening, tactical, emergency: false
[DEBUG] 17:10:38.783 [AiEngine] Using JS Search
[DEBUG] 17:10:38.960 [AiEngine] Adaptive time: 500ms, depth: 4, reason: midgame, opening, tactical, emergency: false
[DEBUG] 17:10:38.960 [AiEngine] Using JS Search
[DEBUG] 17:10:39.060 [AiEngine] Adaptive time: 500ms, depth: 4, reason: midgame, opening, in-check, emergency: false
[DEBUG] 17:10:39.060 [AiEngine] Using JS Search
[DEBUG] 17:10:39.178 [AiEngine] Adaptive time: 500ms, depth: 4, reason: midgame, opening, tactical, emergency: false
[DEBUG] 17:10:39.178 [AiEngine] Using JS Search
[DEBUG] 17:10:39.356 [AiEngine] Adaptive time: 500ms, depth: 4, reason: midgame, opening, tactical, emergency: false
[DEBUG] 17:10:39.356 [AiEngine] Using JS Search
[DEBUG] 17:10:39.392 [AiEngine] Adaptive time: 500ms, depth: 4, reason: midgame, opening, emergency: false
[DEBUG] 17:10:39.392 [AiEngine] Using JS Search
[DEBUG] 17:10:39.521 [AiEngine] Adaptive time: 500ms, depth: 4, reason: midgame, opening, emergency: false
[DEBUG] 17:10:39.521 [AiEngine] Using JS Search
[DEBUG] 17:10:39.628 [AiEngine] Adaptive time: 500ms, depth: 4, reason: midgame, opening, tactical, emergency: false
[DEBUG] 17:10:39.628 [AiEngine] Using JS Search
[DEBUG] 17:10:39.754 [AiEngine] Adaptive time: 500ms, depth: 4, reason: midgame, opening, in-check, emergency: false
[DEBUG] 17:10:39.754 [AiEngine] Using JS Search
[DEBUG] 17:10:39.818 [AiEngine] Adaptive time: 500ms, depth: 4, reason: midgame, opening, tactical, emergency: false
[DEBUG] 17:10:39.818 [AiEngine] Using JS Search
[DEBUG] 17:10:39.854 [AiEngine] Adaptive time: 500ms, depth: 4, reason: midgame, opening, emergency: false
[DEBUG] 17:10:39.854 [AiEngine] Using JS Search
[DEBUG] 17:10:39.886 [AiEngine] Adaptive time: 500ms, depth: 4, reason: midgame, opening, tactical, emergency: false
[DEBUG] 17:10:39.886 [AiEngine] Using JS Search
[DEBUG] 17:10:39.886 [AiEngine] Adaptive time: 500ms, depth: 4, reason: midgame, opening, in-check, emergency: false
[DEBUG] 17:10:39.886 [AiEngine] Using JS Search
[DEBUG] 17:10:39.887 [AiEngine] Adaptive time: 500ms, depth: 4, reason: midgame, opening, emergency: false
[DEBUG] 17:10:39.887 [AiEngine] Using JS Search
[DEBUG] 17:10:39.915 [AiEngine] Adaptive time: 500ms, depth: 4, reason: midgame, opening, emergency: false
[DEBUG] 17:10:39.915 [AiEngine] Using JS Search
[DEBUG] 17:10:40.160 [AiEngine] Adaptive time: 500ms, depth: 4, reason: midgame, opening, emergency: false
[DEBUG] 17:10:40.161 [AiEngine] Using JS Search
[DEBUG] 17:10:40.385 [AiEngine] Adaptive time: 500ms, depth: 4, reason: midgame, opening, emergency: false
[DEBUG] 17:10:40.385 [AiEngine] Using JS Search
[DEBUG] 17:10:40.703 [AiEngine] Adaptive time: 500ms, depth: 4, reason: midgame, opening, emergency: false
[DEBUG] 17:10:40.703 [AiEngine] Using JS Search
[DEBUG] 17:10:40.947 [AiEngine] Adaptive time: 500ms, depth: 4, reason: midgame, opening, emergency: false
[DEBUG] 17:10:40.947 [AiEngine] Using JS Search
[DEBUG] 17:10:41.151 [AiEngine] Adaptive time: 500ms, depth: 4, reason: midgame, opening, emergency: false
[DEBUG] 17:10:41.151 [AiEngine] Using JS Search
[DEBUG] 17:10:41.364 [AiEngine] Adaptive time: 500ms, depth: 4, reason: midgame, opening, tactical, emergency: false
[DEBUG] 17:10:41.364 [AiEngine] Using JS Search
[DEBUG] 17:10:41.511 [AiEngine] Adaptive time: 500ms, depth: 4, reason: midgame, opening, emergency: false
[DEBUG] 17:10:41.511 [AiEngine] Using JS Search
[DEBUG] 17:10:42.158 [AiEngine] Adaptive time: 500ms, depth: 4, reason: midgame, opening, tactical, emergency: false
[DEBUG] 17:10:42.158 [AiEngine] Using JS Search
[DEBUG] 17:10:42.212 [AiEngine] Adaptive time: 500ms, depth: 4, reason: midgame, opening, tactical, emergency: false
[DEBUG] 17:10:42.212 [AiEngine] Using JS Search
[DEBUG] 17:10:42.432 [AiEngine] Adaptive time: 500ms, depth: 4, reason: midgame, opening, in-check, emergency: false
[DEBUG] 17:10:42.432 [AiEngine] Using JS Search
[DEBUG] 17:10:42.439 [AiEngine] Adaptive time: 500ms, depth: 4, reason: midgame, opening, emergency: false
[DEBUG] 17:10:42.439 [AiEngine] Using JS Search
[DEBUG] 17:10:42.589 [AiEngine] Adaptive time: 500ms, depth: 4, reason: midgame, opening, emergency: false
[DEBUG] 17:10:42.589 [AiEngine] Using JS Search
[DEBUG] 17:10:42.590 [AiEngine] Adaptive time: 500ms, depth: 4, reason: midgame, opening, tactical, emergency: false
[DEBUG] 17:10:42.590 [AiEngine] Using JS Search
[DEBUG] 17:10:42.590 [AiEngine] Adaptive time: 500ms, depth: 4, reason: midgame, opening, in-check, emergency: false
[DEBUG] 17:10:42.590 [AiEngine] Using JS Search
[DEBUG] 17:10:42.590 [AiEngine] Adaptive time: 500ms, depth: 4, reason: midgame, opening, emergency: false
[DEBUG] 17:10:42.590 [AiEngine] Using JS Search
[DEBUG] 17:10:42.634 [AiEngine] Adaptive time: 500ms, depth: 4, reason: midgame, opening, emergency: false
[DEBUG] 17:10:42.634 [AiEngine] Using JS Search
[DEBUG] 17:10:42.848 [AiEngine] Adaptive time: 500ms, depth: 4, reason: midgame, opening, emergency: false
[DEBUG] 17:10:42.848 [AiEngine] Using JS Search
[DEBUG] 17:10:43.340 [AiEngine] Adaptive time: 500ms, depth: 4, reason: midgame, opening, emergency: false
[DEBUG] 17:10:43.341 [AiEngine] Using JS Search
[DEBUG] 17:10:43.550 [AiEngine] Adaptive time: 500ms, depth: 4, reason: midgame, opening, emergency: false
[DEBUG] 17:10:43.550 [AiEngine] Using JS Search
[DEBUG] 17:10:44.021 [AiEngine] Adaptive time: 500ms, depth: 4, reason: midgame, opening, emergency: false
[DEBUG] 17:10:44.021 [AiEngine] Using JS Search
[DEBUG] 17:10:44.415 [AiEngine] Adaptive time: 500ms, depth: 4, reason: midgame, opening, emergency: false
[DEBUG] 17:10:44.415 [AiEngine] Using JS Search
[DEBUG] 17:10:44.542 [AiEngine] Adaptive time: 500ms, depth: 4, reason: midgame, opening, tactical, emergency: false
[DEBUG] 17:10:44.542 [AiEngine] Using JS Search
[DEBUG] 17:10:45.128 [AiEngine] Adaptive time: 500ms, depth: 4, reason: midgame, opening, emergency: false
[DEBUG] 17:10:45.128 [AiEngine] Using JS Search
[DEBUG] 17:10:45.213 [AiEngine] Adaptive time: 500ms, depth: 4, reason: midgame, opening, emergency: false
[DEBUG] 17:10:45.213 [AiEngine] Using JS Search
[DEBUG] 17:10:45.263 [AiEngine] Adaptive time: 500ms, depth: 4, reason: midgame, opening, in-check, emergency: false
[DEBUG] 17:10:45.263 [AiEngine] Using JS Search
[DEBUG] 17:10:45.271 [AiEngine] Adaptive time: 500ms, depth: 4, reason: midgame, opening, tactical, emergency: false
[DEBUG] 17:10:45.271 [AiEngine] Using JS Search
[DEBUG] 17:10:45.288 [AiEngine] Adaptive time: 500ms, depth: 4, reason: midgame, opening, in-check, emergency: false
[DEBUG] 17:10:45.288 [AiEngine] Using JS Search
[DEBUG] 17:10:45.290 [AiEngine] Adaptive time: 500ms, depth: 4, reason: midgame, opening, tactical, emergency: false
[DEBUG] 17:10:45.290 [AiEngine] Using JS Search
[DEBUG] 17:10:45.352 [AiEngine] Adaptive time: 500ms, depth: 4, reason: midgame, opening, emergency: false
[DEBUG] 17:10:45.352 [AiEngine] Using JS Search
[DEBUG] 17:10:45.374 [AiEngine] Adaptive time: 500ms, depth: 4, reason: midgame, opening, tactical, emergency: false
[DEBUG] 17:10:45.374 [AiEngine] Using JS Search
[DEBUG] 17:10:45.376 [AiEngine] Adaptive time: 500ms, depth: 4, reason: midgame, opening, in-check, emergency: false
[DEBUG] 17:10:45.376 [AiEngine] Using JS Search
[DEBUG] 17:10:45.378 [AiEngine] Adaptive time: 500ms, depth: 4, reason: midgame, opening, tactical, emergency: false
[DEBUG] 17:10:45.378 [AiEngine] Using JS Search
[DEBUG] 17:10:45.379 [AiEngine] Adaptive time: 500ms, depth: 4, reason: midgame, opening, emergency: false
[DEBUG] 17:10:45.379 [AiEngine] Using JS Search
[DEBUG] 17:10:45.464 [AiEngine] Adaptive time: 500ms, depth: 4, reason: midgame, opening, tactical, emergency: false
[DEBUG] 17:10:45.465 [AiEngine] Using JS Search
[DEBUG] 17:10:45.466 [AiEngine] Adaptive time: 500ms, depth: 4, reason: midgame, opening, emergency: false
[DEBUG] 17:10:45.466 [AiEngine] Using JS Search
[DEBUG] 17:10:45.493 [AiEngine] Adaptive time: 500ms, depth: 4, reason: midgame, opening, tactical, emergency: false
[DEBUG] 17:10:45.493 [AiEngine] Using JS Search
[DEBUG] 17:10:45.495 [AiEngine] Adaptive time: 500ms, depth: 4, reason: midgame, opening, emergency: false
[DEBUG] 17:10:45.495 [AiEngine] Using JS Search
[DEBUG] 17:10:45.517 [AiEngine] Adaptive time: 500ms, depth: 4, reason: midgame, opening, emergency: false
[DEBUG] 17:10:45.517 [AiEngine] Using JS Search
[DEBUG] 17:10:45.518 [AiEngine] Adaptive time: 500ms, depth: 4, reason: midgame, opening, emergency: false
[DEBUG] 17:10:45.518 [AiEngine] Using JS Search
[DEBUG] 17:10:45.556 [AiEngine] Adaptive time: 500ms, depth: 4, reason: midgame, opening, emergency: false
[DEBUG] 17:10:45.556 [AiEngine] Using JS Search
[DEBUG] 17:10:45.557 [AiEngine] Adaptive time: 500ms, depth: 4, reason: midgame, opening, emergency: false
[DEBUG] 17:10:45.557 [AiEngine] Using JS Search
[DEBUG] 17:10:45.594 [AiEngine] Adaptive time: 500ms, depth: 4, reason: midgame, opening, tactical, emergency: false
[DEBUG] 17:10:45.594 [AiEngine] Using JS Search
[DEBUG] 17:10:45.595 [AiEngine] Adaptive time: 500ms, depth: 4, reason: midgame, opening, emergency: false
[DEBUG] 17:10:45.595 [AiEngine] Using JS Search
[DEBUG] 17:10:45.625 [AiEngine] Adaptive time: 500ms, depth: 4, reason: midgame, opening, tactical, emergency: false
[DEBUG] 17:10:45.626 [AiEngine] Using JS Search
[DEBUG] 17:10:45.626 [AiEngine] Adaptive time: 500ms, depth: 4, reason: midgame, opening, emergency: false
[DEBUG] 17:10:45.626 [AiEngine] Using JS Search
[DEBUG] 17:10:45.670 [AiEngine] Adaptive time: 500ms, depth: 4, reason: midgame, opening, tactical, emergency: false
[DEBUG] 17:10:45.670 [AiEngine] Using JS Search
[DEBUG] 17:10:45.680 [AiEngine] Adaptive time: 500ms, depth: 4, reason: midgame, opening, emergency: false
[DEBUG] 17:10:45.680 [AiEngine] Using JS Search
[DEBUG] 17:10:45.695 [AiEngine] Adaptive time: 500ms, depth: 4, reason: midgame, opening, tactical, emergency: false
[DEBUG] 17:10:45.695 [AiEngine] Using JS Search
[DEBUG] 17:10:45.703 [AiEngine] Adaptive time: 500ms, depth: 4, reason: midgame, opening, emergency: false
[DEBUG] 17:10:45.703 [AiEngine] Using JS Search
[DEBUG] 17:10:45.718 [AiEngine] Adaptive time: 500ms, depth: 4, reason: midgame, opening, tactical, emergency: false
[DEBUG] 17:10:45.718 [AiEngine] Using JS Search
[DEBUG] 17:10:45.725 [AiEngine] Adaptive time: 500ms, depth: 4, reason: midgame, opening, emergency: false
[DEBUG] 17:10:45.725 [AiEngine] Using JS Search
[DEBUG] 17:10:45.738 [AiEngine] Adaptive time: 500ms, depth: 4, reason: midgame, opening, emergency: false
[DEBUG] 17:10:45.738 [AiEngine] Using JS Search
[DEBUG] 17:10:45.744 [AiEngine] Adaptive time: 500ms, depth: 4, reason: midgame, opening, emergency: false
[DEBUG] 17:10:45.744 [AiEngine] Using JS Search
[DEBUG] 17:10:45.757 [AiEngine] Adaptive time: 500ms, depth: 4, reason: midgame, opening, tactical, emergency: false
[DEBUG] 17:10:45.757 [AiEngine] Using JS Search
[DEBUG] 17:10:45.763 [AiEngine] Adaptive time: 3000ms, depth: 4, reason: midgame, emergency: false
[DEBUG] 17:10:45.764 [AiEngine] Using JS Search
[DEBUG] 17:10:45.776 [AiEngine] Adaptive time: 3000ms, depth: 4, reason: midgame, emergency: false
[DEBUG] 17:10:45.776 [AiEngine] Using JS Search
[DEBUG] 17:10:45.782 [AiEngine] Adaptive time: 3000ms, depth: 4, reason: midgame, emergency: false
[DEBUG] 17:10:45.782 [AiEngine] Using JS Search
[DEBUG] 17:10:45.793 [AiEngine] Adaptive time: 3000ms, depth: 4, reason: midgame, tactical, emergency: false
[DEBUG] 17:10:45.793 [AiEngine] Using JS Search
[DEBUG] 17:10:45.799 [AiEngine] Adaptive time: 3000ms, depth: 4, reason: midgame, emergency: false
[DEBUG] 17:10:45.799 [AiEngine] Using JS Search
[DEBUG] 17:10:45.808 [AiEngine] Adaptive time: 3000ms, depth: 4, reason: midgame, emergency: false
[DEBUG] 17:10:45.808 [AiEngine] Using JS Search
[DEBUG] 17:10:45.813 [AiEngine] Adaptive time: 3000ms, depth: 4, reason: midgame, emergency: false
[DEBUG] 17:10:45.813 [AiEngine] Using JS Search
[DEBUG] 17:10:45.822 [AiEngine] Adaptive time: 3000ms, depth: 4, reason: midgame, emergency: false
[DEBUG] 17:10:45.822 [AiEngine] Using JS Search
[DEBUG] 17:10:45.825 [AiEngine] Adaptive time: 3000ms, depth: 4, reason: midgame, emergency: false
[DEBUG] 17:10:45.825 [AiEngine] Using JS Search
[DEBUG] 17:10:45.832 [AiEngine] Adaptive time: 3000ms, depth: 4, reason: midgame, emergency: false
[DEBUG] 17:10:45.832 [AiEngine] Using JS Search
[DEBUG] 17:10:45.837 [AiEngine] Adaptive time: 3000ms, depth: 4, reason: midgame, emergency: false
[DEBUG] 17:10:45.837 [AiEngine] Using JS Search
[DEBUG] 17:10:45.846 [AiEngine] Adaptive time: 3000ms, depth: 4, reason: midgame, emergency: false
[DEBUG] 17:10:45.846 [AiEngine] Using JS Search
[DEBUG] 17:10:45.850 [AiEngine] Adaptive time: 3000ms, depth: 4, reason: midgame, emergency: false
[DEBUG] 17:10:45.850 [AiEngine] Using JS Search
[DEBUG] 17:10:45.857 [AiEngine] Adaptive time: 3000ms, depth: 4, reason: midgame, tactical, emergency: false
[DEBUG] 17:10:45.857 [AiEngine] Using JS Search
[DEBUG] 17:10:45.859 [AiEngine] Adaptive time: 3000ms, depth: 4, reason: midgame, emergency: false
[DEBUG] 17:10:45.859 [AiEngine] Using JS Search
[DEBUG] 17:10:45.864 [AiEngine] Adaptive time: 3000ms, depth: 4, reason: midgame, tactical, emergency: false
[DEBUG] 17:10:45.864 [AiEngine] Using JS Search
[DEBUG] 17:10:45.866 [AiEngine] Adaptive time: 3000ms, depth: 4, reason: standard, emergency: false
[DEBUG] 17:10:45.866 [AiEngine] Using JS Search
[DEBUG] 17:10:45.869 [AiEngine] Adaptive time: 3000ms, depth: 4, reason: tactical, emergency: false
[DEBUG] 17:10:45.869 [AiEngine] Using JS Search
[DEBUG] 17:10:45.870 [AiEngine] Adaptive time: 3000ms, depth: 4, reason: standard, emergency: false
[DEBUG] 17:10:45.870 [AiEngine] Using JS Search
[DEBUG] 17:10:45.871 [AiEngine] Adaptive time: 3000ms, depth: 4, reason: standard, emergency: false
[DEBUG] 17:10:45.871 [AiEngine] Using JS Search
[DEBUG] 17:10:45.872 [AiEngine] Adaptive time: 3000ms, depth: 4, reason: standard, emergency: false
[DEBUG] 17:10:45.872 [AiEngine] Using JS Search
[DEBUG] 17:10:45.875 [AiEngine] Adaptive time: 3000ms, depth: 4, reason: tactical, emergency: false
[DEBUG] 17:10:45.875 [AiEngine] Using JS Search
[DEBUG] 17:10:45.877 [AiEngine] Adaptive time: 3000ms, depth: 4, reason: standard, emergency: false
[DEBUG] 17:10:45.877 [AiEngine] Using JS Search
[DEBUG] 17:10:45.879 [AiEngine] Adaptive time: 3000ms, depth: 4, reason: tactical, emergency: false
[DEBUG] 17:10:45.879 [AiEngine] Using JS Search
[DEBUG] 17:10:45.880 [AiEngine] Adaptive time: 3000ms, depth: 4, reason: standard, emergency: false
[DEBUG] 17:10:45.880 [AiEngine] Using JS Search
[DEBUG] 17:10:45.882 [AiEngine] Adaptive time: 3000ms, depth: 4, reason: tactical, emergency: false
[DEBUG] 17:10:45.882 [AiEngine] Using JS Search
[DEBUG] 17:10:45.884 [AiEngine] Adaptive time: 3000ms, depth: 4, reason: standard, emergency: false
[DEBUG] 17:10:45.884 [AiEngine] Using JS Search
[DEBUG] 17:10:45.885 [AiEngine] Adaptive time: 3000ms, depth: 4, reason: tactical, emergency: false
[DEBUG] 17:10:45.885 [AiEngine] Using JS Search
[DEBUG] 17:10:45.886 [AiEngine] Adaptive time: 3000ms, depth: 4, reason: standard, emergency: false
[DEBUG] 17:10:45.886 [AiEngine] Using JS Search
[DEBUG] 17:10:45.889 [AiEngine] Adaptive time: 3000ms, depth: 4, reason: tactical, emergency: false
[DEBUG] 17:10:45.889 [AiEngine] Using JS Search
[DEBUG] 17:10:45.890 [AiEngine] Adaptive time: 3000ms, depth: 4, reason: standard, emergency: false
[DEBUG] 17:10:45.890 [AiEngine] Using JS Search
[DEBUG] 17:10:45.891 [AiEngine] Adaptive time: 3000ms, depth: 4, reason: tactical, emergency: false
[DEBUG] 17:10:45.891 [AiEngine] Using JS Search
[DEBUG] 17:10:45.893 [AiEngine] Adaptive time: 3000ms, depth: 4, reason: standard, emergency: false
[DEBUG] 17:10:45.893 [AiEngine] Using JS Search
[DEBUG] 17:10:45.895 [AiEngine] Adaptive time: 3000ms, depth: 4, reason: tactical, emergency: false
[DEBUG] 17:10:45.895 [AiEngine] Using JS Search
[DEBUG] 17:10:45.897 [AiEngine] Adaptive time: 3000ms, depth: 4, reason: standard, emergency: false
[DEBUG] 17:10:45.897 [AiEngine] Using JS Search
[DEBUG] 17:10:45.898 [AiEngine] Adaptive time: 3000ms, depth: 4, reason: tactical, emergency: false
[DEBUG] 17:10:45.898 [AiEngine] Using JS Search
[DEBUG] 17:10:45.899 [AiEngine] Adaptive time: 3000ms, depth: 4, reason: standard, emergency: false
[DEBUG] 17:10:45.899 [AiEngine] Using JS Search
[DEBUG] 17:10:45.902 [AiEngine] Adaptive time: 3000ms, depth: 4, reason: tactical, emergency: false
[DEBUG] 17:10:45.902 [AiEngine] Using JS Search
[DEBUG] 17:10:45.903 [AiEngine] Adaptive time: 3000ms, depth: 4, reason: standard, emergency: false
[DEBUG] 17:10:45.903 [AiEngine] Using JS Search
[DEBUG] 17:10:45.904 [AiEngine] Adaptive time: 3000ms, depth: 4, reason: tactical, emergency: false
[DEBUG] 17:10:45.904 [AiEngine] Using JS Search
[DEBUG] 17:10:45.905 [AiEngine] Adaptive time: 3000ms, depth: 4, reason: standard, emergency: false
[DEBUG] 17:10:45.905 [AiEngine] Using JS Search
[DEBUG] 17:10:45.907 [AiEngine] Adaptive time: 3000ms, depth: 4, reason: tactical, emergency: false
[DEBUG] 17:10:45.907 [AiEngine] Using JS Search
[DEBUG] 17:10:45.909 [AiEngine] Adaptive time: 3000ms, depth: 4, reason: standard, emergency: false
[DEBUG] 17:10:45.909 [AiEngine] Using JS Search
[DEBUG] 17:10:45.911 [AiEngine] Adaptive time: 3000ms, depth: 4, reason: tactical, emergency: false
[DEBUG] 17:10:45.911 [AiEngine] Using JS Search
[DEBUG] 17:10:45.912 [AiEngine] Adaptive time: 3000ms, depth: 4, reason: standard, emergency: false
[DEBUG] 17:10:45.912 [AiEngine] Using JS Search
[DEBUG] 17:10:45.913 [AiEngine] Adaptive time: 3000ms, depth: 4, reason: tactical, emergency: false
[DEBUG] 17:10:45.913 [AiEngine] Using JS Search
[DEBUG] 17:10:45.914 [AiEngine] Adaptive time: 3000ms, depth: 4, reason: standard, emergency: false
[DEBUG] 17:10:45.914 [AiEngine] Using JS Search
[DEBUG] 17:10:45.916 [AiEngine] Adaptive time: 3000ms, depth: 4, reason: tactical, emergency: false
[DEBUG] 17:10:45.916 [AiEngine] Using JS Search
[DEBUG] 17:10:45.917 [AiEngine] Adaptive time: 3000ms, depth: 4, reason: standard, emergency: false
[DEBUG] 17:10:45.917 [AiEngine] Using JS Search
[DEBUG] 17:10:45.919 [AiEngine] Adaptive time: 3000ms, depth: 4, reason: tactical, emergency: false
[DEBUG] 17:10:45.919 [AiEngine] Using JS Search
[DEBUG] 17:10:45.920 [AiEngine] Adaptive time: 3000ms, depth: 4, reason: standard, emergency: false
[DEBUG] 17:10:45.920 [AiEngine] Using JS Search
[DEBUG] 17:10:45.922 [AiEngine] Adaptive time: 3000ms, depth: 4, reason: tactical, emergency: false
[DEBUG] 17:10:45.922 [AiEngine] Using JS Search
[DEBUG] 17:10:45.923 [AiEngine] Adaptive time: 3000ms, depth: 4, reason: standard, emergency: false
[DEBUG] 17:10:45.923 [AiEngine] Using JS Search
[DEBUG] 17:10:45.925 [AiEngine] Adaptive time: 3000ms, depth: 4, reason: tactical, emergency: false
[DEBUG] 17:10:45.925 [AiEngine] Using JS Search
[DEBUG] 17:10:45.927 [AiEngine] Adaptive time: 3000ms, depth: 4, reason: standard, emergency: false
[DEBUG] 17:10:45.927 [AiEngine] Using JS Search
[DEBUG] 17:10:45.928 [AiEngine] Adaptive time: 3000ms, depth: 4, reason: tactical, emergency: false
[DEBUG] 17:10:45.928 [AiEngine] Using JS Search
[DEBUG] 17:10:45.930 [AiEngine] Adaptive time: 3000ms, depth: 4, reason: standard, emergency: false
[DEBUG] 17:10:45.930 [AiEngine] Using JS Search
[DEBUG] 17:10:45.932 [AiEngine] Adaptive time: 3000ms, depth: 4, reason: tactical, emergency: false
[DEBUG] 17:10:45.932 [AiEngine] Using JS Search
[DEBUG] 17:10:45.933 [AiEngine] Adaptive time: 3000ms, depth: 4, reason: standard, emergency: false
[DEBUG] 17:10:45.933 [AiEngine] Using JS Search
[DEBUG] 17:10:45.934 [AiEngine] Adaptive time: 3000ms, depth: 4, reason: tactical, emergency: false
[DEBUG] 17:10:45.934 [AiEngine] Using JS Search
[DEBUG] 17:10:45.936 [AiEngine] Adaptive time: 500ms, depth: 4, reason: midgame, opening, emergency: false
[DEBUG] 17:10:45.936 [AiEngine] Using JS Search
[DEBUG] 17:10:45.962 [AiEngine] Adaptive time: 500ms, depth: 4, reason: midgame, opening, emergency: false
[DEBUG] 17:10:45.962 [AiEngine] Using JS Search
[DEBUG] 17:10:46.071 [AiEngine] Adaptive time: 500ms, depth: 4, reason: midgame, opening, emergency: false
[DEBUG] 17:10:46.071 [AiEngine] Using JS Search
[DEBUG] 17:10:46.266 [AiEngine] Adaptive time: 500ms, depth: 4, reason: midgame, opening, emergency: false
[DEBUG] 17:10:46.266 [AiEngine] Using JS Search
[DEBUG] 17:10:46.588 [AiEngine] Adaptive time: 500ms, depth: 4, reason: midgame, opening, emergency: false
[DEBUG] 17:10:46.588 [AiEngine] Using JS Search
[DEBUG] 17:10:46.917 [AiEngine] Adaptive time: 500ms, depth: 4, reason: midgame, opening, emergency: false
[DEBUG] 17:10:46.917 [AiEngine] Using JS Search
[DEBUG] 17:10:47.491 [AiEngine] Adaptive time: 500ms, depth: 4, reason: midgame, opening, tactical, emergency: false
[DEBUG] 17:10:47.491 [AiEngine] Using JS Search
[DEBUG] 17:10:48.005 [AiEngine] Adaptive time: 500ms, depth: 4, reason: midgame, opening, emergency: false
[DEBUG] 17:10:48.005 [AiEngine] Using JS Search
[DEBUG] 17:10:48.392 [AiEngine] Adaptive time: 500ms, depth: 4, reason: midgame, opening, tactical, emergency: false
[DEBUG] 17:10:48.392 [AiEngine] Using JS Search
[DEBUG] 17:10:48.525 [AiEngine] Adaptive time: 500ms, depth: 4, reason: midgame, opening, tactical, emergency: false
[DEBUG] 17:10:48.525 [AiEngine] Using JS Search
[DEBUG] 17:10:48.878 [AiEngine] Adaptive time: 500ms, depth: 4, reason: midgame, opening, emergency: false
[DEBUG] 17:10:48.878 [AiEngine] Using JS Search
[DEBUG] 17:10:48.990 [AiEngine] Adaptive time: 500ms, depth: 4, reason: midgame, opening, tactical, emergency: false
[DEBUG] 17:10:48.990 [AiEngine] Using JS Search
[DEBUG] 17:10:49.071 [AiEngine] Adaptive time: 500ms, depth: 4, reason: midgame, opening, in-check, emergency: false
[DEBUG] 17:10:49.071 [AiEngine] Using JS Search
[DEBUG] 17:10:49.079 [AiEngine] Adaptive time: 500ms, depth: 4, reason: midgame, opening, tactical, emergency: false
[DEBUG] 17:10:49.079 [AiEngine] Using JS Search
[DEBUG] 17:10:49.190 [AiEngine] Adaptive time: 500ms, depth: 4, reason: midgame, opening, tactical, emergency: false
[DEBUG] 17:10:49.190 [AiEngine] Using JS Search
[DEBUG] 17:10:49.242 [AiEngine] Adaptive time: 500ms, depth: 4, reason: midgame, opening, tactical, emergency: false
[DEBUG] 17:10:49.243 [AiEngine] Using JS Search
[DEBUG] 17:10:49.244 [AiEngine] Adaptive time: 500ms, depth: 4, reason: midgame, opening, tactical, emergency: false
[DEBUG] 17:10:49.244 [AiEngine] Using JS Search
[DEBUG] 17:10:49.519 [AiEngine] Adaptive time: 500ms, depth: 4, reason: midgame, opening, tactical, emergency: false
[DEBUG] 17:10:49.519 [AiEngine] Using JS Search
[DEBUG] 17:10:49.522 [AiEngine] Adaptive time: 500ms, depth: 4, reason: midgame, opening, in-check, emergency: false
[DEBUG] 17:10:49.522 [AiEngine] Using JS Search
[DEBUG] 17:10:49.529 [AiEngine] Adaptive time: 500ms, depth: 4, reason: midgame, opening, tactical, emergency: false
[DEBUG] 17:10:49.529 [AiEngine] Using JS Search
[DEBUG] 17:10:49.531 [AiEngine] Adaptive time: 500ms, depth: 4, reason: midgame, opening, in-check, emergency: false
[DEBUG] 17:10:49.531 [AiEngine] Using JS Search
[DEBUG] 17:10:49.538 [AiEngine] Adaptive time: 500ms, depth: 4, reason: midgame, opening, tactical, emergency: false
[DEBUG] 17:10:49.538 [AiEngine] Using JS Search
[DEBUG] 17:10:49.540 [AiEngine] Adaptive time: 500ms, depth: 4, reason: midgame, opening, in-check, emergency: false
[DEBUG] 17:10:49.540 [AiEngine] Using JS Search
[DEBUG] 17:10:49.554 [AiEngine] Adaptive time: 500ms, depth: 4, reason: midgame, opening, emergency: false
[DEBUG] 17:10:49.554 [AiEngine] Using JS Search
[DEBUG] 17:10:49.555 [AiEngine] Adaptive time: 500ms, depth: 4, reason: midgame, opening, tactical, emergency: false
[DEBUG] 17:10:49.555 [AiEngine] Using JS Search
[DEBUG] 17:10:49.716 [AiEngine] Adaptive time: 500ms, depth: 4, reason: midgame, opening, emergency: false
[DEBUG] 17:10:49.716 [AiEngine] Using JS Search
[DEBUG] 17:10:49.717 [AiEngine] Adaptive time: 500ms, depth: 4, reason: midgame, opening, tactical, emergency: false
[DEBUG] 17:10:49.717 [AiEngine] Using JS Search
[DEBUG] 17:10:49.881 [AiEngine] Adaptive time: 500ms, depth: 4, reason: midgame, opening, emergency: false
[DEBUG] 17:10:49.881 [AiEngine] Using JS Search
[DEBUG] 17:10:49.882 [AiEngine] Adaptive time: 500ms, depth: 4, reason: midgame, opening, tactical, emergency: false
[DEBUG] 17:10:49.882 [AiEngine] Using JS Search
[DEBUG] 17:10:50.044 [AiEngine] Adaptive time: 500ms, depth: 4, reason: midgame, opening, emergency: false
[DEBUG] 17:10:50.044 [AiEngine] Using JS Search
[DEBUG] 17:10:50.045 [AiEngine] Adaptive time: 500ms, depth: 4, reason: midgame, opening, tactical, emergency: false
[DEBUG] 17:10:50.045 [AiEngine] Using JS Search
[DEBUG] 17:10:50.221 [AiEngine] Adaptive time: 500ms, depth: 4, reason: midgame, opening, emergency: false
[DEBUG] 17:10:50.221 [AiEngine] Using JS Search
[DEBUG] 17:10:50.222 [AiEngine] Adaptive time: 500ms, depth: 4, reason: midgame, opening, tactical, emergency: false
[DEBUG] 17:10:50.222 [AiEngine] Using JS Search
[DEBUG] 17:10:50.377 [AiEngine] Adaptive time: 500ms, depth: 4, reason: midgame, opening, emergency: false
[DEBUG] 17:10:50.378 [AiEngine] Using JS Search
[DEBUG] 17:10:50.378 [AiEngine] Adaptive time: 500ms, depth: 4, reason: midgame, opening, tactical, emergency: false
[DEBUG] 17:10:50.379 [AiEngine] Using JS Search
[DEBUG] 17:10:50.530 [AiEngine] Adaptive time: 500ms, depth: 4, reason: midgame, opening, emergency: false
[DEBUG] 17:10:50.530 [AiEngine] Using JS Search
[DEBUG] 17:10:50.531 [AiEngine] Adaptive time: 500ms, depth: 4, reason: midgame, opening, tactical, emergency: false
[DEBUG] 17:10:50.531 [AiEngine] Using JS Search
[DEBUG] 17:10:50.707 [AiEngine] Adaptive time: 500ms, depth: 4, reason: midgame, opening, emergency: false
[DEBUG] 17:10:50.707 [AiEngine] Using JS Search
[DEBUG] 17:10:50.708 [AiEngine] Adaptive time: 500ms, depth: 4, reason: midgame, opening, tactical, emergency: false
[DEBUG] 17:10:50.708 [AiEngine] Using JS Search
[DEBUG] 17:10:50.764 [AiEngine] Adaptive time: 500ms, depth: 4, reason: midgame, opening, in-check, emergency: false
[DEBUG] 17:10:50.764 [AiEngine] Using JS Search
[DEBUG] 17:10:50.765 [AiEngine] Adaptive time: 3000ms, depth: 4, reason: midgame, emergency: false
[DEBUG] 17:10:50.765 [AiEngine] Using JS Search
[DEBUG] 17:10:50.917 [AiEngine] Adaptive time: 3000ms, depth: 4, reason: midgame, emergency: false
[DEBUG] 17:10:50.917 [AiEngine] Using JS Search
[DEBUG] 17:10:50.918 [AiEngine] Adaptive time: 3000ms, depth: 4, reason: midgame, emergency: false
[DEBUG] 17:10:50.918 [AiEngine] Using JS Search
[DEBUG] 17:10:51.230 [AiEngine] Adaptive time: 3000ms, depth: 4, reason: midgame, emergency: false
[DEBUG] 17:10:51.230 [AiEngine] Using JS Search
[DEBUG] 17:10:51.230 [AiEngine] Adaptive time: 3000ms, depth: 4, reason: midgame, emergency: false
[DEBUG] 17:10:51.230 [AiEngine] Using JS Search
[DEBUG] 17:10:51.360 [AiEngine] Adaptive time: 3000ms, depth: 4, reason: midgame, emergency: false
[DEBUG] 17:10:51.360 [AiEngine] Using JS Search
[DEBUG] 17:10:51.361 [AiEngine] Adaptive time: 3000ms, depth: 4, reason: midgame, tactical, emergency: false
[DEBUG] 17:10:51.361 [AiEngine] Using JS Search
[DEBUG] 17:10:51.430 [AiEngine] Adaptive time: 3000ms, depth: 4, reason: midgame, emergency: false
[DEBUG] 17:10:51.430 [AiEngine] Using JS Search
[DEBUG] 17:10:51.433 [AiEngine] Adaptive time: 3000ms, depth: 4, reason: midgame, tactical, emergency: false
[DEBUG] 17:10:51.433 [AiEngine] Using JS Search
[DEBUG] 17:10:51.555 [AiEngine] Adaptive time: 3000ms, depth: 4, reason: midgame, in-check, emergency: false
[DEBUG] 17:10:51.555 [AiEngine] Using JS Search
[DEBUG] 17:10:51.556 [AiEngine] Adaptive time: 3000ms, depth: 4, reason: midgame, emergency: false
[DEBUG] 17:10:51.556 [AiEngine] Using JS Search
[DEBUG] 17:10:51.656 [AiEngine] Adaptive time: 3000ms, depth: 4, reason: midgame, in-check, emergency: false
[DEBUG] 17:10:51.656 [AiEngine] Using JS Search
[DEBUG] 17:10:51.657 [AiEngine] Adaptive time: 3000ms, depth: 4, reason: midgame, tactical, emergency: false
[DEBUG] 17:10:51.657 [AiEngine] Using JS Search
[DEBUG] 17:10:51.701 [AiEngine] Adaptive time: 3000ms, depth: 4, reason: midgame, emergency: false
[DEBUG] 17:10:51.701 [AiEngine] Using JS Search
[DEBUG] 17:10:51.702 [AiEngine] Adaptive time: 3000ms, depth: 4, reason: midgame, emergency: false
[DEBUG] 17:10:51.702 [AiEngine] Using JS Search
[DEBUG] 17:10:51.795 [AiEngine] Adaptive time: 3000ms, depth: 4, reason: midgame, emergency: false
[DEBUG] 17:10:51.795 [AiEngine] Using JS Search
[DEBUG] 17:10:51.801 [AiEngine] Adaptive time: 3000ms, depth: 4, reason: midgame, emergency: false
[DEBUG] 17:10:51.801 [AiEngine] Using JS Search
[DEBUG] 17:10:51.870 [AiEngine] Adaptive time: 3000ms, depth: 4, reason: midgame, emergency: false
[DEBUG] 17:10:51.870 [AiEngine] Using JS Search
[DEBUG] 17:10:51.879 [AiEngine] Adaptive time: 3000ms, depth: 4, reason: midgame, emergency: false
[DEBUG] 17:10:51.879 [AiEngine] Using JS Search
[DEBUG] 17:10:51.905 [AiEngine] Adaptive time: 3000ms, depth: 4, reason: midgame, emergency: false
[DEBUG] 17:10:51.905 [AiEngine] Using JS Search
[DEBUG] 17:10:51.912 [AiEngine] Adaptive time: 3000ms, depth: 4, reason: midgame, emergency: false
[DEBUG] 17:10:51.912 [AiEngine] Using JS Search
[DEBUG] 17:10:51.933 [AiEngine] Adaptive time: 3000ms, depth: 4, reason: midgame, emergency: false
[DEBUG] 17:10:51.934 [AiEngine] Using JS Search
[DEBUG] 17:10:51.944 [AiEngine] Adaptive time: 3000ms, depth: 4, reason: midgame, emergency: false
[DEBUG] 17:10:51.944 [AiEngine] Using JS Search
[DEBUG] 17:10:51.968 [AiEngine] Adaptive time: 3000ms, depth: 4, reason: midgame, in-check, emergency: false
[DEBUG] 17:10:51.968 [AiEngine] Using JS Search
[DEBUG] 17:10:51.978 [AiEngine] Adaptive time: 3000ms, depth: 4, reason: midgame, emergency: false
[DEBUG] 17:10:51.978 [AiEngine] Using JS Search
[DEBUG] 17:10:52.005 [AiEngine] Adaptive time: 3000ms, depth: 4, reason: midgame, tactical, emergency: false
[DEBUG] 17:10:52.005 [AiEngine] Using JS Search
[DEBUG] 17:10:52.015 [AiEngine] Adaptive time: 3000ms, depth: 4, reason: midgame, emergency: false
[DEBUG] 17:10:52.015 [AiEngine] Using JS Search
[DEBUG] 17:10:52.027 [AiEngine] Adaptive time: 3000ms, depth: 4, reason: midgame, tactical, emergency: false
[DEBUG] 17:10:52.027 [AiEngine] Using JS Search
[DEBUG] 17:10:52.034 [AiEngine] Adaptive time: 3000ms, depth: 4, reason: standard, emergency: false
[DEBUG] 17:10:52.034 [AiEngine] Using JS Search
[DEBUG] 17:10:52.045 [AiEngine] Adaptive time: 3000ms, depth: 4, reason: tactical, emergency: false
[DEBUG] 17:10:52.045 [AiEngine] Using JS Search
[DEBUG] 17:10:52.051 [AiEngine] Adaptive time: 3000ms, depth: 4, reason: standard, emergency: false
[DEBUG] 17:10:52.051 [AiEngine] Using JS Search
[DEBUG] 17:10:52.061 [AiEngine] Adaptive time: 3000ms, depth: 4, reason: tactical, emergency: false
[DEBUG] 17:10:52.061 [AiEngine] Using JS Search
[DEBUG] 17:10:52.066 [AiEngine] Adaptive time: 3000ms, depth: 4, reason: standard, emergency: false
[DEBUG] 17:10:52.066 [AiEngine] Using JS Search
[DEBUG] 17:10:52.074 [AiEngine] Adaptive time: 3000ms, depth: 4, reason: tactical, emergency: false
[DEBUG] 17:10:52.074 [AiEngine] Using JS Search
[DEBUG] 17:10:52.079 [AiEngine] Adaptive time: 3000ms, depth: 4, reason: standard, emergency: false
[DEBUG] 17:10:52.079 [AiEngine] Using JS Search
[DEBUG] 17:10:52.084 [AiEngine] Adaptive time: 3000ms, depth: 4, reason: tactical, emergency: false
[DEBUG] 17:10:52.084 [AiEngine] Using JS Search
[DEBUG] 17:10:52.087 [AiEngine] Adaptive time: 3000ms, depth: 4, reason: standard, emergency: false
[DEBUG] 17:10:52.087 [AiEngine] Using JS Search
[DEBUG] 17:10:52.091 [AiEngine] Adaptive time: 3000ms, depth: 4, reason: tactical, emergency: false
[DEBUG] 17:10:52.091 [AiEngine] Using JS Search
[DEBUG] 17:10:52.095 [AiEngine] Adaptive time: 3000ms, depth: 4, reason: standard, emergency: false
[DEBUG] 17:10:52.095 [AiEngine] Using JS Search
[DEBUG] 17:10:52.101 [AiEngine] Adaptive time: 3000ms, depth: 4, reason: endgame, tactical, emergency: false
[DEBUG] 17:10:52.101 [AiEngine] Using JS Search
[DEBUG] 17:10:52.104 [AiEngine] Adaptive time: 3000ms, depth: 4, reason: endgame, emergency: false
[DEBUG] 17:10:52.105 [AiEngine] Using JS Search
[DEBUG] 17:10:52.109 [AiEngine] Adaptive time: 3000ms, depth: 4, reason: endgame, tactical, emergency: false
[DEBUG] 17:10:52.109 [AiEngine] Using JS Search
[DEBUG] 17:10:52.112 [AiEngine] Adaptive time: 3000ms, depth: 4, reason: endgame, emergency: false
[DEBUG] 17:10:52.112 [AiEngine] Using JS Search
[DEBUG] 17:10:52.116 [AiEngine] Adaptive time: 3000ms, depth: 4, reason: endgame, in-check, tactical, emergency: false
[DEBUG] 17:10:52.116 [AiEngine] Using JS Search
[DEBUG] 17:10:52.118 [AiEngine] Adaptive time: 3000ms, depth: 4, reason: endgame, emergency: false
[DEBUG] 17:10:52.118 [AiEngine] Using JS Search
[DEBUG] 17:10:52.121 [AiEngine] Adaptive time: 3000ms, depth: 4, reason: endgame, tactical, emergency: false
[DEBUG] 17:10:52.121 [AiEngine] Using JS Search
[DEBUG] 17:10:52.124 [AiEngine] Adaptive time: 3000ms, depth: 4, reason: endgame, emergency: false
[DEBUG] 17:10:52.124 [AiEngine] Using JS Search
[DEBUG] 17:10:52.127 [AiEngine] Adaptive time: 3000ms, depth: 4, reason: endgame, tactical, emergency: false
[DEBUG] 17:10:52.127 [AiEngine] Using JS Search
[DEBUG] 17:10:52.130 [AiEngine] Adaptive time: 3000ms, depth: 4, reason: endgame, emergency: false
[DEBUG] 17:10:52.130 [AiEngine] Using JS Search
[DEBUG] 17:10:52.136 [AiEngine] Adaptive time: 3000ms, depth: 4, reason: endgame, tactical, emergency: false
[DEBUG] 17:10:52.136 [AiEngine] Using JS Search
[DEBUG] 17:10:52.138 [AiEngine] Adaptive time: 3000ms, depth: 4, reason: endgame, emergency: false
[DEBUG] 17:10:52.138 [AiEngine] Using JS Search
[DEBUG] 17:10:52.141 [AiEngine] Adaptive time: 3000ms, depth: 4, reason: endgame, tactical, emergency: false
[DEBUG] 17:10:52.141 [AiEngine] Using JS Search
[DEBUG] 17:10:52.143 [AiEngine] Adaptive time: 3000ms, depth: 4, reason: endgame, emergency: false
[DEBUG] 17:10:52.143 [AiEngine] Using JS Search
[DEBUG] 17:10:52.146 [AiEngine] Adaptive time: 3000ms, depth: 4, reason: endgame, tactical, emergency: false
[DEBUG] 17:10:52.146 [AiEngine] Using JS Search
[DEBUG] 17:10:52.148 [AiEngine] Adaptive time: 3000ms, depth: 4, reason: endgame, emergency: false
[DEBUG] 17:10:52.148 [AiEngine] Using JS Search
[DEBUG] 17:10:52.151 [AiEngine] Adaptive time: 3000ms, depth: 4, reason: endgame, tactical, emergency: false
[DEBUG] 17:10:52.151 [AiEngine] Using JS Search
[DEBUG] 17:10:52.153 [AiEngine] Adaptive time: 3000ms, depth: 4, reason: endgame, emergency: false
[DEBUG] 17:10:52.153 [AiEngine] Using JS Search
[DEBUG] 17:10:52.157 [AiEngine] Adaptive time: 3000ms, depth: 4, reason: endgame, tactical, emergency: false
[DEBUG] 17:10:52.157 [AiEngine] Using JS Search
[DEBUG] 17:10:52.159 [AiEngine] Adaptive time: 3000ms, depth: 4, reason: endgame, emergency: false
[DEBUG] 17:10:52.159 [AiEngine] Using JS Search
[DEBUG] 17:10:52.162 [AiEngine] Adaptive time: 3000ms, depth: 4, reason: endgame, tactical, emergency: false
[DEBUG] 17:10:52.162 [AiEngine] Using JS Search
[DEBUG] 17:10:52.165 [AiEngine] Adaptive time: 500ms, depth: 4, reason: midgame, opening, emergency: false
[DEBUG] 17:10:52.165 [AiEngine] Using JS Search
[DEBUG] 17:10:52.185 [AiEngine] Adaptive time: 500ms, depth: 4, reason: midgame, opening, emergency: false
[DEBUG] 17:10:52.185 [AiEngine] Using JS Search
[DEBUG] 17:10:52.467 [AiEngine] Adaptive time: 500ms, depth: 4, reason: midgame, opening, emergency: false
[DEBUG] 17:10:52.467 [AiEngine] Using JS Search
[DEBUG] 17:10:52.957 [AiEngine] Adaptive time: 500ms, depth: 4, reason: midgame, opening, emergency: false
[DEBUG] 17:10:52.958 [AiEngine] Using JS Search
[DEBUG] 17:10:53.248 [AiEngine] Adaptive time: 500ms, depth: 4, reason: midgame, opening, emergency: false
[DEBUG] 17:10:53.248 [AiEngine] Using JS Search
[DEBUG] 17:10:53.670 [AiEngine] Adaptive time: 500ms, depth: 4, reason: midgame, opening, emergency: false
[DEBUG] 17:10:53.670 [AiEngine] Using JS Search
[DEBUG] 17:10:53.795 [AiEngine] Adaptive time: 500ms, depth: 4, reason: midgame, opening, tactical, emergency: false
[DEBUG] 17:10:53.795 [AiEngine] Using JS Search
[DEBUG] 17:10:54.571 [AiEngine] Adaptive time: 500ms, depth: 4, reason: midgame, opening, emergency: false
[DEBUG] 17:10:54.571 [AiEngine] Using JS Search
[DEBUG] 17:10:54.873 [AiEngine] Adaptive time: 500ms, depth: 4, reason: midgame, opening, tactical, emergency: false
[DEBUG] 17:10:54.873 [AiEngine] Using JS Search
[DEBUG] 17:10:55.123 [AiEngine] Adaptive time: 500ms, depth: 4, reason: midgame, opening, emergency: false
[DEBUG] 17:10:55.123 [AiEngine] Using JS Search
[DEBUG] 17:10:55.268 [AiEngine] Adaptive time: 500ms, depth: 4, reason: midgame, opening, tactical, emergency: false
[DEBUG] 17:10:55.269 [AiEngine] Using JS Search
[DEBUG] 17:10:55.338 [AiEngine] Adaptive time: 500ms, depth: 4, reason: midgame, opening, emergency: false
[DEBUG] 17:10:55.338 [AiEngine] Using JS Search
[DEBUG] 17:10:55.844 [AiEngine] Adaptive time: 500ms, depth: 4, reason: midgame, opening, tactical, emergency: false
[DEBUG] 17:10:55.844 [AiEngine] Using JS Search
[DEBUG] 17:10:56.214 [AiEngine] Adaptive time: 500ms, depth: 4, reason: midgame, opening, emergency: false
[DEBUG] 17:10:56.214 [AiEngine] Using JS Search
[DEBUG] 17:10:56.363 [AiEngine] Adaptive time: 500ms, depth: 4, reason: midgame, opening, tactical, emergency: false
[DEBUG] 17:10:56.363 [AiEngine] Using JS Search
[DEBUG] 17:10:56.618 [AiEngine] Adaptive time: 500ms, depth: 4, reason: midgame, opening, emergency: false
[DEBUG] 17:10:56.618 [AiEngine] Using JS Search
[DEBUG] 17:10:56.706 [AiEngine] Adaptive time: 500ms, depth: 4, reason: midgame, opening, emergency: false
[DEBUG] 17:10:56.706 [AiEngine] Using JS Search
[DEBUG] 17:10:56.921 [AiEngine] Adaptive time: 500ms, depth: 4, reason: midgame, opening, emergency: false
[DEBUG] 17:10:56.921 [AiEngine] Using JS Search
[DEBUG] 17:10:57.008 [AiEngine] Adaptive time: 500ms, depth: 4, reason: midgame, opening, tactical, emergency: false
[DEBUG] 17:10:57.009 [AiEngine] Using JS Search
[DEBUG] 17:10:57.266 [AiEngine] Adaptive time: 500ms, depth: 4, reason: midgame, opening, in-check, emergency: false
[DEBUG] 17:10:57.266 [AiEngine] Using JS Search
[DEBUG] 17:10:57.300 [AiEngine] Adaptive time: 500ms, depth: 4, reason: midgame, opening, tactical, emergency: false
[DEBUG] 17:10:57.300 [AiEngine] Using JS Search
[DEBUG] 17:10:57.301 [AiEngine] Adaptive time: 500ms, depth: 4, reason: midgame, opening, emergency: false
[DEBUG] 17:10:57.301 [AiEngine] Using JS Search
[DEBUG] 17:10:57.347 [AiEngine] Adaptive time: 500ms, depth: 4, reason: midgame, opening, tactical, emergency: false
[DEBUG] 17:10:57.347 [AiEngine] Using JS Search
[DEBUG] 17:10:57.348 [AiEngine] Adaptive time: 500ms, depth: 4, reason: midgame, opening, emergency: false
[DEBUG] 17:10:57.348 [AiEngine] Using JS Search
[DEBUG] 17:10:57.392 [AiEngine] Adaptive time: 500ms, depth: 4, reason: midgame, opening, tactical, emergency: false
[DEBUG] 17:10:57.392 [AiEngine] Using JS Search
[DEBUG] 17:10:57.394 [AiEngine] Adaptive time: 500ms, depth: 4, reason: midgame, opening, in-check, emergency: false
[DEBUG] 17:10:57.394 [AiEngine] Using JS Search
[DEBUG] 17:10:57.396 [AiEngine] Adaptive time: 500ms, depth: 4, reason: midgame, opening, tactical, emergency: false
[DEBUG] 17:10:57.396 [AiEngine] Using JS Search
[DEBUG] 17:10:57.397 [AiEngine] Adaptive time: 500ms, depth: 4, reason: midgame, opening, emergency: false
[DEBUG] 17:10:57.397 [AiEngine] Using JS Search
[DEBUG] 17:10:57.428 [AiEngine] Adaptive time: 500ms, depth: 4, reason: midgame, opening, tactical, emergency: false
[DEBUG] 17:10:57.428 [AiEngine] Using JS Search
[DEBUG] 17:10:57.429 [AiEngine] Adaptive time: 500ms, depth: 4, reason: midgame, opening, emergency: false
[DEBUG] 17:10:57.429 [AiEngine] Using JS Search
[DEBUG] 17:10:57.494 [AiEngine] Adaptive time: 500ms, depth: 4, reason: midgame, opening, emergency: false
[DEBUG] 17:10:57.494 [AiEngine] Using JS Search
[DEBUG] 17:10:57.495 [AiEngine] Adaptive time: 500ms, depth: 4, reason: midgame, opening, emergency: false
[DEBUG] 17:10:57.495 [AiEngine] Using JS Search
[DEBUG] 17:10:57.614 [AiEngine] Adaptive time: 500ms, depth: 4, reason: midgame, opening, emergency: false
[DEBUG] 17:10:57.614 [AiEngine] Using JS Search
[DEBUG] 17:10:57.615 [AiEngine] Adaptive time: 500ms, depth: 4, reason: midgame, opening, emergency: false
[DEBUG] 17:10:57.615 [AiEngine] Using JS Search
[DEBUG] 17:10:57.718 [AiEngine] Adaptive time: 500ms, depth: 4, reason: midgame, opening, emergency: false
[DEBUG] 17:10:57.718 [AiEngine] Using JS Search
[DEBUG] 17:10:57.719 [AiEngine] Adaptive time: 500ms, depth: 4, reason: midgame, opening, emergency: false
[DEBUG] 17:10:57.719 [AiEngine] Using JS Search
[DEBUG] 17:10:57.984 [AiEngine] Adaptive time: 500ms, depth: 4, reason: midgame, opening, tactical, emergency: false
[DEBUG] 17:10:57.985 [AiEngine] Using JS Search
[DEBUG] 17:10:57.986 [AiEngine] Adaptive time: 500ms, depth: 4, reason: midgame, opening, emergency: false
[DEBUG] 17:10:57.986 [AiEngine] Using JS Search
[DEBUG] 17:10:58.083 [AiEngine] Adaptive time: 500ms, depth: 4, reason: midgame, opening, emergency: false
[DEBUG] 17:10:58.083 [AiEngine] Using JS Search
[DEBUG] 17:10:58.084 [AiEngine] Adaptive time: 500ms, depth: 4, reason: midgame, opening, emergency: false
[DEBUG] 17:10:58.084 [AiEngine] Using JS Search
[DEBUG] 17:10:58.129 [AiEngine] Adaptive time: 3000ms, depth: 4, reason: midgame, tactical, emergency: false
[DEBUG] 17:10:58.129 [AiEngine] Using JS Search
[DEBUG] 17:10:58.132 [AiEngine] Adaptive time: 3000ms, depth: 4, reason: midgame, in-check, emergency: false
[DEBUG] 17:10:58.132 [AiEngine] Using JS Search
[DEBUG] 17:10:58.141 [AiEngine] Adaptive time: 3000ms, depth: 4, reason: midgame, emergency: false
[DEBUG] 17:10:58.141 [AiEngine] Using JS Search
[DEBUG] 17:10:58.142 [AiEngine] Adaptive time: 3000ms, depth: 4, reason: midgame, emergency: false
[DEBUG] 17:10:58.142 [AiEngine] Using JS Search
[DEBUG] 17:10:58.175 [AiEngine] Adaptive time: 3000ms, depth: 4, reason: midgame, tactical, emergency: false
[DEBUG] 17:10:58.175 [AiEngine] Using JS Search
[DEBUG] 17:10:58.176 [AiEngine] Adaptive time: 3000ms, depth: 4, reason: midgame, emergency: false
[DEBUG] 17:10:58.176 [AiEngine] Using JS Search
[DEBUG] 17:10:58.213 [AiEngine] Adaptive time: 3000ms, depth: 4, reason: midgame, emergency: false
[DEBUG] 17:10:58.213 [AiEngine] Using JS Search
[DEBUG] 17:10:58.214 [AiEngine] Adaptive time: 3000ms, depth: 4, reason: midgame, emergency: false
[DEBUG] 17:10:58.214 [AiEngine] Using JS Search
[DEBUG] 17:10:58.302 [AiEngine] Adaptive time: 3000ms, depth: 4, reason: midgame, emergency: false
[DEBUG] 17:10:58.302 [AiEngine] Using JS Search
[DEBUG] 17:10:58.303 [AiEngine] Adaptive time: 3000ms, depth: 4, reason: midgame, emergency: false
[DEBUG] 17:10:58.303 [AiEngine] Using JS Search
[DEBUG] 17:10:58.441 [AiEngine] Adaptive time: 3000ms, depth: 4, reason: midgame, tactical, emergency: false
[DEBUG] 17:10:58.441 [AiEngine] Using JS Search
[DEBUG] 17:10:58.445 [AiEngine] Adaptive time: 3000ms, depth: 4, reason: midgame, in-check, emergency: false
[DEBUG] 17:10:58.445 [AiEngine] Using JS Search
[DEBUG] 17:10:58.476 [AiEngine] Adaptive time: 3000ms, depth: 4, reason: midgame, emergency: false
[DEBUG] 17:10:58.476 [AiEngine] Using JS Search
[DEBUG] 17:10:58.477 [AiEngine] Adaptive time: 3000ms, depth: 4, reason: midgame, emergency: false
[DEBUG] 17:10:58.477 [AiEngine] Using JS Search
[DEBUG] 17:10:58.571 [AiEngine] Adaptive time: 3000ms, depth: 4, reason: midgame, emergency: false
[DEBUG] 17:10:58.571 [AiEngine] Using JS Search
[DEBUG] 17:10:58.572 [AiEngine] Adaptive time: 3000ms, depth: 4, reason: standard, emergency: false
[DEBUG] 17:10:58.572 [AiEngine] Using JS Search
[DEBUG] 17:10:58.602 [AiEngine] Adaptive time: 3000ms, depth: 4, reason: standard, emergency: false
[DEBUG] 17:10:58.602 [AiEngine] Using JS Search
[DEBUG] 17:10:58.603 [AiEngine] Adaptive time: 3000ms, depth: 4, reason: standard, emergency: false
[DEBUG] 17:10:58.603 [AiEngine] Using JS Search
[DEBUG] 17:10:58.618 [AiEngine] Adaptive time: 3000ms, depth: 4, reason: standard, emergency: false
[DEBUG] 17:10:58.619 [AiEngine] Using JS Search
[DEBUG] 17:10:58.620 [AiEngine] Adaptive time: 3000ms, depth: 4, reason: standard, emergency: false
[DEBUG] 17:10:58.620 [AiEngine] Using JS Search
[DEBUG] 17:10:58.643 [AiEngine] Adaptive time: 3000ms, depth: 4, reason: tactical, emergency: false
[DEBUG] 17:10:58.643 [AiEngine] Using JS Search
[DEBUG] 17:10:58.644 [AiEngine] Adaptive time: 3000ms, depth: 4, reason: standard, emergency: false
[DEBUG] 17:10:58.644 [AiEngine] Using JS Search
[DEBUG] 17:10:58.656 [AiEngine] Adaptive time: 3000ms, depth: 4, reason: standard, emergency: false
[DEBUG] 17:10:58.656 [AiEngine] Using JS Search
[DEBUG] 17:10:58.657 [AiEngine] Adaptive time: 3000ms, depth: 4, reason: standard, emergency: false
[DEBUG] 17:10:58.657 [AiEngine] Using JS Search
[DEBUG] 17:10:58.672 [AiEngine] Adaptive time: 3000ms, depth: 4, reason: tactical, emergency: false
[DEBUG] 17:10:58.673 [AiEngine] Using JS Search
[DEBUG] 17:10:58.674 [AiEngine] Adaptive time: 3000ms, depth: 4, reason: standard, emergency: false
[DEBUG] 17:10:58.674 [AiEngine] Using JS Search
[DEBUG] 17:10:58.686 [AiEngine] Adaptive time: 3000ms, depth: 4, reason: tactical, emergency: false
[DEBUG] 17:10:58.686 [AiEngine] Using JS Search
[DEBUG] 17:10:58.687 [AiEngine] Adaptive time: 3000ms, depth: 4, reason: standard, emergency: false
[DEBUG] 17:10:58.687 [AiEngine] Using JS Search
[DEBUG] 17:10:58.700 [AiEngine] Adaptive time: 3000ms, depth: 4, reason: standard, emergency: false
[DEBUG] 17:10:58.700 [AiEngine] Using JS Search
[DEBUG] 17:10:58.701 [AiEngine] Adaptive time: 3000ms, depth: 4, reason: standard, emergency: false
[DEBUG] 17:10:58.701 [AiEngine] Using JS Search
[DEBUG] 17:10:58.714 [AiEngine] Adaptive time: 3000ms, depth: 4, reason: standard, emergency: false
[DEBUG] 17:10:58.714 [AiEngine] Using JS Search
[DEBUG] 17:10:58.715 [AiEngine] Adaptive time: 3000ms, depth: 4, reason: standard, emergency: false
[DEBUG] 17:10:58.715 [AiEngine] Using JS Search
[DEBUG] 17:10:58.724 [AiEngine] Adaptive time: 3000ms, depth: 4, reason: standard, emergency: false
[DEBUG] 17:10:58.725 [AiEngine] Using JS Search
[DEBUG] 17:10:58.725 [AiEngine] Adaptive time: 3000ms, depth: 4, reason: standard, emergency: false
[DEBUG] 17:10:58.725 [AiEngine] Using JS Search
[DEBUG] 17:10:58.740 [AiEngine] Adaptive time: 3000ms, depth: 4, reason: standard, emergency: false
[DEBUG] 17:10:58.741 [AiEngine] Using JS Search
[DEBUG] 17:10:58.741 [AiEngine] Adaptive time: 3000ms, depth: 4, reason: standard, emergency: false
[DEBUG] 17:10:58.741 [AiEngine] Using JS Search
[DEBUG] 17:10:58.758 [AiEngine] Adaptive time: 3000ms, depth: 4, reason: standard, emergency: false
[DEBUG] 17:10:58.758 [AiEngine] Using JS Search
[DEBUG] 17:10:58.758 [AiEngine] Adaptive time: 3000ms, depth: 4, reason: standard, emergency: false
[DEBUG] 17:10:58.759 [AiEngine] Using JS Search
[DEBUG] 17:10:58.771 [AiEngine] Adaptive time: 3000ms, depth: 4, reason: standard, emergency: false
[DEBUG] 17:10:58.771 [AiEngine] Using JS Search
[DEBUG] 17:10:58.772 [AiEngine] Adaptive time: 3000ms, depth: 4, reason: standard, emergency: false
[DEBUG] 17:10:58.772 [AiEngine] Using JS Search
[DEBUG] 17:10:58.783 [AiEngine] Adaptive time: 3000ms, depth: 4, reason: standard, emergency: false
[DEBUG] 17:10:58.783 [AiEngine] Using JS Search
[DEBUG] 17:10:58.787 [AiEngine] Adaptive time: 3000ms, depth: 4, reason: standard, emergency: false
[DEBUG] 17:10:58.787 [AiEngine] Using JS Search
[DEBUG] 17:10:58.797 [AiEngine] Adaptive time: 3000ms, depth: 4, reason: tactical, emergency: false
[DEBUG] 17:10:58.797 [AiEngine] Using JS Search
[DEBUG] 17:10:58.798 [AiEngine] Adaptive time: 3000ms, depth: 4, reason: standard, emergency: false
[DEBUG] 17:10:58.798 [AiEngine] Using JS Search
[DEBUG] 17:10:58.805 [AiEngine] Adaptive time: 3000ms, depth: 4, reason: standard, emergency: false
[DEBUG] 17:10:58.805 [AiEngine] Using JS Search
[DEBUG] 17:10:58.806 [AiEngine] Adaptive time: 3000ms, depth: 4, reason: standard, emergency: false
[DEBUG] 17:10:58.806 [AiEngine] Using JS Search
[DEBUG] 17:10:58.816 [AiEngine] Adaptive time: 3000ms, depth: 4, reason: tactical, emergency: false
[DEBUG] 17:10:58.816 [AiEngine] Using JS Search
[DEBUG] 17:10:58.816 [AiEngine] Adaptive time: 3000ms, depth: 4, reason: standard, emergency: false
[DEBUG] 17:10:58.816 [AiEngine] Using JS Search
[DEBUG] 17:10:58.825 [AiEngine] Adaptive time: 3000ms, depth: 4, reason: standard, emergency: false
[DEBUG] 17:10:58.825 [AiEngine] Using JS Search
[DEBUG] 17:10:58.826 [AiEngine] Adaptive time: 3000ms, depth: 4, reason: standard, emergency: false
[DEBUG] 17:10:58.826 [AiEngine] Using JS Search
[DEBUG] 17:10:58.838 [AiEngine] Adaptive time: 3000ms, depth: 4, reason: tactical, emergency: false
[DEBUG] 17:10:58.838 [AiEngine] Using JS Search
[DEBUG] 17:10:58.838 [AiEngine] Adaptive time: 3000ms, depth: 4, reason: standard, emergency: false
[DEBUG] 17:10:58.838 [AiEngine] Using JS Search
[DEBUG] 17:10:58.848 [AiEngine] Adaptive time: 3000ms, depth: 4, reason: tactical, emergency: false
[DEBUG] 17:10:58.848 [AiEngine] Using JS Search
[DEBUG] 17:10:58.849 [AiEngine] Adaptive time: 3000ms, depth: 4, reason: standard, emergency: false
[DEBUG] 17:10:58.849 [AiEngine] Using JS Search
[DEBUG] 17:10:58.862 [AiEngine] Adaptive time: 3000ms, depth: 4, reason: tactical, emergency: false
[DEBUG] 17:10:58.863 [AiEngine] Using JS Search
[DEBUG] 17:10:58.863 [AiEngine] Adaptive time: 3000ms, depth: 4, reason: standard, emergency: false
[DEBUG] 17:10:58.863 [AiEngine] Using JS Search
[DEBUG] 17:10:58.905 [AiEngine] Adaptive time: 3000ms, depth: 4, reason: tactical, emergency: false
[DEBUG] 17:10:58.905 [AiEngine] Using JS Search
[DEBUG] 17:10:58.906 [AiEngine] Adaptive time: 3000ms, depth: 4, reason: standard, emergency: false
[DEBUG] 17:10:58.906 [AiEngine] Using JS Search
[DEBUG] 17:10:58.918 [AiEngine] Adaptive time: 3000ms, depth: 4, reason: tactical, emergency: false
[DEBUG] 17:10:58.918 [AiEngine] Using JS Search
[DEBUG] 17:10:58.919 [AiEngine] Adaptive time: 3000ms, depth: 4, reason: standard, emergency: false
[DEBUG] 17:10:58.919 [AiEngine] Using JS Search
[DEBUG] 17:10:58.929 [AiEngine] Adaptive time: 500ms, depth: 4, reason: midgame, opening, emergency: false
[DEBUG] 17:10:58.929 [AiEngine] Using JS Search
[DEBUG] 17:10:58.950 [AiEngine] Adaptive time: 500ms, depth: 4, reason: midgame, opening, emergency: false
[DEBUG] 17:10:58.950 [AiEngine] Using JS Search
[DEBUG] 17:10:59.066 [AiEngine] Adaptive time: 500ms, depth: 4, reason: midgame, opening, emergency: false
[DEBUG] 17:10:59.066 [AiEngine] Using JS Search
[DEBUG] 17:10:59.399 [AiEngine] Adaptive time: 500ms, depth: 4, reason: midgame, opening, emergency: false
[DEBUG] 17:10:59.399 [AiEngine] Using JS Search
[DEBUG] 17:10:59.704 [AiEngine] Adaptive time: 500ms, depth: 4, reason: midgame, opening, emergency: false
[DEBUG] 17:10:59.704 [AiEngine] Using JS Search
[DEBUG] 17:11:00.134 [AiEngine] Adaptive time: 500ms, depth: 4, reason: midgame, opening, emergency: false
[DEBUG] 17:11:00.134 [AiEngine] Using JS Search
[DEBUG] 17:11:00.275 [AiEngine] Adaptive time: 500ms, depth: 4, reason: midgame, opening, emergency: false
[DEBUG] 17:11:00.275 [AiEngine] Using JS Search
[DEBUG] 17:11:00.459 [AiEngine] Adaptive time: 500ms, depth: 4, reason: midgame, opening, emergency: false
[DEBUG] 17:11:00.459 [AiEngine] Using JS Search
[DEBUG] 17:11:00.593 [AiEngine] Adaptive time: 500ms, depth: 4, reason: midgame, opening, emergency: false
[DEBUG] 17:11:00.593 [AiEngine] Using JS Search
[DEBUG] 17:11:01.482 [AiEngine] Adaptive time: 500ms, depth: 4, reason: midgame, opening, tactical, emergency: false
[DEBUG] 17:11:01.482 [AiEngine] Using JS Search
[DEBUG] 17:11:01.751 [AiEngine] Adaptive time: 500ms, depth: 4, reason: midgame, opening, emergency: false
[DEBUG] 17:11:01.751 [AiEngine] Using JS Search
[DEBUG] 17:11:01.804 [AiEngine] Adaptive time: 500ms, depth: 4, reason: midgame, opening, in-check, emergency: false
[DEBUG] 17:11:01.804 [AiEngine] Using JS Search
[DEBUG] 17:11:01.848 [AiEngine] Adaptive time: 500ms, depth: 4, reason: midgame, opening, emergency: false
[DEBUG] 17:11:01.848 [AiEngine] Using JS Search
[DEBUG] 17:11:01.914 [AiEngine] Adaptive time: 500ms, depth: 4, reason: midgame, opening, in-check, emergency: false
[DEBUG] 17:11:01.914 [AiEngine] Using JS Search
[DEBUG] 17:11:02.471 [AiEngine] Adaptive time: 500ms, depth: 4, reason: midgame, opening, emergency: false
[DEBUG] 17:11:02.471 [AiEngine] Using JS Search
[DEBUG] 17:11:02.979 [AiEngine] Adaptive time: 500ms, depth: 4, reason: midgame, opening, tactical, emergency: false
[DEBUG] 17:11:02.979 [AiEngine] Using JS Search
[DEBUG] 17:11:03.416 [AiEngine] Adaptive time: 500ms, depth: 4, reason: midgame, opening, emergency: false
[DEBUG] 17:11:03.416 [AiEngine] Using JS Search
[DEBUG] 17:11:03.752 [AiEngine] Adaptive time: 500ms, depth: 4, reason: midgame, opening, tactical, emergency: false
[DEBUG] 17:11:03.752 [AiEngine] Using JS Search
[DEBUG] 17:11:04.145 [AiEngine] Adaptive time: 500ms, depth: 4, reason: midgame, opening, emergency: false
[DEBUG] 17:11:04.145 [AiEngine] Using JS Search
[DEBUG] 17:11:04.642 [AiEngine] Adaptive time: 500ms, depth: 4, reason: midgame, opening, tactical, emergency: false
[DEBUG] 17:11:04.642 [AiEngine] Using JS Search
[DEBUG] 17:11:04.767 [AiEngine] Adaptive time: 500ms, depth: 4, reason: midgame, opening, tactical, emergency: false
[DEBUG] 17:11:04.767 [AiEngine] Using JS Search
[DEBUG] 17:11:04.985 [AiEngine] Adaptive time: 500ms, depth: 4, reason: midgame, opening, tactical, emergency: false
[DEBUG] 17:11:04.985 [AiEngine] Using JS Search
[DEBUG] 17:11:05.024 [AiEngine] Adaptive time: 500ms, depth: 4, reason: midgame, opening, in-check, emergency: false
[DEBUG] 17:11:05.024 [AiEngine] Using JS Search
[DEBUG] 17:11:05.177 [AiEngine] Adaptive time: 500ms, depth: 4, reason: midgame, opening, emergency: false
[DEBUG] 17:11:05.177 [AiEngine] Using JS Search
[DEBUG] 17:11:05.209 [AiEngine] Adaptive time: 500ms, depth: 4, reason: midgame, opening, tactical, emergency: false
[DEBUG] 17:11:05.209 [AiEngine] Using JS Search
[DEBUG] 17:11:05.215 [AiEngine] Adaptive time: 500ms, depth: 4, reason: midgame, opening, emergency: false
[DEBUG] 17:11:05.216 [AiEngine] Using JS Search
[DEBUG] 17:11:05.239 [AiEngine] Adaptive time: 500ms, depth: 4, reason: midgame, opening, tactical, emergency: false
[DEBUG] 17:11:05.240 [AiEngine] Using JS Search
[DEBUG] 17:11:05.312 [AiEngine] Adaptive time: 500ms, depth: 4, reason: midgame, opening, emergency: false
[DEBUG] 17:11:05.312 [AiEngine] Using JS Search
[DEBUG] 17:11:05.327 [AiEngine] Adaptive time: 500ms, depth: 4, reason: midgame, opening, tactical, emergency: false
[DEBUG] 17:11:05.327 [AiEngine] Using JS Search
[DEBUG] 17:11:05.328 [AiEngine] Adaptive time: 500ms, depth: 4, reason: midgame, opening, emergency: false
[DEBUG] 17:11:05.328 [AiEngine] Using JS Search
[DEBUG] 17:11:05.356 [AiEngine] Adaptive time: 500ms, depth: 4, reason: midgame, opening, tactical, emergency: false
[DEBUG] 17:11:05.356 [AiEngine] Using JS Search
[DEBUG] 17:11:05.357 [AiEngine] Adaptive time: 500ms, depth: 4, reason: midgame, opening, in-check, emergency: false
[DEBUG] 17:11:05.357 [AiEngine] Using JS Search
[DEBUG] 17:11:05.372 [AiEngine] Adaptive time: 500ms, depth: 4, reason: midgame, opening, tactical, emergency: false
[DEBUG] 17:11:05.372 [AiEngine] Using JS Search
[DEBUG] 17:11:05.373 [AiEngine] Adaptive time: 500ms, depth: 4, reason: midgame, opening, emergency: false
[DEBUG] 17:11:05.373 [AiEngine] Using JS Search
[DEBUG] 17:11:05.456 [AiEngine] Adaptive time: 500ms, depth: 4, reason: midgame, opening, emergency: false
[DEBUG] 17:11:05.456 [AiEngine] Using JS Search
[DEBUG] 17:11:05.457 [AiEngine] Adaptive time: 500ms, depth: 4, reason: midgame, opening, emergency: false
[DEBUG] 17:11:05.457 [AiEngine] Using JS Search
[DEBUG] 17:11:05.515 [AiEngine] Adaptive time: 500ms, depth: 4, reason: midgame, opening, emergency: false
[DEBUG] 17:11:05.515 [AiEngine] Using JS Search
[DEBUG] 17:11:05.516 [AiEngine] Adaptive time: 500ms, depth: 4, reason: midgame, opening, emergency: false
[DEBUG] 17:11:05.516 [AiEngine] Using JS Search
[DEBUG] 17:11:05.587 [AiEngine] Adaptive time: 500ms, depth: 4, reason: midgame, opening, emergency: false
[DEBUG] 17:11:05.588 [AiEngine] Using JS Search
[DEBUG] 17:11:05.588 [AiEngine] Adaptive time: 500ms, depth: 4, reason: midgame, opening, emergency: false
[DEBUG] 17:11:05.588 [AiEngine] Using JS Search
[DEBUG] 17:11:05.621 [AiEngine] Adaptive time: 3000ms, depth: 4, reason: midgame, emergency: false
[DEBUG] 17:11:05.621 [AiEngine] Using JS Search
[DEBUG] 17:11:05.622 [AiEngine] Adaptive time: 3000ms, depth: 4, reason: midgame, tactical, emergency: false
[DEBUG] 17:11:05.622 [AiEngine] Using JS Search
[DEBUG] 17:11:05.691 [AiEngine] Adaptive time: 3000ms, depth: 4, reason: midgame, emergency: false
[DEBUG] 17:11:05.691 [AiEngine] Using JS Search
[DEBUG] 17:11:05.693 [AiEngine] Adaptive time: 3000ms, depth: 4, reason: midgame, tactical, emergency: false
[DEBUG] 17:11:05.693 [AiEngine] Using JS Search
[DEBUG] 17:11:05.790 [AiEngine] Adaptive time: 3000ms, depth: 4, reason: midgame, emergency: false
[DEBUG] 17:11:05.791 [AiEngine] Using JS Search
[DEBUG] 17:11:05.791 [AiEngine] Adaptive time: 3000ms, depth: 4, reason: midgame, tactical, emergency: false
[DEBUG] 17:11:05.791 [AiEngine] Using JS Search
[DEBUG] 17:11:05.809 [AiEngine] Adaptive time: 3000ms, depth: 4, reason: midgame, in-check, emergency: false
[DEBUG] 17:11:05.809 [AiEngine] Using JS Search
[DEBUG] 17:11:05.818 [AiEngine] Adaptive time: 3000ms, depth: 4, reason: midgame, emergency: false
[DEBUG] 17:11:05.818 [AiEngine] Using JS Search
[DEBUG] 17:11:05.863 [AiEngine] Adaptive time: 3000ms, depth: 4, reason: midgame, emergency: false
[DEBUG] 17:11:05.863 [AiEngine] Using JS Search
[DEBUG] 17:11:05.950 [AiEngine] Adaptive time: 3000ms, depth: 4, reason: midgame, emergency: false
[DEBUG] 17:11:05.950 [AiEngine] Using JS Search
[DEBUG] 17:11:06.034 [AiEngine] Adaptive time: 3000ms, depth: 4, reason: midgame, tactical, emergency: false
[DEBUG] 17:11:06.034 [AiEngine] Using JS Search
[DEBUG] 17:11:06.164 [AiEngine] Adaptive time: 3000ms, depth: 4, reason: midgame, emergency: false
[DEBUG] 17:11:06.164 [AiEngine] Using JS Search
[DEBUG] 17:11:06.223 [AiEngine] Adaptive time: 3000ms, depth: 4, reason: midgame, emergency: false
[DEBUG] 17:11:06.223 [AiEngine] Using JS Search
[DEBUG] 17:11:06.632 [AiEngine] Adaptive time: 3000ms, depth: 4, reason: midgame, emergency: false
[DEBUG] 17:11:06.632 [AiEngine] Using JS Search
[DEBUG] 17:11:06.744 [AiEngine] Adaptive time: 3000ms, depth: 4, reason: midgame, tactical, emergency: false
[DEBUG] 17:11:06.744 [AiEngine] Using JS Search
[DEBUG] 17:11:06.917 [AiEngine] Adaptive time: 3000ms, depth: 4, reason: midgame, emergency: false
[DEBUG] 17:11:06.917 [AiEngine] Using JS Search
[DEBUG] 17:11:06.998 [AiEngine] Adaptive time: 3000ms, depth: 4, reason: midgame, tactical, emergency: false
[DEBUG] 17:11:06.998 [AiEngine] Using JS Search
[DEBUG] 17:11:07.275 [AiEngine] Adaptive time: 3000ms, depth: 4, reason: midgame, emergency: false
[DEBUG] 17:11:07.275 [AiEngine] Using JS Search
[DEBUG] 17:11:07.414 [AiEngine] Adaptive time: 3000ms, depth: 4, reason: midgame, emergency: false
[DEBUG] 17:11:07.414 [AiEngine] Using JS Search
[DEBUG] 17:11:07.533 [AiEngine] Adaptive time: 3000ms, depth: 4, reason: midgame, emergency: false
[DEBUG] 17:11:07.533 [AiEngine] Using JS Search
[DEBUG] 17:11:07.658 [AiEngine] Adaptive time: 3000ms, depth: 4, reason: midgame, emergency: false
[DEBUG] 17:11:07.658 [AiEngine] Using JS Search
[DEBUG] 17:11:07.788 [AiEngine] Adaptive time: 3000ms, depth: 4, reason: midgame, emergency: false
[DEBUG] 17:11:07.788 [AiEngine] Using JS Search
[DEBUG] 17:11:07.834 [AiEngine] Adaptive time: 3000ms, depth: 4, reason: midgame, emergency: false
[DEBUG] 17:11:07.834 [AiEngine] Using JS Search
[DEBUG] 17:11:07.931 [AiEngine] Adaptive time: 3000ms, depth: 4, reason: midgame, emergency: false
[DEBUG] 17:11:07.931 [AiEngine] Using JS Search
[DEBUG] 17:11:08.043 [AiEngine] Adaptive time: 3000ms, depth: 4, reason: midgame, emergency: false
[DEBUG] 17:11:08.043 [AiEngine] Using JS Search
[DEBUG] 17:11:08.075 [AiEngine] Adaptive time: 3000ms, depth: 4, reason: midgame, tactical, emergency: false
[DEBUG] 17:11:08.076 [AiEngine] Using JS Search
[DEBUG] 17:11:08.227 [AiEngine] Adaptive time: 3000ms, depth: 4, reason: midgame, emergency: false
[DEBUG] 17:11:08.227 [AiEngine] Using JS Search
[DEBUG] 17:11:08.238 [AiEngine] Adaptive time: 3000ms, depth: 4, reason: tactical, emergency: false
[DEBUG] 17:11:08.238 [AiEngine] Using JS Search
[DEBUG] 17:11:08.345 [AiEngine] Adaptive time: 3000ms, depth: 4, reason: standard, emergency: false
[DEBUG] 17:11:08.345 [AiEngine] Using JS Search
[DEBUG] 17:11:08.387 [AiEngine] Adaptive time: 3000ms, depth: 4, reason: tactical, emergency: false
[DEBUG] 17:11:08.387 [AiEngine] Using JS Search
[DEBUG] 17:11:08.448 [AiEngine] Adaptive time: 3000ms, depth: 4, reason: standard, emergency: false
[DEBUG] 17:11:08.448 [AiEngine] Using JS Search
[DEBUG] 17:11:08.527 [AiEngine] Adaptive time: 3000ms, depth: 4, reason: tactical, emergency: false
[DEBUG] 17:11:08.527 [AiEngine] Using JS Search
[DEBUG] 17:11:08.554 [AiEngine] Adaptive time: 3000ms, depth: 4, reason: standard, emergency: false
[DEBUG] 17:11:08.554 [AiEngine] Using JS Search
[DEBUG] 17:11:08.574 [AiEngine] Adaptive time: 3000ms, depth: 4, reason: tactical, emergency: false
[DEBUG] 17:11:08.574 [AiEngine] Using JS Search
[DEBUG] 17:11:08.620 [AiEngine] Adaptive time: 3000ms, depth: 4, reason: standard, emergency: false
[DEBUG] 17:11:08.620 [AiEngine] Using JS Search
[DEBUG] 17:11:08.667 [AiEngine] Adaptive time: 3000ms, depth: 4, reason: standard, emergency: false
[DEBUG] 17:11:08.667 [AiEngine] Using JS Search
[DEBUG] 17:11:08.716 [AiEngine] Adaptive time: 3000ms, depth: 4, reason: tactical, emergency: false
[DEBUG] 17:11:08.716 [AiEngine] Using JS Search
[DEBUG] 17:11:08.840 [AiEngine] Adaptive time: 3000ms, depth: 4, reason: standard, emergency: false
[DEBUG] 17:11:08.840 [AiEngine] Using JS Search
[DEBUG] 17:11:08.885 [AiEngine] Adaptive time: 3000ms, depth: 4, reason: tactical, emergency: false
[DEBUG] 17:11:08.885 [AiEngine] Using JS Search
[DEBUG] 17:11:08.933 [AiEngine] Adaptive time: 3000ms, depth: 4, reason: tactical, emergency: false
[DEBUG] 17:11:08.933 [AiEngine] Using JS Search
[DEBUG] 17:11:08.948 [AiEngine] Adaptive time: 3000ms, depth: 4, reason: in-check, emergency: false
[DEBUG] 17:11:08.948 [AiEngine] Using JS Search
[DEBUG] 17:11:08.953 [AiEngine] Adaptive time: 3000ms, depth: 4, reason: tactical, emergency: false
[DEBUG] 17:11:08.953 [AiEngine] Using JS Search
[DEBUG] 17:11:08.968 [AiEngine] Adaptive time: 3000ms, depth: 4, reason: in-check, emergency: false
[DEBUG] 17:11:08.968 [AiEngine] Using JS Search
[DEBUG] 17:11:09.005 [AiEngine] Adaptive time: 3000ms, depth: 4, reason: standard, emergency: false
[DEBUG] 17:11:09.006 [AiEngine] Using JS Search
[DEBUG] 17:11:09.023 [AiEngine] Adaptive time: 3000ms, depth: 4, reason: tactical, emergency: false
[DEBUG] 17:11:09.023 [AiEngine] Using JS Search
[DEBUG] 17:11:09.073 [AiEngine] Adaptive time: 3000ms, depth: 4, reason: tactical, emergency: false
[DEBUG] 17:11:09.073 [AiEngine] Using JS Search
[DEBUG] 17:11:09.123 [AiEngine] Adaptive time: 3000ms, depth: 4, reason: in-check, emergency: false
[DEBUG] 17:11:09.123 [AiEngine] Using JS Search
[DEBUG] 17:11:09.163 [AiEngine] Adaptive time: 3000ms, depth: 4, reason: tactical, emergency: false
[DEBUG] 17:11:09.163 [AiEngine] Using JS Search
[DEBUG] 17:11:09.196 [AiEngine] Adaptive time: 3000ms, depth: 4, reason: tactical, emergency: false
[DEBUG] 17:11:09.196 [AiEngine] Using JS Search
[DEBUG] 17:11:09.272 [AiEngine] Adaptive time: 3000ms, depth: 4, reason: tactical, emergency: false
[DEBUG] 17:11:09.272 [AiEngine] Using JS Search
[DEBUG] 17:11:09.296 [AiEngine] Adaptive time: 3000ms, depth: 4, reason: in-check, emergency: false
[DEBUG] 17:11:09.296 [AiEngine] Using JS Search
[DEBUG] 17:11:09.320 [AiEngine] Adaptive time: 3000ms, depth: 4, reason: tactical, emergency: false
[DEBUG] 17:11:09.320 [AiEngine] Using JS Search
[DEBUG] 17:11:09.339 [AiEngine] Adaptive time: 3000ms, depth: 4, reason: in-check, emergency: false
[DEBUG] 17:11:09.339 [AiEngine] Using JS Search
[DEBUG] 17:11:09.458 [AiEngine] Adaptive time: 3000ms, depth: 4, reason: standard, emergency: false
[DEBUG] 17:11:09.458 [AiEngine] Using JS Search
[DEBUG] 17:11:09.472 [AiEngine] Adaptive time: 3000ms, depth: 4, reason: standard, emergency: false
[DEBUG] 17:11:09.472 [AiEngine] Using JS Search
[DEBUG] 17:11:09.514 [AiEngine] Adaptive time: 3000ms, depth: 4, reason: standard, emergency: false
[DEBUG] 17:11:09.514 [AiEngine] Using JS Search
[DEBUG] 17:11:09.527 [AiEngine] Adaptive time: 3000ms, depth: 4, reason: standard, emergency: false
[DEBUG] 17:11:09.528 [AiEngine] Using JS Search
[DEBUG] 17:11:09.599 [AiEngine] Adaptive time: 3000ms, depth: 4, reason: tactical, emergency: false
[DEBUG] 17:11:09.599 [AiEngine] Using JS Search
[DEBUG] 17:11:09.618 [AiEngine] Adaptive time: 3000ms, depth: 4, reason: in-check, emergency: false
[DEBUG] 17:11:09.618 [AiEngine] Using JS Search
[DEBUG] 17:11:09.630 [AiEngine] Adaptive time: 3000ms, depth: 4, reason: tactical, emergency: false
[DEBUG] 17:11:09.630 [AiEngine] Using JS Search
[DEBUG] 17:11:09.656 [AiEngine] Adaptive time: 500ms, depth: 4, reason: midgame, opening, emergency: false
[DEBUG] 17:11:09.656 [AiEngine] Using JS Search
[DEBUG] 17:11:09.673 [AiEngine] Adaptive time: 500ms, depth: 4, reason: midgame, opening, emergency: false
[DEBUG] 17:11:09.673 [AiEngine] Using JS Search
[DEBUG] 17:11:09.860 [AiEngine] Adaptive time: 500ms, depth: 4, reason: midgame, opening, emergency: false
[DEBUG] 17:11:09.860 [AiEngine] Using JS Search
[DEBUG] 17:11:10.174 [AiEngine] Adaptive time: 500ms, depth: 4, reason: midgame, opening, emergency: false
[DEBUG] 17:11:10.174 [AiEngine] Using JS Search
[DEBUG] 17:11:10.511 [AiEngine] Adaptive time: 500ms, depth: 4, reason: midgame, opening, emergency: false
[DEBUG] 17:11:10.511 [AiEngine] Using JS Search
[DEBUG] 17:11:10.623 [AiEngine] Adaptive time: 500ms, depth: 4, reason: midgame, opening, emergency: false
[DEBUG] 17:11:10.623 [AiEngine] Using JS Search
[DEBUG] 17:11:10.917 [AiEngine] Adaptive time: 500ms, depth: 4, reason: midgame, opening, emergency: false
[DEBUG] 17:11:10.917 [AiEngine] Using JS Search
[DEBUG] 17:11:11.174 [AiEngine] Adaptive time: 500ms, depth: 4, reason: midgame, opening, tactical, emergency: false
[DEBUG] 17:11:11.174 [AiEngine] Using JS Search
[DEBUG] 17:11:11.696 [AiEngine] Adaptive time: 500ms, depth: 4, reason: midgame, opening, emergency: false
[DEBUG] 17:11:11.696 [AiEngine] Using JS Search
[DEBUG] 17:11:11.759 [AiEngine] Adaptive time: 500ms, depth: 4, reason: midgame, opening, tactical, emergency: false
[DEBUG] 17:11:11.759 [AiEngine] Using JS Search
[DEBUG] 17:11:12.031 [AiEngine] Adaptive time: 500ms, depth: 4, reason: midgame, opening, emergency: false
[DEBUG] 17:11:12.031 [AiEngine] Using JS Search
[DEBUG] 17:11:12.654 [AiEngine] Adaptive time: 500ms, depth: 4, reason: midgame, opening, tactical, emergency: false
[DEBUG] 17:11:12.654 [AiEngine] Using JS Search
[DEBUG] 17:11:12.982 [AiEngine] Adaptive time: 500ms, depth: 4, reason: midgame, opening, emergency: false
[DEBUG] 17:11:12.982 [AiEngine] Using JS Search
[DEBUG] 17:11:13.106 [AiEngine] Adaptive time: 500ms, depth: 4, reason: midgame, opening, tactical, emergency: false
[DEBUG] 17:11:13.106 [AiEngine] Using JS Search
[DEBUG] 17:11:13.158 [AiEngine] Adaptive time: 500ms, depth: 4, reason: midgame, opening, tactical, emergency: false
[DEBUG] 17:11:13.158 [AiEngine] Using JS Search
[DEBUG] 17:11:13.613 [AiEngine] Adaptive time: 500ms, depth: 4, reason: midgame, opening, emergency: false
[DEBUG] 17:11:13.613 [AiEngine] Using JS Search
[DEBUG] 17:11:13.821 [AiEngine] Adaptive time: 500ms, depth: 4, reason: midgame, opening, tactical, emergency: false
[DEBUG] 17:11:13.821 [AiEngine] Using JS Search
[DEBUG] 17:11:14.259 [AiEngine] Adaptive time: 500ms, depth: 4, reason: midgame, opening, tactical, emergency: false
[DEBUG] 17:11:14.259 [AiEngine] Using JS Search
[DEBUG] 17:11:14.309 [AiEngine] Adaptive time: 500ms, depth: 4, reason: midgame, opening, tactical, emergency: false
[DEBUG] 17:11:14.309 [AiEngine] Using JS Search
[DEBUG] 17:11:14.476 [AiEngine] Adaptive time: 500ms, depth: 4, reason: midgame, opening, emergency: false
[DEBUG] 17:11:14.476 [AiEngine] Using JS Search
[DEBUG] 17:11:14.616 [AiEngine] Adaptive time: 500ms, depth: 4, reason: midgame, opening, tactical, emergency: false
[DEBUG] 17:11:14.616 [AiEngine] Using JS Search
[DEBUG] 17:11:14.780 [AiEngine] Adaptive time: 500ms, depth: 4, reason: midgame, opening, emergency: false
[DEBUG] 17:11:14.780 [AiEngine] Using JS Search
[DEBUG] 17:11:14.880 [AiEngine] Adaptive time: 500ms, depth: 4, reason: midgame, opening, tactical, emergency: false
[DEBUG] 17:11:14.880 [AiEngine] Using JS Search
[DEBUG] 17:11:15.234 [AiEngine] Adaptive time: 500ms, depth: 4, reason: midgame, opening, tactical, emergency: false
[DEBUG] 17:11:15.234 [AiEngine] Using JS Search
[DEBUG] 17:11:15.350 [AiEngine] Adaptive time: 500ms, depth: 4, reason: midgame, opening, tactical, emergency: false
[DEBUG] 17:11:15.350 [AiEngine] Using JS Search
[DEBUG] 17:11:15.539 [AiEngine] Adaptive time: 500ms, depth: 4, reason: midgame, opening, tactical, emergency: false
[DEBUG] 17:11:15.539 [AiEngine] Using JS Search
[DEBUG] 17:11:15.936 [AiEngine] Adaptive time: 500ms, depth: 4, reason: midgame, opening, tactical, emergency: false
[DEBUG] 17:11:15.936 [AiEngine] Using JS Search
[DEBUG] 17:11:16.405 [AiEngine] Adaptive time: 500ms, depth: 4, reason: midgame, opening, tactical, emergency: false
[DEBUG] 17:11:16.405 [AiEngine] Using JS Search
[DEBUG] 17:11:16.677 [AiEngine] Adaptive time: 500ms, depth: 4, reason: midgame, opening, tactical, emergency: false
[DEBUG] 17:11:16.677 [AiEngine] Using JS Search
[DEBUG] 17:11:16.978 [AiEngine] Adaptive time: 500ms, depth: 4, reason: midgame, opening, tactical, emergency: false
[DEBUG] 17:11:16.978 [AiEngine] Using JS Search
[DEBUG] 17:11:17.158 [AiEngine] Adaptive time: 500ms, depth: 4, reason: midgame, opening, tactical, emergency: false
[DEBUG] 17:11:17.158 [AiEngine] Using JS Search
[DEBUG] 17:11:17.622 [AiEngine] Adaptive time: 500ms, depth: 4, reason: midgame, opening, tactical, emergency: false
[DEBUG] 17:11:17.622 [AiEngine] Using JS Search
[DEBUG] 17:11:17.805 [AiEngine] Adaptive time: 500ms, depth: 4, reason: midgame, opening, tactical, emergency: false
[DEBUG] 17:11:17.805 [AiEngine] Using JS Search
[DEBUG] 17:11:18.097 [AiEngine] Adaptive time: 500ms, depth: 4, reason: midgame, opening, tactical, emergency: false
[DEBUG] 17:11:18.097 [AiEngine] Using JS Search
[DEBUG] 17:11:18.366 [AiEngine] Adaptive time: 500ms, depth: 4, reason: midgame, opening, tactical, emergency: false
[DEBUG] 17:11:18.366 [AiEngine] Using JS Search
[DEBUG] 17:11:18.559 [AiEngine] Adaptive time: 500ms, depth: 4, reason: midgame, opening, tactical, emergency: false
[DEBUG] 17:11:18.559 [AiEngine] Using JS Search
[DEBUG] 17:11:18.809 [AiEngine] Adaptive time: 500ms, depth: 4, reason: midgame, opening, tactical, emergency: false
[DEBUG] 17:11:18.809 [AiEngine] Using JS Search
[DEBUG] 17:11:19.015 [AiEngine] Adaptive time: 500ms, depth: 4, reason: midgame, opening, tactical, emergency: false
[DEBUG] 17:11:19.015 [AiEngine] Using JS Search
[DEBUG] 17:11:19.156 [AiEngine] Adaptive time: 500ms, depth: 4, reason: midgame, opening, tactical, emergency: false
[DEBUG] 17:11:19.156 [AiEngine] Using JS Search
[DEBUG] 17:11:19.816 [AiEngine] Adaptive time: 500ms, depth: 4, reason: midgame, opening, tactical, emergency: false
[DEBUG] 17:11:19.816 [AiEngine] Using JS Search
[DEBUG] 17:11:20.010 [AiEngine] Adaptive time: 3000ms, depth: 4, reason: midgame, tactical, emergency: false
[DEBUG] 17:11:20.010 [AiEngine] Using JS Search
[DEBUG] 17:11:20.254 [AiEngine] Adaptive time: 3000ms, depth: 4, reason: midgame, tactical, emergency: false
[DEBUG] 17:11:20.254 [AiEngine] Using JS Search
[DEBUG] 17:11:20.466 [AiEngine] Adaptive time: 3000ms, depth: 4, reason: midgame, tactical, emergency: false
[DEBUG] 17:11:20.467 [AiEngine] Using JS Search
[DEBUG] 17:11:20.666 [AiEngine] Adaptive time: 3000ms, depth: 4, reason: midgame, tactical, emergency: false
[DEBUG] 17:11:20.666 [AiEngine] Using JS Search
[DEBUG] 17:11:20.776 [AiEngine] Adaptive time: 3000ms, depth: 4, reason: midgame, tactical, emergency: false
[DEBUG] 17:11:20.776 [AiEngine] Using JS Search
[DEBUG] 17:11:20.966 [AiEngine] Adaptive time: 3000ms, depth: 4, reason: midgame, tactical, emergency: false
[DEBUG] 17:11:20.966 [AiEngine] Using JS Search
[DEBUG] 17:11:21.096 [AiEngine] Adaptive time: 3000ms, depth: 4, reason: midgame, tactical, emergency: false
[DEBUG] 17:11:21.096 [AiEngine] Using JS Search
[DEBUG] 17:11:21.230 [AiEngine] Adaptive time: 3000ms, depth: 4, reason: midgame, tactical, emergency: false
[DEBUG] 17:11:21.230 [AiEngine] Using JS Search
[DEBUG] 17:11:21.507 [AiEngine] Adaptive time: 3000ms, depth: 4, reason: midgame, tactical, emergency: false
[DEBUG] 17:11:21.507 [AiEngine] Using JS Search
[DEBUG] 17:11:21.834 [AiEngine] Adaptive time: 3000ms, depth: 4, reason: midgame, tactical, emergency: false
[DEBUG] 17:11:21.834 [AiEngine] Using JS Search
[DEBUG] 17:11:22.034 [AiEngine] Adaptive time: 3000ms, depth: 4, reason: midgame, tactical, emergency: false
[DEBUG] 17:11:22.034 [AiEngine] Using JS Search
[DEBUG] 17:11:22.168 [AiEngine] Adaptive time: 3000ms, depth: 4, reason: midgame, tactical, emergency: false
[DEBUG] 17:11:22.168 [AiEngine] Using JS Search
[DEBUG] 17:11:22.360 [AiEngine] Adaptive time: 3000ms, depth: 4, reason: midgame, tactical, emergency: false
[DEBUG] 17:11:22.360 [AiEngine] Using JS Search
[DEBUG] 17:11:22.564 [AiEngine] Adaptive time: 3000ms, depth: 4, reason: midgame, tactical, emergency: false
[DEBUG] 17:11:22.564 [AiEngine] Using JS Search
[DEBUG] 17:11:22.711 [AiEngine] Adaptive time: 3000ms, depth: 4, reason: midgame, tactical, emergency: false
[DEBUG] 17:11:22.711 [AiEngine] Using JS Search
[DEBUG] 17:11:22.820 [AiEngine] Adaptive time: 3000ms, depth: 4, reason: midgame, tactical, emergency: false
[DEBUG] 17:11:22.820 [AiEngine] Using JS Search
[DEBUG] 17:11:22.977 [AiEngine] Adaptive time: 3000ms, depth: 4, reason: midgame, tactical, emergency: false
[DEBUG] 17:11:22.977 [AiEngine] Using JS Search
[DEBUG] 17:11:23.118 [AiEngine] Adaptive time: 3000ms, depth: 4, reason: midgame, tactical, emergency: false
[DEBUG] 17:11:23.118 [AiEngine] Using JS Search
[DEBUG] 17:11:23.254 [AiEngine] Adaptive time: 3000ms, depth: 4, reason: midgame, tactical, emergency: false
[DEBUG] 17:11:23.254 [AiEngine] Using JS Search
[DEBUG] 17:11:23.254 [AiEngine] Adaptive time: 3000ms, depth: 4, reason: midgame, tactical, emergency: false
[DEBUG] 17:11:23.254 [AiEngine] Using JS Search
[DEBUG] 17:11:23.254 [AiEngine] Adaptive time: 3000ms, depth: 4, reason: midgame, in-check, emergency: false
[DEBUG] 17:11:23.254 [AiEngine] Using JS Search
[DEBUG] 17:11:23.254 [AiEngine] Adaptive time: 500ms, depth: 4, reason: midgame, opening, emergency: false
[DEBUG] 17:11:23.255 [AiEngine] Using JS Search
[DEBUG] 17:11:23.272 [AiEngine] Adaptive time: 500ms, depth: 4, reason: midgame, opening, emergency: false
[DEBUG] 17:11:23.272 [AiEngine] Using JS Search
[DEBUG] 17:11:23.388 [AiEngine] Adaptive time: 500ms, depth: 4, reason: midgame, opening, emergency: false
[DEBUG] 17:11:23.388 [AiEngine] Using JS Search
[DEBUG] 17:11:23.600 [AiEngine] Adaptive time: 500ms, depth: 4, reason: midgame, opening, emergency: false
[DEBUG] 17:11:23.600 [AiEngine] Using JS Search
[DEBUG] 17:11:23.988 [AiEngine] Adaptive time: 500ms, depth: 4, reason: midgame, opening, emergency: false
[DEBUG] 17:11:23.988 [AiEngine] Using JS Search
[DEBUG] 17:11:24.465 [AiEngine] Adaptive time: 500ms, depth: 4, reason: midgame, opening, emergency: false
[DEBUG] 17:11:24.465 [AiEngine] Using JS Search
[DEBUG] 17:11:24.746 [AiEngine] Adaptive time: 500ms, depth: 4, reason: midgame, opening, tactical, emergency: false
[DEBUG] 17:11:24.746 [AiEngine] Using JS Search
[DEBUG] 17:11:25.175 [AiEngine] Adaptive time: 500ms, depth: 4, reason: midgame, opening, emergency: false
[DEBUG] 17:11:25.175 [AiEngine] Using JS Search
[DEBUG] 17:11:25.230 [AiEngine] Adaptive time: 500ms, depth: 4, reason: midgame, opening, tactical, emergency: false
[DEBUG] 17:11:25.230 [AiEngine] Using JS Search
[DEBUG] 17:11:25.231 [AiEngine] Adaptive time: 500ms, depth: 4, reason: midgame, opening, emergency: false
[DEBUG] 17:11:25.231 [AiEngine] Using JS Search
[DEBUG] 17:11:25.691 [AiEngine] Adaptive time: 500ms, depth: 4, reason: midgame, opening, tactical, emergency: false
[DEBUG] 17:11:25.691 [AiEngine] Using JS Search
[DEBUG] 17:11:25.693 [AiEngine] Adaptive time: 500ms, depth: 4, reason: midgame, opening, tactical, emergency: false
[DEBUG] 17:11:25.693 [AiEngine] Using JS Search
[DEBUG] 17:11:25.847 [AiEngine] Adaptive time: 500ms, depth: 4, reason: midgame, opening, emergency: false
[DEBUG] 17:11:25.847 [AiEngine] Using JS Search
[DEBUG] 17:11:25.951 [AiEngine] Adaptive time: 500ms, depth: 4, reason: midgame, opening, emergency: false
[DEBUG] 17:11:25.952 [AiEngine] Using JS Search
[DEBUG] 17:11:26.048 [AiEngine] Adaptive time: 500ms, depth: 4, reason: midgame, opening, emergency: false
[DEBUG] 17:11:26.048 [AiEngine] Using JS Search
[DEBUG] 17:11:26.357 [AiEngine] Adaptive time: 500ms, depth: 4, reason: midgame, opening, tactical, emergency: false
[DEBUG] 17:11:26.357 [AiEngine] Using JS Search
[DEBUG] 17:11:26.972 [AiEngine] Adaptive time: 500ms, depth: 4, reason: midgame, opening, emergency: false
[DEBUG] 17:11:26.972 [AiEngine] Using JS Search
[DEBUG] 17:11:27.215 [AiEngine] Adaptive time: 500ms, depth: 4, reason: midgame, opening, tactical, emergency: false
[DEBUG] 17:11:27.215 [AiEngine] Using JS Search
[DEBUG] 17:11:27.376 [AiEngine] Adaptive time: 500ms, depth: 4, reason: midgame, opening, in-check, emergency: false
[DEBUG] 17:11:27.376 [AiEngine] Using JS Search
[DEBUG] 17:11:27.473 [AiEngine] Adaptive time: 500ms, depth: 4, reason: midgame, opening, tactical, emergency: false
[DEBUG] 17:11:27.473 [AiEngine] Using JS Search
[DEBUG] 17:11:27.480 [AiEngine] Adaptive time: 500ms, depth: 4, reason: midgame, opening, emergency: false
[DEBUG] 17:11:27.480 [AiEngine] Using JS Search
[DEBUG] 17:11:27.574 [AiEngine] Adaptive time: 500ms, depth: 4, reason: midgame, opening, tactical, emergency: false
[DEBUG] 17:11:27.575 [AiEngine] Using JS Search
[DEBUG] 17:11:27.582 [AiEngine] Adaptive time: 500ms, depth: 4, reason: midgame, opening, emergency: false
[DEBUG] 17:11:27.582 [AiEngine] Using JS Search
[DEBUG] 17:11:27.652 [AiEngine] Adaptive time: 500ms, depth: 4, reason: midgame, opening, emergency: false
[DEBUG] 17:11:27.652 [AiEngine] Using JS Search
[DEBUG] 17:11:27.769 [AiEngine] Adaptive time: 500ms, depth: 4, reason: midgame, opening, emergency: false
[DEBUG] 17:11:27.769 [AiEngine] Using JS Search
[DEBUG] 17:11:27.891 [AiEngine] Adaptive time: 500ms, depth: 4, reason: midgame, opening, emergency: false
[DEBUG] 17:11:27.891 [AiEngine] Using JS Search
[DEBUG] 17:11:27.965 [AiEngine] Adaptive time: 500ms, depth: 4, reason: midgame, opening, in-check, emergency: false
[DEBUG] 17:11:27.965 [AiEngine] Using JS Search
[DEBUG] 17:11:28.066 [AiEngine] Adaptive time: 500ms, depth: 4, reason: midgame, opening, tactical, emergency: false
[DEBUG] 17:11:28.067 [AiEngine] Using JS Search
[DEBUG] 17:11:28.134 [AiEngine] Adaptive time: 500ms, depth: 4, reason: midgame, opening, in-check, emergency: false
[DEBUG] 17:11:28.134 [AiEngine] Using JS Search
[DEBUG] 17:11:28.148 [AiEngine] Adaptive time: 500ms, depth: 4, reason: midgame, opening, tactical, emergency: false
[DEBUG] 17:11:28.148 [AiEngine] Using JS Search
[DEBUG] 17:11:28.247 [AiEngine] Adaptive time: 500ms, depth: 4, reason: midgame, opening, emergency: false
[DEBUG] 17:11:28.247 [AiEngine] Using JS Search
[DEBUG] 17:11:28.431 [AiEngine] Adaptive time: 500ms, depth: 4, reason: midgame, opening, tactical, emergency: false
[DEBUG] 17:11:28.431 [AiEngine] Using JS Search
[DEBUG] 17:11:28.529 [AiEngine] Adaptive time: 500ms, depth: 4, reason: midgame, opening, emergency: false
[DEBUG] 17:11:28.529 [AiEngine] Using JS Search
[DEBUG] 17:11:28.659 [AiEngine] Adaptive time: 500ms, depth: 4, reason: midgame, opening, emergency: false
[DEBUG] 17:11:28.659 [AiEngine] Using JS Search
[DEBUG] 17:11:28.758 [AiEngine] Adaptive time: 500ms, depth: 4, reason: midgame, opening, emergency: false
[DEBUG] 17:11:28.758 [AiEngine] Using JS Search
[DEBUG] 17:11:28.942 [AiEngine] Adaptive time: 500ms, depth: 4, reason: midgame, opening, emergency: false
[DEBUG] 17:11:28.942 [AiEngine] Using JS Search
[DEBUG] 17:11:29.012 [AiEngine] Adaptive time: 500ms, depth: 4, reason: midgame, opening, emergency: false
[DEBUG] 17:11:29.012 [AiEngine] Using JS Search
[DEBUG] 17:11:29.243 [AiEngine] Adaptive time: 500ms, depth: 4, reason: midgame, opening, emergency: false
[DEBUG] 17:11:29.243 [AiEngine] Using JS Search
[DEBUG] 17:11:29.262 [AiEngine] Adaptive time: 500ms, depth: 4, reason: midgame, opening, emergency: false
[DEBUG] 17:11:29.262 [AiEngine] Using JS Search
[DEBUG] 17:11:29.480 [AiEngine] Adaptive time: 500ms, depth: 4, reason: midgame, opening, emergency: false
[DEBUG] 17:11:29.480 [AiEngine] Using JS Search
[DEBUG] 17:11:29.500 [AiEngine] Adaptive time: 3000ms, depth: 4, reason: midgame, tactical, emergency: false
[DEBUG] 17:11:29.500 [AiEngine] Using JS Search
[DEBUG] 17:11:29.663 [AiEngine] Adaptive time: 3000ms, depth: 4, reason: midgame, emergency: false
[DEBUG] 17:11:29.663 [AiEngine] Using JS Search
[DEBUG] 17:11:29.681 [AiEngine] Adaptive time: 3000ms, depth: 4, reason: midgame, tactical, emergency: false
[DEBUG] 17:11:29.682 [AiEngine] Using JS Search
[DEBUG] 17:11:29.811 [AiEngine] Adaptive time: 3000ms, depth: 4, reason: midgame, emergency: false
[DEBUG] 17:11:29.811 [AiEngine] Using JS Search
[DEBUG] 17:11:29.832 [AiEngine] Adaptive time: 3000ms, depth: 4, reason: midgame, tactical, emergency: false
[DEBUG] 17:11:29.833 [AiEngine] Using JS Search
[DEBUG] 17:11:30.070 [AiEngine] Adaptive time: 3000ms, depth: 4, reason: midgame, emergency: false
[DEBUG] 17:11:30.070 [AiEngine] Using JS Search
[DEBUG] 17:11:30.092 [AiEngine] Adaptive time: 3000ms, depth: 4, reason: midgame, tactical, emergency: false
[DEBUG] 17:11:30.093 [AiEngine] Using JS Search
[DEBUG] 17:11:30.254 [AiEngine] Adaptive time: 3000ms, depth: 4, reason: midgame, in-check, emergency: false
[DEBUG] 17:11:30.254 [AiEngine] Using JS Search
[DEBUG] 17:11:30.254 [AiEngine] Adaptive time: 500ms, depth: 4, reason: midgame, opening, emergency: false
[DEBUG] 17:11:30.254 [AiEngine] Using JS Search
[DEBUG] 17:11:30.286 [AiEngine] Adaptive time: 500ms, depth: 4, reason: midgame, opening, emergency: false
[DEBUG] 17:11:30.286 [AiEngine] Using JS Search
[DEBUG] 17:11:30.513 [AiEngine] Adaptive time: 500ms, depth: 4, reason: midgame, opening, emergency: false
[DEBUG] 17:11:30.513 [AiEngine] Using JS Search
[DEBUG] 17:11:30.872 [AiEngine] Adaptive time: 500ms, depth: 4, reason: midgame, opening, emergency: false
[DEBUG] 17:11:30.872 [AiEngine] Using JS Search
[DEBUG] 17:11:31.180 [AiEngine] Adaptive time: 500ms, depth: 4, reason: midgame, opening, emergency: false
[DEBUG] 17:11:31.180 [AiEngine] Using JS Search
[DEBUG] 17:11:31.403 [AiEngine] Adaptive time: 500ms, depth: 4, reason: midgame, opening, emergency: false
[DEBUG] 17:11:31.403 [AiEngine] Using JS Search
[DEBUG] 17:11:31.610 [AiEngine] Adaptive time: 500ms, depth: 4, reason: midgame, opening, emergency: false
[DEBUG] 17:11:31.610 [AiEngine] Using JS Search
[DEBUG] 17:11:31.687 [AiEngine] Adaptive time: 500ms, depth: 4, reason: midgame, opening, tactical, emergency: false
[DEBUG] 17:11:31.687 [AiEngine] Using JS Search
[DEBUG] 17:11:32.039 [AiEngine] Adaptive time: 500ms, depth: 4, reason: midgame, opening, emergency: false
[DEBUG] 17:11:32.039 [AiEngine] Using JS Search
[DEBUG] 17:11:32.316 [AiEngine] Adaptive time: 500ms, depth: 4, reason: midgame, opening, tactical, emergency: false
[DEBUG] 17:11:32.316 [AiEngine] Using JS Search
[DEBUG] 17:11:32.636 [AiEngine] Adaptive time: 500ms, depth: 4, reason: midgame, opening, tactical, emergency: false
[DEBUG] 17:11:32.636 [AiEngine] Using JS Search
[DEBUG] 17:11:32.761 [AiEngine] Adaptive time: 500ms, depth: 4, reason: midgame, opening, emergency: false
[DEBUG] 17:11:32.761 [AiEngine] Using JS Search
[DEBUG] 17:11:32.934 [AiEngine] Adaptive time: 500ms, depth: 4, reason: midgame, opening, emergency: false
[DEBUG] 17:11:32.934 [AiEngine] Using JS Search
[DEBUG] 17:11:33.179 [AiEngine] Adaptive time: 500ms, depth: 4, reason: midgame, opening, tactical, emergency: false
[DEBUG] 17:11:33.179 [AiEngine] Using JS Search
[DEBUG] 17:11:33.356 [AiEngine] Adaptive time: 500ms, depth: 4, reason: midgame, opening, emergency: false
[DEBUG] 17:11:33.357 [AiEngine] Using JS Search
[DEBUG] 17:11:33.406 [AiEngine] Adaptive time: 500ms, depth: 4, reason: midgame, opening, tactical, emergency: false
[DEBUG] 17:11:33.406 [AiEngine] Using JS Search
[DEBUG] 17:11:33.572 [AiEngine] Adaptive time: 500ms, depth: 4, reason: midgame, opening, emergency: false
[DEBUG] 17:11:33.572 [AiEngine] Using JS Search
[DEBUG] 17:11:33.614 [AiEngine] Adaptive time: 500ms, depth: 4, reason: midgame, opening, tactical, emergency: false
[DEBUG] 17:11:33.614 [AiEngine] Using JS Search
[DEBUG] 17:11:33.615 [AiEngine] Adaptive time: 500ms, depth: 4, reason: midgame, opening, emergency: false
[DEBUG] 17:11:33.615 [AiEngine] Using JS Search
[DEBUG] 17:11:33.742 [AiEngine] Adaptive time: 500ms, depth: 4, reason: midgame, opening, emergency: false
[DEBUG] 17:11:33.742 [AiEngine] Using JS Search
[DEBUG] 17:11:33.743 [AiEngine] Adaptive time: 500ms, depth: 4, reason: midgame, opening, emergency: false
[DEBUG] 17:11:33.743 [AiEngine] Using JS Search
[DEBUG] 17:11:33.845 [AiEngine] Adaptive time: 500ms, depth: 4, reason: midgame, opening, emergency: false
[DEBUG] 17:11:33.845 [AiEngine] Using JS Search
[DEBUG] 17:11:33.846 [AiEngine] Adaptive time: 500ms, depth: 4, reason: midgame, opening, emergency: false
[DEBUG] 17:11:33.846 [AiEngine] Using JS Search
[DEBUG] 17:11:33.846 [AiEngine] Adaptive time: 500ms, depth: 4, reason: midgame, opening, in-check, emergency: false
[DEBUG] 17:11:33.846 [AiEngine] Using JS Search
[DEBUG] 17:11:33.846 [AiEngine] Adaptive time: 500ms, depth: 4, reason: midgame, opening, emergency: false
[DEBUG] 17:11:33.846 [AiEngine] Using JS Search
[DEBUG] 17:11:33.861 [AiEngine] Adaptive time: 500ms, depth: 4, reason: midgame, opening, emergency: false
[DEBUG] 17:11:33.861 [AiEngine] Using JS Search
[DEBUG] 17:11:34.034 [AiEngine] Adaptive time: 500ms, depth: 4, reason: midgame, opening, emergency: false
[DEBUG] 17:11:34.034 [AiEngine] Using JS Search
[DEBUG] 17:11:34.247 [AiEngine] Adaptive time: 500ms, depth: 4, reason: midgame, opening, emergency: false
[DEBUG] 17:11:34.247 [AiEngine] Using JS Search
[DEBUG] 17:11:34.525 [AiEngine] Adaptive time: 500ms, depth: 4, reason: midgame, opening, emergency: false
[DEBUG] 17:11:34.525 [AiEngine] Using JS Search
[DEBUG] 17:11:34.793 [AiEngine] Adaptive time: 500ms, depth: 4, reason: midgame, opening, emergency: false
[DEBUG] 17:11:34.793 [AiEngine] Using JS Search
[DEBUG] 17:11:35.114 [AiEngine] Adaptive time: 500ms, depth: 4, reason: midgame, opening, emergency: false
[DEBUG] 17:11:35.114 [AiEngine] Using JS Search
[DEBUG] 17:11:35.600 [AiEngine] Adaptive time: 500ms, depth: 4, reason: midgame, opening, emergency: false
[DEBUG] 17:11:35.601 [AiEngine] Using JS Search
[DEBUG] 17:11:35.891 [AiEngine] Adaptive time: 500ms, depth: 4, reason: midgame, opening, tactical, emergency: false
[DEBUG] 17:11:35.891 [AiEngine] Using JS Search
[DEBUG] 17:11:36.061 [AiEngine] Adaptive time: 500ms, depth: 4, reason: midgame, opening, tactical, emergency: false
[DEBUG] 17:11:36.061 [AiEngine] Using JS Search
[DEBUG] 17:11:36.609 [AiEngine] Adaptive time: 500ms, depth: 4, reason: midgame, opening, tactical, emergency: false
[DEBUG] 17:11:36.610 [AiEngine] Using JS Search
[DEBUG] 17:11:36.795 [AiEngine] Adaptive time: 500ms, depth: 4, reason: midgame, opening, tactical, emergency: false
[DEBUG] 17:11:36.795 [AiEngine] Using JS Search
[DEBUG] 17:11:37.258 [AiEngine] Adaptive time: 500ms, depth: 4, reason: midgame, opening, tactical, emergency: false
[DEBUG] 17:11:37.258 [AiEngine] Using JS Search
[DEBUG] 17:11:37.434 [AiEngine] Adaptive time: 500ms, depth: 4, reason: midgame, opening, tactical, emergency: false
[DEBUG] 17:11:37.434 [AiEngine] Using JS Search
[DEBUG] 17:11:37.891 [AiEngine] Adaptive time: 500ms, depth: 4, reason: midgame, opening, tactical, emergency: false
[DEBUG] 17:11:37.892 [AiEngine] Using JS Search
[DEBUG] 17:11:38.131 [AiEngine] Adaptive time: 500ms, depth: 4, reason: midgame, opening, tactical, emergency: false
[DEBUG] 17:11:38.131 [AiEngine] Using JS Search
[DEBUG] 17:11:38.426 [AiEngine] Adaptive time: 500ms, depth: 4, reason: midgame, opening, tactical, emergency: false
[DEBUG] 17:11:38.426 [AiEngine] Using JS Search
[DEBUG] 17:11:38.612 [AiEngine] Adaptive time: 500ms, depth: 4, reason: midgame, opening, tactical, emergency: false
[DEBUG] 17:11:38.613 [AiEngine] Using JS Search
[DEBUG] 17:11:38.849 [AiEngine] Adaptive time: 500ms, depth: 4, reason: midgame, opening, tactical, emergency: false
[DEBUG] 17:11:38.849 [AiEngine] Using JS Search
[DEBUG] 17:11:39.038 [AiEngine] Adaptive time: 500ms, depth: 4, reason: midgame, opening, tactical, emergency: false
[DEBUG] 17:11:39.038 [AiEngine] Using JS Search
[DEBUG] 17:11:39.229 [AiEngine] Adaptive time: 500ms, depth: 4, reason: midgame, opening, tactical, emergency: false
[DEBUG] 17:11:39.229 [AiEngine] Using JS Search
[DEBUG] 17:11:39.369 [AiEngine] Adaptive time: 500ms, depth: 4, reason: midgame, opening, tactical, emergency: false
[DEBUG] 17:11:39.369 [AiEngine] Using JS Search
[DEBUG] 17:11:39.590 [AiEngine] Adaptive time: 500ms, depth: 4, reason: midgame, opening, tactical, emergency: false
[DEBUG] 17:11:39.590 [AiEngine] Using JS Search
[DEBUG] 17:11:39.761 [AiEngine] Adaptive time: 500ms, depth: 4, reason: midgame, opening, tactical, emergency: false
[DEBUG] 17:11:39.761 [AiEngine] Using JS Search
[DEBUG] 17:11:40.060 [AiEngine] Adaptive time: 500ms, depth: 4, reason: midgame, opening, tactical, emergency: false
[DEBUG] 17:11:40.060 [AiEngine] Using JS Search
[DEBUG] 17:11:40.558 [AiEngine] Adaptive time: 500ms, depth: 4, reason: midgame, opening, tactical, emergency: false
[DEBUG] 17:11:40.558 [AiEngine] Using JS Search
[DEBUG] 17:11:40.756 [AiEngine] Adaptive time: 500ms, depth: 4, reason: midgame, opening, tactical, emergency: false
[DEBUG] 17:11:40.756 [AiEngine] Using JS Search
[DEBUG] 17:11:40.933 [AiEngine] Adaptive time: 500ms, depth: 4, reason: midgame, opening, tactical, emergency: false
[DEBUG] 17:11:40.934 [AiEngine] Using JS Search
[DEBUG] 17:11:41.268 [AiEngine] Adaptive time: 500ms, depth: 4, reason: midgame, opening, tactical, emergency: false
[DEBUG] 17:11:41.268 [AiEngine] Using JS Search
[DEBUG] 17:11:41.521 [AiEngine] Adaptive time: 500ms, depth: 4, reason: midgame, opening, tactical, emergency: false
[DEBUG] 17:11:41.521 [AiEngine] Using JS Search
[DEBUG] 17:11:41.809 [AiEngine] Adaptive time: 500ms, depth: 4, reason: midgame, opening, tactical, emergency: false
[DEBUG] 17:11:41.809 [AiEngine] Using JS Search
[DEBUG] 17:11:42.007 [AiEngine] Adaptive time: 500ms, depth: 4, reason: midgame, opening, tactical, emergency: false
[DEBUG] 17:11:42.007 [AiEngine] Using JS Search
[DEBUG] 17:11:42.270 [AiEngine] Adaptive time: 500ms, depth: 4, reason: midgame, opening, tactical, emergency: false
[DEBUG] 17:11:42.270 [AiEngine] Using JS Search
[DEBUG] 17:11:42.664 [AiEngine] Adaptive time: 500ms, depth: 4, reason: midgame, opening, tactical, emergency: false
[DEBUG] 17:11:42.664 [AiEngine] Using JS Search
[DEBUG] 17:11:42.899 [AiEngine] Adaptive time: 500ms, depth: 4, reason: midgame, opening, tactical, emergency: false
[DEBUG] 17:11:42.900 [AiEngine] Using JS Search
[DEBUG] 17:11:43.105 [AiEngine] Adaptive time: 500ms, depth: 4, reason: midgame, opening, tactical, emergency: false
[DEBUG] 17:11:43.105 [AiEngine] Using JS Search
[DEBUG] 17:11:43.459 [AiEngine] Adaptive time: 500ms, depth: 4, reason: midgame, opening, tactical, emergency: false
[DEBUG] 17:11:43.459 [AiEngine] Using JS Search
[DEBUG] 17:11:43.683 [AiEngine] Adaptive time: 500ms, depth: 4, reason: midgame, opening, tactical, emergency: false
[DEBUG] 17:11:43.683 [AiEngine] Using JS Search
[DEBUG] 17:11:44.015 [AiEngine] Adaptive time: 500ms, depth: 4, reason: midgame, opening, tactical, emergency: false
[DEBUG] 17:11:44.015 [AiEngine] Using JS Search
[DEBUG] 17:11:44.200 [AiEngine] Adaptive time: 500ms, depth: 4, reason: midgame, opening, tactical, emergency: false
[DEBUG] 17:11:44.200 [AiEngine] Using JS Search
[DEBUG] 17:11:44.591 [AiEngine] Adaptive time: 3000ms, depth: 4, reason: midgame, tactical, emergency: false
[DEBUG] 17:11:44.591 [AiEngine] Using JS Search
[DEBUG] 17:11:44.859 [AiEngine] Adaptive time: 3000ms, depth: 4, reason: midgame, tactical, emergency: false
[DEBUG] 17:11:44.859 [AiEngine] Using JS Search
[DEBUG] 17:11:45.284 [AiEngine] Adaptive time: 3000ms, depth: 4, reason: midgame, tactical, emergency: false
[DEBUG] 17:11:45.284 [AiEngine] Using JS Search
[DEBUG] 17:11:45.539 [AiEngine] Adaptive time: 3000ms, depth: 4, reason: midgame, tactical, emergency: false
[DEBUG] 17:11:45.539 [AiEngine] Using JS Search
[DEBUG] 17:11:45.930 [AiEngine] Adaptive time: 3000ms, depth: 4, reason: midgame, tactical, emergency: false
[DEBUG] 17:11:45.930 [AiEngine] Using JS Search
[DEBUG] 17:11:45.997 [AiEngine] Adaptive time: 3000ms, depth: 4, reason: midgame, tactical, emergency: false
[DEBUG] 17:11:45.998 [AiEngine] Using JS Search
[DEBUG] 17:11:46.146 [AiEngine] Adaptive time: 3000ms, depth: 4, reason: midgame, tactical, emergency: false
[DEBUG] 17:11:46.146 [AiEngine] Using JS Search
[DEBUG] 17:11:46.289 [AiEngine] Adaptive time: 3000ms, depth: 4, reason: midgame, tactical, emergency: false
[DEBUG] 17:11:46.289 [AiEngine] Using JS Search
[DEBUG] 17:11:46.320 [AiEngine] Adaptive time: 3000ms, depth: 4, reason: midgame, in-check, emergency: false
[DEBUG] 17:11:46.320 [AiEngine] Using JS Search
[DEBUG] 17:11:46.325 [AiEngine] Adaptive time: 3000ms, depth: 4, reason: midgame, tactical, emergency: false
[DEBUG] 17:11:46.325 [AiEngine] Using JS Search
[DEBUG] 17:11:46.344 [AiEngine] Adaptive time: 3000ms, depth: 4, reason: midgame, emergency: false
[DEBUG] 17:11:46.344 [AiEngine] Using JS Search
[DEBUG] 17:11:46.546 [AiEngine] Adaptive time: 3000ms, depth: 4, reason: midgame, emergency: false
[DEBUG] 17:11:46.546 [AiEngine] Using JS Search
[DEBUG] 17:11:46.547 [AiEngine] Adaptive time: 3000ms, depth: 4, reason: midgame, tactical, emergency: false
[DEBUG] 17:11:46.547 [AiEngine] Using JS Search
[DEBUG] 17:11:46.884 [AiEngine] Adaptive time: 3000ms, depth: 4, reason: midgame, tactical, emergency: false
[DEBUG] 17:11:46.884 [AiEngine] Using JS Search
[DEBUG] 17:11:46.885 [AiEngine] Adaptive time: 3000ms, depth: 4, reason: midgame, tactical, emergency: false
[DEBUG] 17:11:46.885 [AiEngine] Using JS Search
[DEBUG] 17:11:47.064 [AiEngine] Adaptive time: 3000ms, depth: 4, reason: midgame, emergency: false
[DEBUG] 17:11:47.064 [AiEngine] Using JS Search
[DEBUG] 17:11:47.084 [AiEngine] Adaptive time: 3000ms, depth: 4, reason: midgame, tactical, emergency: false
[DEBUG] 17:11:47.084 [AiEngine] Using JS Search
[DEBUG] 17:11:47.208 [AiEngine] Adaptive time: 3000ms, depth: 4, reason: midgame, tactical, emergency: false
[DEBUG] 17:11:47.208 [AiEngine] Using JS Search
[DEBUG] 17:11:47.210 [AiEngine] Adaptive time: 3000ms, depth: 4, reason: midgame, tactical, emergency: false
[DEBUG] 17:11:47.210 [AiEngine] Using JS Search
[DEBUG] 17:11:47.372 [AiEngine] Adaptive time: 3000ms, depth: 4, reason: midgame, in-check, emergency: false
[DEBUG] 17:11:47.372 [AiEngine] Using JS Search
[DEBUG] 17:11:47.373 [AiEngine] Adaptive time: 3000ms, depth: 4, reason: midgame, emergency: false
[DEBUG] 17:11:47.373 [AiEngine] Using JS Search
[DEBUG] 17:11:47.458 [AiEngine] Adaptive time: 3000ms, depth: 4, reason: midgame, tactical, emergency: false
[DEBUG] 17:11:47.459 [AiEngine] Using JS Search
[DEBUG] 17:11:47.460 [AiEngine] Adaptive time: 3000ms, depth: 4, reason: midgame, emergency: false
[DEBUG] 17:11:47.460 [AiEngine] Using JS Search
[DEBUG] 17:11:47.564 [AiEngine] Adaptive time: 3000ms, depth: 4, reason: midgame, tactical, emergency: false
[DEBUG] 17:11:47.564 [AiEngine] Using JS Search
[DEBUG] 17:11:47.565 [AiEngine] Adaptive time: 3000ms, depth: 4, reason: midgame, emergency: false
[DEBUG] 17:11:47.565 [AiEngine] Using JS Search
[DEBUG] 17:11:47.622 [AiEngine] Adaptive time: 3000ms, depth: 4, reason: midgame, emergency: false
[DEBUG] 17:11:47.622 [AiEngine] Using JS Search
[DEBUG] 17:11:47.623 [AiEngine] Adaptive time: 3000ms, depth: 4, reason: midgame, emergency: false
[DEBUG] 17:11:47.623 [AiEngine] Using JS Search
[DEBUG] 17:11:47.657 [AiEngine] Adaptive time: 3000ms, depth: 4, reason: midgame, emergency: false
[DEBUG] 17:11:47.657 [AiEngine] Using JS Search
[DEBUG] 17:11:47.658 [AiEngine] Adaptive time: 3000ms, depth: 4, reason: midgame, emergency: false
[DEBUG] 17:11:47.658 [AiEngine] Using JS Search
[DEBUG] 17:11:47.786 [AiEngine] Adaptive time: 3000ms, depth: 4, reason: midgame, emergency: false
[DEBUG] 17:11:47.786 [AiEngine] Using JS Search
[DEBUG] 17:11:47.787 [AiEngine] Adaptive time: 3000ms, depth: 4, reason: midgame, emergency: false
[DEBUG] 17:11:47.787 [AiEngine] Using JS Search
[DEBUG] 17:11:47.935 [AiEngine] Adaptive time: 3000ms, depth: 4, reason: midgame, tactical, emergency: false
[DEBUG] 17:11:47.935 [AiEngine] Using JS Search
[DEBUG] 17:11:47.938 [AiEngine] Adaptive time: 3000ms, depth: 4, reason: in-check, emergency: false
[DEBUG] 17:11:47.938 [AiEngine] Using JS Search
[DEBUG] 17:11:47.959 [AiEngine] Adaptive time: 3000ms, depth: 4, reason: standard, emergency: false
[DEBUG] 17:11:47.960 [AiEngine] Using JS Search
[DEBUG] 17:11:47.960 [AiEngine] Adaptive time: 3000ms, depth: 4, reason: standard, emergency: false
[DEBUG] 17:11:47.960 [AiEngine] Using JS Search
[DEBUG] 17:11:48.038 [AiEngine] Adaptive time: 3000ms, depth: 4, reason: standard, emergency: false
[DEBUG] 17:11:48.038 [AiEngine] Using JS Search
[DEBUG] 17:11:48.084 [AiEngine] Adaptive time: 3000ms, depth: 4, reason: standard, emergency: false
[DEBUG] 17:11:48.084 [AiEngine] Using JS Search
[DEBUG] 17:11:48.123 [AiEngine] Adaptive time: 3000ms, depth: 4, reason: standard, emergency: false
[DEBUG] 17:11:48.123 [AiEngine] Using JS Search
[DEBUG] 17:11:48.161 [AiEngine] Adaptive time: 3000ms, depth: 4, reason: tactical, emergency: false
[DEBUG] 17:11:48.161 [AiEngine] Using JS Search
[DEBUG] 17:11:48.212 [AiEngine] Adaptive time: 3000ms, depth: 4, reason: standard, emergency: false
[DEBUG] 17:11:48.212 [AiEngine] Using JS Search
[DEBUG] 17:11:48.251 [AiEngine] Adaptive time: 3000ms, depth: 4, reason: standard, emergency: false
[DEBUG] 17:11:48.251 [AiEngine] Using JS Search
[DEBUG] 17:11:48.289 [AiEngine] Adaptive time: 3000ms, depth: 4, reason: in-check, emergency: false
[DEBUG] 17:11:48.289 [AiEngine] Using JS Search
[DEBUG] 17:11:48.305 [AiEngine] Adaptive time: 3000ms, depth: 4, reason: in-check, emergency: false
[DEBUG] 17:11:48.305 [AiEngine] Using JS Search
[DEBUG] 17:11:48.311 [AiEngine] Adaptive time: 3000ms, depth: 4, reason: standard, emergency: false
[DEBUG] 17:11:48.311 [AiEngine] Using JS Search
[DEBUG] 17:11:48.369 [AiEngine] Adaptive time: 3000ms, depth: 4, reason: standard, emergency: false
[DEBUG] 17:11:48.370 [AiEngine] Using JS Search
[DEBUG] 17:11:48.385 [AiEngine] Adaptive time: 3000ms, depth: 4, reason: standard, emergency: false
[DEBUG] 17:11:48.385 [AiEngine] Using JS Search
[DEBUG] 17:11:48.445 [AiEngine] Adaptive time: 3000ms, depth: 4, reason: standard, emergency: false
[DEBUG] 17:11:48.445 [AiEngine] Using JS Search
[DEBUG] 17:11:48.458 [AiEngine] Adaptive time: 3000ms, depth: 4, reason: standard, emergency: false
[DEBUG] 17:11:48.458 [AiEngine] Using JS Search
[DEBUG] 17:11:48.462 [AiEngine] Adaptive time: 3000ms, depth: 4, reason: endgame, emergency: false
[DEBUG] 17:11:48.463 [AiEngine] Using JS Search
[DEBUG] 17:11:48.470 [AiEngine] Adaptive time: 3000ms, depth: 4, reason: endgame, tactical, emergency: false
[DEBUG] 17:11:48.470 [AiEngine] Using JS Search
[DEBUG] 17:11:48.474 [AiEngine] Adaptive time: 3000ms, depth: 4, reason: endgame, emergency: false
[DEBUG] 17:11:48.474 [AiEngine] Using JS Search
[DEBUG] 17:11:48.480 [AiEngine] Adaptive time: 3000ms, depth: 4, reason: endgame, tactical, emergency: false
[DEBUG] 17:11:48.480 [AiEngine] Using JS Search
[DEBUG] 17:11:48.482 [AiEngine] Adaptive time: 3000ms, depth: 4, reason: endgame, emergency: false
[DEBUG] 17:11:48.482 [AiEngine] Using JS Search
[DEBUG] 17:11:48.486 [AiEngine] Adaptive time: 3000ms, depth: 4, reason: endgame, tactical, emergency: false
[DEBUG] 17:11:48.486 [AiEngine] Using JS Search
[DEBUG] 17:11:48.487 [AiEngine] Adaptive time: 3000ms, depth: 4, reason: endgame, emergency: false
[DEBUG] 17:11:48.487 [AiEngine] Using JS Search
[DEBUG] 17:11:48.489 [AiEngine] Adaptive time: 3000ms, depth: 4, reason: endgame, tactical, emergency: false
[DEBUG] 17:11:48.489 [AiEngine] Using JS Search
[DEBUG] 17:11:48.492 [AiEngine] Adaptive time: 3000ms, depth: 4, reason: endgame, emergency: false
[DEBUG] 17:11:48.492 [AiEngine] Using JS Search
[DEBUG] 17:11:48.494 [AiEngine] Adaptive time: 3000ms, depth: 4, reason: endgame, tactical, emergency: false
[DEBUG] 17:11:48.494 [AiEngine] Using JS Search
[DEBUG] 17:11:48.528 [AiEngine] Adaptive time: 3000ms, depth: 4, reason: endgame, emergency: false
[DEBUG] 17:11:48.528 [AiEngine] Using JS Search
[DEBUG] 17:11:48.531 [AiEngine] Adaptive time: 3000ms, depth: 4, reason: endgame, tactical, emergency: false
[DEBUG] 17:11:48.531 [AiEngine] Using JS Search
[DEBUG] 17:11:48.565 [AiEngine] Adaptive time: 500ms, depth: 4, reason: midgame, opening, emergency: false
[DEBUG] 17:11:48.565 [AiEngine] Using JS Search
[DEBUG] 17:11:48.664 [AiEngine] Adaptive time: 500ms, depth: 4, reason: midgame, opening, emergency: false
[DEBUG] 17:11:48.664 [AiEngine] Using JS Search
[DEBUG] 17:11:48.955 [AiEngine] Adaptive time: 500ms, depth: 4, reason: midgame, opening, emergency: false
[DEBUG] 17:11:48.955 [AiEngine] Using JS Search
[DEBUG] 17:11:49.200 [AiEngine] Adaptive time: 500ms, depth: 4, reason: midgame, opening, emergency: false
[DEBUG] 17:11:49.200 [AiEngine] Using JS Search
[DEBUG] 17:11:49.491 [AiEngine] Adaptive time: 500ms, depth: 4, reason: midgame, opening, emergency: false
[DEBUG] 17:11:49.491 [AiEngine] Using JS Search
[DEBUG] 17:11:49.880 [AiEngine] Adaptive time: 500ms, depth: 4, reason: midgame, opening, emergency: false
[DEBUG] 17:11:49.880 [AiEngine] Using JS Search
[DEBUG] 17:11:50.459 [AiEngine] Adaptive time: 500ms, depth: 4, reason: midgame, opening, emergency: false
[DEBUG] 17:11:50.459 [AiEngine] Using JS Search
[DEBUG] 17:11:50.700 [AiEngine] Adaptive time: 500ms, depth: 4, reason: midgame, opening, emergency: false
[DEBUG] 17:11:50.701 [AiEngine] Using JS Search
[DEBUG] 17:11:50.917 [AiEngine] Adaptive time: 500ms, depth: 4, reason: midgame, opening, emergency: false
[DEBUG] 17:11:50.917 [AiEngine] Using JS Search
[DEBUG] 17:11:51.082 [AiEngine] Adaptive time: 500ms, depth: 4, reason: midgame, opening, tactical, emergency: false
[DEBUG] 17:11:51.082 [AiEngine] Using JS Search
[DEBUG] 17:11:51.245 [AiEngine] Adaptive time: 500ms, depth: 4, reason: midgame, opening, emergency: false
[DEBUG] 17:11:51.245 [AiEngine] Using JS Search
[DEBUG] 17:11:51.543 [AiEngine] Adaptive time: 500ms, depth: 4, reason: midgame, opening, emergency: false
[DEBUG] 17:11:51.543 [AiEngine] Using JS Search
[DEBUG] 17:11:51.825 [AiEngine] Adaptive time: 500ms, depth: 4, reason: midgame, opening, emergency: false
[DEBUG] 17:11:51.825 [AiEngine] Using JS Search
[DEBUG] 17:11:52.377 [AiEngine] Adaptive time: 500ms, depth: 4, reason: midgame, opening, tactical, emergency: false
[DEBUG] 17:11:52.378 [AiEngine] Using JS Search
[DEBUG] 17:11:52.809 [AiEngine] Adaptive time: 500ms, depth: 4, reason: midgame, opening, tactical, emergency: false
[DEBUG] 17:11:52.809 [AiEngine] Using JS Search
[DEBUG] 17:11:52.988 [AiEngine] Adaptive time: 500ms, depth: 4, reason: midgame, opening, tactical, emergency: false
[DEBUG] 17:11:52.988 [AiEngine] Using JS Search
[DEBUG] 17:11:53.107 [AiEngine] Adaptive time: 500ms, depth: 4, reason: midgame, opening, in-check, emergency: false
[DEBUG] 17:11:53.107 [AiEngine] Using JS Search
[DEBUG] 17:11:53.135 [AiEngine] Adaptive time: 500ms, depth: 4, reason: midgame, opening, tactical, emergency: false
[DEBUG] 17:11:53.135 [AiEngine] Using JS Search
[DEBUG] 17:11:53.264 [AiEngine] Adaptive time: 500ms, depth: 4, reason: midgame, opening, emergency: false
[DEBUG] 17:11:53.264 [AiEngine] Using JS Search
[DEBUG] 17:11:53.328 [AiEngine] Adaptive time: 500ms, depth: 4, reason: midgame, opening, tactical, emergency: false
[DEBUG] 17:11:53.328 [AiEngine] Using JS Search
[DEBUG] 17:11:53.341 [AiEngine] Adaptive time: 500ms, depth: 4, reason: midgame, opening, emergency: false
[DEBUG] 17:11:53.341 [AiEngine] Using JS Search
[DEBUG] 17:11:53.495 [AiEngine] Adaptive time: 500ms, depth: 4, reason: midgame, opening, emergency: false
[DEBUG] 17:11:53.495 [AiEngine] Using JS Search
[DEBUG] 17:11:53.692 [AiEngine] Adaptive time: 500ms, depth: 4, reason: midgame, opening, emergency: false
[DEBUG] 17:11:53.692 [AiEngine] Using JS Search
[DEBUG] 17:11:53.940 [AiEngine] Adaptive time: 500ms, depth: 4, reason: midgame, opening, emergency: false
[DEBUG] 17:11:53.940 [AiEngine] Using JS Search
[DEBUG] 17:11:54.113 [AiEngine] Adaptive time: 500ms, depth: 4, reason: midgame, opening, tactical, emergency: false
[DEBUG] 17:11:54.113 [AiEngine] Using JS Search
[DEBUG] 17:11:54.257 [AiEngine] Adaptive time: 500ms, depth: 4, reason: midgame, opening, tactical, emergency: false
[DEBUG] 17:11:54.257 [AiEngine] Using JS Search
[DEBUG] 17:11:54.372 [AiEngine] Adaptive time: 500ms, depth: 4, reason: midgame, opening, emergency: false
[DEBUG] 17:11:54.372 [AiEngine] Using JS Search
[DEBUG] 17:11:54.436 [AiEngine] Adaptive time: 500ms, depth: 4, reason: midgame, opening, tactical, emergency: false
[DEBUG] 17:11:54.437 [AiEngine] Using JS Search
[DEBUG] 17:11:54.583 [AiEngine] Adaptive time: 500ms, depth: 4, reason: midgame, opening, tactical, emergency: false
[DEBUG] 17:11:54.583 [AiEngine] Using JS Search
[DEBUG] 17:11:54.683 [AiEngine] Adaptive time: 500ms, depth: 4, reason: midgame, opening, tactical, emergency: false
[DEBUG] 17:11:54.683 [AiEngine] Using JS Search
[DEBUG] 17:11:54.685 [AiEngine] Adaptive time: 500ms, depth: 4, reason: midgame, opening, emergency: false
[DEBUG] 17:11:54.685 [AiEngine] Using JS Search
[DEBUG] 17:11:54.838 [AiEngine] Adaptive time: 500ms, depth: 4, reason: midgame, opening, tactical, emergency: false
[DEBUG] 17:11:54.838 [AiEngine] Using JS Search
[DEBUG] 17:11:54.842 [AiEngine] Adaptive time: 500ms, depth: 4, reason: midgame, opening, in-check, emergency: false
[DEBUG] 17:11:54.842 [AiEngine] Using JS Search
[DEBUG] 17:11:54.854 [AiEngine] Adaptive time: 500ms, depth: 4, reason: midgame, opening, tactical, emergency: false
[DEBUG] 17:11:54.854 [AiEngine] Using JS Search
[DEBUG] 17:11:54.857 [AiEngine] Adaptive time: 500ms, depth: 4, reason: midgame, opening, in-check, emergency: false
[DEBUG] 17:11:54.857 [AiEngine] Using JS Search
[DEBUG] 17:11:54.865 [AiEngine] Adaptive time: 500ms, depth: 4, reason: midgame, opening, tactical, emergency: false
[DEBUG] 17:11:54.865 [AiEngine] Using JS Search
[DEBUG] 17:11:54.867 [AiEngine] Adaptive time: 500ms, depth: 4, reason: midgame, opening, in-check, emergency: false
[DEBUG] 17:11:54.867 [AiEngine] Using JS Search
[DEBUG] 17:11:54.873 [AiEngine] Adaptive time: 500ms, depth: 4, reason: midgame, opening, tactical, emergency: false
[DEBUG] 17:11:54.873 [AiEngine] Using JS Search
[DEBUG] 17:11:54.874 [AiEngine] Adaptive time: 500ms, depth: 4, reason: midgame, opening, tactical, emergency: false
[DEBUG] 17:11:54.874 [AiEngine] Using JS Search
[DEBUG] 17:11:55.011 [AiEngine] Adaptive time: 500ms, depth: 4, reason: midgame, opening, tactical, emergency: false
[DEBUG] 17:11:55.011 [AiEngine] Using JS Search
[DEBUG] 17:11:55.012 [AiEngine] Adaptive time: 3000ms, depth: 4, reason: midgame, emergency: false
[DEBUG] 17:11:55.012 [AiEngine] Using JS Search
[DEBUG] 17:11:55.099 [AiEngine] Adaptive time: 3000ms, depth: 4, reason: midgame, tactical, emergency: false
[DEBUG] 17:11:55.099 [AiEngine] Using JS Search
[DEBUG] 17:11:55.100 [AiEngine] Adaptive time: 3000ms, depth: 4, reason: midgame, emergency: false
[DEBUG] 17:11:55.100 [AiEngine] Using JS Search
[DEBUG] 17:11:55.245 [AiEngine] Adaptive time: 3000ms, depth: 4, reason: midgame, tactical, emergency: false
[DEBUG] 17:11:55.245 [AiEngine] Using JS Search
[DEBUG] 17:11:55.248 [AiEngine] Adaptive time: 3000ms, depth: 4, reason: midgame, in-check, emergency: false
[DEBUG] 17:11:55.248 [AiEngine] Using JS Search
[DEBUG] 17:11:55.375 [AiEngine] Adaptive time: 3000ms, depth: 4, reason: midgame, emergency: false
[DEBUG] 17:11:55.375 [AiEngine] Using JS Search
[DEBUG] 17:11:55.409 [AiEngine] Adaptive time: 3000ms, depth: 4, reason: midgame, emergency: false
[DEBUG] 17:11:55.409 [AiEngine] Using JS Search
[DEBUG] 17:11:55.529 [AiEngine] Adaptive time: 3000ms, depth: 4, reason: midgame, emergency: false
[DEBUG] 17:11:55.529 [AiEngine] Using JS Search
[DEBUG] 17:11:55.560 [AiEngine] Adaptive time: 3000ms, depth: 4, reason: midgame, emergency: false
[DEBUG] 17:11:55.560 [AiEngine] Using JS Search
[DEBUG] 17:11:55.646 [AiEngine] Adaptive time: 3000ms, depth: 4, reason: midgame, emergency: false
[DEBUG] 17:11:55.646 [AiEngine] Using JS Search
[DEBUG] 17:11:55.758 [AiEngine] Adaptive time: 3000ms, depth: 4, reason: midgame, emergency: false
[DEBUG] 17:11:55.759 [AiEngine] Using JS Search
[DEBUG] 17:11:55.948 [AiEngine] Adaptive time: 3000ms, depth: 4, reason: midgame, emergency: false
[DEBUG] 17:11:55.948 [AiEngine] Using JS Search
[DEBUG] 17:11:55.990 [AiEngine] Adaptive time: 3000ms, depth: 4, reason: midgame, tactical, emergency: false
[DEBUG] 17:11:55.991 [AiEngine] Using JS Search
[DEBUG] 17:11:56.151 [AiEngine] Adaptive time: 3000ms, depth: 4, reason: midgame, in-check, emergency: false
[DEBUG] 17:11:56.151 [AiEngine] Using JS Search
[DEBUG] 17:11:56.175 [AiEngine] Adaptive time: 3000ms, depth: 4, reason: midgame, emergency: false
[DEBUG] 17:11:56.175 [AiEngine] Using JS Search
[DEBUG] 17:11:56.288 [AiEngine] Adaptive time: 3000ms, depth: 4, reason: midgame, emergency: false
[DEBUG] 17:11:56.288 [AiEngine] Using JS Search
[DEBUG] 17:11:56.357 [AiEngine] Adaptive time: 3000ms, depth: 4, reason: midgame, tactical, emergency: false
[DEBUG] 17:11:56.357 [AiEngine] Using JS Search
[DEBUG] 17:11:56.414 [AiEngine] Adaptive time: 3000ms, depth: 4, reason: midgame, in-check, emergency: false
[DEBUG] 17:11:56.414 [AiEngine] Using JS Search
[DEBUG] 17:11:56.458 [AiEngine] Adaptive time: 3000ms, depth: 4, reason: midgame, emergency: false
[DEBUG] 17:11:56.458 [AiEngine] Using JS Search
[DEBUG] 17:11:56.589 [AiEngine] Adaptive time: 3000ms, depth: 4, reason: midgame, emergency: false
[DEBUG] 17:11:56.589 [AiEngine] Using JS Search
[DEBUG] 17:11:56.644 [AiEngine] Adaptive time: 3000ms, depth: 4, reason: midgame, emergency: false
[DEBUG] 17:11:56.644 [AiEngine] Using JS Search
[DEBUG] 17:11:56.747 [AiEngine] Adaptive time: 3000ms, depth: 4, reason: midgame, emergency: false
[DEBUG] 17:11:56.747 [AiEngine] Using JS Search
[DEBUG] 17:11:56.807 [AiEngine] Adaptive time: 3000ms, depth: 4, reason: midgame, tactical, emergency: false
[DEBUG] 17:11:56.808 [AiEngine] Using JS Search
[DEBUG] 17:11:56.941 [AiEngine] Adaptive time: 3000ms, depth: 4, reason: midgame, emergency: false
[DEBUG] 17:11:56.941 [AiEngine] Using JS Search
[DEBUG] 17:11:56.968 [AiEngine] Adaptive time: 3000ms, depth: 4, reason: midgame, emergency: false
[DEBUG] 17:11:56.968 [AiEngine] Using JS Search
[DEBUG] 17:11:57.063 [AiEngine] Adaptive time: 3000ms, depth: 4, reason: midgame, emergency: false
[DEBUG] 17:11:57.063 [AiEngine] Using JS Search
[DEBUG] 17:11:57.113 [AiEngine] Adaptive time: 3000ms, depth: 4, reason: midgame, emergency: false
[DEBUG] 17:11:57.113 [AiEngine] Using JS Search
[DEBUG] 17:11:57.170 [AiEngine] Adaptive time: 3000ms, depth: 4, reason: midgame, emergency: false
[DEBUG] 17:11:57.170 [AiEngine] Using JS Search
[DEBUG] 17:11:57.241 [AiEngine] Adaptive time: 3000ms, depth: 4, reason: midgame, emergency: false
[DEBUG] 17:11:57.241 [AiEngine] Using JS Search
[DEBUG] 17:11:57.286 [AiEngine] Adaptive time: 3000ms, depth: 4, reason: midgame, emergency: false
[DEBUG] 17:11:57.286 [AiEngine] Using JS Search
[DEBUG] 17:11:57.310 [AiEngine] Adaptive time: 3000ms, depth: 4, reason: midgame, emergency: false
[DEBUG] 17:11:57.310 [AiEngine] Using JS Search
[DEBUG] 17:11:57.313 [AiEngine] Adaptive time: 3000ms, depth: 4, reason: in-check, emergency: false
[DEBUG] 17:11:57.313 [AiEngine] Using JS Search
[DEBUG] 17:11:57.317 [AiEngine] Adaptive time: 3000ms, depth: 4, reason: standard, emergency: false
[DEBUG] 17:11:57.317 [AiEngine] Using JS Search
[DEBUG] 17:11:57.402 [AiEngine] Adaptive time: 3000ms, depth: 4, reason: standard, emergency: false
[DEBUG] 17:11:57.402 [AiEngine] Using JS Search
[DEBUG] 17:11:57.471 [AiEngine] Adaptive time: 3000ms, depth: 4, reason: standard, emergency: false
[DEBUG] 17:11:57.471 [AiEngine] Using JS Search
[DEBUG] 17:11:57.567 [AiEngine] Adaptive time: 3000ms, depth: 4, reason: standard, emergency: false
[DEBUG] 17:11:57.567 [AiEngine] Using JS Search
[DEBUG] 17:11:57.580 [AiEngine] Adaptive time: 3000ms, depth: 4, reason: standard, emergency: false
[DEBUG] 17:11:57.580 [AiEngine] Using JS Search
[DEBUG] 17:11:57.670 [AiEngine] Adaptive time: 3000ms, depth: 4, reason: standard, emergency: false
[DEBUG] 17:11:57.670 [AiEngine] Using JS Search
[DEBUG] 17:11:57.682 [AiEngine] Adaptive time: 3000ms, depth: 4, reason: tactical, emergency: false
[DEBUG] 17:11:57.682 [AiEngine] Using JS Search
[DEBUG] 17:11:57.757 [AiEngine] Adaptive time: 3000ms, depth: 4, reason: standard, emergency: false
[DEBUG] 17:11:57.757 [AiEngine] Using JS Search
[DEBUG] 17:11:57.764 [AiEngine] Adaptive time: 3000ms, depth: 4, reason: standard, emergency: false
[DEBUG] 17:11:57.764 [AiEngine] Using JS Search
[DEBUG] 17:11:57.910 [AiEngine] Adaptive time: 3000ms, depth: 4, reason: standard, emergency: false
[DEBUG] 17:11:57.910 [AiEngine] Using JS Search
[DEBUG] 17:11:57.962 [AiEngine] Adaptive time: 3000ms, depth: 4, reason: tactical, emergency: false
[DEBUG] 17:11:57.962 [AiEngine] Using JS Search
[DEBUG] 17:11:57.965 [AiEngine] Adaptive time: 3000ms, depth: 4, reason: standard, emergency: false
[DEBUG] 17:11:57.965 [AiEngine] Using JS Search
[DEBUG] 17:11:57.974 [AiEngine] Adaptive time: 3000ms, depth: 4, reason: tactical, emergency: false
[DEBUG] 17:11:57.974 [AiEngine] Using JS Search
[DEBUG] 17:11:57.976 [AiEngine] Adaptive time: 3000ms, depth: 4, reason: endgame, in-check, emergency: false
[DEBUG] 17:11:57.976 [AiEngine] Using JS Search
[DEBUG] 17:11:57.980 [AiEngine] Adaptive time: 3000ms, depth: 4, reason: endgame, tactical, emergency: false
[DEBUG] 17:11:57.980 [AiEngine] Using JS Search
[DEBUG] 17:11:57.983 [AiEngine] Adaptive time: 3000ms, depth: 4, reason: endgame, emergency: false
[DEBUG] 17:11:57.983 [AiEngine] Using JS Search
[DEBUG] 17:11:57.988 [AiEngine] Adaptive time: 3000ms, depth: 4, reason: endgame, tactical, emergency: false
[DEBUG] 17:11:57.988 [AiEngine] Using JS Search
[DEBUG] 17:11:57.991 [AiEngine] Adaptive time: 3000ms, depth: 4, reason: endgame, emergency: false
[DEBUG] 17:11:57.991 [AiEngine] Using JS Search
[DEBUG] 17:11:57.995 [AiEngine] Adaptive time: 3000ms, depth: 4, reason: endgame, tactical, emergency: false
[DEBUG] 17:11:57.996 [AiEngine] Using JS Search
[DEBUG] 17:11:57.999 [AiEngine] Adaptive time: 3000ms, depth: 4, reason: endgame, emergency: false
[DEBUG] 17:11:57.999 [AiEngine] Using JS Search
[DEBUG] 17:11:58.003 [AiEngine] Adaptive time: 3000ms, depth: 4, reason: endgame, tactical, emergency: false
[DEBUG] 17:11:58.003 [AiEngine] Using JS Search
[DEBUG] 17:11:58.004 [AiEngine] Adaptive time: 3000ms, depth: 4, reason: endgame, emergency: false
[DEBUG] 17:11:58.004 [AiEngine] Using JS Search
[DEBUG] 17:11:58.007 [AiEngine] Adaptive time: 3000ms, depth: 4, reason: endgame, tactical, emergency: false
[DEBUG] 17:11:58.007 [AiEngine] Using JS Search
[DEBUG] 17:11:58.010 [AiEngine] Adaptive time: 3000ms, depth: 4, reason: endgame, emergency: false
[DEBUG] 17:11:58.010 [AiEngine] Using JS Search
[DEBUG] 17:11:58.016 [AiEngine] Adaptive time: 3000ms, depth: 4, reason: endgame, tactical, emergency: false
[DEBUG] 17:11:58.016 [AiEngine] Using JS Search
[DEBUG] 17:11:58.017 [AiEngine] Adaptive time: 3000ms, depth: 4, reason: endgame, emergency: false
[DEBUG] 17:11:58.017 [AiEngine] Using JS Search
[DEBUG] 17:11:58.018 [AiEngine] Adaptive time: 3000ms, depth: 4, reason: endgame, tactical, emergency: false
[DEBUG] 17:11:58.018 [AiEngine] Using JS Search
[DEBUG] 17:11:58.019 [AiEngine] Adaptive time: 3000ms, depth: 4, reason: endgame, in-check, emergency: false
[DEBUG] 17:11:58.019 [AiEngine] Using JS Search
[DEBUG] 17:11:58.022 [AiEngine] Adaptive time: 500ms, depth: 4, reason: midgame, opening, emergency: false
[DEBUG] 17:11:58.022 [AiEngine] Using JS Search
[DEBUG] 17:11:58.114 [AiEngine] Adaptive time: 500ms, depth: 4, reason: midgame, opening, emergency: false
[DEBUG] 17:11:58.114 [AiEngine] Using JS Search
[DEBUG] 17:11:58.260 [AiEngine] Adaptive time: 500ms, depth: 4, reason: midgame, opening, emergency: false
[DEBUG] 17:11:58.260 [AiEngine] Using JS Search
[DEBUG] 17:11:58.573 [AiEngine] Adaptive time: 500ms, depth: 4, reason: midgame, opening, emergency: false
[DEBUG] 17:11:58.573 [AiEngine] Using JS Search
[DEBUG] 17:11:58.849 [AiEngine] Adaptive time: 500ms, depth: 4, reason: midgame, opening, emergency: false
[DEBUG] 17:11:58.849 [AiEngine] Using JS Search
[DEBUG] 17:11:59.142 [AiEngine] Adaptive time: 500ms, depth: 4, reason: midgame, opening, emergency: false
[DEBUG] 17:11:59.142 [AiEngine] Using JS Search
[DEBUG] 17:11:59.217 [AiEngine] Adaptive time: 500ms, depth: 4, reason: midgame, opening, tactical, emergency: false
[DEBUG] 17:11:59.217 [AiEngine] Using JS Search
[DEBUG] 17:11:59.475 [AiEngine] Adaptive time: 500ms, depth: 4, reason: midgame, opening, emergency: false
[DEBUG] 17:11:59.475 [AiEngine] Using JS Search
[DEBUG] 17:11:59.546 [AiEngine] Adaptive time: 500ms, depth: 4, reason: midgame, opening, tactical, emergency: false
[DEBUG] 17:11:59.546 [AiEngine] Using JS Search
[DEBUG] 17:11:59.628 [AiEngine] Adaptive time: 500ms, depth: 4, reason: midgame, opening, emergency: false
[DEBUG] 17:11:59.629 [AiEngine] Using JS Search
[DEBUG] 17:11:59.877 [AiEngine] Adaptive time: 500ms, depth: 4, reason: midgame, opening, emergency: false
[DEBUG] 17:11:59.877 [AiEngine] Using JS Search
[DEBUG] 17:12:00.292 [AiEngine] Adaptive time: 500ms, depth: 4, reason: midgame, opening, tactical, emergency: false
[DEBUG] 17:12:00.292 [AiEngine] Using JS Search
[DEBUG] 17:12:00.336 [AiEngine] Adaptive time: 500ms, depth: 4, reason: midgame, opening, in-check, emergency: false
[DEBUG] 17:12:00.336 [AiEngine] Using JS Search
[DEBUG] 17:12:00.341 [AiEngine] Adaptive time: 500ms, depth: 4, reason: midgame, opening, tactical, emergency: false
[DEBUG] 17:12:00.342 [AiEngine] Using JS Search
[DEBUG] 17:12:00.410 [AiEngine] Adaptive time: 500ms, depth: 4, reason: midgame, opening, emergency: false
[DEBUG] 17:12:00.410 [AiEngine] Using JS Search
[DEBUG] 17:12:00.444 [AiEngine] Adaptive time: 500ms, depth: 4, reason: midgame, opening, emergency: false
[DEBUG] 17:12:00.445 [AiEngine] Using JS Search
[DEBUG] 17:12:00.511 [AiEngine] Adaptive time: 500ms, depth: 4, reason: midgame, opening, emergency: false
[DEBUG] 17:12:00.511 [AiEngine] Using JS Search
[DEBUG] 17:12:00.572 [AiEngine] Adaptive time: 500ms, depth: 4, reason: midgame, opening, emergency: false
[DEBUG] 17:12:00.572 [AiEngine] Using JS Search
[DEBUG] 17:12:00.662 [AiEngine] Adaptive time: 500ms, depth: 4, reason: midgame, opening, emergency: false
[DEBUG] 17:12:00.662 [AiEngine] Using JS Search
[DEBUG] 17:12:00.716 [AiEngine] Adaptive time: 500ms, depth: 4, reason: midgame, opening, emergency: false
[DEBUG] 17:12:00.716 [AiEngine] Using JS Search
[DEBUG] 17:12:00.805 [AiEngine] Adaptive time: 500ms, depth: 4, reason: midgame, opening, emergency: false
[DEBUG] 17:12:00.805 [AiEngine] Using JS Search
[DEBUG] 17:12:00.853 [AiEngine] Adaptive time: 500ms, depth: 4, reason: midgame, opening, tactical, emergency: false
[DEBUG] 17:12:00.853 [AiEngine] Using JS Search
[DEBUG] 17:12:00.977 [AiEngine] Adaptive time: 500ms, depth: 4, reason: midgame, opening, emergency: false
[DEBUG] 17:12:00.977 [AiEngine] Using JS Search
[DEBUG] 17:12:01.010 [AiEngine] Adaptive time: 500ms, depth: 4, reason: midgame, opening, tactical, emergency: false
[DEBUG] 17:12:01.010 [AiEngine] Using JS Search
[DEBUG] 17:12:01.142 [AiEngine] Adaptive time: 500ms, depth: 4, reason: midgame, opening, emergency: false
[DEBUG] 17:12:01.142 [AiEngine] Using JS Search
[DEBUG] 17:12:01.195 [AiEngine] Adaptive time: 500ms, depth: 4, reason: midgame, opening, tactical, emergency: false
[DEBUG] 17:12:01.195 [AiEngine] Using JS Search
[DEBUG] 17:12:01.327 [AiEngine] Adaptive time: 500ms, depth: 4, reason: midgame, opening, emergency: false
[DEBUG] 17:12:01.327 [AiEngine] Using JS Search
[DEBUG] 17:12:01.363 [AiEngine] Adaptive time: 500ms, depth: 4, reason: midgame, opening, tactical, emergency: false
[DEBUG] 17:12:01.363 [AiEngine] Using JS Search
[DEBUG] 17:12:01.364 [AiEngine] Adaptive time: 500ms, depth: 4, reason: midgame, opening, emergency: false
[DEBUG] 17:12:01.364 [AiEngine] Using JS Search
[DEBUG] 17:12:01.558 [AiEngine] Adaptive time: 500ms, depth: 4, reason: midgame, opening, emergency: false
[DEBUG] 17:12:01.558 [AiEngine] Using JS Search
[DEBUG] 17:12:01.559 [AiEngine] Adaptive time: 500ms, depth: 4, reason: midgame, opening, emergency: false
[DEBUG] 17:12:01.559 [AiEngine] Using JS Search
[DEBUG] 17:12:01.704 [AiEngine] Adaptive time: 500ms, depth: 4, reason: midgame, opening, emergency: false
[DEBUG] 17:12:01.704 [AiEngine] Using JS Search
[DEBUG] 17:12:01.791 [AiEngine] Adaptive time: 500ms, depth: 4, reason: midgame, opening, emergency: false
[DEBUG] 17:12:01.791 [AiEngine] Using JS Search
[DEBUG] 17:12:02.063 [AiEngine] Adaptive time: 500ms, depth: 4, reason: midgame, opening, emergency: false
[DEBUG] 17:12:02.063 [AiEngine] Using JS Search
[DEBUG] 17:12:02.200 [AiEngine] Adaptive time: 500ms, depth: 4, reason: midgame, opening, emergency: false
[DEBUG] 17:12:02.200 [AiEngine] Using JS Search
[DEBUG] 17:12:02.413 [AiEngine] Adaptive time: 500ms, depth: 4, reason: midgame, opening, emergency: false
[DEBUG] 17:12:02.413 [AiEngine] Using JS Search
[DEBUG] 17:12:02.478 [AiEngine] Adaptive time: 500ms, depth: 4, reason: midgame, opening, tactical, emergency: false
[DEBUG] 17:12:02.479 [AiEngine] Using JS Search
[DEBUG] 17:12:02.755 [AiEngine] Adaptive time: 500ms, depth: 4, reason: midgame, opening, emergency: false
[DEBUG] 17:12:02.755 [AiEngine] Using JS Search
[DEBUG] 17:12:02.831 [AiEngine] Adaptive time: 500ms, depth: 4, reason: midgame, opening, tactical, emergency: false
[DEBUG] 17:12:02.832 [AiEngine] Using JS Search
[DEBUG] 17:12:03.052 [AiEngine] Adaptive time: 500ms, depth: 4, reason: midgame, opening, emergency: false
[DEBUG] 17:12:03.052 [AiEngine] Using JS Search
[DEBUG] 17:12:03.157 [AiEngine] Adaptive time: 3000ms, depth: 4, reason: midgame, emergency: false
[DEBUG] 17:12:03.157 [AiEngine] Using JS Search
[DEBUG] 17:12:03.452 [AiEngine] Adaptive time: 3000ms, depth: 4, reason: midgame, emergency: false
[DEBUG] 17:12:03.452 [AiEngine] Using JS Search
[DEBUG] 17:12:03.556 [AiEngine] Adaptive time: 3000ms, depth: 4, reason: midgame, emergency: false
[DEBUG] 17:12:03.556 [AiEngine] Using JS Search
[DEBUG] 17:12:03.670 [AiEngine] Adaptive time: 3000ms, depth: 4, reason: midgame, emergency: false
[DEBUG] 17:12:03.670 [AiEngine] Using JS Search
[DEBUG] 17:12:03.835 [AiEngine] Adaptive time: 3000ms, depth: 4, reason: midgame, emergency: false
[DEBUG] 17:12:03.835 [AiEngine] Using JS Search
[DEBUG] 17:12:04.057 [AiEngine] Adaptive time: 3000ms, depth: 4, reason: midgame, emergency: false
[DEBUG] 17:12:04.057 [AiEngine] Using JS Search
[DEBUG] 17:12:04.196 [AiEngine] Adaptive time: 3000ms, depth: 4, reason: midgame, tactical, emergency: false
[DEBUG] 17:12:04.196 [AiEngine] Using JS Search
[DEBUG] 17:12:04.334 [AiEngine] Adaptive time: 3000ms, depth: 4, reason: midgame, emergency: false
[DEBUG] 17:12:04.334 [AiEngine] Using JS Search
[DEBUG] 17:12:04.397 [AiEngine] Adaptive time: 3000ms, depth: 4, reason: midgame, tactical, emergency: false
[DEBUG] 17:12:04.397 [AiEngine] Using JS Search
[DEBUG] 17:12:04.495 [AiEngine] Adaptive time: 3000ms, depth: 4, reason: midgame, in-check, emergency: false
[DEBUG] 17:12:04.495 [AiEngine] Using JS Search
[DEBUG] 17:12:04.669 [AiEngine] Adaptive time: 3000ms, depth: 4, reason: midgame, tactical, emergency: false
[DEBUG] 17:12:04.669 [AiEngine] Using JS Search
[DEBUG] 17:12:04.847 [AiEngine] Adaptive time: 3000ms, depth: 4, reason: midgame, tactical, emergency: false
[DEBUG] 17:12:04.847 [AiEngine] Using JS Search
[DEBUG] 17:12:04.940 [AiEngine] Adaptive time: 3000ms, depth: 4, reason: midgame, emergency: false
[DEBUG] 17:12:04.940 [AiEngine] Using JS Search
[DEBUG] 17:12:05.021 [AiEngine] Adaptive time: 3000ms, depth: 4, reason: midgame, emergency: false
[DEBUG] 17:12:05.021 [AiEngine] Using JS Search
[DEBUG] 17:12:05.096 [AiEngine] Adaptive time: 3000ms, depth: 4, reason: midgame, emergency: false
[DEBUG] 17:12:05.097 [AiEngine] Using JS Search
[DEBUG] 17:12:05.207 [AiEngine] Adaptive time: 3000ms, depth: 4, reason: midgame, emergency: false
[DEBUG] 17:12:05.208 [AiEngine] Using JS Search
[DEBUG] 17:12:05.481 [AiEngine] Adaptive time: 3000ms, depth: 4, reason: midgame, emergency: false
[DEBUG] 17:12:05.481 [AiEngine] Using JS Search
[DEBUG] 17:12:05.620 [AiEngine] Adaptive time: 3000ms, depth: 4, reason: midgame, emergency: false
[DEBUG] 17:12:05.620 [AiEngine] Using JS Search
[DEBUG] 17:12:05.737 [AiEngine] Adaptive time: 3000ms, depth: 4, reason: midgame, emergency: false
[DEBUG] 17:12:05.737 [AiEngine] Using JS Search
[DEBUG] 17:12:05.846 [AiEngine] Adaptive time: 3000ms, depth: 4, reason: midgame, emergency: false
[DEBUG] 17:12:05.846 [AiEngine] Using JS Search
[DEBUG] 17:12:05.928 [AiEngine] Adaptive time: 3000ms, depth: 4, reason: midgame, emergency: false
[DEBUG] 17:12:05.928 [AiEngine] Using JS Search
[DEBUG] 17:12:06.089 [AiEngine] Adaptive time: 3000ms, depth: 4, reason: midgame, emergency: false
[DEBUG] 17:12:06.089 [AiEngine] Using JS Search
[DEBUG] 17:12:06.114 [AiEngine] Adaptive time: 3000ms, depth: 4, reason: midgame, tactical, emergency: false
[DEBUG] 17:12:06.114 [AiEngine] Using JS Search
[DEBUG] 17:12:06.239 [AiEngine] Adaptive time: 3000ms, depth: 4, reason: midgame, emergency: false
[DEBUG] 17:12:06.239 [AiEngine] Using JS Search
[DEBUG] 17:12:06.241 [AiEngine] Adaptive time: 3000ms, depth: 4, reason: midgame, tactical, emergency: false
[DEBUG] 17:12:06.241 [AiEngine] Using JS Search
[DEBUG] 17:12:06.241 [AiEngine] Adaptive time: 3000ms, depth: 4, reason: midgame, in-check, emergency: false
[DEBUG] 17:12:06.241 [AiEngine] Using JS Search
[DEBUG] 17:12:06.242 [AiEngine] Adaptive time: 500ms, depth: 4, reason: midgame, opening, emergency: false
[DEBUG] 17:12:06.242 [AiEngine] Using JS Search
[DEBUG] 17:12:06.348 [AiEngine] Adaptive time: 500ms, depth: 4, reason: midgame, opening, emergency: false
[DEBUG] 17:12:06.348 [AiEngine] Using JS Search
[DEBUG] 17:12:06.454 [AiEngine] Adaptive time: 500ms, depth: 4, reason: midgame, opening, emergency: false
[DEBUG] 17:12:06.454 [AiEngine] Using JS Search
[DEBUG] 17:12:06.751 [AiEngine] Adaptive time: 500ms, depth: 4, reason: midgame, opening, emergency: false
[DEBUG] 17:12:06.751 [AiEngine] Using JS Search
[DEBUG] 17:12:07.025 [AiEngine] Adaptive time: 500ms, depth: 4, reason: midgame, opening, emergency: false
[DEBUG] 17:12:07.025 [AiEngine] Using JS Search
[DEBUG] 17:12:07.286 [AiEngine] Adaptive time: 500ms, depth: 4, reason: midgame, opening, emergency: false
[DEBUG] 17:12:07.286 [AiEngine] Using JS Search
[DEBUG] 17:12:07.434 [AiEngine] Adaptive time: 500ms, depth: 4, reason: midgame, opening, tactical, emergency: false
[DEBUG] 17:12:07.434 [AiEngine] Using JS Search
[DEBUG] 17:12:08.385 [AiEngine] Adaptive time: 500ms, depth: 4, reason: midgame, opening, tactical, emergency: false
[DEBUG] 17:12:08.385 [AiEngine] Using JS Search
[DEBUG] 17:12:08.521 [AiEngine] Adaptive time: 500ms, depth: 4, reason: midgame, opening, tactical, emergency: false
[DEBUG] 17:12:08.521 [AiEngine] Using JS Search
[DEBUG] 17:12:09.919 [AiEngine] Adaptive time: 500ms, depth: 4, reason: midgame, opening, tactical, emergency: false
[DEBUG] 17:12:09.920 [AiEngine] Using JS Search
[DEBUG] 17:12:10.166 [AiEngine] Adaptive time: 500ms, depth: 4, reason: midgame, opening, tactical, emergency: false
[DEBUG] 17:12:10.166 [AiEngine] Using JS Search
[DEBUG] 17:12:11.988 [AiEngine] Adaptive time: 500ms, depth: 4, reason: midgame, opening, tactical, emergency: false
[DEBUG] 17:12:11.988 [AiEngine] Using JS Search
[DEBUG] 17:12:12.027 [AiEngine] Adaptive time: 500ms, depth: 4, reason: midgame, opening, tactical, emergency: false
[DEBUG] 17:12:12.027 [AiEngine] Using JS Search
[DEBUG] 17:12:12.263 [AiEngine] Adaptive time: 500ms, depth: 4, reason: midgame, opening, emergency: false
[DEBUG] 17:12:12.263 [AiEngine] Using JS Search
[DEBUG] 17:12:12.708 [AiEngine] Adaptive time: 500ms, depth: 4, reason: midgame, opening, tactical, emergency: false
[DEBUG] 17:12:12.708 [AiEngine] Using JS Search
[DEBUG] 17:12:13.255 [AiEngine] Adaptive time: 500ms, depth: 4, reason: midgame, opening, emergency: false
[DEBUG] 17:12:13.255 [AiEngine] Using JS Search
[DEBUG] 17:12:13.548 [AiEngine] Adaptive time: 500ms, depth: 4, reason: midgame, opening, tactical, emergency: false
[DEBUG] 17:12:13.548 [AiEngine] Using JS Search
[DEBUG] 17:12:13.736 [AiEngine] Adaptive time: 500ms, depth: 4, reason: midgame, opening, tactical, emergency: false
[DEBUG] 17:12:13.736 [AiEngine] Using JS Search
[DEBUG] 17:12:13.821 [AiEngine] Adaptive time: 500ms, depth: 4, reason: midgame, opening, in-check, emergency: false
[DEBUG] 17:12:13.821 [AiEngine] Using JS Search
[DEBUG] 17:12:13.988 [AiEngine] Adaptive time: 500ms, depth: 4, reason: midgame, opening, emergency: false
[DEBUG] 17:12:13.988 [AiEngine] Using JS Search
[DEBUG] 17:12:14.056 [AiEngine] Adaptive time: 500ms, depth: 4, reason: midgame, opening, tactical, emergency: false
[DEBUG] 17:12:14.056 [AiEngine] Using JS Search
[DEBUG] 17:12:14.392 [AiEngine] Adaptive time: 500ms, depth: 4, reason: midgame, opening, emergency: false
[DEBUG] 17:12:14.392 [AiEngine] Using JS Search
[DEBUG] 17:12:14.435 [AiEngine] Adaptive time: 500ms, depth: 4, reason: midgame, opening, tactical, emergency: false
[DEBUG] 17:12:14.435 [AiEngine] Using JS Search
[DEBUG] 17:12:15.352 [AiEngine] Adaptive time: 500ms, depth: 4, reason: midgame, opening, emergency: false
[DEBUG] 17:12:15.352 [AiEngine] Using JS Search
[DEBUG] 17:12:15.418 [AiEngine] Adaptive time: 500ms, depth: 4, reason: midgame, opening, tactical, emergency: false
[DEBUG] 17:12:15.418 [AiEngine] Using JS Search
[DEBUG] 17:12:15.685 [AiEngine] Adaptive time: 500ms, depth: 4, reason: midgame, opening, emergency: false
[DEBUG] 17:12:15.685 [AiEngine] Using JS Search
[DEBUG] 17:12:15.872 [AiEngine] Adaptive time: 500ms, depth: 4, reason: midgame, opening, tactical, emergency: false
[DEBUG] 17:12:15.872 [AiEngine] Using JS Search
[DEBUG] 17:12:15.879 [AiEngine] Adaptive time: 500ms, depth: 4, reason: midgame, opening, emergency: false
[DEBUG] 17:12:15.879 [AiEngine] Using JS Search
[DEBUG] 17:12:15.942 [AiEngine] Adaptive time: 500ms, depth: 4, reason: midgame, opening, tactical, emergency: false
[DEBUG] 17:12:15.942 [AiEngine] Using JS Search
[DEBUG] 17:12:15.955 [AiEngine] Adaptive time: 500ms, depth: 4, reason: midgame, opening, emergency: false
[DEBUG] 17:12:15.955 [AiEngine] Using JS Search
[DEBUG] 17:12:16.120 [AiEngine] Adaptive time: 500ms, depth: 4, reason: midgame, opening, emergency: false
[DEBUG] 17:12:16.120 [AiEngine] Using JS Search
[DEBUG] 17:12:16.333 [AiEngine] Adaptive time: 500ms, depth: 4, reason: midgame, opening, emergency: false
[DEBUG] 17:12:16.333 [AiEngine] Using JS Search
[DEBUG] 17:12:16.662 [AiEngine] Adaptive time: 500ms, depth: 4, reason: midgame, opening, emergency: false
[DEBUG] 17:12:16.662 [AiEngine] Using JS Search
[DEBUG] 17:12:16.910 [AiEngine] Adaptive time: 500ms, depth: 4, reason: midgame, opening, emergency: false
[DEBUG] 17:12:16.910 [AiEngine] Using JS Search
[DEBUG] 17:12:17.055 [AiEngine] Adaptive time: 500ms, depth: 4, reason: midgame, opening, tactical, emergency: false
[DEBUG] 17:12:17.055 [AiEngine] Using JS Search
[DEBUG] 17:12:17.157 [AiEngine] Adaptive time: 500ms, depth: 4, reason: midgame, opening, emergency: false
[DEBUG] 17:12:17.157 [AiEngine] Using JS Search
[DEBUG] 17:12:17.241 [AiEngine] Adaptive time: 500ms, depth: 4, reason: midgame, opening, emergency: false
[DEBUG] 17:12:17.241 [AiEngine] Using JS Search
[DEBUG] 17:12:17.283 [AiEngine] Adaptive time: 500ms, depth: 4, reason: midgame, opening, emergency: false
[DEBUG] 17:12:17.283 [AiEngine] Using JS Search
[DEBUG] 17:12:17.477 [AiEngine] Adaptive time: 500ms, depth: 4, reason: midgame, opening, emergency: false
[DEBUG] 17:12:17.477 [AiEngine] Using JS Search
[DEBUG] 17:12:17.633 [AiEngine] Adaptive time: 500ms, depth: 4, reason: midgame, opening, emergency: false
[DEBUG] 17:12:17.633 [AiEngine] Using JS Search
[DEBUG] 17:12:17.682 [AiEngine] Adaptive time: 500ms, depth: 4, reason: midgame, opening, emergency: false
[DEBUG] 17:12:17.683 [AiEngine] Using JS Search
[DEBUG] 17:12:17.714 [AiEngine] Adaptive time: 500ms, depth: 4, reason: midgame, opening, tactical, emergency: false
[DEBUG] 17:12:17.714 [AiEngine] Using JS Search
[DEBUG] 17:12:17.912 [AiEngine] Adaptive time: 500ms, depth: 4, reason: midgame, opening, emergency: false
[DEBUG] 17:12:17.912 [AiEngine] Using JS Search
[DEBUG] 17:12:18.240 [AiEngine] Adaptive time: 500ms, depth: 4, reason: midgame, opening, emergency: false
[DEBUG] 17:12:18.240 [AiEngine] Using JS Search
[DEBUG] 17:12:18.407 [AiEngine] Adaptive time: 500ms, depth: 4, reason: midgame, opening, emergency: false
[DEBUG] 17:12:18.407 [AiEngine] Using JS Search
[DEBUG] 17:12:18.720 [AiEngine] Adaptive time: 500ms, depth: 4, reason: midgame, opening, emergency: false
[DEBUG] 17:12:18.720 [AiEngine] Using JS Search
[DEBUG] 17:12:18.871 [AiEngine] Adaptive time: 500ms, depth: 4, reason: midgame, opening, emergency: false
[DEBUG] 17:12:18.871 [AiEngine] Using JS Search
[DEBUG] 17:12:19.038 [AiEngine] Adaptive time: 500ms, depth: 4, reason: midgame, opening, emergency: false
[DEBUG] 17:12:19.038 [AiEngine] Using JS Search
[DEBUG] 17:12:19.141 [AiEngine] Adaptive time: 500ms, depth: 4, reason: midgame, opening, emergency: false
[DEBUG] 17:12:19.141 [AiEngine] Using JS Search
[DEBUG] 17:12:19.188 [AiEngine] Adaptive time: 500ms, depth: 4, reason: midgame, opening, tactical, emergency: false
[DEBUG] 17:12:19.188 [AiEngine] Using JS Search
[DEBUG] 17:12:19.674 [AiEngine] Adaptive time: 500ms, depth: 4, reason: midgame, opening, emergency: false
[DEBUG] 17:12:19.674 [AiEngine] Using JS Search
[DEBUG] 17:12:20.293 [AiEngine] Adaptive time: 500ms, depth: 4, reason: midgame, opening, tactical, emergency: false
[DEBUG] 17:12:20.293 [AiEngine] Using JS Search
[DEBUG] 17:12:20.809 [AiEngine] Adaptive time: 500ms, depth: 4, reason: midgame, opening, emergency: false
[DEBUG] 17:12:20.809 [AiEngine] Using JS Search
[DEBUG] 17:12:21.033 [AiEngine] Adaptive time: 500ms, depth: 4, reason: midgame, opening, tactical, emergency: false
[DEBUG] 17:12:21.033 [AiEngine] Using JS Search
[DEBUG] 17:12:21.399 [AiEngine] Adaptive time: 500ms, depth: 4, reason: midgame, opening, emergency: false
[DEBUG] 17:12:21.400 [AiEngine] Using JS Search
[DEBUG] 17:12:21.453 [AiEngine] Adaptive time: 500ms, depth: 4, reason: midgame, opening, tactical, emergency: false
[DEBUG] 17:12:21.453 [AiEngine] Using JS Search
[DEBUG] 17:12:21.607 [AiEngine] Adaptive time: 500ms, depth: 4, reason: midgame, opening, emergency: false
[DEBUG] 17:12:21.607 [AiEngine] Using JS Search
[DEBUG] 17:12:21.978 [AiEngine] Adaptive time: 500ms, depth: 4, reason: midgame, opening, tactical, emergency: false
[DEBUG] 17:12:21.978 [AiEngine] Using JS Search
[DEBUG] 17:12:22.057 [AiEngine] Adaptive time: 500ms, depth: 4, reason: midgame, opening, tactical, emergency: false
[DEBUG] 17:12:22.057 [AiEngine] Using JS Search
[DEBUG] 17:12:22.270 [AiEngine] Adaptive time: 500ms, depth: 4, reason: midgame, opening, emergency: false
[DEBUG] 17:12:22.270 [AiEngine] Using JS Search
[DEBUG] 17:12:22.548 [AiEngine] Adaptive time: 500ms, depth: 4, reason: midgame, opening, tactical, emergency: false
[DEBUG] 17:12:22.548 [AiEngine] Using JS Search
[DEBUG] 17:12:22.701 [AiEngine] Adaptive time: 500ms, depth: 4, reason: midgame, opening, emergency: false
[DEBUG] 17:12:22.701 [AiEngine] Using JS Search
[DEBUG] 17:12:22.873 [AiEngine] Adaptive time: 500ms, depth: 4, reason: midgame, opening, emergency: false
[DEBUG] 17:12:22.873 [AiEngine] Using JS Search
[DEBUG] 17:12:22.958 [AiEngine] Adaptive time: 500ms, depth: 4, reason: midgame, opening, emergency: false
[DEBUG] 17:12:22.958 [AiEngine] Using JS Search
[DEBUG] 17:12:23.132 [AiEngine] Adaptive time: 500ms, depth: 4, reason: midgame, opening, tactical, emergency: false
[DEBUG] 17:12:23.132 [AiEngine] Using JS Search
[DEBUG] 17:12:23.234 [AiEngine] Adaptive time: 500ms, depth: 4, reason: midgame, opening, tactical, emergency: false
[DEBUG] 17:12:23.234 [AiEngine] Using JS Search
[DEBUG] 17:12:23.385 [AiEngine] Adaptive time: 500ms, depth: 4, reason: midgame, opening, emergency: false
[DEBUG] 17:12:23.385 [AiEngine] Using JS Search
[DEBUG] 17:12:23.684 [AiEngine] Adaptive time: 500ms, depth: 4, reason: midgame, opening, tactical, emergency: false
[DEBUG] 17:12:23.685 [AiEngine] Using JS Search
[DEBUG] 17:12:24.135 [AiEngine] Adaptive time: 500ms, depth: 4, reason: midgame, opening, emergency: false
[DEBUG] 17:12:24.135 [AiEngine] Using JS Search
[DEBUG] 17:12:24.426 [AiEngine] Adaptive time: 500ms, depth: 4, reason: midgame, opening, tactical, emergency: false
[DEBUG] 17:12:24.426 [AiEngine] Using JS Search
[DEBUG] 17:12:24.687 [AiEngine] Adaptive time: 500ms, depth: 4, reason: midgame, opening, emergency: false
[DEBUG] 17:12:24.687 [AiEngine] Using JS Search
[DEBUG] 17:12:24.998 [AiEngine] Adaptive time: 500ms, depth: 4, reason: midgame, opening, tactical, emergency: false
[DEBUG] 17:12:24.998 [AiEngine] Using JS Search
[DEBUG] 17:12:25.159 [AiEngine] Adaptive time: 500ms, depth: 4, reason: midgame, opening, emergency: false
[DEBUG] 17:12:25.159 [AiEngine] Using JS Search
[DEBUG] 17:12:25.249 [AiEngine] Adaptive time: 500ms, depth: 4, reason: midgame, opening, in-check, emergency: false
[DEBUG] 17:12:25.249 [AiEngine] Using JS Search
[DEBUG] 17:12:25.263 [AiEngine] Adaptive time: 500ms, depth: 4, reason: midgame, opening, emergency: false
[DEBUG] 17:12:25.263 [AiEngine] Using JS Search
[DEBUG] 17:12:25.381 [AiEngine] Adaptive time: 500ms, depth: 4, reason: midgame, opening, tactical, emergency: false
[DEBUG] 17:12:25.381 [AiEngine] Using JS Search
[DEBUG] 17:12:25.382 [AiEngine] Adaptive time: 3000ms, depth: 4, reason: midgame, emergency: false
[DEBUG] 17:12:25.382 [AiEngine] Using JS Search
[DEBUG] 17:12:25.436 [AiEngine] Adaptive time: 3000ms, depth: 4, reason: midgame, emergency: false
[DEBUG] 17:12:25.436 [AiEngine] Using JS Search
[DEBUG] 17:12:25.437 [AiEngine] Adaptive time: 3000ms, depth: 4, reason: midgame, emergency: false
[DEBUG] 17:12:25.437 [AiEngine] Using JS Search
[DEBUG] 17:12:25.520 [AiEngine] Adaptive time: 3000ms, depth: 4, reason: midgame, tactical, emergency: false
[DEBUG] 17:12:25.520 [AiEngine] Using JS Search
[DEBUG] 17:12:25.521 [AiEngine] Adaptive time: 3000ms, depth: 4, reason: midgame, emergency: false
[DEBUG] 17:12:25.521 [AiEngine] Using JS Search
[DEBUG] 17:12:25.546 [AiEngine] Adaptive time: 3000ms, depth: 4, reason: midgame, emergency: false
[DEBUG] 17:12:25.546 [AiEngine] Using JS Search
[DEBUG] 17:12:25.547 [AiEngine] Adaptive time: 3000ms, depth: 4, reason: midgame, emergency: false
[DEBUG] 17:12:25.547 [AiEngine] Using JS Search
[DEBUG] 17:12:25.606 [AiEngine] Adaptive time: 3000ms, depth: 4, reason: midgame, emergency: false
[DEBUG] 17:12:25.606 [AiEngine] Using JS Search
[DEBUG] 17:12:25.662 [AiEngine] Adaptive time: 3000ms, depth: 4, reason: midgame, emergency: false
[DEBUG] 17:12:25.662 [AiEngine] Using JS Search
[DEBUG] 17:12:25.693 [AiEngine] Adaptive time: 3000ms, depth: 4, reason: midgame, emergency: false
[DEBUG] 17:12:25.693 [AiEngine] Using JS Search
[DEBUG] 17:12:25.725 [AiEngine] Adaptive time: 3000ms, depth: 4, reason: midgame, in-check, emergency: false
[DEBUG] 17:12:25.725 [AiEngine] Using JS Search
[DEBUG] 17:12:25.762 [AiEngine] Adaptive time: 3000ms, depth: 4, reason: midgame, emergency: false
[DEBUG] 17:12:25.762 [AiEngine] Using JS Search
[DEBUG] 17:12:25.925 [AiEngine] Adaptive time: 3000ms, depth: 4, reason: midgame, tactical, emergency: false
[DEBUG] 17:12:25.925 [AiEngine] Using JS Search
[DEBUG] 17:12:25.953 [AiEngine] Adaptive time: 3000ms, depth: 4, reason: midgame, in-check, emergency: false
[DEBUG] 17:12:25.954 [AiEngine] Using JS Search
[DEBUG] 17:12:25.962 [AiEngine] Adaptive time: 3000ms, depth: 4, reason: standard, emergency: false
[DEBUG] 17:12:25.962 [AiEngine] Using JS Search
[DEBUG] 17:12:25.974 [AiEngine] Adaptive time: 3000ms, depth: 4, reason: standard, emergency: false
[DEBUG] 17:12:25.974 [AiEngine] Using JS Search
[DEBUG] 17:12:26.078 [AiEngine] Adaptive time: 3000ms, depth: 4, reason: standard, emergency: false
[DEBUG] 17:12:26.078 [AiEngine] Using JS Search
[DEBUG] 17:12:26.091 [AiEngine] Adaptive time: 3000ms, depth: 4, reason: tactical, emergency: false
[DEBUG] 17:12:26.091 [AiEngine] Using JS Search
[DEBUG] 17:12:26.147 [AiEngine] Adaptive time: 3000ms, depth: 4, reason: standard, emergency: false
[DEBUG] 17:12:26.147 [AiEngine] Using JS Search
[DEBUG] 17:12:26.159 [AiEngine] Adaptive time: 3000ms, depth: 4, reason: standard, emergency: false
[DEBUG] 17:12:26.159 [AiEngine] Using JS Search
[DEBUG] 17:12:26.251 [AiEngine] Adaptive time: 3000ms, depth: 4, reason: standard, emergency: false
[DEBUG] 17:12:26.251 [AiEngine] Using JS Search
[DEBUG] 17:12:26.261 [AiEngine] Adaptive time: 3000ms, depth: 4, reason: in-check, emergency: false
[DEBUG] 17:12:26.261 [AiEngine] Using JS Search
[DEBUG] 17:12:26.270 [AiEngine] Adaptive time: 3000ms, depth: 4, reason: standard, emergency: false
[DEBUG] 17:12:26.270 [AiEngine] Using JS Search
[DEBUG] 17:12:26.281 [AiEngine] Adaptive time: 3000ms, depth: 4, reason: standard, emergency: false
[DEBUG] 17:12:26.281 [AiEngine] Using JS Search
[DEBUG] 17:12:26.299 [AiEngine] Adaptive time: 3000ms, depth: 4, reason: standard, emergency: false
[DEBUG] 17:12:26.299 [AiEngine] Using JS Search
[DEBUG] 17:12:26.309 [AiEngine] Adaptive time: 3000ms, depth: 4, reason: standard, emergency: false
[DEBUG] 17:12:26.309 [AiEngine] Using JS Search
[DEBUG] 17:12:26.312 [AiEngine] Adaptive time: 3000ms, depth: 4, reason: standard, emergency: false
[DEBUG] 17:12:26.312 [AiEngine] Using JS Search
[DEBUG] 17:12:26.318 [AiEngine] Adaptive time: 3000ms, depth: 4, reason: tactical, emergency: false
[DEBUG] 17:12:26.319 [AiEngine] Using JS Search
[DEBUG] 17:12:26.322 [AiEngine] Adaptive time: 3000ms, depth: 4, reason: standard, emergency: false
[DEBUG] 17:12:26.322 [AiEngine] Using JS Search
[DEBUG] 17:12:26.327 [AiEngine] Adaptive time: 3000ms, depth: 4, reason: tactical, emergency: false
[DEBUG] 17:12:26.327 [AiEngine] Using JS Search
[DEBUG] 17:12:26.332 [AiEngine] Adaptive time: 3000ms, depth: 4, reason: endgame, emergency: false
[DEBUG] 17:12:26.332 [AiEngine] Using JS Search
[DEBUG] 17:12:26.336 [AiEngine] Adaptive time: 3000ms, depth: 4, reason: endgame, tactical, emergency: false
[DEBUG] 17:12:26.336 [AiEngine] Using JS Search
[DEBUG] 17:12:26.341 [AiEngine] Adaptive time: 3000ms, depth: 4, reason: endgame, emergency: false
[DEBUG] 17:12:26.341 [AiEngine] Using JS Search
[DEBUG] 17:12:26.347 [AiEngine] Adaptive time: 3000ms, depth: 4, reason: endgame, tactical, emergency: false
[DEBUG] 17:12:26.347 [AiEngine] Using JS Search
[DEBUG] 17:12:26.353 [AiEngine] Adaptive time: 3000ms, depth: 4, reason: endgame, emergency: false
[DEBUG] 17:12:26.353 [AiEngine] Using JS Search
[DEBUG] 17:12:26.353 [AiEngine] Adaptive time: 3000ms, depth: 4, reason: endgame, tactical, emergency: false
[DEBUG] 17:12:26.353 [AiEngine] Using JS Search
[DEBUG] 17:12:26.353 [AiEngine] Adaptive time: 3000ms, depth: 4, reason: endgame, in-check, emergency: false
[DEBUG] 17:12:26.353 [AiEngine] Using JS Search
[DEBUG] 17:12:26.354 [AiEngine] Adaptive time: 500ms, depth: 4, reason: midgame, opening, emergency: false
[DEBUG] 17:12:26.354 [AiEngine] Using JS Search
[DEBUG] 17:12:26.385 [AiEngine] Adaptive time: 500ms, depth: 4, reason: midgame, opening, emergency: false
[DEBUG] 17:12:26.385 [AiEngine] Using JS Search
[DEBUG] 17:12:26.524 [AiEngine] Adaptive time: 500ms, depth: 4, reason: midgame, opening, emergency: false
[DEBUG] 17:12:26.524 [AiEngine] Using JS Search
[DEBUG] 17:12:26.813 [AiEngine] Adaptive time: 500ms, depth: 4, reason: midgame, opening, emergency: false
[DEBUG] 17:12:26.813 [AiEngine] Using JS Search
[DEBUG] 17:12:26.965 [AiEngine] Adaptive time: 500ms, depth: 4, reason: midgame, opening, emergency: false
[DEBUG] 17:12:26.965 [AiEngine] Using JS Search
[DEBUG] 17:12:27.353 [AiEngine] Adaptive time: 500ms, depth: 4, reason: midgame, opening, emergency: false
[DEBUG] 17:12:27.353 [AiEngine] Using JS Search
[DEBUG] 17:12:27.783 [AiEngine] Adaptive time: 500ms, depth: 4, reason: midgame, opening, emergency: false
[DEBUG] 17:12:27.783 [AiEngine] Using JS Search
[DEBUG] 17:12:28.087 [AiEngine] Adaptive time: 500ms, depth: 4, reason: midgame, opening, emergency: false
[DEBUG] 17:12:28.087 [AiEngine] Using JS Search
[DEBUG] 17:12:28.247 [AiEngine] Adaptive time: 500ms, depth: 4, reason: midgame, opening, tactical, emergency: false
[DEBUG] 17:12:28.247 [AiEngine] Using JS Search
[DEBUG] 17:12:28.551 [AiEngine] Adaptive time: 500ms, depth: 4, reason: midgame, opening, emergency: false
[DEBUG] 17:12:28.552 [AiEngine] Using JS Search
[DEBUG] 17:12:28.856 [AiEngine] Adaptive time: 500ms, depth: 4, reason: midgame, opening, tactical, emergency: false
[DEBUG] 17:12:28.856 [AiEngine] Using JS Search
[DEBUG] 17:12:28.924 [AiEngine] Adaptive time: 500ms, depth: 4, reason: midgame, opening, emergency: false
[DEBUG] 17:12:28.924 [AiEngine] Using JS Search
[DEBUG] 17:12:29.110 [AiEngine] Adaptive time: 500ms, depth: 4, reason: midgame, opening, tactical, emergency: false
[DEBUG] 17:12:29.110 [AiEngine] Using JS Search
[DEBUG] 17:12:29.482 [AiEngine] Adaptive time: 500ms, depth: 4, reason: midgame, opening, emergency: false
[DEBUG] 17:12:29.482 [AiEngine] Using JS Search
[DEBUG] 17:12:29.615 [AiEngine] Adaptive time: 500ms, depth: 4, reason: midgame, opening, tactical, emergency: false
[DEBUG] 17:12:29.615 [AiEngine] Using JS Search
[DEBUG] 17:12:30.344 [AiEngine] Adaptive time: 500ms, depth: 4, reason: midgame, opening, tactical, emergency: false
[DEBUG] 17:12:30.345 [AiEngine] Using JS Search
[DEBUG] 17:12:30.698 [AiEngine] Adaptive time: 500ms, depth: 4, reason: midgame, opening, emergency: false
[DEBUG] 17:12:30.698 [AiEngine] Using JS Search
[DEBUG] 17:12:30.814 [AiEngine] Adaptive time: 500ms, depth: 4, reason: midgame, opening, tactical, emergency: false
[DEBUG] 17:12:30.814 [AiEngine] Using JS Search
[DEBUG] 17:12:31.021 [AiEngine] Adaptive time: 500ms, depth: 4, reason: midgame, opening, emergency: false
[DEBUG] 17:12:31.021 [AiEngine] Using JS Search
[DEBUG] 17:12:31.025 [AiEngine] Adaptive time: 500ms, depth: 4, reason: midgame, opening, tactical, emergency: false
[DEBUG] 17:12:31.025 [AiEngine] Using JS Search
[DEBUG] 17:12:31.025 [AiEngine] Adaptive time: 500ms, depth: 4, reason: midgame, opening, in-check, emergency: false
[DEBUG] 17:12:31.025 [AiEngine] Using JS Search
[DEBUG] 17:12:31.025 [AiEngine] Adaptive time: 500ms, depth: 4, reason: midgame, opening, emergency: false
[DEBUG] 17:12:31.025 [AiEngine] Using JS Search
[DEBUG] 17:12:31.090 [AiEngine] Adaptive time: 500ms, depth: 4, reason: midgame, opening, emergency: false
[DEBUG] 17:12:31.090 [AiEngine] Using JS Search
[DEBUG] 17:12:31.256 [AiEngine] Adaptive time: 500ms, depth: 4, reason: midgame, opening, emergency: false
[DEBUG] 17:12:31.256 [AiEngine] Using JS Search
[DEBUG] 17:12:31.527 [AiEngine] Adaptive time: 500ms, depth: 4, reason: midgame, opening, emergency: false
[DEBUG] 17:12:31.527 [AiEngine] Using JS Search
[DEBUG] 17:12:31.671 [AiEngine] Adaptive time: 500ms, depth: 4, reason: midgame, opening, emergency: false
[DEBUG] 17:12:31.671 [AiEngine] Using JS Search
[DEBUG] 17:12:32.039 [AiEngine] Adaptive time: 500ms, depth: 4, reason: midgame, opening, emergency: false
[DEBUG] 17:12:32.039 [AiEngine] Using JS Search
[DEBUG] 17:12:32.416 [AiEngine] Adaptive time: 500ms, depth: 4, reason: midgame, opening, emergency: false
[DEBUG] 17:12:32.416 [AiEngine] Using JS Search
[DEBUG] 17:12:32.562 [AiEngine] Adaptive time: 500ms, depth: 4, reason: midgame, opening, tactical, emergency: false
[DEBUG] 17:12:32.562 [AiEngine] Using JS Search
[DEBUG] 17:12:32.715 [AiEngine] Adaptive time: 500ms, depth: 4, reason: midgame, opening, emergency: false
[DEBUG] 17:12:32.715 [AiEngine] Using JS Search
[DEBUG] 17:12:32.832 [AiEngine] Adaptive time: 500ms, depth: 4, reason: midgame, opening, tactical, emergency: false
[DEBUG] 17:12:32.832 [AiEngine] Using JS Search
[DEBUG] 17:12:32.842 [AiEngine] Adaptive time: 500ms, depth: 4, reason: midgame, opening, emergency: false
[DEBUG] 17:12:32.842 [AiEngine] Using JS Search
[DEBUG] 17:12:32.882 [AiEngine] Adaptive time: 500ms, depth: 4, reason: midgame, opening, tactical, emergency: false
[DEBUG] 17:12:32.882 [AiEngine] Using JS Search
[DEBUG] 17:12:32.883 [AiEngine] Adaptive time: 500ms, depth: 4, reason: midgame, opening, emergency: false
[DEBUG] 17:12:32.884 [AiEngine] Using JS Search
[DEBUG] 17:12:33.060 [AiEngine] Adaptive time: 500ms, depth: 4, reason: midgame, opening, tactical, emergency: false
[DEBUG] 17:12:33.060 [AiEngine] Using JS Search
[DEBUG] 17:12:33.062 [AiEngine] Adaptive time: 500ms, depth: 4, reason: midgame, opening, in-check, emergency: false
[DEBUG] 17:12:33.062 [AiEngine] Using JS Search
[DEBUG] 17:12:33.067 [AiEngine] Adaptive time: 500ms, depth: 4, reason: midgame, opening, tactical, emergency: false
[DEBUG] 17:12:33.067 [AiEngine] Using JS Search
[DEBUG] 17:12:33.070 [AiEngine] Adaptive time: 500ms, depth: 4, reason: midgame, opening, in-check, emergency: false
[DEBUG] 17:12:33.070 [AiEngine] Using JS Search
[DEBUG] 17:12:33.075 [AiEngine] Adaptive time: 500ms, depth: 4, reason: midgame, opening, emergency: false
[DEBUG] 17:12:33.075 [AiEngine] Using JS Search
[DEBUG] 17:12:33.076 [AiEngine] Adaptive time: 500ms, depth: 4, reason: midgame, opening, emergency: false
[DEBUG] 17:12:33.076 [AiEngine] Using JS Search
[DEBUG] 17:12:33.337 [AiEngine] Adaptive time: 500ms, depth: 4, reason: midgame, opening, emergency: false
[DEBUG] 17:12:33.337 [AiEngine] Using JS Search
[DEBUG] 17:12:33.354 [AiEngine] Adaptive time: 500ms, depth: 4, reason: midgame, opening, emergency: false
[DEBUG] 17:12:33.354 [AiEngine] Using JS Search
[DEBUG] 17:12:33.402 [AiEngine] Adaptive time: 500ms, depth: 4, reason: midgame, opening, emergency: false
[DEBUG] 17:12:33.402 [AiEngine] Using JS Search
[DEBUG] 17:12:33.403 [AiEngine] Adaptive time: 500ms, depth: 4, reason: midgame, opening, emergency: false
[DEBUG] 17:12:33.403 [AiEngine] Using JS Search
[DEBUG] 17:12:33.533 [AiEngine] Adaptive time: 500ms, depth: 4, reason: midgame, opening, emergency: false
[DEBUG] 17:12:33.533 [AiEngine] Using JS Search
[DEBUG] 17:12:33.534 [AiEngine] Adaptive time: 500ms, depth: 4, reason: midgame, opening, tactical, emergency: false
[DEBUG] 17:12:33.534 [AiEngine] Using JS Search
[DEBUG] 17:12:33.651 [AiEngine] Adaptive time: 500ms, depth: 4, reason: midgame, opening, tactical, emergency: false
[DEBUG] 17:12:33.651 [AiEngine] Using JS Search
[DEBUG] 17:12:33.652 [AiEngine] Adaptive time: 500ms, depth: 4, reason: midgame, opening, emergency: false
[DEBUG] 17:12:33.652 [AiEngine] Using JS Search
[DEBUG] 17:12:33.783 [AiEngine] Adaptive time: 500ms, depth: 4, reason: midgame, opening, tactical, emergency: false
[DEBUG] 17:12:33.783 [AiEngine] Using JS Search
[DEBUG] 17:12:33.785 [AiEngine] Adaptive time: 500ms, depth: 4, reason: midgame, opening, emergency: false
[DEBUG] 17:12:33.785 [AiEngine] Using JS Search
[DEBUG] 17:12:33.800 [AiEngine] Adaptive time: 500ms, depth: 4, reason: midgame, opening, tactical, emergency: false
[DEBUG] 17:12:33.800 [AiEngine] Using JS Search
[DEBUG] 17:12:33.802 [AiEngine] Adaptive time: 500ms, depth: 4, reason: midgame, opening, in-check, emergency: false
[DEBUG] 17:12:33.802 [AiEngine] Using JS Search
[DEBUG] 17:12:33.830 [AiEngine] Adaptive time: 500ms, depth: 4, reason: midgame, opening, tactical, emergency: false
[DEBUG] 17:12:33.830 [AiEngine] Using JS Search
[DEBUG] 17:12:33.831 [AiEngine] Adaptive time: 500ms, depth: 4, reason: midgame, opening, emergency: false
[DEBUG] 17:12:33.831 [AiEngine] Using JS Search
[DEBUG] 17:12:33.940 [AiEngine] Adaptive time: 500ms, depth: 4, reason: midgame, opening, tactical, emergency: false
[DEBUG] 17:12:33.940 [AiEngine] Using JS Search
[DEBUG] 17:12:33.941 [AiEngine] Adaptive time: 500ms, depth: 4, reason: midgame, opening, tactical, emergency: false
[DEBUG] 17:12:33.941 [AiEngine] Using JS Search
[DEBUG] 17:12:34.024 [AiEngine] Adaptive time: 500ms, depth: 4, reason: midgame, opening, tactical, emergency: false
[DEBUG] 17:12:34.024 [AiEngine] Using JS Search
[DEBUG] 17:12:34.025 [AiEngine] Adaptive time: 500ms, depth: 4, reason: midgame, opening, emergency: false
[DEBUG] 17:12:34.025 [AiEngine] Using JS Search
[DEBUG] 17:12:34.078 [AiEngine] Adaptive time: 500ms, depth: 4, reason: midgame, opening, tactical, emergency: false
[DEBUG] 17:12:34.078 [AiEngine] Using JS Search
[DEBUG] 17:12:34.079 [AiEngine] Adaptive time: 500ms, depth: 4, reason: midgame, opening, emergency: false
[DEBUG] 17:12:34.079 [AiEngine] Using JS Search
[DEBUG] 17:12:34.134 [AiEngine] Adaptive time: 500ms, depth: 4, reason: opening, emergency: false
[DEBUG] 17:12:34.134 [AiEngine] Using JS Search
[DEBUG] 17:12:34.189 [AiEngine] Adaptive time: 3000ms, depth: 4, reason: standard, emergency: false
[DEBUG] 17:12:34.189 [AiEngine] Using JS Search
[DEBUG] 17:12:34.282 [AiEngine] Adaptive time: 3000ms, depth: 4, reason: standard, emergency: false
[DEBUG] 17:12:34.282 [AiEngine] Using JS Search
[DEBUG] 17:12:34.364 [AiEngine] Adaptive time: 3000ms, depth: 4, reason: standard, emergency: false
[DEBUG] 17:12:34.364 [AiEngine] Using JS Search
[DEBUG] 17:12:34.452 [AiEngine] Adaptive time: 3000ms, depth: 4, reason: standard, emergency: false
[DEBUG] 17:12:34.452 [AiEngine] Using JS Search
[DEBUG] 17:12:34.488 [AiEngine] Adaptive time: 3000ms, depth: 4, reason: standard, emergency: false
[DEBUG] 17:12:34.489 [AiEngine] Using JS Search
[DEBUG] 17:12:34.569 [AiEngine] Adaptive time: 3000ms, depth: 4, reason: standard, emergency: false
[DEBUG] 17:12:34.569 [AiEngine] Using JS Search
[DEBUG] 17:12:34.620 [AiEngine] Adaptive time: 3000ms, depth: 4, reason: standard, emergency: false
[DEBUG] 17:12:34.620 [AiEngine] Using JS Search
[DEBUG] 17:12:34.660 [AiEngine] Adaptive time: 3000ms, depth: 4, reason: standard, emergency: false
[DEBUG] 17:12:34.660 [AiEngine] Using JS Search
[DEBUG] 17:12:34.729 [AiEngine] Adaptive time: 3000ms, depth: 4, reason: standard, emergency: false
[DEBUG] 17:12:34.729 [AiEngine] Using JS Search
[DEBUG] 17:12:34.781 [AiEngine] Adaptive time: 3000ms, depth: 4, reason: standard, emergency: false
[DEBUG] 17:12:34.781 [AiEngine] Using JS Search
[DEBUG] 17:12:34.838 [AiEngine] Adaptive time: 3000ms, depth: 4, reason: standard, emergency: false
[DEBUG] 17:12:34.838 [AiEngine] Using JS Search
[DEBUG] 17:12:34.891 [AiEngine] Adaptive time: 3000ms, depth: 4, reason: standard, emergency: false
[DEBUG] 17:12:34.892 [AiEngine] Using JS Search
[DEBUG] 17:12:34.941 [AiEngine] Adaptive time: 3000ms, depth: 4, reason: standard, emergency: false
[DEBUG] 17:12:34.941 [AiEngine] Using JS Search
[DEBUG] 17:12:35.002 [AiEngine] Adaptive time: 3000ms, depth: 4, reason: standard, emergency: false
[DEBUG] 17:12:35.002 [AiEngine] Using JS Search
[DEBUG] 17:12:35.065 [AiEngine] Adaptive time: 3000ms, depth: 4, reason: in-check, emergency: false
[DEBUG] 17:12:35.065 [AiEngine] Using JS Search
[DEBUG] 17:12:35.113 [AiEngine] Adaptive time: 3000ms, depth: 4, reason: standard, emergency: false
[DEBUG] 17:12:35.113 [AiEngine] Using JS Search
[DEBUG] 17:12:35.115 [AiEngine] Adaptive time: 3000ms, depth: 4, reason: standard, emergency: false
[DEBUG] 17:12:35.115 [AiEngine] Using JS Search
[DEBUG] 17:12:35.163 [AiEngine] Adaptive time: 3000ms, depth: 4, reason: standard, emergency: false
[DEBUG] 17:12:35.163 [AiEngine] Using JS Search
[DEBUG] 17:12:35.189 [AiEngine] Adaptive time: 3000ms, depth: 4, reason: standard, emergency: false
[DEBUG] 17:12:35.189 [AiEngine] Using JS Search
[DEBUG] 17:12:35.247 [AiEngine] Adaptive time: 3000ms, depth: 4, reason: standard, emergency: false
[DEBUG] 17:12:35.247 [AiEngine] Using JS Search
[DEBUG] 17:12:35.274 [AiEngine] Adaptive time: 3000ms, depth: 4, reason: tactical, emergency: false
[DEBUG] 17:12:35.274 [AiEngine] Using JS Search
[DEBUG] 17:12:35.336 [AiEngine] Adaptive time: 3000ms, depth: 4, reason: standard, emergency: false
[DEBUG] 17:12:35.336 [AiEngine] Using JS Search
[DEBUG] 17:12:35.373 [AiEngine] Adaptive time: 3000ms, depth: 4, reason: standard, emergency: false
[DEBUG] 17:12:35.373 [AiEngine] Using JS Search
[DEBUG] 17:12:35.464 [AiEngine] Adaptive time: 3000ms, depth: 4, reason: standard, emergency: false
[DEBUG] 17:12:35.464 [AiEngine] Using JS Search
[DEBUG] 17:12:35.489 [AiEngine] Adaptive time: 3000ms, depth: 4, reason: standard, emergency: false
[DEBUG] 17:12:35.489 [AiEngine] Using JS Search
[DEBUG] 17:12:35.574 [AiEngine] Adaptive time: 3000ms, depth: 4, reason: standard, emergency: false
[DEBUG] 17:12:35.574 [AiEngine] Using JS Search
[DEBUG] 17:12:35.617 [AiEngine] Adaptive time: 3000ms, depth: 4, reason: standard, emergency: false
[DEBUG] 17:12:35.617 [AiEngine] Using JS Search
[DEBUG] 17:12:35.692 [AiEngine] Adaptive time: 3000ms, depth: 4, reason: standard, emergency: false
[DEBUG] 17:12:35.692 [AiEngine] Using JS Search
[DEBUG] 17:12:35.726 [AiEngine] Adaptive time: 3000ms, depth: 4, reason: tactical, emergency: false
[DEBUG] 17:12:35.726 [AiEngine] Using JS Search
[DEBUG] 17:12:35.805 [AiEngine] Adaptive time: 3000ms, depth: 4, reason: standard, emergency: false
[DEBUG] 17:12:35.805 [AiEngine] Using JS Search
[DEBUG] 17:12:35.830 [AiEngine] Adaptive time: 3000ms, depth: 4, reason: tactical, emergency: false
[DEBUG] 17:12:35.831 [AiEngine] Using JS Search
[DEBUG] 17:12:35.882 [AiEngine] Adaptive time: 3000ms, depth: 4, reason: in-check, emergency: false
[DEBUG] 17:12:35.882 [AiEngine] Using JS Search
[DEBUG] 17:12:35.925 [AiEngine] Adaptive time: 3000ms, depth: 4, reason: standard, emergency: false
[DEBUG] 17:12:35.925 [AiEngine] Using JS Search
[DEBUG] 17:12:35.946 [AiEngine] Adaptive time: 3000ms, depth: 4, reason: standard, emergency: false
[DEBUG] 17:12:35.946 [AiEngine] Using JS Search
[DEBUG] 17:12:35.962 [AiEngine] Adaptive time: 3000ms, depth: 4, reason: standard, emergency: false
[DEBUG] 17:12:35.962 [AiEngine] Using JS Search
[DEBUG] 17:12:35.973 [AiEngine] Adaptive time: 3000ms, depth: 4, reason: standard, emergency: false
[DEBUG] 17:12:35.973 [AiEngine] Using JS Search
[DEBUG] 17:12:36.003 [AiEngine] Adaptive time: 3000ms, depth: 4, reason: in-check, emergency: false
[DEBUG] 17:12:36.003 [AiEngine] Using JS Search
[DEBUG] 17:12:36.009 [AiEngine] Adaptive time: 3000ms, depth: 4, reason: tactical, emergency: false
[DEBUG] 17:12:36.009 [AiEngine] Using JS Search
[DEBUG] 17:12:36.045 [AiEngine] Adaptive time: 3000ms, depth: 4, reason: standard, emergency: false
[DEBUG] 17:12:36.045 [AiEngine] Using JS Search
[DEBUG] 17:12:36.051 [AiEngine] Adaptive time: 3000ms, depth: 4, reason: in-check, emergency: false
[DEBUG] 17:12:36.051 [AiEngine] Using JS Search
[DEBUG] 17:12:36.058 [AiEngine] Adaptive time: 3000ms, depth: 4, reason: endgame, emergency: false
[DEBUG] 17:12:36.058 [AiEngine] Using JS Search
[DEBUG] 17:12:36.063 [AiEngine] Adaptive time: 3000ms, depth: 4, reason: endgame, emergency: false
[DEBUG] 17:12:36.064 [AiEngine] Using JS Search
[DEBUG] 17:12:36.093 [AiEngine] Adaptive time: 3000ms, depth: 4, reason: endgame, emergency: false
[DEBUG] 17:12:36.093 [AiEngine] Using JS Search
[DEBUG] 17:12:36.098 [AiEngine] Adaptive time: 3000ms, depth: 4, reason: endgame, tactical, emergency: false
[DEBUG] 17:12:36.098 [AiEngine] Using JS Search
[DEBUG] 17:12:36.123 [AiEngine] Adaptive time: 3000ms, depth: 4, reason: endgame, emergency: false
[DEBUG] 17:12:36.123 [AiEngine] Using JS Search
[DEBUG] 17:12:36.127 [AiEngine] Adaptive time: 3000ms, depth: 4, reason: endgame, tactical, emergency: false
[DEBUG] 17:12:36.127 [AiEngine] Using JS Search
[DEBUG] 17:12:36.131 [AiEngine] Adaptive time: 3000ms, depth: 4, reason: endgame, emergency: false
[DEBUG] 17:12:36.131 [AiEngine] Using JS Search
[DEBUG] 17:12:36.135 [AiEngine] Adaptive time: 3000ms, depth: 4, reason: endgame, emergency: false
[DEBUG] 17:12:36.135 [AiEngine] Using JS Search
[DEBUG] 17:12:36.138 [AiEngine] Adaptive time: 3000ms, depth: 4, reason: endgame, emergency: false
[DEBUG] 17:12:36.138 [AiEngine] Using JS Search
[DEBUG] 17:12:36.141 [AiEngine] Adaptive time: 3000ms, depth: 4, reason: endgame, emergency: false
[DEBUG] 17:12:36.141 [AiEngine] Using JS Search
[DEBUG] 17:12:36.147 [AiEngine] Adaptive time: 3000ms, depth: 4, reason: endgame, emergency: false
[DEBUG] 17:12:36.147 [AiEngine] Using JS Search
[DEBUG] 17:12:36.150 [AiEngine] Adaptive time: 3000ms, depth: 4, reason: endgame, emergency: false
[DEBUG] 17:12:36.150 [AiEngine] Using JS Search
[DEBUG] 17:12:36.152 [AiEngine] Adaptive time: 3000ms, depth: 4, reason: endgame, emergency: false
[DEBUG] 17:12:36.152 [AiEngine] Using JS Search
[DEBUG] 17:12:36.154 [AiEngine] Adaptive time: 3000ms, depth: 4, reason: endgame, emergency: false
[DEBUG] 17:12:36.154 [AiEngine] Using JS Search
[DEBUG] 17:12:36.156 [AiEngine] Adaptive time: 3000ms, depth: 4, reason: endgame, emergency: false
[DEBUG] 17:12:36.156 [AiEngine] Using JS Search
[DEBUG] 17:12:36.159 [AiEngine] Adaptive time: 3000ms, depth: 4, reason: endgame, emergency: false
[DEBUG] 17:12:36.159 [AiEngine] Using JS Search
[DEBUG] 17:12:36.167 [AiEngine] Adaptive time: 3000ms, depth: 4, reason: endgame, emergency: false
[DEBUG] 17:12:36.167 [AiEngine] Using JS Search
[DEBUG] 17:12:36.169 [AiEngine] Adaptive time: 3000ms, depth: 4, reason: endgame, emergency: false
[DEBUG] 17:12:36.169 [AiEngine] Using JS Search
[DEBUG] 17:12:36.193 [AiEngine] Adaptive time: 3000ms, depth: 4, reason: endgame, emergency: false
[DEBUG] 17:12:36.193 [AiEngine] Using JS Search
[DEBUG] 17:12:36.195 [AiEngine] Adaptive time: 3000ms, depth: 4, reason: endgame, emergency: false
[DEBUG] 17:12:36.195 [AiEngine] Using JS Search
[DEBUG] 17:12:36.213 [AiEngine] Adaptive time: 500ms, depth: 4, reason: midgame, opening, emergency: false
[DEBUG] 17:12:36.213 [AiEngine] Using JS Search
[DEBUG] 17:12:36.299 [AiEngine] Adaptive time: 500ms, depth: 4, reason: midgame, opening, emergency: false
[DEBUG] 17:12:36.299 [AiEngine] Using JS Search
[DEBUG] 17:12:36.492 [AiEngine] Adaptive time: 500ms, depth: 4, reason: midgame, opening, emergency: false
[DEBUG] 17:12:36.492 [AiEngine] Using JS Search
[DEBUG] 17:12:36.734 [AiEngine] Adaptive time: 500ms, depth: 4, reason: midgame, opening, emergency: false
[DEBUG] 17:12:36.734 [AiEngine] Using JS Search
[DEBUG] 17:12:37.090 [AiEngine] Adaptive time: 500ms, depth: 4, reason: midgame, opening, emergency: false
[DEBUG] 17:12:37.090 [AiEngine] Using JS Search
[DEBUG] 17:12:37.526 [AiEngine] Adaptive time: 500ms, depth: 4, reason: midgame, opening, emergency: false
[DEBUG] 17:12:37.526 [AiEngine] Using JS Search
[DEBUG] 17:12:37.889 [AiEngine] Adaptive time: 500ms, depth: 4, reason: midgame, opening, tactical, emergency: false
[DEBUG] 17:12:37.889 [AiEngine] Using JS Search
[DEBUG] 17:12:38.101 [AiEngine] Adaptive time: 500ms, depth: 4, reason: midgame, opening, emergency: false
[DEBUG] 17:12:38.101 [AiEngine] Using JS Search
[DEBUG] 17:12:38.419 [AiEngine] Adaptive time: 500ms, depth: 4, reason: midgame, opening, emergency: false
[DEBUG] 17:12:38.419 [AiEngine] Using JS Search
[DEBUG] 17:12:38.552 [AiEngine] Adaptive time: 500ms, depth: 4, reason: midgame, opening, emergency: false
[DEBUG] 17:12:38.553 [AiEngine] Using JS Search
[DEBUG] 17:12:38.769 [AiEngine] Adaptive time: 500ms, depth: 4, reason: midgame, opening, tactical, emergency: false
[DEBUG] 17:12:38.769 [AiEngine] Using JS Search
[DEBUG] 17:12:39.051 [AiEngine] Adaptive time: 500ms, depth: 4, reason: midgame, opening, tactical, emergency: false
[DEBUG] 17:12:39.052 [AiEngine] Using JS Search
[DEBUG] 17:12:39.241 [AiEngine] Adaptive time: 500ms, depth: 4, reason: midgame, opening, tactical, emergency: false
[DEBUG] 17:12:39.241 [AiEngine] Using JS Search
[DEBUG] 17:12:39.627 [AiEngine] Adaptive time: 500ms, depth: 4, reason: midgame, opening, tactical, emergency: false
[DEBUG] 17:12:39.628 [AiEngine] Using JS Search
[DEBUG] 17:12:39.629 [AiEngine] Adaptive time: 500ms, depth: 4, reason: midgame, opening, tactical, emergency: false
[DEBUG] 17:12:39.629 [AiEngine] Using JS Search
[DEBUG] 17:12:40.014 [AiEngine] Adaptive time: 500ms, depth: 4, reason: midgame, opening, emergency: false
[DEBUG] 17:12:40.014 [AiEngine] Using JS Search
[DEBUG] 17:12:40.460 [AiEngine] Adaptive time: 500ms, depth: 4, reason: midgame, opening, tactical, emergency: false
[DEBUG] 17:12:40.460 [AiEngine] Using JS Search
[DEBUG] 17:12:40.677 [AiEngine] Adaptive time: 500ms, depth: 4, reason: midgame, opening, emergency: false
[DEBUG] 17:12:40.677 [AiEngine] Using JS Search
[DEBUG] 17:12:40.892 [AiEngine] Adaptive time: 500ms, depth: 4, reason: midgame, opening, tactical, emergency: false
[DEBUG] 17:12:40.892 [AiEngine] Using JS Search
[DEBUG] 17:12:41.072 [AiEngine] Adaptive time: 500ms, depth: 4, reason: midgame, opening, emergency: false
[DEBUG] 17:12:41.072 [AiEngine] Using JS Search
[DEBUG] 17:12:41.073 [AiEngine] Adaptive time: 500ms, depth: 4, reason: midgame, opening, tactical, emergency: false
[DEBUG] 17:12:41.073 [AiEngine] Using JS Search
[DEBUG] 17:12:41.361 [AiEngine] Adaptive time: 500ms, depth: 4, reason: midgame, opening, emergency: false
[DEBUG] 17:12:41.361 [AiEngine] Using JS Search
[DEBUG] 17:12:41.362 [AiEngine] Adaptive time: 500ms, depth: 4, reason: midgame, opening, tactical, emergency: false
[DEBUG] 17:12:41.362 [AiEngine] Using JS Search
[DEBUG] 17:12:41.534 [AiEngine] Adaptive time: 500ms, depth: 4, reason: midgame, opening, emergency: false
[DEBUG] 17:12:41.534 [AiEngine] Using JS Search
[DEBUG] 17:12:41.536 [AiEngine] Adaptive time: 500ms, depth: 4, reason: midgame, opening, tactical, emergency: false
[DEBUG] 17:12:41.536 [AiEngine] Using JS Search
[DEBUG] 17:12:41.771 [AiEngine] Adaptive time: 500ms, depth: 4, reason: midgame, opening, tactical, emergency: false
[DEBUG] 17:12:41.772 [AiEngine] Using JS Search
[DEBUG] 17:12:41.773 [AiEngine] Adaptive time: 500ms, depth: 4, reason: midgame, opening, tactical, emergency: false
[DEBUG] 17:12:41.773 [AiEngine] Using JS Search
[DEBUG] 17:12:41.976 [AiEngine] Adaptive time: 500ms, depth: 4, reason: midgame, opening, tactical, emergency: false
[DEBUG] 17:12:41.976 [AiEngine] Using JS Search
[DEBUG] 17:12:41.977 [AiEngine] Adaptive time: 500ms, depth: 4, reason: midgame, opening, tactical, emergency: false
[DEBUG] 17:12:41.977 [AiEngine] Using JS Search
[DEBUG] 17:12:42.232 [AiEngine] Adaptive time: 500ms, depth: 4, reason: midgame, opening, emergency: false
[DEBUG] 17:12:42.232 [AiEngine] Using JS Search
[DEBUG] 17:12:42.233 [AiEngine] Adaptive time: 500ms, depth: 4, reason: midgame, opening, tactical, emergency: false
[DEBUG] 17:12:42.234 [AiEngine] Using JS Search
[DEBUG] 17:12:42.652 [AiEngine] Adaptive time: 500ms, depth: 4, reason: midgame, opening, tactical, emergency: false
[DEBUG] 17:12:42.652 [AiEngine] Using JS Search
[DEBUG] 17:12:42.656 [AiEngine] Adaptive time: 500ms, depth: 4, reason: midgame, opening, in-check, emergency: false
[DEBUG] 17:12:42.656 [AiEngine] Using JS Search
[DEBUG] 17:12:42.791 [AiEngine] Adaptive time: 500ms, depth: 4, reason: midgame, opening, emergency: false
[DEBUG] 17:12:42.791 [AiEngine] Using JS Search
[DEBUG] 17:12:42.792 [AiEngine] Adaptive time: 500ms, depth: 4, reason: midgame, opening, tactical, emergency: false
[DEBUG] 17:12:42.792 [AiEngine] Using JS Search
[DEBUG] 17:12:42.976 [AiEngine] Adaptive time: 500ms, depth: 4, reason: midgame, opening, emergency: false
[DEBUG] 17:12:42.976 [AiEngine] Using JS Search
[DEBUG] 17:12:43.131 [AiEngine] Adaptive time: 500ms, depth: 4, reason: midgame, opening, tactical, emergency: false
[DEBUG] 17:12:43.131 [AiEngine] Using JS Search
[DEBUG] 17:12:43.206 [AiEngine] Adaptive time: 500ms, depth: 4, reason: midgame, opening, emergency: false
[DEBUG] 17:12:43.206 [AiEngine] Using JS Search
[DEBUG] 17:12:43.265 [AiEngine] Adaptive time: 500ms, depth: 4, reason: midgame, opening, emergency: false
[DEBUG] 17:12:43.265 [AiEngine] Using JS Search
[DEBUG] 17:12:43.318 [AiEngine] Adaptive time: 500ms, depth: 4, reason: midgame, opening, tactical, emergency: false
[DEBUG] 17:12:43.319 [AiEngine] Using JS Search
[DEBUG] 17:12:43.465 [AiEngine] Adaptive time: 3000ms, depth: 4, reason: midgame, emergency: false
[DEBUG] 17:12:43.465 [AiEngine] Using JS Search
[DEBUG] 17:12:43.487 [AiEngine] Adaptive time: 3000ms, depth: 4, reason: midgame, tactical, emergency: false
[DEBUG] 17:12:43.487 [AiEngine] Using JS Search
[DEBUG] 17:12:43.488 [AiEngine] Adaptive time: 3000ms, depth: 4, reason: midgame, emergency: false
[DEBUG] 17:12:43.489 [AiEngine] Using JS Search
[DEBUG] 17:12:43.584 [AiEngine] Adaptive time: 3000ms, depth: 4, reason: midgame, tactical, emergency: false
[DEBUG] 17:12:43.584 [AiEngine] Using JS Search
[DEBUG] 17:12:43.585 [AiEngine] Adaptive time: 3000ms, depth: 4, reason: midgame, emergency: false
[DEBUG] 17:12:43.585 [AiEngine] Using JS Search
[DEBUG] 17:12:43.714 [AiEngine] Adaptive time: 3000ms, depth: 4, reason: standard, emergency: false
[DEBUG] 17:12:43.714 [AiEngine] Using JS Search
[DEBUG] 17:12:43.715 [AiEngine] Adaptive time: 3000ms, depth: 4, reason: standard, emergency: false
[DEBUG] 17:12:43.715 [AiEngine] Using JS Search
[DEBUG] 17:12:43.858 [AiEngine] Adaptive time: 3000ms, depth: 4, reason: standard, emergency: false
[DEBUG] 17:12:43.858 [AiEngine] Using JS Search
[DEBUG] 17:12:43.945 [AiEngine] Adaptive time: 3000ms, depth: 4, reason: standard, emergency: false
[DEBUG] 17:12:43.945 [AiEngine] Using JS Search
[DEBUG] 17:12:44.000 [AiEngine] Adaptive time: 3000ms, depth: 4, reason: tactical, emergency: false
[DEBUG] 17:12:44.001 [AiEngine] Using JS Search
[DEBUG] 17:12:44.021 [AiEngine] Adaptive time: 3000ms, depth: 4, reason: standard, emergency: false
[DEBUG] 17:12:44.021 [AiEngine] Using JS Search
[DEBUG] 17:12:44.087 [AiEngine] Adaptive time: 3000ms, depth: 4, reason: standard, emergency: false
[DEBUG] 17:12:44.087 [AiEngine] Using JS Search
[DEBUG] 17:12:44.088 [AiEngine] Adaptive time: 3000ms, depth: 4, reason: standard, emergency: false
[DEBUG] 17:12:44.088 [AiEngine] Using JS Search
[DEBUG] 17:12:44.143 [AiEngine] Adaptive time: 3000ms, depth: 4, reason: standard, emergency: false
[DEBUG] 17:12:44.143 [AiEngine] Using JS Search
[DEBUG] 17:12:44.144 [AiEngine] Adaptive time: 3000ms, depth: 4, reason: standard, emergency: false
[DEBUG] 17:12:44.144 [AiEngine] Using JS Search
[DEBUG] 17:12:44.186 [AiEngine] Adaptive time: 3000ms, depth: 4, reason: endgame, emergency: false
[DEBUG] 17:12:44.187 [AiEngine] Using JS Search
[DEBUG] 17:12:44.198 [AiEngine] Adaptive time: 3000ms, depth: 4, reason: endgame, emergency: false
[DEBUG] 17:12:44.198 [AiEngine] Using JS Search
[DEBUG] 17:12:44.317 [AiEngine] Adaptive time: 3000ms, depth: 4, reason: endgame, emergency: false
[DEBUG] 17:12:44.317 [AiEngine] Using JS Search
[DEBUG] 17:12:44.318 [AiEngine] Adaptive time: 3000ms, depth: 4, reason: endgame, emergency: false
[DEBUG] 17:12:44.318 [AiEngine] Using JS Search
[DEBUG] 17:12:44.341 [AiEngine] Adaptive time: 3000ms, depth: 4, reason: endgame, emergency: false
[DEBUG] 17:12:44.341 [AiEngine] Using JS Search
[DEBUG] 17:12:44.346 [AiEngine] Adaptive time: 3000ms, depth: 4, reason: endgame, emergency: false
[DEBUG] 17:12:44.346 [AiEngine] Using JS Search
[DEBUG] 17:12:44.466 [AiEngine] Adaptive time: 3000ms, depth: 4, reason: endgame, emergency: false
[DEBUG] 17:12:44.466 [AiEngine] Using JS Search
[DEBUG] 17:12:44.528 [AiEngine] Adaptive time: 3000ms, depth: 4, reason: endgame, tactical, emergency: false
[DEBUG] 17:12:44.528 [AiEngine] Using JS Search
[DEBUG] 17:12:44.562 [AiEngine] Adaptive time: 3000ms, depth: 4, reason: endgame, emergency: false
[DEBUG] 17:12:44.562 [AiEngine] Using JS Search
[DEBUG] 17:12:44.611 [AiEngine] Adaptive time: 3000ms, depth: 4, reason: endgame, tactical, emergency: false
[DEBUG] 17:12:44.611 [AiEngine] Using JS Search
[DEBUG] 17:12:44.634 [AiEngine] Adaptive time: 3000ms, depth: 4, reason: endgame, emergency: false
[DEBUG] 17:12:44.634 [AiEngine] Using JS Search
[DEBUG] 17:12:44.641 [AiEngine] Adaptive time: 3000ms, depth: 4, reason: endgame, emergency: false
[DEBUG] 17:12:44.641 [AiEngine] Using JS Search
[DEBUG] 17:12:44.647 [AiEngine] Adaptive time: 3000ms, depth: 4, reason: endgame, emergency: false
[DEBUG] 17:12:44.647 [AiEngine] Using JS Search
[DEBUG] 17:12:44.650 [AiEngine] Adaptive time: 3000ms, depth: 4, reason: endgame, emergency: false
[DEBUG] 17:12:44.650 [AiEngine] Using JS Search
[DEBUG] 17:12:44.655 [AiEngine] Adaptive time: 3000ms, depth: 4, reason: endgame, emergency: false
[DEBUG] 17:12:44.655 [AiEngine] Using JS Search
[DEBUG] 17:12:44.656 [AiEngine] Adaptive time: 3000ms, depth: 4, reason: endgame, emergency: false
[DEBUG] 17:12:44.656 [AiEngine] Using JS Search
[DEBUG] 17:12:44.658 [AiEngine] Adaptive time: 3000ms, depth: 4, reason: endgame, tactical, emergency: false
[DEBUG] 17:12:44.658 [AiEngine] Using JS Search
[DEBUG] 17:12:44.660 [AiEngine] Adaptive time: 3000ms, depth: 4, reason: endgame, emergency: false
[DEBUG] 17:12:44.660 [AiEngine] Using JS Search
[DEBUG] 17:12:44.664 [AiEngine] Adaptive time: 3000ms, depth: 4, reason: endgame, emergency: false
[DEBUG] 17:12:44.664 [AiEngine] Using JS Search
[DEBUG] 17:12:44.669 [AiEngine] Adaptive time: 3000ms, depth: 4, reason: endgame, emergency: false
[DEBUG] 17:12:44.669 [AiEngine] Using JS Search
[DEBUG] 17:12:44.671 [AiEngine] Adaptive time: 3000ms, depth: 4, reason: endgame, tactical, emergency: false
[DEBUG] 17:12:44.671 [AiEngine] Using JS Search
[DEBUG] 17:12:44.676 [AiEngine] Adaptive time: 3000ms, depth: 4, reason: endgame, emergency: false
[DEBUG] 17:12:44.676 [AiEngine] Using JS Search
[DEBUG] 17:12:44.678 [AiEngine] Adaptive time: 3000ms, depth: 4, reason: endgame, emergency: false
[DEBUG] 17:12:44.678 [AiEngine] Using JS Search
[DEBUG] 17:12:44.697 [AiEngine] Adaptive time: 3000ms, depth: 4, reason: endgame, emergency: false
[DEBUG] 17:12:44.697 [AiEngine] Using JS Search
[DEBUG] 17:12:44.700 [AiEngine] Adaptive time: 3000ms, depth: 4, reason: endgame, tactical, emergency: false
[DEBUG] 17:12:44.700 [AiEngine] Using JS Search
[DEBUG] 17:12:44.713 [AiEngine] Adaptive time: 3000ms, depth: 4, reason: endgame, emergency: false
[DEBUG] 17:12:44.713 [AiEngine] Using JS Search
[DEBUG] 17:12:44.715 [AiEngine] Adaptive time: 3000ms, depth: 4, reason: endgame, emergency: false
[DEBUG] 17:12:44.715 [AiEngine] Using JS Search
[DEBUG] 17:12:44.719 [AiEngine] Adaptive time: 3000ms, depth: 4, reason: endgame, emergency: false
[DEBUG] 17:12:44.719 [AiEngine] Using JS Search
[DEBUG] 17:12:44.722 [AiEngine] Adaptive time: 3000ms, depth: 4, reason: endgame, tactical, emergency: false
[DEBUG] 17:12:44.722 [AiEngine] Using JS Search
[DEBUG] 17:12:44.725 [AiEngine] Adaptive time: 3000ms, depth: 4, reason: endgame, emergency: false
[DEBUG] 17:12:44.725 [AiEngine] Using JS Search
[DEBUG] 17:12:44.727 [AiEngine] Adaptive time: 3000ms, depth: 4, reason: endgame, emergency: false
[DEBUG] 17:12:44.727 [AiEngine] Using JS Search
[DEBUG] 17:12:44.734 [AiEngine] Adaptive time: 3000ms, depth: 4, reason: endgame, emergency: false
[DEBUG] 17:12:44.734 [AiEngine] Using JS Search
[DEBUG] 17:12:44.737 [AiEngine] Adaptive time: 3000ms, depth: 4, reason: endgame, emergency: false
[DEBUG] 17:12:44.737 [AiEngine] Using JS Search
[DEBUG] 17:12:44.739 [AiEngine] Adaptive time: 3000ms, depth: 4, reason: endgame, emergency: false
[DEBUG] 17:12:44.739 [AiEngine] Using JS Search
[DEBUG] 17:12:44.741 [AiEngine] Adaptive time: 3000ms, depth: 4, reason: endgame, tactical, emergency: false
[DEBUG] 17:12:44.741 [AiEngine] Using JS Search
[DEBUG] 17:12:44.742 [AiEngine] Adaptive time: 3000ms, depth: 4, reason: endgame, emergency: false
[DEBUG] 17:12:44.742 [AiEngine] Using JS Search
[DEBUG] 17:12:44.744 [AiEngine] Adaptive time: 3000ms, depth: 4, reason: endgame, emergency: false
[DEBUG] 17:12:44.744 [AiEngine] Using JS Search
[DEBUG] 17:12:44.751 [AiEngine] Adaptive time: 3000ms, depth: 4, reason: endgame, emergency: false
[DEBUG] 17:12:44.751 [AiEngine] Using JS Search
[DEBUG] 17:12:44.753 [AiEngine] Adaptive time: 3000ms, depth: 4, reason: endgame, tactical, emergency: false
[DEBUG] 17:12:44.753 [AiEngine] Using JS Search
[DEBUG] 17:12:44.784 [AiEngine] Adaptive time: 3000ms, depth: 4, reason: endgame, emergency: false
[DEBUG] 17:12:44.784 [AiEngine] Using JS Search
[DEBUG] 17:12:44.797 [AiEngine] Adaptive time: 3000ms, depth: 4, reason: endgame, emergency: false
[DEBUG] 17:12:44.798 [AiEngine] Using JS Search
[DEBUG] 17:12:44.799 [AiEngine] Adaptive time: 3000ms, depth: 4, reason: endgame, emergency: false
[DEBUG] 17:12:44.799 [AiEngine] Using JS Search
[DEBUG] 17:12:44.810 [AiEngine] Adaptive time: 3000ms, depth: 4, reason: endgame, emergency: false
[DEBUG] 17:12:44.810 [AiEngine] Using JS Search
[DEBUG] 17:12:44.812 [AiEngine] Adaptive time: 3000ms, depth: 4, reason: endgame, emergency: false
[DEBUG] 17:12:44.812 [AiEngine] Using JS Search
[DEBUG] 17:12:44.827 [AiEngine] Adaptive time: 3000ms, depth: 4, reason: endgame, emergency: false
[DEBUG] 17:12:44.827 [AiEngine] Using JS Search
[DEBUG] 17:12:44.829 [AiEngine] Adaptive time: 500ms, depth: 4, reason: midgame, opening, emergency: false
[DEBUG] 17:12:44.829 [AiEngine] Using JS Search
[DEBUG] 17:12:44.849 [AiEngine] Adaptive time: 500ms, depth: 4, reason: midgame, opening, emergency: false
[DEBUG] 17:12:44.849 [AiEngine] Using JS Search
[DEBUG] 17:12:44.850 [AiEngine] Adaptive time: 500ms, depth: 4, reason: midgame, opening, emergency: false
[DEBUG] 17:12:44.850 [AiEngine] Using JS Search
[DEBUG] 17:12:44.850 [AiEngine] Adaptive time: 500ms, depth: 4, reason: midgame, opening, tactical, emergency: false
[DEBUG] 17:12:44.850 [AiEngine] Using JS Search
[DEBUG] 17:12:44.901 [AiEngine] Adaptive time: 500ms, depth: 4, reason: midgame, opening, emergency: false
[DEBUG] 17:12:44.901 [AiEngine] Using JS Search
[DEBUG] 17:12:45.040 [AiEngine] Adaptive time: 500ms, depth: 4, reason: midgame, opening, emergency: false
[DEBUG] 17:12:45.040 [AiEngine] Using JS Search
[DEBUG] 17:12:45.221 [AiEngine] Adaptive time: 500ms, depth: 4, reason: midgame, opening, emergency: false
[DEBUG] 17:12:45.221 [AiEngine] Using JS Search
[DEBUG] 17:12:45.622 [AiEngine] Adaptive time: 500ms, depth: 4, reason: midgame, opening, emergency: false
[DEBUG] 17:12:45.622 [AiEngine] Using JS Search
[DEBUG] 17:12:45.897 [AiEngine] Adaptive time: 500ms, depth: 4, reason: midgame, opening, emergency: false
[DEBUG] 17:12:45.897 [AiEngine] Using JS Search
[DEBUG] 17:12:45.996 [AiEngine] Adaptive time: 500ms, depth: 4, reason: midgame, opening, emergency: false
[DEBUG] 17:12:45.996 [AiEngine] Using JS Search
[DEBUG] 17:12:46.105 [AiEngine] Adaptive time: 500ms, depth: 4, reason: midgame, opening, emergency: false
[DEBUG] 17:12:46.105 [AiEngine] Using JS Search
[DEBUG] 17:12:46.154 [AiEngine] Adaptive time: 500ms, depth: 4, reason: midgame, opening, tactical, emergency: false
[DEBUG] 17:12:46.154 [AiEngine] Using JS Search
[DEBUG] 17:12:46.305 [AiEngine] Adaptive time: 500ms, depth: 4, reason: midgame, opening, emergency: false
[DEBUG] 17:12:46.305 [AiEngine] Using JS Search
[DEBUG] 17:12:46.340 [AiEngine] Adaptive time: 500ms, depth: 4, reason: midgame, opening, tactical, emergency: false
[DEBUG] 17:12:46.340 [AiEngine] Using JS Search
[DEBUG] 17:12:46.385 [AiEngine] Adaptive time: 500ms, depth: 4, reason: midgame, opening, emergency: false
[DEBUG] 17:12:46.385 [AiEngine] Using JS Search
[DEBUG] 17:12:46.577 [AiEngine] Adaptive time: 500ms, depth: 4, reason: midgame, opening, emergency: false
[DEBUG] 17:12:46.577 [AiEngine] Using JS Search
[DEBUG] 17:12:46.714 [AiEngine] Adaptive time: 500ms, depth: 4, reason: midgame, opening, emergency: false
[DEBUG] 17:12:46.714 [AiEngine] Using JS Search
[DEBUG] 17:12:46.897 [AiEngine] Adaptive time: 500ms, depth: 4, reason: midgame, opening, emergency: false
[DEBUG] 17:12:46.897 [AiEngine] Using JS Search
[DEBUG] 17:12:47.160 [AiEngine] Adaptive time: 500ms, depth: 4, reason: midgame, opening, emergency: false
[DEBUG] 17:12:47.160 [AiEngine] Using JS Search
[DEBUG] 17:12:47.245 [AiEngine] Adaptive time: 500ms, depth: 4, reason: midgame, opening, emergency: false
[DEBUG] 17:12:47.245 [AiEngine] Using JS Search
[DEBUG] 17:12:47.490 [AiEngine] Adaptive time: 500ms, depth: 4, reason: midgame, opening, emergency: false
[DEBUG] 17:12:47.490 [AiEngine] Using JS Search
[DEBUG] 17:12:47.653 [AiEngine] Adaptive time: 500ms, depth: 4, reason: midgame, opening, emergency: false
[DEBUG] 17:12:47.653 [AiEngine] Using JS Search
[DEBUG] 17:12:47.907 [AiEngine] Adaptive time: 500ms, depth: 4, reason: midgame, opening, emergency: false
[DEBUG] 17:12:47.907 [AiEngine] Using JS Search
[DEBUG] 17:12:48.016 [AiEngine] Adaptive time: 500ms, depth: 4, reason: midgame, opening, tactical, emergency: false
[DEBUG] 17:12:48.016 [AiEngine] Using JS Search
[DEBUG] 17:12:48.377 [AiEngine] Adaptive time: 500ms, depth: 4, reason: midgame, opening, emergency: false
[DEBUG] 17:12:48.377 [AiEngine] Using JS Search
[DEBUG] 17:12:48.525 [AiEngine] Adaptive time: 500ms, depth: 4, reason: midgame, opening, tactical, emergency: false
[DEBUG] 17:12:48.525 [AiEngine] Using JS Search
[DEBUG] 17:12:48.876 [AiEngine] Adaptive time: 500ms, depth: 4, reason: midgame, opening, emergency: false
[DEBUG] 17:12:48.876 [AiEngine] Using JS Search
[DEBUG] 17:12:48.948 [AiEngine] Adaptive time: 500ms, depth: 4, reason: midgame, opening, tactical, emergency: false
[DEBUG] 17:12:48.948 [AiEngine] Using JS Search
[DEBUG] 17:12:49.018 [AiEngine] Adaptive time: 500ms, depth: 4, reason: midgame, opening, in-check, emergency: false
[DEBUG] 17:12:49.018 [AiEngine] Using JS Search
[DEBUG] 17:12:49.059 [AiEngine] Adaptive time: 500ms, depth: 4, reason: midgame, opening, tactical, emergency: false
[DEBUG] 17:12:49.059 [AiEngine] Using JS Search
[DEBUG] 17:12:49.087 [AiEngine] Adaptive time: 500ms, depth: 4, reason: midgame, opening, emergency: false
[DEBUG] 17:12:49.087 [AiEngine] Using JS Search
[DEBUG] 17:12:49.301 [AiEngine] Adaptive time: 500ms, depth: 4, reason: midgame, opening, tactical, emergency: false
[DEBUG] 17:12:49.302 [AiEngine] Using JS Search
[DEBUG] 17:12:49.542 [AiEngine] Adaptive time: 500ms, depth: 4, reason: midgame, opening, emergency: false
[DEBUG] 17:12:49.542 [AiEngine] Using JS Search
[DEBUG] 17:12:49.690 [AiEngine] Adaptive time: 500ms, depth: 4, reason: midgame, opening, tactical, emergency: false
[DEBUG] 17:12:49.690 [AiEngine] Using JS Search
[DEBUG] 17:12:49.797 [AiEngine] Adaptive time: 500ms, depth: 4, reason: midgame, opening, tactical, emergency: false
[DEBUG] 17:12:49.797 [AiEngine] Using JS Search
[DEBUG] 17:12:49.960 [AiEngine] Adaptive time: 500ms, depth: 4, reason: midgame, opening, in-check, emergency: false
[DEBUG] 17:12:49.960 [AiEngine] Using JS Search
[DEBUG] 17:12:50.149 [AiEngine] Adaptive time: 500ms, depth: 4, reason: midgame, opening, emergency: false
[DEBUG] 17:12:50.149 [AiEngine] Using JS Search
[DEBUG] 17:12:50.283 [AiEngine] Adaptive time: 500ms, depth: 4, reason: midgame, opening, tactical, emergency: false
[DEBUG] 17:12:50.283 [AiEngine] Using JS Search
[DEBUG] 17:12:50.358 [AiEngine] Adaptive time: 500ms, depth: 4, reason: midgame, opening, emergency: false
[DEBUG] 17:12:50.359 [AiEngine] Using JS Search
[DEBUG] 17:12:50.424 [AiEngine] Adaptive time: 500ms, depth: 4, reason: midgame, opening, tactical, emergency: false
[DEBUG] 17:12:50.424 [AiEngine] Using JS Search
[DEBUG] 17:12:50.485 [AiEngine] Adaptive time: 3000ms, depth: 4, reason: midgame, emergency: false
[DEBUG] 17:12:50.485 [AiEngine] Using JS Search
[DEBUG] 17:12:50.523 [AiEngine] Adaptive time: 3000ms, depth: 4, reason: midgame, tactical, emergency: false
[DEBUG] 17:12:50.523 [AiEngine] Using JS Search
[DEBUG] 17:12:50.536 [AiEngine] Adaptive time: 3000ms, depth: 4, reason: midgame, emergency: false
[DEBUG] 17:12:50.536 [AiEngine] Using JS Search
[DEBUG] 17:12:50.567 [AiEngine] Adaptive time: 3000ms, depth: 4, reason: midgame, tactical, emergency: false
[DEBUG] 17:12:50.568 [AiEngine] Using JS Search
[DEBUG] 17:12:50.619 [AiEngine] Adaptive time: 3000ms, depth: 4, reason: midgame, in-check, emergency: false
[DEBUG] 17:12:50.619 [AiEngine] Using JS Search
[DEBUG] 17:12:50.627 [AiEngine] Adaptive time: 3000ms, depth: 4, reason: midgame, tactical, emergency: false
[DEBUG] 17:12:50.627 [AiEngine] Using JS Search
[DEBUG] 17:12:50.698 [AiEngine] Adaptive time: 3000ms, depth: 4, reason: midgame, emergency: false
[DEBUG] 17:12:50.698 [AiEngine] Using JS Search
[DEBUG] 17:12:50.720 [AiEngine] Adaptive time: 3000ms, depth: 4, reason: midgame, tactical, emergency: false
[DEBUG] 17:12:50.720 [AiEngine] Using JS Search
[DEBUG] 17:12:50.744 [AiEngine] Adaptive time: 3000ms, depth: 4, reason: midgame, emergency: false
[DEBUG] 17:12:50.744 [AiEngine] Using JS Search
[DEBUG] 17:12:50.761 [AiEngine] Adaptive time: 3000ms, depth: 4, reason: midgame, tactical, emergency: false
[DEBUG] 17:12:50.761 [AiEngine] Using JS Search
[DEBUG] 17:12:50.827 [AiEngine] Adaptive time: 3000ms, depth: 4, reason: midgame, emergency: false
[DEBUG] 17:12:50.827 [AiEngine] Using JS Search
[DEBUG] 17:12:50.842 [AiEngine] Adaptive time: 3000ms, depth: 4, reason: midgame, tactical, emergency: false
[DEBUG] 17:12:50.842 [AiEngine] Using JS Search
[DEBUG] 17:12:50.883 [AiEngine] Adaptive time: 3000ms, depth: 4, reason: standard, emergency: false
[DEBUG] 17:12:50.883 [AiEngine] Using JS Search
[DEBUG] 17:12:50.896 [AiEngine] Adaptive time: 3000ms, depth: 4, reason: tactical, emergency: false
[DEBUG] 17:12:50.897 [AiEngine] Using JS Search
[DEBUG] 17:12:50.898 [AiEngine] Adaptive time: 3000ms, depth: 4, reason: standard, emergency: false
[DEBUG] 17:12:50.898 [AiEngine] Using JS Search
[DEBUG] 17:12:50.979 [AiEngine] Adaptive time: 3000ms, depth: 4, reason: tactical, emergency: false
[DEBUG] 17:12:50.979 [AiEngine] Using JS Search
[DEBUG] 17:12:50.979 [AiEngine] Adaptive time: 3000ms, depth: 4, reason: standard, emergency: false
[DEBUG] 17:12:50.980 [AiEngine] Using JS Search
[DEBUG] 17:12:51.021 [AiEngine] Adaptive time: 3000ms, depth: 4, reason: tactical, emergency: false
[DEBUG] 17:12:51.021 [AiEngine] Using JS Search
[DEBUG] 17:12:51.022 [AiEngine] Adaptive time: 3000ms, depth: 4, reason: standard, emergency: false
[DEBUG] 17:12:51.022 [AiEngine] Using JS Search
[DEBUG] 17:12:51.082 [AiEngine] Adaptive time: 3000ms, depth: 4, reason: tactical, emergency: false
[DEBUG] 17:12:51.082 [AiEngine] Using JS Search
[DEBUG] 17:12:51.083 [AiEngine] Adaptive time: 3000ms, depth: 4, reason: standard, emergency: false
[DEBUG] 17:12:51.083 [AiEngine] Using JS Search
[DEBUG] 17:12:51.163 [AiEngine] Adaptive time: 3000ms, depth: 4, reason: tactical, emergency: false
[DEBUG] 17:12:51.163 [AiEngine] Using JS Search
[DEBUG] 17:12:51.163 [AiEngine] Adaptive time: 3000ms, depth: 4, reason: standard, emergency: false
[DEBUG] 17:12:51.163 [AiEngine] Using JS Search
[DEBUG] 17:12:51.230 [AiEngine] Adaptive time: 3000ms, depth: 4, reason: standard, emergency: false
[DEBUG] 17:12:51.230 [AiEngine] Using JS Search
[DEBUG] 17:12:51.230 [AiEngine] Adaptive time: 3000ms, depth: 4, reason: standard, emergency: false
[DEBUG] 17:12:51.230 [AiEngine] Using JS Search
[DEBUG] 17:12:51.317 [AiEngine] Adaptive time: 3000ms, depth: 4, reason: standard, emergency: false
[DEBUG] 17:12:51.318 [AiEngine] Using JS Search
[DEBUG] 17:12:51.318 [AiEngine] Adaptive time: 3000ms, depth: 4, reason: tactical, emergency: false
[DEBUG] 17:12:51.318 [AiEngine] Using JS Search
[DEBUG] 17:12:51.363 [AiEngine] Adaptive time: 3000ms, depth: 4, reason: standard, emergency: false
[DEBUG] 17:12:51.363 [AiEngine] Using JS Search
[DEBUG] 17:12:51.374 [AiEngine] Adaptive time: 3000ms, depth: 4, reason: standard, emergency: false
[DEBUG] 17:12:51.374 [AiEngine] Using JS Search
[DEBUG] 17:12:51.448 [AiEngine] Adaptive time: 3000ms, depth: 4, reason: standard, emergency: false
[DEBUG] 17:12:51.448 [AiEngine] Using JS Search
[DEBUG] 17:12:51.450 [AiEngine] Adaptive time: 3000ms, depth: 4, reason: standard, emergency: false
[DEBUG] 17:12:51.451 [AiEngine] Using JS Search
[DEBUG] 17:12:51.489 [AiEngine] Adaptive time: 3000ms, depth: 4, reason: standard, emergency: false
[DEBUG] 17:12:51.489 [AiEngine] Using JS Search
[DEBUG] 17:12:51.513 [AiEngine] Adaptive time: 3000ms, depth: 4, reason: standard, emergency: false
[DEBUG] 17:12:51.514 [AiEngine] Using JS Search
[DEBUG] 17:12:51.543 [AiEngine] Adaptive time: 3000ms, depth: 4, reason: endgame, emergency: false
[DEBUG] 17:12:51.543 [AiEngine] Using JS Search
[DEBUG] 17:12:51.576 [AiEngine] Adaptive time: 3000ms, depth: 4, reason: endgame, emergency: false
[DEBUG] 17:12:51.576 [AiEngine] Using JS Search
[DEBUG] 17:12:51.604 [AiEngine] Adaptive time: 3000ms, depth: 4, reason: endgame, emergency: false
[DEBUG] 17:12:51.604 [AiEngine] Using JS Search
[DEBUG] 17:12:51.618 [AiEngine] Adaptive time: 3000ms, depth: 4, reason: endgame, emergency: false
[DEBUG] 17:12:51.618 [AiEngine] Using JS Search
[DEBUG] 17:12:51.655 [AiEngine] Adaptive time: 3000ms, depth: 4, reason: endgame, emergency: false
[DEBUG] 17:12:51.655 [AiEngine] Using JS Search
[DEBUG] 17:12:51.679 [AiEngine] Adaptive time: 3000ms, depth: 4, reason: endgame, emergency: false
[DEBUG] 17:12:51.679 [AiEngine] Using JS Search
[DEBUG] 17:12:51.703 [AiEngine] Adaptive time: 3000ms, depth: 4, reason: endgame, tactical, emergency: false
[DEBUG] 17:12:51.703 [AiEngine] Using JS Search
[DEBUG] 17:12:51.739 [AiEngine] Adaptive time: 3000ms, depth: 4, reason: endgame, emergency: false
[DEBUG] 17:12:51.739 [AiEngine] Using JS Search
[DEBUG] 17:12:51.757 [AiEngine] Adaptive time: 3000ms, depth: 4, reason: endgame, tactical, emergency: false
[DEBUG] 17:12:51.757 [AiEngine] Using JS Search
[DEBUG] 17:12:51.781 [AiEngine] Adaptive time: 3000ms, depth: 4, reason: endgame, in-check, emergency: false
[DEBUG] 17:12:51.781 [AiEngine] Using JS Search
[DEBUG] 17:12:51.833 [AiEngine] Adaptive time: 3000ms, depth: 4, reason: endgame, emergency: false
[DEBUG] 17:12:51.833 [AiEngine] Using JS Search
[DEBUG] 17:12:51.844 [AiEngine] Adaptive time: 3000ms, depth: 4, reason: endgame, emergency: false
[DEBUG] 17:12:51.844 [AiEngine] Using JS Search
[DEBUG] 17:12:51.860 [AiEngine] Adaptive time: 3000ms, depth: 4, reason: endgame, emergency: false
[DEBUG] 17:12:51.860 [AiEngine] Using JS Search
[DEBUG] 17:12:51.868 [AiEngine] Adaptive time: 3000ms, depth: 4, reason: endgame, emergency: false
[DEBUG] 17:12:51.868 [AiEngine] Using JS Search
[DEBUG] 17:12:51.889 [AiEngine] Adaptive time: 3000ms, depth: 4, reason: endgame, emergency: false
[DEBUG] 17:12:51.889 [AiEngine] Using JS Search
[DEBUG] 17:12:51.896 [AiEngine] Adaptive time: 3000ms, depth: 4, reason: endgame, emergency: false
[DEBUG] 17:12:51.896 [AiEngine] Using JS Search
[DEBUG] 17:12:51.917 [AiEngine] Adaptive time: 3000ms, depth: 4, reason: endgame, emergency: false
[DEBUG] 17:12:51.917 [AiEngine] Using JS Search
[DEBUG] 17:12:51.931 [AiEngine] Adaptive time: 3000ms, depth: 4, reason: endgame, emergency: false
[DEBUG] 17:12:51.931 [AiEngine] Using JS Search
[DEBUG] 17:12:51.965 [AiEngine] Adaptive time: 3000ms, depth: 4, reason: endgame, emergency: false
[DEBUG] 17:12:51.965 [AiEngine] Using JS Search
[DEBUG] 17:12:51.978 [AiEngine] Adaptive time: 3000ms, depth: 4, reason: endgame, emergency: false
[DEBUG] 17:12:51.978 [AiEngine] Using JS Search
[DEBUG] 17:12:52.001 [AiEngine] Adaptive time: 3000ms, depth: 4, reason: endgame, emergency: false
[DEBUG] 17:12:52.001 [AiEngine] Using JS Search
[DEBUG] 17:12:52.010 [AiEngine] Adaptive time: 3000ms, depth: 4, reason: endgame, emergency: false
[DEBUG] 17:12:52.010 [AiEngine] Using JS Search
[DEBUG] 17:12:52.031 [AiEngine] Adaptive time: 3000ms, depth: 4, reason: endgame, emergency: false
[DEBUG] 17:12:52.031 [AiEngine] Using JS Search
[DEBUG] 17:12:52.037 [AiEngine] Adaptive time: 3000ms, depth: 4, reason: endgame, emergency: false
[DEBUG] 17:12:52.037 [AiEngine] Using JS Search
[DEBUG] 17:12:52.050 [AiEngine] Adaptive time: 3000ms, depth: 4, reason: endgame, emergency: false
[DEBUG] 17:12:52.050 [AiEngine] Using JS Search
[DEBUG] 17:12:52.061 [AiEngine] Adaptive time: 3000ms, depth: 4, reason: endgame, emergency: false
[DEBUG] 17:12:52.061 [AiEngine] Using JS Search
[DEBUG] 17:12:52.083 [AiEngine] Adaptive time: 3000ms, depth: 4, reason: endgame, emergency: false
[DEBUG] 17:12:52.083 [AiEngine] Using JS Search
[DEBUG] 17:12:52.091 [AiEngine] Adaptive time: 500ms, depth: 4, reason: midgame, opening, emergency: false
[DEBUG] 17:12:52.091 [AiEngine] Using JS Search
[DEBUG] 17:12:52.091 [AiEngine] Adaptive time: 500ms, depth: 4, reason: midgame, opening, emergency: false
[DEBUG] 17:12:52.091 [AiEngine] Using JS Search
[DEBUG] 17:12:52.091 [AiEngine] Adaptive time: 500ms, depth: 4, reason: midgame, opening, emergency: false
[DEBUG] 17:12:52.091 [AiEngine] Using JS Search
[DEBUG] 17:12:52.092 [AiEngine] Adaptive time: 500ms, depth: 4, reason: midgame, opening, tactical, emergency: false
[DEBUG] 17:12:52.092 [AiEngine] Using JS Search
[DEBUG] 17:12:52.160 [AiEngine] Adaptive time: 500ms, depth: 4, reason: midgame, opening, emergency: false
[DEBUG] 17:12:52.160 [AiEngine] Using JS Search
[DEBUG] 17:12:52.348 [AiEngine] Adaptive time: 500ms, depth: 4, reason: midgame, opening, emergency: false
[DEBUG] 17:12:52.348 [AiEngine] Using JS Search
[DEBUG] 17:12:52.432 [AiEngine] Adaptive time: 500ms, depth: 4, reason: midgame, opening, emergency: false
[DEBUG] 17:12:52.432 [AiEngine] Using JS Search
[DEBUG] 17:12:52.674 [AiEngine] Adaptive time: 500ms, depth: 4, reason: midgame, opening, emergency: false
[DEBUG] 17:12:52.674 [AiEngine] Using JS Search
[DEBUG] 17:12:52.842 [AiEngine] Adaptive time: 500ms, depth: 4, reason: midgame, opening, tactical, emergency: false
[DEBUG] 17:12:52.842 [AiEngine] Using JS Search
[DEBUG] 17:12:53.215 [AiEngine] Adaptive time: 500ms, depth: 4, reason: midgame, opening, emergency: false
[DEBUG] 17:12:53.215 [AiEngine] Using JS Search
[DEBUG] 17:12:53.397 [AiEngine] Adaptive time: 500ms, depth: 4, reason: midgame, opening, tactical, emergency: false
[DEBUG] 17:12:53.398 [AiEngine] Using JS Search
[DEBUG] 17:12:53.595 [AiEngine] Adaptive time: 500ms, depth: 4, reason: midgame, opening, emergency: false
[DEBUG] 17:12:53.596 [AiEngine] Using JS Search
[DEBUG] 17:12:53.922 [AiEngine] Adaptive time: 500ms, depth: 4, reason: midgame, opening, tactical, emergency: false
[DEBUG] 17:12:53.922 [AiEngine] Using JS Search
[DEBUG] 17:12:54.114 [AiEngine] Adaptive time: 500ms, depth: 4, reason: midgame, opening, emergency: false
[DEBUG] 17:12:54.114 [AiEngine] Using JS Search
[DEBUG] 17:12:54.281 [AiEngine] Adaptive time: 500ms, depth: 4, reason: midgame, opening, tactical, emergency: false
[DEBUG] 17:12:54.281 [AiEngine] Using JS Search
[DEBUG] 17:12:54.617 [AiEngine] Adaptive time: 500ms, depth: 4, reason: midgame, opening, tactical, emergency: false
[DEBUG] 17:12:54.617 [AiEngine] Using JS Search
[DEBUG] 17:12:55.574 [AiEngine] Adaptive time: 500ms, depth: 4, reason: midgame, opening, tactical, emergency: false
[DEBUG] 17:12:55.574 [AiEngine] Using JS Search
[DEBUG] 17:12:55.791 [AiEngine] Adaptive time: 500ms, depth: 4, reason: midgame, opening, emergency: false
[DEBUG] 17:12:55.791 [AiEngine] Using JS Search
[DEBUG] 17:12:55.965 [AiEngine] Adaptive time: 500ms, depth: 4, reason: midgame, opening, tactical, emergency: false
[DEBUG] 17:12:55.965 [AiEngine] Using JS Search
[DEBUG] 17:12:56.298 [AiEngine] Adaptive time: 500ms, depth: 4, reason: midgame, opening, tactical, emergency: false
[DEBUG] 17:12:56.298 [AiEngine] Using JS Search
[DEBUG] 17:12:56.644 [AiEngine] Adaptive time: 500ms, depth: 4, reason: midgame, opening, tactical, emergency: false
[DEBUG] 17:12:56.644 [AiEngine] Using JS Search
[DEBUG] 17:12:57.098 [AiEngine] Adaptive time: 500ms, depth: 4, reason: midgame, opening, tactical, emergency: false
[DEBUG] 17:12:57.098 [AiEngine] Using JS Search
[DEBUG] 17:12:57.318 [AiEngine] Adaptive time: 500ms, depth: 4, reason: midgame, opening, tactical, emergency: false
[DEBUG] 17:12:57.318 [AiEngine] Using JS Search
[DEBUG] 17:12:57.685 [AiEngine] Adaptive time: 500ms, depth: 4, reason: midgame, opening, tactical, emergency: false
[DEBUG] 17:12:57.685 [AiEngine] Using JS Search
[DEBUG] 17:12:57.888 [AiEngine] Adaptive time: 500ms, depth: 4, reason: midgame, opening, tactical, emergency: false
[DEBUG] 17:12:57.888 [AiEngine] Using JS Search
[DEBUG] 17:12:58.024 [AiEngine] Adaptive time: 500ms, depth: 4, reason: midgame, opening, tactical, emergency: false
[DEBUG] 17:12:58.024 [AiEngine] Using JS Search
[DEBUG] 17:12:58.143 [AiEngine] Adaptive time: 500ms, depth: 4, reason: midgame, opening, tactical, emergency: false
[DEBUG] 17:12:58.143 [AiEngine] Using JS Search
[DEBUG] 17:12:58.351 [AiEngine] Adaptive time: 500ms, depth: 4, reason: midgame, opening, tactical, emergency: false
[DEBUG] 17:12:58.351 [AiEngine] Using JS Search
[DEBUG] 17:12:58.534 [AiEngine] Adaptive time: 500ms, depth: 4, reason: midgame, opening, tactical, emergency: false
[DEBUG] 17:12:58.534 [AiEngine] Using JS Search
[DEBUG] 17:12:58.620 [AiEngine] Adaptive time: 500ms, depth: 4, reason: midgame, opening, in-check, emergency: false
[DEBUG] 17:12:58.620 [AiEngine] Using JS Search
[DEBUG] 17:12:58.642 [AiEngine] Adaptive time: 500ms, depth: 4, reason: midgame, opening, tactical, emergency: false
[DEBUG] 17:12:58.642 [AiEngine] Using JS Search
[DEBUG] 17:12:58.712 [AiEngine] Adaptive time: 500ms, depth: 4, reason: midgame, opening, emergency: false
[DEBUG] 17:12:58.712 [AiEngine] Using JS Search
[DEBUG] 17:12:58.767 [AiEngine] Adaptive time: 500ms, depth: 4, reason: midgame, opening, emergency: false
[DEBUG] 17:12:58.767 [AiEngine] Using JS Search
[DEBUG] 17:12:58.987 [AiEngine] Adaptive time: 500ms, depth: 4, reason: midgame, opening, emergency: false
[DEBUG] 17:12:58.987 [AiEngine] Using JS Search
[DEBUG] 17:12:59.149 [AiEngine] Adaptive time: 500ms, depth: 4, reason: midgame, opening, emergency: false
[DEBUG] 17:12:59.149 [AiEngine] Using JS Search
[DEBUG] 17:12:59.284 [AiEngine] Adaptive time: 500ms, depth: 4, reason: midgame, opening, emergency: false
[DEBUG] 17:12:59.284 [AiEngine] Using JS Search
[DEBUG] 17:12:59.444 [AiEngine] Adaptive time: 500ms, depth: 4, reason: midgame, opening, tactical, emergency: false
[DEBUG] 17:12:59.444 [AiEngine] Using JS Search
[DEBUG] 17:12:59.732 [AiEngine] Adaptive time: 500ms, depth: 4, reason: midgame, opening, emergency: false
[DEBUG] 17:12:59.732 [AiEngine] Using JS Search
[DEBUG] 17:12:59.884 [AiEngine] Adaptive time: 500ms, depth: 4, reason: midgame, opening, tactical, emergency: false
[DEBUG] 17:12:59.884 [AiEngine] Using JS Search
[DEBUG] 17:13:00.187 [AiEngine] Adaptive time: 500ms, depth: 4, reason: midgame, opening, emergency: false
[DEBUG] 17:13:00.187 [AiEngine] Using JS Search
[DEBUG] 17:13:00.338 [AiEngine] Adaptive time: 3000ms, depth: 4, reason: midgame, tactical, emergency: false
[DEBUG] 17:13:00.338 [AiEngine] Using JS Search
[DEBUG] 17:13:00.649 [AiEngine] Adaptive time: 3000ms, depth: 4, reason: midgame, emergency: false
[DEBUG] 17:13:00.650 [AiEngine] Using JS Search
[DEBUG] 17:13:00.803 [AiEngine] Adaptive time: 3000ms, depth: 4, reason: midgame, tactical, emergency: false
[DEBUG] 17:13:00.803 [AiEngine] Using JS Search
[DEBUG] 17:13:01.081 [AiEngine] Adaptive time: 3000ms, depth: 4, reason: midgame, emergency: false
[DEBUG] 17:13:01.081 [AiEngine] Using JS Search
[DEBUG] 17:13:01.343 [AiEngine] Adaptive time: 3000ms, depth: 4, reason: midgame, tactical, emergency: false
[DEBUG] 17:13:01.343 [AiEngine] Using JS Search
[DEBUG] 17:13:01.520 [AiEngine] Adaptive time: 3000ms, depth: 4, reason: midgame, emergency: false
[DEBUG] 17:13:01.520 [AiEngine] Using JS Search
[DEBUG] 17:13:01.664 [AiEngine] Adaptive time: 3000ms, depth: 4, reason: midgame, tactical, emergency: false
[DEBUG] 17:13:01.664 [AiEngine] Using JS Search
[DEBUG] 17:13:01.897 [AiEngine] Adaptive time: 3000ms, depth: 4, reason: midgame, emergency: false
[DEBUG] 17:13:01.897 [AiEngine] Using JS Search
[DEBUG] 17:13:02.035 [AiEngine] Adaptive time: 3000ms, depth: 4, reason: midgame, tactical, emergency: false
[DEBUG] 17:13:02.035 [AiEngine] Using JS Search
[DEBUG] 17:13:02.386 [AiEngine] Adaptive time: 3000ms, depth: 4, reason: midgame, emergency: false
[DEBUG] 17:13:02.386 [AiEngine] Using JS Search
[DEBUG] 17:13:02.530 [AiEngine] Adaptive time: 3000ms, depth: 4, reason: midgame, tactical, emergency: false
[DEBUG] 17:13:02.530 [AiEngine] Using JS Search
[DEBUG] 17:13:02.808 [AiEngine] Adaptive time: 3000ms, depth: 4, reason: midgame, emergency: false
[DEBUG] 17:13:02.808 [AiEngine] Using JS Search
[DEBUG] 17:13:02.946 [AiEngine] Adaptive time: 3000ms, depth: 4, reason: midgame, tactical, emergency: false
[DEBUG] 17:13:02.946 [AiEngine] Using JS Search
[DEBUG] 17:13:03.350 [AiEngine] Adaptive time: 3000ms, depth: 4, reason: midgame, emergency: false
[DEBUG] 17:13:03.350 [AiEngine] Using JS Search
[DEBUG] 17:13:03.498 [AiEngine] Adaptive time: 3000ms, depth: 4, reason: midgame, tactical, emergency: false
[DEBUG] 17:13:03.498 [AiEngine] Using JS Search
[DEBUG] 17:13:03.773 [AiEngine] Adaptive time: 3000ms, depth: 4, reason: midgame, emergency: false
[DEBUG] 17:13:03.773 [AiEngine] Using JS Search
[DEBUG] 17:13:03.965 [AiEngine] Adaptive time: 3000ms, depth: 4, reason: midgame, tactical, emergency: false
[DEBUG] 17:13:03.965 [AiEngine] Using JS Search
[DEBUG] 17:13:04.345 [AiEngine] Adaptive time: 3000ms, depth: 4, reason: midgame, emergency: false
[DEBUG] 17:13:04.345 [AiEngine] Using JS Search
[DEBUG] 17:13:04.512 [AiEngine] Adaptive time: 3000ms, depth: 4, reason: midgame, tactical, emergency: false
[DEBUG] 17:13:04.512 [AiEngine] Using JS Search
[DEBUG] 17:13:04.804 [AiEngine] Adaptive time: 3000ms, depth: 4, reason: midgame, emergency: false
[DEBUG] 17:13:04.804 [AiEngine] Using JS Search
[DEBUG] 17:13:04.974 [AiEngine] Adaptive time: 3000ms, depth: 4, reason: midgame, tactical, emergency: false
[DEBUG] 17:13:04.974 [AiEngine] Using JS Search
[DEBUG] 17:13:05.221 [AiEngine] Adaptive time: 3000ms, depth: 4, reason: midgame, emergency: false
[DEBUG] 17:13:05.221 [AiEngine] Using JS Search
[DEBUG] 17:13:05.428 [AiEngine] Adaptive time: 3000ms, depth: 4, reason: midgame, tactical, emergency: false
[DEBUG] 17:13:05.428 [AiEngine] Using JS Search
[DEBUG] 17:13:05.776 [AiEngine] Adaptive time: 3000ms, depth: 4, reason: midgame, emergency: false
[DEBUG] 17:13:05.776 [AiEngine] Using JS Search
[DEBUG] 17:13:05.974 [AiEngine] Adaptive time: 3000ms, depth: 4, reason: midgame, tactical, emergency: false
[DEBUG] 17:13:05.974 [AiEngine] Using JS Search
[DEBUG] 17:13:06.621 [AiEngine] Adaptive time: 3000ms, depth: 4, reason: midgame, emergency: false
[DEBUG] 17:13:06.621 [AiEngine] Using JS Search
[DEBUG] 17:13:06.797 [AiEngine] Adaptive time: 500ms, depth: 4, reason: midgame, opening, emergency: false
[DEBUG] 17:13:06.797 [AiEngine] Using JS Search
[DEBUG] 17:13:06.797 [AiEngine] Adaptive time: 500ms, depth: 4, reason: midgame, opening, emergency: false
[DEBUG] 17:13:06.797 [AiEngine] Using JS Search
[DEBUG] 17:13:06.798 [AiEngine] Adaptive time: 500ms, depth: 4, reason: midgame, opening, emergency: false
[DEBUG] 17:13:06.798 [AiEngine] Using JS Search
[DEBUG] 17:13:06.798 [AiEngine] Adaptive time: 500ms, depth: 4, reason: midgame, opening, tactical, emergency: false
[DEBUG] 17:13:06.798 [AiEngine] Using JS Search
[DEBUG] 17:13:06.842 [AiEngine] Adaptive time: 500ms, depth: 4, reason: midgame, opening, emergency: false
[DEBUG] 17:13:06.842 [AiEngine] Using JS Search
[DEBUG] 17:13:06.942 [AiEngine] Adaptive time: 500ms, depth: 4, reason: midgame, opening, tactical, emergency: false
[DEBUG] 17:13:06.942 [AiEngine] Using JS Search
[DEBUG] 17:13:07.032 [AiEngine] Adaptive time: 500ms, depth: 4, reason: midgame, opening, emergency: false
[DEBUG] 17:13:07.032 [AiEngine] Using JS Search
[DEBUG] 17:13:07.077 [AiEngine] Adaptive time: 500ms, depth: 4, reason: midgame, opening, tactical, emergency: false
[DEBUG] 17:13:07.077 [AiEngine] Using JS Search
[DEBUG] 17:13:07.181 [AiEngine] Adaptive time: 500ms, depth: 4, reason: midgame, opening, emergency: false
[DEBUG] 17:13:07.181 [AiEngine] Using JS Search
[DEBUG] 17:13:07.283 [AiEngine] Adaptive time: 500ms, depth: 4, reason: midgame, opening, emergency: false
[DEBUG] 17:13:07.283 [AiEngine] Using JS Search
[DEBUG] 17:13:07.287 [AiEngine] Adaptive time: 500ms, depth: 4, reason: midgame, opening, emergency: false
[DEBUG] 17:13:07.287 [AiEngine] Using JS Search
[DEBUG] 17:13:07.439 [AiEngine] Adaptive time: 500ms, depth: 4, reason: midgame, opening, emergency: false
[DEBUG] 17:13:07.439 [AiEngine] Using JS Search
[DEBUG] 17:13:07.589 [AiEngine] Adaptive time: 500ms, depth: 4, reason: midgame, opening, emergency: false
[DEBUG] 17:13:07.589 [AiEngine] Using JS Search
[DEBUG] 17:13:08.072 [AiEngine] Adaptive time: 500ms, depth: 4, reason: midgame, opening, emergency: false
[DEBUG] 17:13:08.072 [AiEngine] Using JS Search
[DEBUG] 17:13:08.295 [AiEngine] Adaptive time: 500ms, depth: 4, reason: midgame, opening, emergency: false
[DEBUG] 17:13:08.295 [AiEngine] Using JS Search
[DEBUG] 17:13:08.587 [AiEngine] Adaptive time: 500ms, depth: 4, reason: midgame, opening, emergency: false
[DEBUG] 17:13:08.588 [AiEngine] Using JS Search
[DEBUG] 17:13:08.803 [AiEngine] Adaptive time: 500ms, depth: 4, reason: midgame, opening, tactical, emergency: false
[DEBUG] 17:13:08.803 [AiEngine] Using JS Search
[DEBUG] 17:13:09.079 [AiEngine] Adaptive time: 500ms, depth: 4, reason: midgame, opening, emergency: false
[DEBUG] 17:13:09.079 [AiEngine] Using JS Search
[DEBUG] 17:13:09.230 [AiEngine] Adaptive time: 500ms, depth: 4, reason: midgame, opening, tactical, emergency: false
[DEBUG] 17:13:09.230 [AiEngine] Using JS Search
[DEBUG] 17:13:09.331 [AiEngine] Adaptive time: 500ms, depth: 4, reason: midgame, opening, emergency: false
[DEBUG] 17:13:09.331 [AiEngine] Using JS Search
[DEBUG] 17:13:09.435 [AiEngine] Adaptive time: 500ms, depth: 4, reason: midgame, opening, tactical, emergency: false
[DEBUG] 17:13:09.435 [AiEngine] Using JS Search
[DEBUG] 17:13:09.573 [AiEngine] Adaptive time: 500ms, depth: 4, reason: midgame, opening, in-check, emergency: false
[DEBUG] 17:13:09.573 [AiEngine] Using JS Search
[DEBUG] 17:13:09.625 [AiEngine] Adaptive time: 500ms, depth: 4, reason: midgame, opening, tactical, emergency: false
[DEBUG] 17:13:09.626 [AiEngine] Using JS Search
[DEBUG] 17:13:09.792 [AiEngine] Adaptive time: 500ms, depth: 4, reason: midgame, opening, in-check, emergency: false
[DEBUG] 17:13:09.792 [AiEngine] Using JS Search
[DEBUG] 17:13:09.930 [AiEngine] Adaptive time: 500ms, depth: 4, reason: midgame, opening, emergency: false
[DEBUG] 17:13:09.930 [AiEngine] Using JS Search
[DEBUG] 17:13:10.110 [AiEngine] Adaptive time: 500ms, depth: 4, reason: midgame, opening, emergency: false
[DEBUG] 17:13:10.110 [AiEngine] Using JS Search
[DEBUG] 17:13:10.248 [AiEngine] Adaptive time: 500ms, depth: 4, reason: midgame, opening, emergency: false
[DEBUG] 17:13:10.248 [AiEngine] Using JS Search
[DEBUG] 17:13:10.500 [AiEngine] Adaptive time: 500ms, depth: 4, reason: midgame, opening, emergency: false
[DEBUG] 17:13:10.500 [AiEngine] Using JS Search
[DEBUG] 17:13:10.608 [AiEngine] Adaptive time: 500ms, depth: 4, reason: midgame, opening, emergency: false
[DEBUG] 17:13:10.608 [AiEngine] Using JS Search
[DEBUG] 17:13:10.920 [AiEngine] Adaptive time: 500ms, depth: 4, reason: midgame, opening, tactical, emergency: false
[DEBUG] 17:13:10.920 [AiEngine] Using JS Search
[DEBUG] 17:13:11.022 [AiEngine] Adaptive time: 500ms, depth: 4, reason: midgame, opening, emergency: false
[DEBUG] 17:13:11.022 [AiEngine] Using JS Search
[DEBUG] 17:13:11.131 [AiEngine] Adaptive time: 500ms, depth: 4, reason: midgame, opening, tactical, emergency: false
[DEBUG] 17:13:11.131 [AiEngine] Using JS Search
[DEBUG] 17:13:11.260 [AiEngine] Adaptive time: 500ms, depth: 4, reason: midgame, opening, emergency: false
[DEBUG] 17:13:11.260 [AiEngine] Using JS Search
[DEBUG] 17:13:11.436 [AiEngine] Adaptive time: 500ms, depth: 4, reason: midgame, opening, emergency: false
[DEBUG] 17:13:11.436 [AiEngine] Using JS Search
[DEBUG] 17:13:11.487 [AiEngine] Adaptive time: 500ms, depth: 4, reason: midgame, opening, emergency: false
[DEBUG] 17:13:11.487 [AiEngine] Using JS Search
[DEBUG] 17:13:11.652 [AiEngine] Adaptive time: 500ms, depth: 4, reason: midgame, opening, emergency: false
[DEBUG] 17:13:11.653 [AiEngine] Using JS Search
[DEBUG] 17:13:11.748 [AiEngine] Adaptive time: 500ms, depth: 4, reason: midgame, opening, emergency: false
[DEBUG] 17:13:11.748 [AiEngine] Using JS Search
[DEBUG] 17:13:11.896 [AiEngine] Adaptive time: 500ms, depth: 4, reason: midgame, opening, emergency: false
[DEBUG] 17:13:11.896 [AiEngine] Using JS Search
[DEBUG] 17:13:12.056 [AiEngine] Adaptive time: 500ms, depth: 4, reason: midgame, opening, tactical, emergency: false
[DEBUG] 17:13:12.056 [AiEngine] Using JS Search
[DEBUG] 17:13:12.239 [AiEngine] Adaptive time: 500ms, depth: 4, reason: midgame, opening, tactical, emergency: false
[DEBUG] 17:13:12.239 [AiEngine] Using JS Search
[DEBUG] 17:13:12.462 [AiEngine] Adaptive time: 3000ms, depth: 4, reason: midgame, tactical, emergency: false
[DEBUG] 17:13:12.462 [AiEngine] Using JS Search
[DEBUG] 17:13:12.644 [AiEngine] Adaptive time: 3000ms, depth: 4, reason: midgame, tactical, emergency: false
[DEBUG] 17:13:12.644 [AiEngine] Using JS Search
[DEBUG] 17:13:12.868 [AiEngine] Adaptive time: 3000ms, depth: 4, reason: midgame, tactical, emergency: false
[DEBUG] 17:13:12.868 [AiEngine] Using JS Search
[DEBUG] 17:13:13.057 [AiEngine] Adaptive time: 3000ms, depth: 4, reason: midgame, emergency: false
[DEBUG] 17:13:13.058 [AiEngine] Using JS Search
[DEBUG] 17:13:13.182 [AiEngine] Adaptive time: 3000ms, depth: 4, reason: midgame, tactical, emergency: false
[DEBUG] 17:13:13.182 [AiEngine] Using JS Search
[DEBUG] 17:13:13.386 [AiEngine] Adaptive time: 3000ms, depth: 4, reason: midgame, tactical, emergency: false
[DEBUG] 17:13:13.386 [AiEngine] Using JS Search
[DEBUG] 17:13:13.672 [AiEngine] Adaptive time: 3000ms, depth: 4, reason: midgame, tactical, emergency: false
[DEBUG] 17:13:13.672 [AiEngine] Using JS Search
[DEBUG] 17:13:13.904 [AiEngine] Adaptive time: 3000ms, depth: 4, reason: midgame, emergency: false
[DEBUG] 17:13:13.904 [AiEngine] Using JS Search
[DEBUG] 17:13:14.053 [AiEngine] Adaptive time: 3000ms, depth: 4, reason: midgame, tactical, emergency: false
[DEBUG] 17:13:14.053 [AiEngine] Using JS Search
[DEBUG] 17:13:14.271 [AiEngine] Adaptive time: 3000ms, depth: 4, reason: midgame, tactical, emergency: false
[DEBUG] 17:13:14.271 [AiEngine] Using JS Search
[DEBUG] 17:13:14.510 [AiEngine] Adaptive time: 3000ms, depth: 4, reason: midgame, tactical, emergency: false
[DEBUG] 17:13:14.510 [AiEngine] Using JS Search
[DEBUG] 17:13:14.712 [AiEngine] Adaptive time: 3000ms, depth: 4, reason: midgame, tactical, emergency: false
[DEBUG] 17:13:14.712 [AiEngine] Using JS Search
[DEBUG] 17:13:14.836 [AiEngine] Adaptive time: 3000ms, depth: 4, reason: midgame, tactical, emergency: false
[DEBUG] 17:13:14.836 [AiEngine] Using JS Search
[DEBUG] 17:13:15.125 [AiEngine] Adaptive time: 3000ms, depth: 4, reason: midgame, tactical, emergency: false
[DEBUG] 17:13:15.125 [AiEngine] Using JS Search
[DEBUG] 17:13:15.444 [AiEngine] Adaptive time: 3000ms, depth: 4, reason: midgame, tactical, emergency: false
[DEBUG] 17:13:15.444 [AiEngine] Using JS Search
[DEBUG] 17:13:15.630 [AiEngine] Adaptive time: 3000ms, depth: 4, reason: midgame, tactical, emergency: false
[DEBUG] 17:13:15.630 [AiEngine] Using JS Search
[DEBUG] 17:13:15.820 [AiEngine] Adaptive time: 3000ms, depth: 4, reason: midgame, tactical, emergency: false
[DEBUG] 17:13:15.820 [AiEngine] Using JS Search
[DEBUG] 17:13:15.989 [AiEngine] Adaptive time: 3000ms, depth: 4, reason: midgame, tactical, emergency: false
[DEBUG] 17:13:15.989 [AiEngine] Using JS Search
[DEBUG] 17:13:16.285 [AiEngine] Adaptive time: 3000ms, depth: 4, reason: midgame, tactical, emergency: false
[DEBUG] 17:13:16.285 [AiEngine] Using JS Search
[DEBUG] 17:13:16.466 [AiEngine] Adaptive time: 3000ms, depth: 4, reason: midgame, tactical, emergency: false
[DEBUG] 17:13:16.466 [AiEngine] Using JS Search
[DEBUG] 17:13:16.644 [AiEngine] Adaptive time: 3000ms, depth: 4, reason: midgame, tactical, emergency: false
[DEBUG] 17:13:16.644 [AiEngine] Using JS Search
[DEBUG] 17:13:16.855 [AiEngine] Adaptive time: 3000ms, depth: 4, reason: midgame, emergency: false
[DEBUG] 17:13:16.855 [AiEngine] Using JS Search
[DEBUG] 17:13:17.005 [AiEngine] Adaptive time: 3000ms, depth: 4, reason: midgame, tactical, emergency: false
[DEBUG] 17:13:17.005 [AiEngine] Using JS Search
[DEBUG] 17:13:17.226 [AiEngine] Adaptive time: 3000ms, depth: 4, reason: midgame, emergency: false
[DEBUG] 17:13:17.226 [AiEngine] Using JS Search
[DEBUG] 17:13:17.331 [AiEngine] Adaptive time: 3000ms, depth: 4, reason: midgame, tactical, emergency: false
[DEBUG] 17:13:17.331 [AiEngine] Using JS Search
[DEBUG] 17:13:17.514 [AiEngine] Adaptive time: 3000ms, depth: 4, reason: midgame, emergency: false
[DEBUG] 17:13:17.514 [AiEngine] Using JS Search
[DEBUG] 17:13:17.702 [AiEngine] Adaptive time: 3000ms, depth: 4, reason: midgame, tactical, emergency: false
[DEBUG] 17:13:17.702 [AiEngine] Using JS Search
[DEBUG] 17:13:17.895 [AiEngine] Adaptive time: 3000ms, depth: 4, reason: midgame, tactical, emergency: false
[DEBUG] 17:13:17.895 [AiEngine] Using JS Search
[DEBUG] 17:13:18.019 [AiEngine] Adaptive time: 3000ms, depth: 4, reason: midgame, emergency: false
[DEBUG] 17:13:18.019 [AiEngine] Using JS Search
[DEBUG] 17:13:18.120 [AiEngine] Adaptive time: 3000ms, depth: 4, reason: midgame, emergency: false
[DEBUG] 17:13:18.120 [AiEngine] Using JS Search
[DEBUG] 17:13:18.267 [AiEngine] Adaptive time: 3000ms, depth: 4, reason: midgame, tactical, emergency: false
[DEBUG] 17:13:18.267 [AiEngine] Using JS Search
[DEBUG] 17:13:18.374 [AiEngine] Adaptive time: 3000ms, depth: 4, reason: midgame, emergency: false
[DEBUG] 17:13:18.374 [AiEngine] Using JS Search
[DEBUG] 17:13:18.427 [AiEngine] Adaptive time: 3000ms, depth: 4, reason: midgame, tactical, emergency: false
[DEBUG] 17:13:18.427 [AiEngine] Using JS Search
[DEBUG] 17:13:18.509 [AiEngine] Adaptive time: 3000ms, depth: 4, reason: midgame, emergency: false
[DEBUG] 17:13:18.509 [AiEngine] Using JS Search
[DEBUG] 17:13:18.574 [AiEngine] Adaptive time: 3000ms, depth: 4, reason: midgame, tactical, emergency: false
[DEBUG] 17:13:18.574 [AiEngine] Using JS Search
[DEBUG] 17:13:18.660 [AiEngine] Adaptive time: 3000ms, depth: 4, reason: midgame, emergency: false
[DEBUG] 17:13:18.660 [AiEngine] Using JS Search
[DEBUG] 17:13:18.720 [AiEngine] Adaptive time: 3000ms, depth: 4, reason: midgame, tactical, emergency: false
[DEBUG] 17:13:18.720 [AiEngine] Using JS Search
[DEBUG] 17:13:18.852 [AiEngine] Adaptive time: 3000ms, depth: 4, reason: midgame, emergency: false
[DEBUG] 17:13:18.852 [AiEngine] Using JS Search
[DEBUG] 17:13:18.893 [AiEngine] Adaptive time: 3000ms, depth: 4, reason: midgame, tactical, emergency: false
[DEBUG] 17:13:18.893 [AiEngine] Using JS Search
[DEBUG] 17:13:19.034 [AiEngine] Adaptive time: 3000ms, depth: 4, reason: midgame, emergency: false
[DEBUG] 17:13:19.034 [AiEngine] Using JS Search
[DEBUG] 17:13:19.092 [AiEngine] Adaptive time: 3000ms, depth: 4, reason: midgame, emergency: false
[DEBUG] 17:13:19.092 [AiEngine] Using JS Search
[DEBUG] 17:13:19.271 [AiEngine] Adaptive time: 3000ms, depth: 4, reason: midgame, emergency: false
[DEBUG] 17:13:19.271 [AiEngine] Using JS Search
[DEBUG] 17:13:19.344 [AiEngine] Adaptive time: 3000ms, depth: 4, reason: midgame, emergency: false
[DEBUG] 17:13:19.344 [AiEngine] Using JS Search
[DEBUG] 17:13:19.456 [AiEngine] Adaptive time: 3000ms, depth: 4, reason: midgame, emergency: false
[DEBUG] 17:13:19.456 [AiEngine] Using JS Search
[DEBUG] 17:13:19.534 [AiEngine] Adaptive time: 3000ms, depth: 4, reason: midgame, emergency: false
[DEBUG] 17:13:19.534 [AiEngine] Using JS Search
[DEBUG] 17:13:19.635 [AiEngine] Adaptive time: 3000ms, depth: 4, reason: midgame, emergency: false
[DEBUG] 17:13:19.635 [AiEngine] Using JS Search
[DEBUG] 17:13:19.711 [AiEngine] Adaptive time: 3000ms, depth: 4, reason: midgame, tactical, emergency: false
[DEBUG] 17:13:19.711 [AiEngine] Using JS Search
[DEBUG] 17:13:19.797 [AiEngine] Adaptive time: 3000ms, depth: 4, reason: midgame, emergency: false
[DEBUG] 17:13:19.797 [AiEngine] Using JS Search
[DEBUG] 17:13:19.893 [AiEngine] Adaptive time: 3000ms, depth: 4, reason: midgame, tactical, emergency: false
[DEBUG] 17:13:19.893 [AiEngine] Using JS Search
[DEBUG] 17:13:20.009 [AiEngine] Adaptive time: 3000ms, depth: 4, reason: midgame, emergency: false
[DEBUG] 17:13:20.009 [AiEngine] Using JS Search
[DEBUG] 17:13:20.067 [AiEngine] Adaptive time: 3000ms, depth: 4, reason: midgame, tactical, emergency: false
[DEBUG] 17:13:20.067 [AiEngine] Using JS Search
[DEBUG] 17:13:20.249 [AiEngine] Adaptive time: 3000ms, depth: 4, reason: midgame, emergency: false
[DEBUG] 17:13:20.249 [AiEngine] Using JS Search
[DEBUG] 17:13:20.326 [AiEngine] Adaptive time: 3000ms, depth: 4, reason: midgame, emergency: false
[DEBUG] 17:13:20.326 [AiEngine] Using JS Search
[DEBUG] 17:13:20.581 [AiEngine] Adaptive time: 3000ms, depth: 4, reason: midgame, emergency: false
[DEBUG] 17:13:20.581 [AiEngine] Using JS Search
[DEBUG] 17:13:20.632 [AiEngine] Adaptive time: 3000ms, depth: 4, reason: midgame, emergency: false
[DEBUG] 17:13:20.632 [AiEngine] Using JS Search
[DEBUG] 17:13:20.916 [AiEngine] Adaptive time: 3000ms, depth: 4, reason: midgame, emergency: false
[DEBUG] 17:13:20.916 [AiEngine] Using JS Search
[DEBUG] 17:13:21.019 [AiEngine] Adaptive time: 500ms, depth: 4, reason: midgame, opening, emergency: false
[DEBUG] 17:13:21.019 [AiEngine] Using JS Search
[DEBUG] 17:13:21.019 [AiEngine] Adaptive time: 500ms, depth: 4, reason: midgame, opening, emergency: false
[DEBUG] 17:13:21.019 [AiEngine] Using JS Search
[DEBUG] 17:13:21.020 [AiEngine] Adaptive time: 500ms, depth: 4, reason: midgame, opening, emergency: false
[DEBUG] 17:13:21.020 [AiEngine] Using JS Search
[DEBUG] 17:13:21.020 [AiEngine] Adaptive time: 500ms, depth: 4, reason: midgame, opening, tactical, emergency: false
[DEBUG] 17:13:21.020 [AiEngine] Using JS Search
[DEBUG] 17:13:21.046 [AiEngine] Adaptive time: 500ms, depth: 4, reason: midgame, opening, emergency: false
[DEBUG] 17:13:21.046 [AiEngine] Using JS Search
[DEBUG] 17:13:21.249 [AiEngine] Adaptive time: 500ms, depth: 4, reason: midgame, opening, tactical, emergency: false
[DEBUG] 17:13:21.249 [AiEngine] Using JS Search
[DEBUG] 17:13:21.368 [AiEngine] Adaptive time: 500ms, depth: 4, reason: midgame, opening, emergency: false
[DEBUG] 17:13:21.368 [AiEngine] Using JS Search
[DEBUG] 17:13:21.596 [AiEngine] Adaptive time: 500ms, depth: 4, reason: midgame, opening, tactical, emergency: false
[DEBUG] 17:13:21.596 [AiEngine] Using JS Search
[DEBUG] 17:13:21.733 [AiEngine] Adaptive time: 500ms, depth: 4, reason: midgame, opening, emergency: false
[DEBUG] 17:13:21.733 [AiEngine] Using JS Search
[DEBUG] 17:13:21.902 [AiEngine] Adaptive time: 500ms, depth: 4, reason: midgame, opening, tactical, emergency: false
[DEBUG] 17:13:21.902 [AiEngine] Using JS Search
[DEBUG] 17:13:22.087 [AiEngine] Adaptive time: 500ms, depth: 4, reason: midgame, opening, emergency: false
[DEBUG] 17:13:22.087 [AiEngine] Using JS Search
[DEBUG] 17:13:22.387 [AiEngine] Adaptive time: 500ms, depth: 4, reason: midgame, opening, tactical, emergency: false
[DEBUG] 17:13:22.387 [AiEngine] Using JS Search
[DEBUG] 17:13:22.565 [AiEngine] Adaptive time: 500ms, depth: 4, reason: midgame, opening, tactical, emergency: false
[DEBUG] 17:13:22.565 [AiEngine] Using JS Search
[DEBUG] 17:13:22.824 [AiEngine] Adaptive time: 500ms, depth: 4, reason: midgame, opening, tactical, emergency: false
[DEBUG] 17:13:22.824 [AiEngine] Using JS Search
[DEBUG] 17:13:23.005 [AiEngine] Adaptive time: 500ms, depth: 4, reason: midgame, opening, emergency: false
[DEBUG] 17:13:23.005 [AiEngine] Using JS Search
[DEBUG] 17:13:23.149 [AiEngine] Adaptive time: 500ms, depth: 4, reason: midgame, opening, tactical, emergency: false
[DEBUG] 17:13:23.149 [AiEngine] Using JS Search
[DEBUG] 17:13:23.233 [AiEngine] Adaptive time: 500ms, depth: 4, reason: midgame, opening, in-check, emergency: false
[DEBUG] 17:13:23.233 [AiEngine] Using JS Search
[DEBUG] 17:13:23.234 [AiEngine] Adaptive time: 500ms, depth: 4, reason: midgame, opening, emergency: false
[DEBUG] 17:13:23.234 [AiEngine] Using JS Search
[DEBUG] 17:13:23.234 [AiEngine] Adaptive time: 500ms, depth: 4, reason: midgame, opening, emergency: false
[DEBUG] 17:13:23.234 [AiEngine] Using JS Search
[DEBUG] 17:13:23.234 [AiEngine] Adaptive time: 500ms, depth: 4, reason: midgame, opening, emergency: false
[DEBUG] 17:13:23.234 [AiEngine] Using JS Search
[DEBUG] 17:13:23.235 [AiEngine] Adaptive time: 500ms, depth: 4, reason: midgame, opening, tactical, emergency: false
[DEBUG] 17:13:23.235 [AiEngine] Using JS Search
[DEBUG] 17:13:23.256 [AiEngine] Adaptive time: 500ms, depth: 4, reason: midgame, opening, emergency: false
[DEBUG] 17:13:23.256 [AiEngine] Using JS Search
[DEBUG] 17:13:23.386 [AiEngine] Adaptive time: 500ms, depth: 4, reason: midgame, opening, emergency: false
[DEBUG] 17:13:23.386 [AiEngine] Using JS Search
[DEBUG] 17:13:23.386 [AiEngine] Adaptive time: 500ms, depth: 4, reason: midgame, opening, in-check, emergency: false
[DEBUG] 17:13:23.386 [AiEngine] Using JS Search
[DEBUG] 17:13:23.386 [AiEngine] Adaptive time: 500ms, depth: 4, reason: midgame, opening, emergency: false
[DEBUG] 17:13:23.386 [AiEngine] Using JS Search
[DEBUG] 17:13:23.386 [AiEngine] Adaptive time: 500ms, depth: 4, reason: midgame, opening, emergency: false
[DEBUG] 17:13:23.386 [AiEngine] Using JS Search
[DEBUG] 17:13:23.387 [AiEngine] Adaptive time: 500ms, depth: 4, reason: midgame, opening, emergency: false
[DEBUG] 17:13:23.387 [AiEngine] Using JS Search
[DEBUG] 17:13:23.387 [AiEngine] Adaptive time: 500ms, depth: 4, reason: midgame, opening, tactical, emergency: false
[DEBUG] 17:13:23.387 [AiEngine] Using JS Search
[DEBUG] 17:13:23.411 [AiEngine] Adaptive time: 500ms, depth: 4, reason: midgame, opening, emergency: false
[DEBUG] 17:13:23.411 [AiEngine] Using JS Search
[DEBUG] 17:13:23.955 [AiEngine] Adaptive time: 500ms, depth: 4, reason: midgame, opening, tactical, emergency: false
[DEBUG] 17:13:23.955 [AiEngine] Using JS Search
[DEBUG] 17:13:24.081 [AiEngine] Adaptive time: 500ms, depth: 4, reason: midgame, opening, emergency: false
[DEBUG] 17:13:24.081 [AiEngine] Using JS Search
[DEBUG] 17:13:24.499 [AiEngine] Adaptive time: 500ms, depth: 4, reason: midgame, opening, tactical, emergency: false
[DEBUG] 17:13:24.499 [AiEngine] Using JS Search
[DEBUG] 17:13:24.697 [AiEngine] Adaptive time: 500ms, depth: 4, reason: midgame, opening, emergency: false
[DEBUG] 17:13:24.698 [AiEngine] Using JS Search
[DEBUG] 17:13:24.769 [AiEngine] Adaptive time: 500ms, depth: 4, reason: midgame, opening, tactical, emergency: false
[DEBUG] 17:13:24.769 [AiEngine] Using JS Search
[DEBUG] 17:13:24.814 [AiEngine] Adaptive time: 500ms, depth: 4, reason: midgame, opening, emergency: false
[DEBUG] 17:13:24.814 [AiEngine] Using JS Search
[DEBUG] 17:13:24.892 [AiEngine] Adaptive time: 500ms, depth: 4, reason: midgame, opening, tactical, emergency: false
[DEBUG] 17:13:24.892 [AiEngine] Using JS Search
[DEBUG] 17:13:25.024 [AiEngine] Adaptive time: 500ms, depth: 4, reason: midgame, opening, emergency: false
[DEBUG] 17:13:25.025 [AiEngine] Using JS Search
[DEBUG] 17:13:25.035 [AiEngine] Adaptive time: 500ms, depth: 4, reason: midgame, opening, tactical, emergency: false
[DEBUG] 17:13:25.035 [AiEngine] Using JS Search
[DEBUG] 17:13:25.036 [AiEngine] Adaptive time: 500ms, depth: 4, reason: midgame, opening, in-check, emergency: false
[DEBUG] 17:13:25.036 [AiEngine] Using JS Search
[DEBUG] 17:13:25.036 [AiEngine] Adaptive time: 500ms, depth: 4, reason: midgame, opening, emergency: false
[DEBUG] 17:13:25.036 [AiEngine] Using JS Search
[DEBUG] 17:13:25.036 [AiEngine] Adaptive time: 500ms, depth: 4, reason: midgame, opening, emergency: false
[DEBUG] 17:13:25.036 [AiEngine] Using JS Search
[DEBUG] 17:13:25.036 [AiEngine] Adaptive time: 500ms, depth: 4, reason: midgame, opening, emergency: false
[DEBUG] 17:13:25.036 [AiEngine] Using JS Search
[DEBUG] 17:13:25.037 [AiEngine] Adaptive time: 500ms, depth: 4, reason: midgame, opening, tactical, emergency: false
[DEBUG] 17:13:25.037 [AiEngine] Using JS Search
[DEBUG] 17:13:25.067 [AiEngine] Adaptive time: 500ms, depth: 4, reason: midgame, opening, emergency: false
[DEBUG] 17:13:25.067 [AiEngine] Using JS Search
[DEBUG] 17:13:25.487 [AiEngine] Adaptive time: 500ms, depth: 4, reason: midgame, opening, tactical, emergency: false
[DEBUG] 17:13:25.487 [AiEngine] Using JS Search
[DEBUG] 17:13:25.680 [AiEngine] Adaptive time: 500ms, depth: 4, reason: midgame, opening, emergency: false
[DEBUG] 17:13:25.680 [AiEngine] Using JS Search
[DEBUG] 17:13:25.849 [AiEngine] Adaptive time: 500ms, depth: 4, reason: midgame, opening, tactical, emergency: false
[DEBUG] 17:13:25.849 [AiEngine] Using JS Search
[DEBUG] 17:13:26.000 [AiEngine] Adaptive time: 500ms, depth: 4, reason: midgame, opening, tactical, emergency: false
[DEBUG] 17:13:26.000 [AiEngine] Using JS Search
[DEBUG] 17:13:26.094 [AiEngine] Adaptive time: 500ms, depth: 4, reason: midgame, opening, emergency: false
[DEBUG] 17:13:26.094 [AiEngine] Using JS Search
[DEBUG] 17:13:26.249 [AiEngine] Adaptive time: 500ms, depth: 4, reason: midgame, opening, tactical, emergency: false
[DEBUG] 17:13:26.249 [AiEngine] Using JS Search
[DEBUG] 17:13:26.531 [AiEngine] Adaptive time: 500ms, depth: 4, reason: midgame, opening, emergency: false
[DEBUG] 17:13:26.531 [AiEngine] Using JS Search
[DEBUG] 17:13:26.749 [AiEngine] Adaptive time: 500ms, depth: 4, reason: midgame, opening, tactical, emergency: false
[DEBUG] 17:13:26.749 [AiEngine] Using JS Search
[DEBUG] 17:13:26.877 [AiEngine] Adaptive time: 500ms, depth: 4, reason: midgame, opening, tactical, emergency: false
[DEBUG] 17:13:26.877 [AiEngine] Using JS Search
[DEBUG] 17:13:27.152 [AiEngine] Adaptive time: 500ms, depth: 4, reason: midgame, opening, emergency: false
[DEBUG] 17:13:27.152 [AiEngine] Using JS Search
[DEBUG] 17:13:27.199 [AiEngine] Adaptive time: 500ms, depth: 4, reason: midgame, opening, tactical, emergency: false
[DEBUG] 17:13:27.199 [AiEngine] Using JS Search
[DEBUG] 17:13:27.379 [AiEngine] Adaptive time: 500ms, depth: 4, reason: midgame, opening, emergency: false
[DEBUG] 17:13:27.379 [AiEngine] Using JS Search
[DEBUG] 17:13:27.431 [AiEngine] Adaptive time: 500ms, depth: 4, reason: midgame, opening, tactical, emergency: false
[DEBUG] 17:13:27.431 [AiEngine] Using JS Search
[DEBUG] 17:13:27.507 [AiEngine] Adaptive time: 500ms, depth: 4, reason: midgame, opening, emergency: false
[DEBUG] 17:13:27.507 [AiEngine] Using JS Search
[DEBUG] 17:13:28.070 [AiEngine] Adaptive time: 500ms, depth: 4, reason: midgame, opening, tactical, emergency: false
[DEBUG] 17:13:28.070 [AiEngine] Using JS Search
[DEBUG] 17:13:28.416 [AiEngine] Adaptive time: 500ms, depth: 4, reason: midgame, opening, tactical, emergency: false
[DEBUG] 17:13:28.416 [AiEngine] Using JS Search
[DEBUG] 17:13:28.727 [AiEngine] Adaptive time: 500ms, depth: 4, reason: midgame, opening, tactical, emergency: false
[DEBUG] 17:13:28.727 [AiEngine] Using JS Search
[DEBUG] 17:13:28.878 [AiEngine] Adaptive time: 500ms, depth: 4, reason: midgame, opening, tactical, emergency: false
[DEBUG] 17:13:28.878 [AiEngine] Using JS Search
[DEBUG] 17:13:29.063 [AiEngine] Adaptive time: 500ms, depth: 4, reason: midgame, opening, tactical, emergency: false
[DEBUG] 17:13:29.063 [AiEngine] Using JS Search
[DEBUG] 17:13:29.246 [AiEngine] Adaptive time: 500ms, depth: 4, reason: midgame, opening, tactical, emergency: false
[DEBUG] 17:13:29.246 [AiEngine] Using JS Search
[DEBUG] 17:13:29.460 [AiEngine] Adaptive time: 500ms, depth: 4, reason: midgame, opening, tactical, emergency: false
[DEBUG] 17:13:29.460 [AiEngine] Using JS Search
[DEBUG] 17:13:29.604 [AiEngine] Adaptive time: 500ms, depth: 4, reason: midgame, opening, tactical, emergency: false
[DEBUG] 17:13:29.604 [AiEngine] Using JS Search
[DEBUG] 17:13:29.903 [AiEngine] Adaptive time: 500ms, depth: 4, reason: midgame, opening, tactical, emergency: false
[DEBUG] 17:13:29.903 [AiEngine] Using JS Search
[DEBUG] 17:13:30.017 [AiEngine] Adaptive time: 500ms, depth: 4, reason: midgame, opening, tactical, emergency: false
[DEBUG] 17:13:30.018 [AiEngine] Using JS Search
[DEBUG] 17:13:30.190 [AiEngine] Adaptive time: 500ms, depth: 4, reason: midgame, opening, tactical, emergency: false
[DEBUG] 17:13:30.190 [AiEngine] Using JS Search
[DEBUG] 17:13:30.192 [AiEngine] Adaptive time: 500ms, depth: 4, reason: midgame, opening, emergency: false
[DEBUG] 17:13:30.192 [AiEngine] Using JS Search
[DEBUG] 17:13:30.374 [AiEngine] Adaptive time: 500ms, depth: 4, reason: midgame, opening, tactical, emergency: false
[DEBUG] 17:13:30.374 [AiEngine] Using JS Search
[DEBUG] 17:13:30.375 [AiEngine] Adaptive time: 500ms, depth: 4, reason: midgame, opening, emergency: false
[DEBUG] 17:13:30.375 [AiEngine] Using JS Search
[DEBUG] 17:13:30.544 [AiEngine] Adaptive time: 500ms, depth: 4, reason: midgame, opening, tactical, emergency: false
[DEBUG] 17:13:30.544 [AiEngine] Using JS Search
[DEBUG] 17:13:30.545 [AiEngine] Adaptive time: 500ms, depth: 4, reason: midgame, opening, emergency: false
[DEBUG] 17:13:30.545 [AiEngine] Using JS Search
[DEBUG] 17:13:30.607 [AiEngine] Adaptive time: 500ms, depth: 4, reason: midgame, opening, tactical, emergency: false
[DEBUG] 17:13:30.607 [AiEngine] Using JS Search
[DEBUG] 17:13:30.608 [AiEngine] Adaptive time: 500ms, depth: 4, reason: midgame, opening, emergency: false
[DEBUG] 17:13:30.608 [AiEngine] Using JS Search
[DEBUG] 17:13:30.671 [AiEngine] Adaptive time: 500ms, depth: 4, reason: midgame, opening, tactical, emergency: false
[DEBUG] 17:13:30.671 [AiEngine] Using JS Search
[DEBUG] 17:13:30.673 [AiEngine] Adaptive time: 500ms, depth: 4, reason: midgame, opening, emergency: false
[DEBUG] 17:13:30.673 [AiEngine] Using JS Search
[DEBUG] 17:13:30.738 [AiEngine] Adaptive time: 500ms, depth: 4, reason: midgame, opening, tactical, emergency: false
[DEBUG] 17:13:30.738 [AiEngine] Using JS Search
[DEBUG] 17:13:30.741 [AiEngine] Adaptive time: 3000ms, depth: 4, reason: midgame, in-check, emergency: false
[DEBUG] 17:13:30.741 [AiEngine] Using JS Search
[DEBUG] 17:13:30.751 [AiEngine] Adaptive time: 3000ms, depth: 4, reason: midgame, emergency: false
[DEBUG] 17:13:30.751 [AiEngine] Using JS Search
[DEBUG] 17:13:30.752 [AiEngine] Adaptive time: 3000ms, depth: 4, reason: midgame, emergency: false
[DEBUG] 17:13:30.752 [AiEngine] Using JS Search
[DEBUG] 17:13:30.862 [AiEngine] Adaptive time: 3000ms, depth: 4, reason: midgame, tactical, emergency: false
[DEBUG] 17:13:30.862 [AiEngine] Using JS Search
[DEBUG] 17:13:30.863 [AiEngine] Adaptive time: 3000ms, depth: 4, reason: midgame, emergency: false
[DEBUG] 17:13:30.863 [AiEngine] Using JS Search
[DEBUG] 17:13:30.901 [AiEngine] Adaptive time: 3000ms, depth: 4, reason: midgame, in-check, emergency: false
[DEBUG] 17:13:30.901 [AiEngine] Using JS Search
[DEBUG] 17:13:30.902 [AiEngine] Adaptive time: 3000ms, depth: 4, reason: midgame, emergency: false
[DEBUG] 17:13:30.902 [AiEngine] Using JS Search
[DEBUG] 17:13:30.919 [AiEngine] Adaptive time: 3000ms, depth: 4, reason: midgame, tactical, emergency: false
[DEBUG] 17:13:30.920 [AiEngine] Using JS Search
[DEBUG] 17:13:30.974 [AiEngine] Adaptive time: 3000ms, depth: 4, reason: midgame, emergency: false
[DEBUG] 17:13:30.974 [AiEngine] Using JS Search
[DEBUG] 17:13:31.059 [AiEngine] Adaptive time: 3000ms, depth: 4, reason: midgame, emergency: false
[DEBUG] 17:13:31.059 [AiEngine] Using JS Search
[DEBUG] 17:13:31.164 [AiEngine] Adaptive time: 3000ms, depth: 4, reason: midgame, emergency: false
[DEBUG] 17:13:31.164 [AiEngine] Using JS Search
[DEBUG] 17:13:31.331 [AiEngine] Adaptive time: 3000ms, depth: 4, reason: midgame, emergency: false
[DEBUG] 17:13:31.331 [AiEngine] Using JS Search
[DEBUG] 17:13:31.486 [AiEngine] Adaptive time: 3000ms, depth: 4, reason: midgame, emergency: false
[DEBUG] 17:13:31.486 [AiEngine] Using JS Search
[DEBUG] 17:13:31.701 [AiEngine] Adaptive time: 3000ms, depth: 4, reason: midgame, emergency: false
[DEBUG] 17:13:31.701 [AiEngine] Using JS Search
[DEBUG] 17:13:31.863 [AiEngine] Adaptive time: 3000ms, depth: 4, reason: midgame, emergency: false
[DEBUG] 17:13:31.863 [AiEngine] Using JS Search
[DEBUG] 17:13:32.021 [AiEngine] Adaptive time: 3000ms, depth: 4, reason: midgame, emergency: false
[DEBUG] 17:13:32.022 [AiEngine] Using JS Search
[DEBUG] 17:13:32.062 [AiEngine] Adaptive time: 3000ms, depth: 4, reason: midgame, emergency: false
[DEBUG] 17:13:32.062 [AiEngine] Using JS Search
[DEBUG] 17:13:32.189 [AiEngine] Adaptive time: 3000ms, depth: 4, reason: midgame, tactical, emergency: false
[DEBUG] 17:13:32.189 [AiEngine] Using JS Search
[DEBUG] 17:13:32.240 [AiEngine] Adaptive time: 3000ms, depth: 4, reason: midgame, emergency: false
[DEBUG] 17:13:32.240 [AiEngine] Using JS Search
[DEBUG] 17:13:32.346 [AiEngine] Adaptive time: 3000ms, depth: 4, reason: midgame, tactical, emergency: false
[DEBUG] 17:13:32.346 [AiEngine] Using JS Search
[DEBUG] 17:13:32.469 [AiEngine] Adaptive time: 3000ms, depth: 4, reason: midgame, emergency: false
[DEBUG] 17:13:32.469 [AiEngine] Using JS Search
[DEBUG] 17:13:32.714 [AiEngine] Adaptive time: 3000ms, depth: 4, reason: midgame, tactical, emergency: false
[DEBUG] 17:13:32.714 [AiEngine] Using JS Search
[DEBUG] 17:13:32.895 [AiEngine] Adaptive time: 3000ms, depth: 4, reason: midgame, in-check, emergency: false
[DEBUG] 17:13:32.895 [AiEngine] Using JS Search
[DEBUG] 17:13:32.923 [AiEngine] Adaptive time: 3000ms, depth: 4, reason: midgame, tactical, emergency: false
[DEBUG] 17:13:32.923 [AiEngine] Using JS Search
[DEBUG] 17:13:32.958 [AiEngine] Adaptive time: 3000ms, depth: 4, reason: standard, emergency: false
[DEBUG] 17:13:32.958 [AiEngine] Using JS Search
[DEBUG] 17:13:32.985 [AiEngine] Adaptive time: 3000ms, depth: 4, reason: tactical, emergency: false
[DEBUG] 17:13:32.985 [AiEngine] Using JS Search
[DEBUG] 17:13:33.028 [AiEngine] Adaptive time: 3000ms, depth: 4, reason: standard, emergency: false
[DEBUG] 17:13:33.028 [AiEngine] Using JS Search
[DEBUG] 17:13:33.048 [AiEngine] Adaptive time: 3000ms, depth: 4, reason: tactical, emergency: false
[DEBUG] 17:13:33.048 [AiEngine] Using JS Search
[DEBUG] 17:13:33.053 [AiEngine] Adaptive time: 3000ms, depth: 4, reason: standard, emergency: false
[DEBUG] 17:13:33.053 [AiEngine] Using JS Search
[DEBUG] 17:13:33.060 [AiEngine] Adaptive time: 3000ms, depth: 4, reason: standard, emergency: false
[DEBUG] 17:13:33.060 [AiEngine] Using JS Search
[DEBUG] 17:13:33.064 [AiEngine] Adaptive time: 3000ms, depth: 4, reason: standard, emergency: false
[DEBUG] 17:13:33.064 [AiEngine] Using JS Search
[DEBUG] 17:13:33.069 [AiEngine] Adaptive time: 3000ms, depth: 4, reason: standard, emergency: false
[DEBUG] 17:13:33.069 [AiEngine] Using JS Search
[DEBUG] 17:13:33.072 [AiEngine] Adaptive time: 3000ms, depth: 4, reason: standard, emergency: false
[DEBUG] 17:13:33.072 [AiEngine] Using JS Search
[DEBUG] 17:13:33.077 [AiEngine] Adaptive time: 3000ms, depth: 4, reason: standard, emergency: false
[DEBUG] 17:13:33.077 [AiEngine] Using JS Search
[DEBUG] 17:13:33.080 [AiEngine] Adaptive time: 3000ms, depth: 4, reason: endgame, emergency: false
[DEBUG] 17:13:33.080 [AiEngine] Using JS Search
[DEBUG] 17:13:33.083 [AiEngine] Adaptive time: 3000ms, depth: 4, reason: endgame, emergency: false
[DEBUG] 17:13:33.083 [AiEngine] Using JS Search
[DEBUG] 17:13:33.087 [AiEngine] Adaptive time: 3000ms, depth: 4, reason: endgame, emergency: false
[DEBUG] 17:13:33.087 [AiEngine] Using JS Search
[DEBUG] 17:13:33.093 [AiEngine] Adaptive time: 3000ms, depth: 4, reason: endgame, tactical, emergency: false
[DEBUG] 17:13:33.093 [AiEngine] Using JS Search
[DEBUG] 17:13:33.096 [AiEngine] Adaptive time: 3000ms, depth: 4, reason: endgame, emergency: false
[DEBUG] 17:13:33.096 [AiEngine] Using JS Search
[DEBUG] 17:13:33.099 [AiEngine] Adaptive time: 3000ms, depth: 4, reason: endgame, emergency: false
[DEBUG] 17:13:33.099 [AiEngine] Using JS Search
[DEBUG] 17:13:33.102 [AiEngine] Adaptive time: 3000ms, depth: 4, reason: endgame, emergency: false
[DEBUG] 17:13:33.102 [AiEngine] Using JS Search
[DEBUG] 17:13:33.105 [AiEngine] Adaptive time: 3000ms, depth: 4, reason: endgame, tactical, emergency: false
[DEBUG] 17:13:33.105 [AiEngine] Using JS Search
[DEBUG] 17:13:33.107 [AiEngine] Adaptive time: 3000ms, depth: 4, reason: endgame, emergency: false
[DEBUG] 17:13:33.107 [AiEngine] Using JS Search
[DEBUG] 17:13:33.110 [AiEngine] Adaptive time: 3000ms, depth: 4, reason: endgame, emergency: false
[DEBUG] 17:13:33.110 [AiEngine] Using JS Search
[DEBUG] 17:13:33.111 [AiEngine] Adaptive time: 3000ms, depth: 4, reason: endgame, emergency: false
[DEBUG] 17:13:33.111 [AiEngine] Using JS Search
[DEBUG] 17:13:33.112 [AiEngine] Adaptive time: 3000ms, depth: 4, reason: endgame, tactical, emergency: false
[DEBUG] 17:13:33.112 [AiEngine] Using JS Search
[DEBUG] 17:13:33.114 [AiEngine] Adaptive time: 3000ms, depth: 4, reason: endgame, emergency: false
[DEBUG] 17:13:33.114 [AiEngine] Using JS Search
[DEBUG] 17:13:33.116 [AiEngine] Adaptive time: 3000ms, depth: 4, reason: endgame, tactical, emergency: false
[DEBUG] 17:13:33.116 [AiEngine] Using JS Search
[DEBUG] 17:13:33.117 [AiEngine] Adaptive time: 3000ms, depth: 4, reason: endgame, emergency: false
[DEBUG] 17:13:33.117 [AiEngine] Using JS Search
[DEBUG] 17:13:33.119 [AiEngine] Adaptive time: 3000ms, depth: 4, reason: endgame, tactical, emergency: false
[DEBUG] 17:13:33.119 [AiEngine] Using JS Search
[DEBUG] 17:13:33.121 [AiEngine] Adaptive time: 3000ms, depth: 4, reason: endgame, emergency: false
[DEBUG] 17:13:33.121 [AiEngine] Using JS Search
[DEBUG] 17:13:33.123 [AiEngine] Adaptive time: 3000ms, depth: 4, reason: endgame, tactical, emergency: false
[DEBUG] 17:13:33.123 [AiEngine] Using JS Search
[DEBUG] 17:13:33.125 [AiEngine] Adaptive time: 3000ms, depth: 4, reason: endgame, emergency: false
[DEBUG] 17:13:33.125 [AiEngine] Using JS Search
[DEBUG] 17:13:33.128 [AiEngine] Adaptive time: 3000ms, depth: 4, reason: endgame, tactical, emergency: false
[DEBUG] 17:13:33.128 [AiEngine] Using JS Search
[DEBUG] 17:13:33.128 [AiEngine] Adaptive time: 3000ms, depth: 4, reason: endgame, emergency: false
[DEBUG] 17:13:33.128 [AiEngine] Using JS Search
[DEBUG] 17:13:33.129 [AiEngine] Adaptive time: 3000ms, depth: 4, reason: endgame, tactical, emergency: false
[DEBUG] 17:13:33.129 [AiEngine] Using JS Search
[DEBUG] 17:13:33.131 [AiEngine] Adaptive time: 3000ms, depth: 4, reason: endgame, emergency: false
[DEBUG] 17:13:33.131 [AiEngine] Using JS Search
[DEBUG] 17:13:33.133 [AiEngine] Adaptive time: 3000ms, depth: 4, reason: endgame, tactical, emergency: false
[DEBUG] 17:13:33.133 [AiEngine] Using JS Search
[DEBUG] 17:13:33.134 [AiEngine] Adaptive time: 3000ms, depth: 4, reason: endgame, emergency: false
[DEBUG] 17:13:33.134 [AiEngine] Using JS Search
[DEBUG] 17:13:33.136 [AiEngine] Adaptive time: 3000ms, depth: 4, reason: endgame, tactical, emergency: false
[DEBUG] 17:13:33.136 [AiEngine] Using JS Search
[DEBUG] 17:13:33.138 [AiEngine] Adaptive time: 500ms, depth: 4, reason: midgame, opening, emergency: false
[DEBUG] 17:13:33.139 [AiEngine] Using JS Search
[DEBUG] 17:13:33.139 [AiEngine] Adaptive time: 500ms, depth: 4, reason: midgame, opening, emergency: false
[DEBUG] 17:13:33.139 [AiEngine] Using JS Search
[DEBUG] 17:13:33.139 [AiEngine] Adaptive time: 500ms, depth: 4, reason: midgame, opening, emergency: false
[DEBUG] 17:13:33.139 [AiEngine] Using JS Search
[DEBUG] 17:13:33.139 [AiEngine] Adaptive time: 500ms, depth: 4, reason: midgame, opening, tactical, emergency: false
[DEBUG] 17:13:33.139 [AiEngine] Using JS Search
[DEBUG] 17:13:33.175 [AiEngine] Adaptive time: 500ms, depth: 4, reason: midgame, opening, emergency: false
[DEBUG] 17:13:33.175 [AiEngine] Using JS Search
[DEBUG] 17:13:33.323 [AiEngine] Adaptive time: 500ms, depth: 4, reason: midgame, opening, emergency: false
[DEBUG] 17:13:33.323 [AiEngine] Using JS Search
[DEBUG] 17:13:33.807 [AiEngine] Adaptive time: 500ms, depth: 4, reason: midgame, opening, emergency: false
[DEBUG] 17:13:33.807 [AiEngine] Using JS Search
[DEBUG] 17:13:34.158 [AiEngine] Adaptive time: 500ms, depth: 4, reason: midgame, opening, emergency: false
[DEBUG] 17:13:34.158 [AiEngine] Using JS Search
[DEBUG] 17:13:34.315 [AiEngine] Adaptive time: 500ms, depth: 4, reason: midgame, opening, emergency: false
[DEBUG] 17:13:34.315 [AiEngine] Using JS Search
[DEBUG] 17:13:34.567 [AiEngine] Adaptive time: 500ms, depth: 4, reason: midgame, opening, emergency: false
[DEBUG] 17:13:34.567 [AiEngine] Using JS Search
[DEBUG] 17:13:35.056 [AiEngine] Adaptive time: 500ms, depth: 4, reason: midgame, opening, tactical, emergency: false
[DEBUG] 17:13:35.056 [AiEngine] Using JS Search
[DEBUG] 17:13:35.222 [AiEngine] Adaptive time: 500ms, depth: 4, reason: midgame, opening, tactical, emergency: false
[DEBUG] 17:13:35.222 [AiEngine] Using JS Search
[DEBUG] 17:13:35.379 [AiEngine] Adaptive time: 500ms, depth: 4, reason: midgame, opening, emergency: false
[DEBUG] 17:13:35.379 [AiEngine] Using JS Search
[DEBUG] 17:13:35.476 [AiEngine] Adaptive time: 500ms, depth: 4, reason: midgame, opening, tactical, emergency: false
[DEBUG] 17:13:35.476 [AiEngine] Using JS Search
[DEBUG] 17:13:35.653 [AiEngine] Adaptive time: 500ms, depth: 4, reason: midgame, opening, emergency: false
[DEBUG] 17:13:35.653 [AiEngine] Using JS Search
[DEBUG] 17:13:35.819 [AiEngine] Adaptive time: 500ms, depth: 4, reason: midgame, opening, tactical, emergency: false
[DEBUG] 17:13:35.819 [AiEngine] Using JS Search
[DEBUG] 17:13:35.991 [AiEngine] Adaptive time: 500ms, depth: 4, reason: midgame, opening, emergency: false
[DEBUG] 17:13:35.991 [AiEngine] Using JS Search
[DEBUG] 17:13:36.337 [AiEngine] Adaptive time: 500ms, depth: 4, reason: midgame, opening, tactical, emergency: false
[DEBUG] 17:13:36.337 [AiEngine] Using JS Search
[DEBUG] 17:13:36.641 [AiEngine] Adaptive time: 500ms, depth: 4, reason: midgame, opening, emergency: false
[DEBUG] 17:13:36.641 [AiEngine] Using JS Search
[DEBUG] 17:13:36.981 [AiEngine] Adaptive time: 500ms, depth: 4, reason: midgame, opening, tactical, emergency: false
[DEBUG] 17:13:36.981 [AiEngine] Using JS Search
[DEBUG] 17:13:37.134 [AiEngine] Adaptive time: 500ms, depth: 4, reason: midgame, opening, emergency: false
[DEBUG] 17:13:37.134 [AiEngine] Using JS Search
[DEBUG] 17:13:37.396 [AiEngine] Adaptive time: 500ms, depth: 4, reason: midgame, opening, tactical, emergency: false
[DEBUG] 17:13:37.396 [AiEngine] Using JS Search
[DEBUG] 17:13:37.581 [AiEngine] Adaptive time: 500ms, depth: 4, reason: midgame, opening, emergency: false
[DEBUG] 17:13:37.581 [AiEngine] Using JS Search
[DEBUG] 17:13:37.818 [AiEngine] Adaptive time: 500ms, depth: 4, reason: midgame, opening, tactical, emergency: false
[DEBUG] 17:13:37.818 [AiEngine] Using JS Search
[DEBUG] 17:13:37.891 [AiEngine] Adaptive time: 500ms, depth: 4, reason: midgame, opening, emergency: false
[DEBUG] 17:13:37.891 [AiEngine] Using JS Search
[DEBUG] 17:13:38.106 [AiEngine] Adaptive time: 500ms, depth: 4, reason: midgame, opening, tactical, emergency: false
[DEBUG] 17:13:38.106 [AiEngine] Using JS Search
[DEBUG] 17:13:38.249 [AiEngine] Adaptive time: 500ms, depth: 4, reason: midgame, opening, emergency: false
[DEBUG] 17:13:38.249 [AiEngine] Using JS Search
[DEBUG] 17:13:38.370 [AiEngine] Adaptive time: 500ms, depth: 4, reason: midgame, opening, tactical, emergency: false
[DEBUG] 17:13:38.370 [AiEngine] Using JS Search
[DEBUG] 17:13:38.427 [AiEngine] Adaptive time: 500ms, depth: 4, reason: midgame, opening, emergency: false
[DEBUG] 17:13:38.427 [AiEngine] Using JS Search
[DEBUG] 17:13:38.466 [AiEngine] Adaptive time: 500ms, depth: 4, reason: midgame, opening, tactical, emergency: false
[DEBUG] 17:13:38.466 [AiEngine] Using JS Search
[DEBUG] 17:13:38.526 [AiEngine] Adaptive time: 500ms, depth: 4, reason: midgame, opening, emergency: false
[DEBUG] 17:13:38.526 [AiEngine] Using JS Search
[DEBUG] 17:13:38.650 [AiEngine] Adaptive time: 500ms, depth: 4, reason: midgame, opening, tactical, emergency: false
[DEBUG] 17:13:38.650 [AiEngine] Using JS Search
[DEBUG] 17:13:38.770 [AiEngine] Adaptive time: 500ms, depth: 4, reason: midgame, opening, emergency: false
[DEBUG] 17:13:38.770 [AiEngine] Using JS Search
[DEBUG] 17:13:38.804 [AiEngine] Adaptive time: 500ms, depth: 4, reason: midgame, opening, tactical, emergency: false
[DEBUG] 17:13:38.804 [AiEngine] Using JS Search
[DEBUG] 17:13:38.840 [AiEngine] Adaptive time: 500ms, depth: 4, reason: midgame, opening, in-check, emergency: false
[DEBUG] 17:13:38.840 [AiEngine] Using JS Search
[DEBUG] 17:13:38.848 [AiEngine] Adaptive time: 500ms, depth: 4, reason: midgame, opening, tactical, emergency: false
[DEBUG] 17:13:38.848 [AiEngine] Using JS Search
[DEBUG] 17:13:38.905 [AiEngine] Adaptive time: 500ms, depth: 4, reason: midgame, opening, emergency: false
[DEBUG] 17:13:38.905 [AiEngine] Using JS Search
[DEBUG] 17:13:38.931 [AiEngine] Adaptive time: 500ms, depth: 4, reason: midgame, opening, tactical, emergency: false
[DEBUG] 17:13:38.931 [AiEngine] Using JS Search
[DEBUG] 17:13:38.933 [AiEngine] Adaptive time: 500ms, depth: 4, reason: midgame, opening, emergency: false
[DEBUG] 17:13:38.933 [AiEngine] Using JS Search
[DEBUG] 17:13:38.980 [AiEngine] Adaptive time: 500ms, depth: 4, reason: midgame, opening, tactical, emergency: false
[DEBUG] 17:13:38.980 [AiEngine] Using JS Search
[DEBUG] 17:13:38.981 [AiEngine] Adaptive time: 3000ms, depth: 4, reason: midgame, tactical, emergency: false
[DEBUG] 17:13:38.981 [AiEngine] Using JS Search
[DEBUG] 17:13:39.035 [AiEngine] Adaptive time: 3000ms, depth: 4, reason: midgame, emergency: false
[DEBUG] 17:13:39.035 [AiEngine] Using JS Search
[DEBUG] 17:13:39.036 [AiEngine] Adaptive time: 3000ms, depth: 4, reason: midgame, tactical, emergency: false
[DEBUG] 17:13:39.036 [AiEngine] Using JS Search
[DEBUG] 17:13:39.144 [AiEngine] Adaptive time: 3000ms, depth: 4, reason: midgame, tactical, emergency: false
[DEBUG] 17:13:39.144 [AiEngine] Using JS Search
[DEBUG] 17:13:39.304 [AiEngine] Adaptive time: 3000ms, depth: 4, reason: midgame, emergency: false
[DEBUG] 17:13:39.304 [AiEngine] Using JS Search
[DEBUG] 17:13:39.333 [AiEngine] Adaptive time: 3000ms, depth: 4, reason: midgame, tactical, emergency: false
[DEBUG] 17:13:39.333 [AiEngine] Using JS Search
[DEBUG] 17:13:39.488 [AiEngine] Adaptive time: 3000ms, depth: 4, reason: midgame, emergency: false
[DEBUG] 17:13:39.488 [AiEngine] Using JS Search
[DEBUG] 17:13:39.536 [AiEngine] Adaptive time: 3000ms, depth: 4, reason: midgame, tactical, emergency: false
[DEBUG] 17:13:39.536 [AiEngine] Using JS Search
[DEBUG] 17:13:39.537 [AiEngine] Adaptive time: 3000ms, depth: 4, reason: standard, emergency: false
[DEBUG] 17:13:39.537 [AiEngine] Using JS Search
[DEBUG] 17:13:39.647 [AiEngine] Adaptive time: 3000ms, depth: 4, reason: tactical, emergency: false
[DEBUG] 17:13:39.647 [AiEngine] Using JS Search
[DEBUG] 17:13:39.648 [AiEngine] Adaptive time: 3000ms, depth: 4, reason: standard, emergency: false
[DEBUG] 17:13:39.648 [AiEngine] Using JS Search
[DEBUG] 17:13:39.741 [AiEngine] Adaptive time: 3000ms, depth: 4, reason: standard, emergency: false
[DEBUG] 17:13:39.741 [AiEngine] Using JS Search
[DEBUG] 17:13:39.741 [AiEngine] Adaptive time: 3000ms, depth: 4, reason: standard, emergency: false
[DEBUG] 17:13:39.742 [AiEngine] Using JS Search
[DEBUG] 17:13:39.829 [AiEngine] Adaptive time: 3000ms, depth: 4, reason: standard, emergency: false
[DEBUG] 17:13:39.829 [AiEngine] Using JS Search
[DEBUG] 17:13:39.830 [AiEngine] Adaptive time: 3000ms, depth: 4, reason: standard, emergency: false
[DEBUG] 17:13:39.830 [AiEngine] Using JS Search
[DEBUG] 17:13:39.951 [AiEngine] Adaptive time: 3000ms, depth: 4, reason: standard, emergency: false
[DEBUG] 17:13:39.951 [AiEngine] Using JS Search
[DEBUG] 17:13:39.952 [AiEngine] Adaptive time: 3000ms, depth: 4, reason: standard, emergency: false
[DEBUG] 17:13:39.952 [AiEngine] Using JS Search
[DEBUG] 17:13:40.047 [AiEngine] Adaptive time: 3000ms, depth: 4, reason: tactical, emergency: false
[DEBUG] 17:13:40.047 [AiEngine] Using JS Search
[DEBUG] 17:13:40.048 [AiEngine] Adaptive time: 3000ms, depth: 4, reason: standard, emergency: false
[DEBUG] 17:13:40.048 [AiEngine] Using JS Search
[DEBUG] 17:13:40.099 [AiEngine] Adaptive time: 3000ms, depth: 4, reason: tactical, emergency: false
[DEBUG] 17:13:40.099 [AiEngine] Using JS Search
[DEBUG] 17:13:40.100 [AiEngine] Adaptive time: 3000ms, depth: 4, reason: standard, emergency: false
[DEBUG] 17:13:40.100 [AiEngine] Using JS Search
[DEBUG] 17:13:40.207 [AiEngine] Adaptive time: 3000ms, depth: 4, reason: tactical, emergency: false
[DEBUG] 17:13:40.207 [AiEngine] Using JS Search
[DEBUG] 17:13:40.209 [AiEngine] Adaptive time: 3000ms, depth: 4, reason: standard, emergency: false
[DEBUG] 17:13:40.209 [AiEngine] Using JS Search
[DEBUG] 17:13:40.294 [AiEngine] Adaptive time: 3000ms, depth: 4, reason: standard, emergency: false
[DEBUG] 17:13:40.294 [AiEngine] Using JS Search
[DEBUG] 17:13:40.295 [AiEngine] Adaptive time: 3000ms, depth: 4, reason: standard, emergency: false
[DEBUG] 17:13:40.295 [AiEngine] Using JS Search
[DEBUG] 17:13:40.395 [AiEngine] Adaptive time: 3000ms, depth: 4, reason: standard, emergency: false
[DEBUG] 17:13:40.395 [AiEngine] Using JS Search
[DEBUG] 17:13:40.404 [AiEngine] Adaptive time: 3000ms, depth: 4, reason: standard, emergency: false
[DEBUG] 17:13:40.404 [AiEngine] Using JS Search
[DEBUG] 17:13:40.487 [AiEngine] Adaptive time: 3000ms, depth: 4, reason: standard, emergency: false
[DEBUG] 17:13:40.487 [AiEngine] Using JS Search
[DEBUG] 17:13:40.488 [AiEngine] Adaptive time: 3000ms, depth: 4, reason: standard, emergency: false
[DEBUG] 17:13:40.488 [AiEngine] Using JS Search
[DEBUG] 17:13:40.587 [AiEngine] Adaptive time: 3000ms, depth: 4, reason: standard, emergency: false
[DEBUG] 17:13:40.588 [AiEngine] Using JS Search
[DEBUG] 17:13:40.588 [AiEngine] Adaptive time: 3000ms, depth: 4, reason: standard, emergency: false
[DEBUG] 17:13:40.588 [AiEngine] Using JS Search
[DEBUG] 17:13:40.676 [AiEngine] Adaptive time: 3000ms, depth: 4, reason: in-check, emergency: false
[DEBUG] 17:13:40.676 [AiEngine] Using JS Search
[DEBUG] 17:13:40.676 [AiEngine] Adaptive time: 3000ms, depth: 4, reason: standard, emergency: false
[DEBUG] 17:13:40.676 [AiEngine] Using JS Search
[DEBUG] 17:13:40.747 [AiEngine] Adaptive time: 3000ms, depth: 4, reason: standard, emergency: false
[DEBUG] 17:13:40.747 [AiEngine] Using JS Search
[DEBUG] 17:13:40.748 [AiEngine] Adaptive time: 3000ms, depth: 4, reason: tactical, emergency: false
[DEBUG] 17:13:40.748 [AiEngine] Using JS Search
[DEBUG] 17:13:40.778 [AiEngine] Adaptive time: 3000ms, depth: 4, reason: in-check, emergency: false
[DEBUG] 17:13:40.778 [AiEngine] Using JS Search
[DEBUG] 17:13:40.779 [AiEngine] Adaptive time: 3000ms, depth: 4, reason: standard, emergency: false
[DEBUG] 17:13:40.779 [AiEngine] Using JS Search
[DEBUG] 17:13:40.846 [AiEngine] Adaptive time: 3000ms, depth: 4, reason: standard, emergency: false
[DEBUG] 17:13:40.846 [AiEngine] Using JS Search
[DEBUG] 17:13:40.849 [AiEngine] Adaptive time: 3000ms, depth: 4, reason: endgame, emergency: false
[DEBUG] 17:13:40.849 [AiEngine] Using JS Search
[DEBUG] 17:13:40.854 [AiEngine] Adaptive time: 3000ms, depth: 4, reason: endgame, emergency: false
[DEBUG] 17:13:40.854 [AiEngine] Using JS Search
[DEBUG] 17:13:40.858 [AiEngine] Adaptive time: 3000ms, depth: 4, reason: endgame, emergency: false
[DEBUG] 17:13:40.858 [AiEngine] Using JS Search
[DEBUG] 17:13:40.862 [AiEngine] Adaptive time: 3000ms, depth: 4, reason: endgame, emergency: false
[DEBUG] 17:13:40.862 [AiEngine] Using JS Search
[DEBUG] 17:13:40.864 [AiEngine] Adaptive time: 3000ms, depth: 4, reason: endgame, emergency: false
[DEBUG] 17:13:40.864 [AiEngine] Using JS Search
[DEBUG] 17:13:40.867 [AiEngine] Adaptive time: 3000ms, depth: 4, reason: endgame, emergency: false
[DEBUG] 17:13:40.867 [AiEngine] Using JS Search
[DEBUG] 17:13:40.869 [AiEngine] Adaptive time: 3000ms, depth: 4, reason: endgame, emergency: false
[DEBUG] 17:13:40.869 [AiEngine] Using JS Search
[DEBUG] 17:13:40.873 [AiEngine] Adaptive time: 3000ms, depth: 4, reason: endgame, emergency: false
[DEBUG] 17:13:40.873 [AiEngine] Using JS Search
[DEBUG] 17:13:40.874 [AiEngine] Adaptive time: 3000ms, depth: 4, reason: endgame, emergency: false
[DEBUG] 17:13:40.874 [AiEngine] Using JS Search
[DEBUG] 17:13:40.876 [AiEngine] Adaptive time: 3000ms, depth: 4, reason: endgame, emergency: false
[DEBUG] 17:13:40.876 [AiEngine] Using JS Search
[DEBUG] 17:13:40.877 [AiEngine] Adaptive time: 3000ms, depth: 4, reason: endgame, emergency: false
[DEBUG] 17:13:40.877 [AiEngine] Using JS Search
[DEBUG] 17:13:40.878 [AiEngine] Adaptive time: 3000ms, depth: 4, reason: endgame, emergency: false
[DEBUG] 17:13:40.878 [AiEngine] Using JS Search
[DEBUG] 17:13:40.879 [AiEngine] Adaptive time: 3000ms, depth: 4, reason: endgame, emergency: false
[DEBUG] 17:13:40.879 [AiEngine] Using JS Search
[DEBUG] 17:13:40.881 [AiEngine] Adaptive time: 3000ms, depth: 4, reason: endgame, emergency: false
[DEBUG] 17:13:40.881 [AiEngine] Using JS Search
[DEBUG] 17:13:40.882 [AiEngine] Adaptive time: 3000ms, depth: 4, reason: endgame, emergency: false
[DEBUG] 17:13:40.882 [AiEngine] Using JS Search
[DEBUG] 17:13:40.884 [AiEngine] Adaptive time: 3000ms, depth: 4, reason: endgame, emergency: false
[DEBUG] 17:13:40.884 [AiEngine] Using JS Search
[DEBUG] 17:13:40.886 [AiEngine] Adaptive time: 3000ms, depth: 4, reason: endgame, emergency: false
[DEBUG] 17:13:40.886 [AiEngine] Using JS Search
[DEBUG] 17:13:40.888 [AiEngine] Adaptive time: 3000ms, depth: 4, reason: endgame, emergency: false
[DEBUG] 17:13:40.888 [AiEngine] Using JS Search
[DEBUG] 17:13:40.891 [AiEngine] Adaptive time: 3000ms, depth: 4, reason: endgame, emergency: false
[DEBUG] 17:13:40.891 [AiEngine] Using JS Search
[DEBUG] 17:13:40.894 [AiEngine] Adaptive time: 3000ms, depth: 4, reason: endgame, emergency: false
[DEBUG] 17:13:40.895 [AiEngine] Using JS Search
[DEBUG] 17:13:40.896 [AiEngine] Adaptive time: 3000ms, depth: 4, reason: endgame, emergency: false
[DEBUG] 17:13:40.896 [AiEngine] Using JS Search
[DEBUG] 17:13:40.898 [AiEngine] Adaptive time: 3000ms, depth: 4, reason: endgame, emergency: false
[DEBUG] 17:13:40.898 [AiEngine] Using JS Search
[DEBUG] 17:13:40.900 [AiEngine] Adaptive time: 500ms, depth: 4, reason: midgame, opening, emergency: false
[DEBUG] 17:13:40.900 [AiEngine] Using JS Search
[DEBUG] 17:13:40.900 [AiEngine] Adaptive time: 500ms, depth: 4, reason: midgame, opening, emergency: false
[DEBUG] 17:13:40.900 [AiEngine] Using JS Search
[DEBUG] 17:13:40.901 [AiEngine] Adaptive time: 500ms, depth: 4, reason: midgame, opening, emergency: false
[DEBUG] 17:13:40.901 [AiEngine] Using JS Search
[DEBUG] 17:13:40.901 [AiEngine] Adaptive time: 500ms, depth: 4, reason: midgame, opening, tactical, emergency: false
[DEBUG] 17:13:40.901 [AiEngine] Using JS Search
[DEBUG] 17:13:40.925 [AiEngine] Adaptive time: 500ms, depth: 4, reason: midgame, opening, emergency: false
[DEBUG] 17:13:40.925 [AiEngine] Using JS Search
[DEBUG] 17:13:41.082 [AiEngine] Adaptive time: 500ms, depth: 4, reason: midgame, opening, emergency: false
[DEBUG] 17:13:41.082 [AiEngine] Using JS Search
[DEBUG] 17:13:41.757 [AiEngine] Adaptive time: 500ms, depth: 4, reason: midgame, opening, tactical, emergency: false
[DEBUG] 17:13:41.757 [AiEngine] Using JS Search
[DEBUG] 17:13:42.084 [AiEngine] Adaptive time: 500ms, depth: 4, reason: midgame, opening, emergency: false
[DEBUG] 17:13:42.084 [AiEngine] Using JS Search
[DEBUG] 17:13:42.229 [AiEngine] Adaptive time: 500ms, depth: 4, reason: midgame, opening, tactical, emergency: false
[DEBUG] 17:13:42.229 [AiEngine] Using JS Search
[DEBUG] 17:13:42.526 [AiEngine] Adaptive time: 500ms, depth: 4, reason: midgame, opening, emergency: false
[DEBUG] 17:13:42.526 [AiEngine] Using JS Search
[DEBUG] 17:13:42.569 [AiEngine] Adaptive time: 500ms, depth: 4, reason: midgame, opening, tactical, emergency: false
[DEBUG] 17:13:42.569 [AiEngine] Using JS Search
[DEBUG] 17:13:42.717 [AiEngine] Adaptive time: 500ms, depth: 4, reason: midgame, opening, emergency: false
[DEBUG] 17:13:42.717 [AiEngine] Using JS Search
[DEBUG] 17:13:42.780 [AiEngine] Adaptive time: 500ms, depth: 4, reason: midgame, opening, tactical, emergency: false
[DEBUG] 17:13:42.780 [AiEngine] Using JS Search
[DEBUG] 17:13:42.929 [AiEngine] Adaptive time: 500ms, depth: 4, reason: midgame, opening, emergency: false
[DEBUG] 17:13:42.929 [AiEngine] Using JS Search
[DEBUG] 17:13:42.982 [AiEngine] Adaptive time: 500ms, depth: 4, reason: midgame, opening, tactical, emergency: false
[DEBUG] 17:13:42.982 [AiEngine] Using JS Search
[DEBUG] 17:13:42.990 [AiEngine] Adaptive time: 500ms, depth: 4, reason: midgame, opening, in-check, emergency: false
[DEBUG] 17:13:42.990 [AiEngine] Using JS Search
[DEBUG] 17:13:42.994 [AiEngine] Adaptive time: 500ms, depth: 4, reason: midgame, opening, tactical, emergency: false
[DEBUG] 17:13:42.994 [AiEngine] Using JS Search
[DEBUG] 17:13:43.265 [AiEngine] Adaptive time: 500ms, depth: 4, reason: midgame, opening, emergency: false
[DEBUG] 17:13:43.265 [AiEngine] Using JS Search
[DEBUG] 17:13:43.305 [AiEngine] Adaptive time: 500ms, depth: 4, reason: midgame, opening, tactical, emergency: false
[DEBUG] 17:13:43.305 [AiEngine] Using JS Search
[DEBUG] 17:13:43.324 [AiEngine] Adaptive time: 500ms, depth: 4, reason: midgame, opening, emergency: false
[DEBUG] 17:13:43.324 [AiEngine] Using JS Search
[DEBUG] 17:13:43.358 [AiEngine] Adaptive time: 500ms, depth: 4, reason: midgame, opening, tactical, emergency: false
[DEBUG] 17:13:43.358 [AiEngine] Using JS Search
[DEBUG] 17:13:43.452 [AiEngine] Adaptive time: 500ms, depth: 4, reason: midgame, opening, emergency: false
[DEBUG] 17:13:43.452 [AiEngine] Using JS Search
[DEBUG] 17:13:43.507 [AiEngine] Adaptive time: 500ms, depth: 4, reason: midgame, opening, tactical, emergency: false
[DEBUG] 17:13:43.507 [AiEngine] Using JS Search
[DEBUG] 17:13:43.587 [AiEngine] Adaptive time: 500ms, depth: 4, reason: midgame, opening, emergency: false
[DEBUG] 17:13:43.587 [AiEngine] Using JS Search
[DEBUG] 17:13:43.623 [AiEngine] Adaptive time: 500ms, depth: 4, reason: midgame, opening, tactical, emergency: false
[DEBUG] 17:13:43.623 [AiEngine] Using JS Search
[DEBUG] 17:13:43.956 [AiEngine] Adaptive time: 500ms, depth: 4, reason: midgame, opening, emergency: false
[DEBUG] 17:13:43.956 [AiEngine] Using JS Search
[DEBUG] 17:13:43.982 [AiEngine] Adaptive time: 500ms, depth: 4, reason: midgame, opening, tactical, emergency: false
[DEBUG] 17:13:43.982 [AiEngine] Using JS Search
[DEBUG] 17:13:43.983 [AiEngine] Adaptive time: 500ms, depth: 4, reason: midgame, opening, emergency: false
[DEBUG] 17:13:43.983 [AiEngine] Using JS Search
[DEBUG] 17:13:44.011 [AiEngine] Adaptive time: 500ms, depth: 4, reason: midgame, opening, tactical, emergency: false
[DEBUG] 17:13:44.011 [AiEngine] Using JS Search
[DEBUG] 17:13:44.012 [AiEngine] Adaptive time: 500ms, depth: 4, reason: midgame, opening, emergency: false
[DEBUG] 17:13:44.012 [AiEngine] Using JS Search
[DEBUG] 17:13:44.044 [AiEngine] Adaptive time: 500ms, depth: 4, reason: midgame, opening, tactical, emergency: false
[DEBUG] 17:13:44.045 [AiEngine] Using JS Search
[DEBUG] 17:13:44.048 [AiEngine] Adaptive time: 500ms, depth: 4, reason: midgame, opening, in-check, emergency: false
[DEBUG] 17:13:44.048 [AiEngine] Using JS Search
[DEBUG] 17:13:44.125 [AiEngine] Adaptive time: 500ms, depth: 4, reason: midgame, opening, emergency: false
[DEBUG] 17:13:44.126 [AiEngine] Using JS Search
[DEBUG] 17:13:44.127 [AiEngine] Adaptive time: 500ms, depth: 4, reason: midgame, opening, emergency: false
[DEBUG] 17:13:44.127 [AiEngine] Using JS Search
[DEBUG] 17:13:44.289 [AiEngine] Adaptive time: 500ms, depth: 4, reason: midgame, opening, emergency: false
[DEBUG] 17:13:44.289 [AiEngine] Using JS Search
[DEBUG] 17:13:44.290 [AiEngine] Adaptive time: 500ms, depth: 4, reason: midgame, opening, emergency: false
[DEBUG] 17:13:44.290 [AiEngine] Using JS Search
[DEBUG] 17:13:44.519 [AiEngine] Adaptive time: 500ms, depth: 4, reason: midgame, opening, emergency: false
[DEBUG] 17:13:44.519 [AiEngine] Using JS Search
[DEBUG] 17:13:44.520 [AiEngine] Adaptive time: 500ms, depth: 4, reason: midgame, opening, emergency: false
[DEBUG] 17:13:44.520 [AiEngine] Using JS Search
[DEBUG] 17:13:44.593 [AiEngine] Adaptive time: 500ms, depth: 4, reason: midgame, opening, emergency: false
[DEBUG] 17:13:44.593 [AiEngine] Using JS Search
[DEBUG] 17:13:44.594 [AiEngine] Adaptive time: 500ms, depth: 4, reason: midgame, opening, emergency: false
[DEBUG] 17:13:44.594 [AiEngine] Using JS Search
[DEBUG] 17:13:44.661 [AiEngine] Adaptive time: 3000ms, depth: 4, reason: midgame, emergency: false
[DEBUG] 17:13:44.661 [AiEngine] Using JS Search
[DEBUG] 17:13:44.662 [AiEngine] Adaptive time: 3000ms, depth: 4, reason: midgame, emergency: false
[DEBUG] 17:13:44.662 [AiEngine] Using JS Search
[DEBUG] 17:13:44.742 [AiEngine] Adaptive time: 3000ms, depth: 4, reason: standard, emergency: false
[DEBUG] 17:13:44.742 [AiEngine] Using JS Search
[DEBUG] 17:13:44.743 [AiEngine] Adaptive time: 3000ms, depth: 4, reason: tactical, emergency: false
[DEBUG] 17:13:44.743 [AiEngine] Using JS Search
[DEBUG] 17:13:44.766 [AiEngine] Adaptive time: 3000ms, depth: 4, reason: standard, emergency: false
[DEBUG] 17:13:44.766 [AiEngine] Using JS Search
[DEBUG] 17:13:44.767 [AiEngine] Adaptive time: 3000ms, depth: 4, reason: tactical, emergency: false
[DEBUG] 17:13:44.767 [AiEngine] Using JS Search
[DEBUG] 17:13:44.823 [AiEngine] Adaptive time: 3000ms, depth: 4, reason: in-check, emergency: false
[DEBUG] 17:13:44.823 [AiEngine] Using JS Search
[DEBUG] 17:13:44.824 [AiEngine] Adaptive time: 3000ms, depth: 4, reason: standard, emergency: false
[DEBUG] 17:13:44.824 [AiEngine] Using JS Search
[DEBUG] 17:13:44.899 [AiEngine] Adaptive time: 3000ms, depth: 4, reason: standard, emergency: false
[DEBUG] 17:13:44.899 [AiEngine] Using JS Search
[DEBUG] 17:13:44.900 [AiEngine] Adaptive time: 3000ms, depth: 4, reason: standard, emergency: false
[DEBUG] 17:13:44.900 [AiEngine] Using JS Search
[DEBUG] 17:13:45.044 [AiEngine] Adaptive time: 3000ms, depth: 4, reason: standard, emergency: false
[DEBUG] 17:13:45.044 [AiEngine] Using JS Search
[DEBUG] 17:13:45.046 [AiEngine] Adaptive time: 3000ms, depth: 4, reason: standard, emergency: false
[DEBUG] 17:13:45.046 [AiEngine] Using JS Search
[DEBUG] 17:13:45.095 [AiEngine] Adaptive time: 3000ms, depth: 4, reason: standard, emergency: false
[DEBUG] 17:13:45.095 [AiEngine] Using JS Search
[DEBUG] 17:13:45.096 [AiEngine] Adaptive time: 3000ms, depth: 4, reason: standard, emergency: false
[DEBUG] 17:13:45.097 [AiEngine] Using JS Search
[DEBUG] 17:13:45.189 [AiEngine] Adaptive time: 3000ms, depth: 4, reason: tactical, emergency: false
[DEBUG] 17:13:45.189 [AiEngine] Using JS Search
[DEBUG] 17:13:45.190 [AiEngine] Adaptive time: 3000ms, depth: 4, reason: standard, emergency: false
[DEBUG] 17:13:45.190 [AiEngine] Using JS Search
[DEBUG] 17:13:45.284 [AiEngine] Adaptive time: 3000ms, depth: 4, reason: tactical, emergency: false
[DEBUG] 17:13:45.284 [AiEngine] Using JS Search
[DEBUG] 17:13:45.393 [AiEngine] Adaptive time: 3000ms, depth: 4, reason: standard, emergency: false
[DEBUG] 17:13:45.393 [AiEngine] Using JS Search
[DEBUG] 17:13:45.430 [AiEngine] Adaptive time: 3000ms, depth: 4, reason: tactical, emergency: false
[DEBUG] 17:13:45.430 [AiEngine] Using JS Search
[DEBUG] 17:13:45.431 [AiEngine] Adaptive time: 3000ms, depth: 4, reason: standard, emergency: false
[DEBUG] 17:13:45.431 [AiEngine] Using JS Search
[DEBUG] 17:13:45.461 [AiEngine] Adaptive time: 3000ms, depth: 4, reason: tactical, emergency: false
[DEBUG] 17:13:45.461 [AiEngine] Using JS Search
[DEBUG] 17:13:45.464 [AiEngine] Adaptive time: 3000ms, depth: 4, reason: in-check, emergency: false
[DEBUG] 17:13:45.464 [AiEngine] Using JS Search
[DEBUG] 17:13:45.495 [AiEngine] Adaptive time: 3000ms, depth: 4, reason: tactical, emergency: false
[DEBUG] 17:13:45.495 [AiEngine] Using JS Search
[DEBUG] 17:13:45.498 [AiEngine] Adaptive time: 3000ms, depth: 4, reason: standard, emergency: false
[DEBUG] 17:13:45.498 [AiEngine] Using JS Search
[DEBUG] 17:13:45.588 [AiEngine] Adaptive time: 3000ms, depth: 4, reason: tactical, emergency: false
[DEBUG] 17:13:45.588 [AiEngine] Using JS Search
[DEBUG] 17:13:45.590 [AiEngine] Adaptive time: 3000ms, depth: 4, reason: standard, emergency: false
[DEBUG] 17:13:45.590 [AiEngine] Using JS Search
[DEBUG] 17:13:45.612 [AiEngine] Adaptive time: 3000ms, depth: 4, reason: endgame, emergency: false
[DEBUG] 17:13:45.612 [AiEngine] Using JS Search
[DEBUG] 17:13:45.618 [AiEngine] Adaptive time: 3000ms, depth: 4, reason: endgame, emergency: false
[DEBUG] 17:13:45.618 [AiEngine] Using JS Search
[DEBUG] 17:13:45.628 [AiEngine] Adaptive time: 3000ms, depth: 4, reason: endgame, emergency: false
[DEBUG] 17:13:45.628 [AiEngine] Using JS Search
[DEBUG] 17:13:45.634 [AiEngine] Adaptive time: 3000ms, depth: 4, reason: endgame, emergency: false
[DEBUG] 17:13:45.634 [AiEngine] Using JS Search
[DEBUG] 17:13:45.643 [AiEngine] Adaptive time: 3000ms, depth: 4, reason: endgame, emergency: false
[DEBUG] 17:13:45.643 [AiEngine] Using JS Search
[DEBUG] 17:13:45.647 [AiEngine] Adaptive time: 3000ms, depth: 4, reason: endgame, emergency: false
[DEBUG] 17:13:45.647 [AiEngine] Using JS Search
[DEBUG] 17:13:45.653 [AiEngine] Adaptive time: 3000ms, depth: 4, reason: endgame, emergency: false
[DEBUG] 17:13:45.653 [AiEngine] Using JS Search
[DEBUG] 17:13:45.658 [AiEngine] Adaptive time: 3000ms, depth: 4, reason: endgame, emergency: false
[DEBUG] 17:13:45.658 [AiEngine] Using JS Search
[DEBUG] 17:13:45.665 [AiEngine] Adaptive time: 3000ms, depth: 4, reason: endgame, emergency: false
[DEBUG] 17:13:45.665 [AiEngine] Using JS Search
[DEBUG] 17:13:45.669 [AiEngine] Adaptive time: 3000ms, depth: 4, reason: endgame, emergency: false
[DEBUG] 17:13:45.669 [AiEngine] Using JS Search
[DEBUG] 17:13:45.675 [AiEngine] Adaptive time: 3000ms, depth: 4, reason: endgame, emergency: false
[DEBUG] 17:13:45.675 [AiEngine] Using JS Search
[DEBUG] 17:13:45.679 [AiEngine] Adaptive time: 3000ms, depth: 4, reason: endgame, emergency: false
[DEBUG] 17:13:45.679 [AiEngine] Using JS Search
[DEBUG] 17:13:45.686 [AiEngine] Adaptive time: 3000ms, depth: 4, reason: endgame, emergency: false
[DEBUG] 17:13:45.686 [AiEngine] Using JS Search
[DEBUG] 17:13:45.690 [AiEngine] Adaptive time: 3000ms, depth: 4, reason: endgame, emergency: false
[DEBUG] 17:13:45.690 [AiEngine] Using JS Search
[DEBUG] 17:13:45.698 [AiEngine] Adaptive time: 3000ms, depth: 4, reason: endgame, emergency: false
[DEBUG] 17:13:45.698 [AiEngine] Using JS Search
[DEBUG] 17:13:45.701 [AiEngine] Adaptive time: 3000ms, depth: 4, reason: endgame, emergency: false
[DEBUG] 17:13:45.701 [AiEngine] Using JS Search
[DEBUG] 17:13:45.709 [AiEngine] Adaptive time: 3000ms, depth: 4, reason: endgame, tactical, emergency: false
[DEBUG] 17:13:45.709 [AiEngine] Using JS Search
[DEBUG] 17:13:45.714 [AiEngine] Adaptive time: 3000ms, depth: 4, reason: endgame, emergency: false
[DEBUG] 17:13:45.714 [AiEngine] Using JS Search
[DEBUG] 17:13:45.723 [AiEngine] Adaptive time: 3000ms, depth: 4, reason: endgame, tactical, emergency: false
[DEBUG] 17:13:45.723 [AiEngine] Using JS Search
[DEBUG] 17:13:45.725 [AiEngine] Adaptive time: 3000ms, depth: 4, reason: endgame, emergency: false
[DEBUG] 17:13:45.725 [AiEngine] Using JS Search
[DEBUG] 17:13:45.731 [AiEngine] Adaptive time: 3000ms, depth: 4, reason: endgame, tactical, emergency: false
[DEBUG] 17:13:45.732 [AiEngine] Using JS Search
[DEBUG] 17:13:45.736 [AiEngine] Adaptive time: 3000ms, depth: 4, reason: endgame, emergency: false
[DEBUG] 17:13:45.736 [AiEngine] Using JS Search
[DEBUG] 17:13:45.742 [AiEngine] Adaptive time: 3000ms, depth: 4, reason: endgame, tactical, emergency: false
[DEBUG] 17:13:45.742 [AiEngine] Using JS Search
[DEBUG] 17:13:45.743 [AiEngine] Adaptive time: 3000ms, depth: 4, reason: endgame, emergency: false
[DEBUG] 17:13:45.743 [AiEngine] Using JS Search
[DEBUG] 17:13:45.747 [AiEngine] Adaptive time: 3000ms, depth: 4, reason: endgame, tactical, emergency: false
[DEBUG] 17:13:45.747 [AiEngine] Using JS Search
[DEBUG] 17:13:45.751 [AiEngine] Adaptive time: 3000ms, depth: 4, reason: endgame, emergency: false
[DEBUG] 17:13:45.751 [AiEngine] Using JS Search
[DEBUG] 17:13:45.757 [AiEngine] Adaptive time: 3000ms, depth: 4, reason: endgame, tactical, emergency: false
[DEBUG] 17:13:45.757 [AiEngine] Using JS Search
[DEBUG] 17:13:45.761 [AiEngine] Adaptive time: 3000ms, depth: 4, reason: endgame, emergency: false
[DEBUG] 17:13:45.761 [AiEngine] Using JS Search
[DEBUG] 17:13:45.770 [AiEngine] Adaptive time: 3000ms, depth: 4, reason: endgame, emergency: false
[DEBUG] 17:13:45.770 [AiEngine] Using JS Search
[DEBUG] 17:13:45.773 [AiEngine] Adaptive time: 3000ms, depth: 4, reason: endgame, emergency: false
[DEBUG] 17:13:45.773 [AiEngine] Using JS Search
[DEBUG] 17:13:45.779 [AiEngine] Adaptive time: 3000ms, depth: 4, reason: endgame, tactical, emergency: false
[DEBUG] 17:13:45.779 [AiEngine] Using JS Search
[DEBUG] 17:13:45.782 [AiEngine] Adaptive time: 3000ms, depth: 4, reason: endgame, emergency: false
[DEBUG] 17:13:45.782 [AiEngine] Using JS Search
[DEBUG] 17:13:45.786 [AiEngine] Adaptive time: 3000ms, depth: 4, reason: endgame, emergency: false
[DEBUG] 17:13:45.786 [AiEngine] Using JS Search
[DEBUG] 17:13:45.791 [AiEngine] Adaptive time: 3000ms, depth: 4, reason: endgame, emergency: false
[DEBUG] 17:13:45.791 [AiEngine] Using JS Search
[DEBUG] 17:13:45.793 [AiEngine] Adaptive time: 500ms, depth: 4, reason: midgame, opening, emergency: false
[DEBUG] 17:13:45.794 [AiEngine] Using JS Search
[DEBUG] 17:13:45.794 [AiEngine] Adaptive time: 500ms, depth: 4, reason: midgame, opening, emergency: false
[DEBUG] 17:13:45.794 [AiEngine] Using JS Search
[DEBUG] 17:13:45.794 [AiEngine] Adaptive time: 500ms, depth: 4, reason: midgame, opening, emergency: false
[DEBUG] 17:13:45.794 [AiEngine] Using JS Search
[DEBUG] 17:13:45.794 [AiEngine] Adaptive time: 500ms, depth: 4, reason: midgame, opening, tactical, emergency: false
[DEBUG] 17:13:45.794 [AiEngine] Using JS Search
[DEBUG] 17:13:45.814 [AiEngine] Adaptive time: 500ms, depth: 4, reason: midgame, opening, emergency: false
[DEBUG] 17:13:45.814 [AiEngine] Using JS Search
[DEBUG] 17:13:45.855 [AiEngine] Adaptive time: 500ms, depth: 4, reason: midgame, opening, emergency: false
[DEBUG] 17:13:45.855 [AiEngine] Using JS Search
[DEBUG] 17:13:46.393 [AiEngine] Adaptive time: 500ms, depth: 4, reason: midgame, opening, tactical, emergency: false
[DEBUG] 17:13:46.393 [AiEngine] Using JS Search
[DEBUG] 17:13:46.703 [AiEngine] Adaptive time: 500ms, depth: 4, reason: midgame, opening, emergency: false
[DEBUG] 17:13:46.703 [AiEngine] Using JS Search
[DEBUG] 17:13:46.843 [AiEngine] Adaptive time: 500ms, depth: 4, reason: midgame, opening, tactical, emergency: false
[DEBUG] 17:13:46.843 [AiEngine] Using JS Search
[DEBUG] 17:13:47.178 [AiEngine] Adaptive time: 500ms, depth: 4, reason: midgame, opening, emergency: false
[DEBUG] 17:13:47.179 [AiEngine] Using JS Search
[DEBUG] 17:13:48.020 [AiEngine] Adaptive time: 500ms, depth: 4, reason: midgame, opening, tactical, emergency: false
[DEBUG] 17:13:48.020 [AiEngine] Using JS Search
[DEBUG] 17:13:48.256 [AiEngine] Adaptive time: 500ms, depth: 4, reason: midgame, opening, tactical, emergency: false
[DEBUG] 17:13:48.256 [AiEngine] Using JS Search
[DEBUG] 17:13:48.335 [AiEngine] Adaptive time: 500ms, depth: 4, reason: midgame, opening, in-check, emergency: false
[DEBUG] 17:13:48.335 [AiEngine] Using JS Search
[DEBUG] 17:13:48.468 [AiEngine] Adaptive time: 500ms, depth: 4, reason: midgame, opening, emergency: false
[DEBUG] 17:13:48.468 [AiEngine] Using JS Search
[DEBUG] 17:13:48.501 [AiEngine] Adaptive time: 500ms, depth: 4, reason: midgame, opening, tactical, emergency: false
[DEBUG] 17:13:48.502 [AiEngine] Using JS Search
[DEBUG] 17:13:48.503 [AiEngine] Adaptive time: 500ms, depth: 4, reason: midgame, opening, emergency: false
[DEBUG] 17:13:48.503 [AiEngine] Using JS Search
[DEBUG] 17:13:48.898 [AiEngine] Adaptive time: 500ms, depth: 4, reason: midgame, opening, emergency: false
[DEBUG] 17:13:48.898 [AiEngine] Using JS Search
[DEBUG] 17:13:48.913 [AiEngine] Adaptive time: 500ms, depth: 4, reason: midgame, opening, emergency: false
[DEBUG] 17:13:48.913 [AiEngine] Using JS Search
[DEBUG] 17:13:49.230 [AiEngine] Adaptive time: 500ms, depth: 4, reason: midgame, opening, tactical, emergency: false
[DEBUG] 17:13:49.230 [AiEngine] Using JS Search
[DEBUG] 17:13:49.453 [AiEngine] Adaptive time: 500ms, depth: 4, reason: midgame, opening, emergency: false
[DEBUG] 17:13:49.453 [AiEngine] Using JS Search
[DEBUG] 17:13:49.514 [AiEngine] Adaptive time: 500ms, depth: 4, reason: midgame, opening, tactical, emergency: false
[DEBUG] 17:13:49.514 [AiEngine] Using JS Search
[DEBUG] 17:13:49.653 [AiEngine] Adaptive time: 500ms, depth: 4, reason: midgame, opening, emergency: false
[DEBUG] 17:13:49.653 [AiEngine] Using JS Search
[DEBUG] 17:13:49.702 [AiEngine] Adaptive time: 500ms, depth: 4, reason: midgame, opening, tactical, emergency: false
[DEBUG] 17:13:49.702 [AiEngine] Using JS Search
[DEBUG] 17:13:49.956 [AiEngine] Adaptive time: 500ms, depth: 4, reason: midgame, opening, emergency: false
[DEBUG] 17:13:49.956 [AiEngine] Using JS Search
[DEBUG] 17:13:49.995 [AiEngine] Adaptive time: 500ms, depth: 4, reason: midgame, opening, tactical, emergency: false
[DEBUG] 17:13:49.995 [AiEngine] Using JS Search
[DEBUG] 17:13:50.195 [AiEngine] Adaptive time: 500ms, depth: 4, reason: midgame, opening, emergency: false
[DEBUG] 17:13:50.195 [AiEngine] Using JS Search
[DEBUG] 17:13:50.231 [AiEngine] Adaptive time: 500ms, depth: 4, reason: midgame, opening, tactical, emergency: false
[DEBUG] 17:13:50.231 [AiEngine] Using JS Search
[DEBUG] 17:13:50.619 [AiEngine] Adaptive time: 500ms, depth: 4, reason: midgame, opening, emergency: false
[DEBUG] 17:13:50.619 [AiEngine] Using JS Search
[DEBUG] 17:13:50.663 [AiEngine] Adaptive time: 500ms, depth: 4, reason: midgame, opening, tactical, emergency: false
[DEBUG] 17:13:50.663 [AiEngine] Using JS Search
[DEBUG] 17:13:50.822 [AiEngine] Adaptive time: 500ms, depth: 4, reason: midgame, opening, emergency: false
[DEBUG] 17:13:50.823 [AiEngine] Using JS Search
[DEBUG] 17:13:50.863 [AiEngine] Adaptive time: 500ms, depth: 4, reason: midgame, opening, tactical, emergency: false
[DEBUG] 17:13:50.863 [AiEngine] Using JS Search
[DEBUG] 17:13:50.976 [AiEngine] Adaptive time: 500ms, depth: 4, reason: midgame, opening, emergency: false
[DEBUG] 17:13:50.976 [AiEngine] Using JS Search
[DEBUG] 17:13:51.017 [AiEngine] Adaptive time: 500ms, depth: 4, reason: midgame, opening, tactical, emergency: false
[DEBUG] 17:13:51.017 [AiEngine] Using JS Search
[DEBUG] 17:13:51.127 [AiEngine] Adaptive time: 500ms, depth: 4, reason: midgame, opening, emergency: false
[DEBUG] 17:13:51.127 [AiEngine] Using JS Search
[DEBUG] 17:13:51.156 [AiEngine] Adaptive time: 500ms, depth: 4, reason: midgame, opening, tactical, emergency: false
[DEBUG] 17:13:51.156 [AiEngine] Using JS Search
[DEBUG] 17:13:51.445 [AiEngine] Adaptive time: 500ms, depth: 4, reason: midgame, opening, emergency: false
[DEBUG] 17:13:51.445 [AiEngine] Using JS Search
[DEBUG] 17:13:51.475 [AiEngine] Adaptive time: 500ms, depth: 4, reason: midgame, opening, tactical, emergency: false
[DEBUG] 17:13:51.475 [AiEngine] Using JS Search
[DEBUG] 17:13:51.525 [AiEngine] Adaptive time: 500ms, depth: 4, reason: midgame, opening, emergency: false
[DEBUG] 17:13:51.525 [AiEngine] Using JS Search
[DEBUG] 17:13:51.549 [AiEngine] Adaptive time: 500ms, depth: 4, reason: midgame, opening, tactical, emergency: false
[DEBUG] 17:13:51.549 [AiEngine] Using JS Search
[DEBUG] 17:13:51.551 [AiEngine] Adaptive time: 500ms, depth: 4, reason: midgame, opening, in-check, emergency: false
[DEBUG] 17:13:51.551 [AiEngine] Using JS Search
[DEBUG] 17:13:51.554 [AiEngine] Adaptive time: 3000ms, depth: 4, reason: midgame, tactical, emergency: false
[DEBUG] 17:13:51.554 [AiEngine] Using JS Search
[DEBUG] 17:13:51.563 [AiEngine] Adaptive time: 3000ms, depth: 4, reason: midgame, emergency: false
[DEBUG] 17:13:51.563 [AiEngine] Using JS Search
[DEBUG] 17:13:51.577 [AiEngine] Adaptive time: 3000ms, depth: 4, reason: midgame, tactical, emergency: false
[DEBUG] 17:13:51.578 [AiEngine] Using JS Search
[DEBUG] 17:13:51.586 [AiEngine] Adaptive time: 3000ms, depth: 4, reason: midgame, emergency: false
[DEBUG] 17:13:51.586 [AiEngine] Using JS Search
[DEBUG] 17:13:51.599 [AiEngine] Adaptive time: 3000ms, depth: 4, reason: midgame, tactical, emergency: false
[DEBUG] 17:13:51.599 [AiEngine] Using JS Search
[DEBUG] 17:13:51.606 [AiEngine] Adaptive time: 3000ms, depth: 4, reason: midgame, emergency: false
[DEBUG] 17:13:51.606 [AiEngine] Using JS Search
[DEBUG] 17:13:51.617 [AiEngine] Adaptive time: 3000ms, depth: 4, reason: midgame, tactical, emergency: false
[DEBUG] 17:13:51.617 [AiEngine] Using JS Search
[DEBUG] 17:13:51.620 [AiEngine] Adaptive time: 3000ms, depth: 4, reason: midgame, in-check, emergency: false
[DEBUG] 17:13:51.620 [AiEngine] Using JS Search
[DEBUG] 17:13:51.624 [AiEngine] Adaptive time: 3000ms, depth: 4, reason: midgame, tactical, emergency: false
[DEBUG] 17:13:51.624 [AiEngine] Using JS Search
[DEBUG] 17:13:51.626 [AiEngine] Adaptive time: 3000ms, depth: 4, reason: in-check, emergency: false
[DEBUG] 17:13:51.626 [AiEngine] Using JS Search
[DEBUG] 17:13:51.628 [AiEngine] Adaptive time: 3000ms, depth: 4, reason: standard, emergency: false
[DEBUG] 17:13:51.628 [AiEngine] Using JS Search
[DEBUG] 17:13:51.635 [AiEngine] Adaptive time: 3000ms, depth: 4, reason: standard, emergency: false
[DEBUG] 17:13:51.635 [AiEngine] Using JS Search
[DEBUG] 17:13:51.645 [AiEngine] Adaptive time: 3000ms, depth: 4, reason: standard, emergency: false
[DEBUG] 17:13:51.645 [AiEngine] Using JS Search
[DEBUG] 17:13:51.650 [AiEngine] Adaptive time: 3000ms, depth: 4, reason: standard, emergency: false
[DEBUG] 17:13:51.650 [AiEngine] Using JS Search
[DEBUG] 17:13:51.658 [AiEngine] Adaptive time: 3000ms, depth: 4, reason: standard, emergency: false
[DEBUG] 17:13:51.658 [AiEngine] Using JS Search
[DEBUG] 17:13:51.662 [AiEngine] Adaptive time: 3000ms, depth: 4, reason: standard, emergency: false
[DEBUG] 17:13:51.662 [AiEngine] Using JS Search
[DEBUG] 17:13:51.669 [AiEngine] Adaptive time: 3000ms, depth: 4, reason: standard, emergency: false
[DEBUG] 17:13:51.669 [AiEngine] Using JS Search
[DEBUG] 17:13:51.674 [AiEngine] Adaptive time: 3000ms, depth: 4, reason: standard, emergency: false
[DEBUG] 17:13:51.674 [AiEngine] Using JS Search
[DEBUG] 17:13:51.682 [AiEngine] Adaptive time: 3000ms, depth: 4, reason: standard, emergency: false
[DEBUG] 17:13:51.682 [AiEngine] Using JS Search
[DEBUG] 17:13:51.686 [AiEngine] Adaptive time: 3000ms, depth: 4, reason: standard, emergency: false
[DEBUG] 17:13:51.686 [AiEngine] Using JS Search
[DEBUG] 17:13:51.696 [AiEngine] Adaptive time: 3000ms, depth: 4, reason: standard, emergency: false
[DEBUG] 17:13:51.696 [AiEngine] Using JS Search
[DEBUG] 17:13:51.700 [AiEngine] Adaptive time: 3000ms, depth: 4, reason: standard, emergency: false
[DEBUG] 17:13:51.700 [AiEngine] Using JS Search
[DEBUG] 17:13:51.706 [AiEngine] Adaptive time: 3000ms, depth: 4, reason: standard, emergency: false
[DEBUG] 17:13:51.706 [AiEngine] Using JS Search
[DEBUG] 17:13:51.708 [AiEngine] Adaptive time: 3000ms, depth: 4, reason: standard, emergency: false
[DEBUG] 17:13:51.708 [AiEngine] Using JS Search
[DEBUG] 17:13:51.726 [AiEngine] Adaptive time: 3000ms, depth: 4, reason: standard, emergency: false
[DEBUG] 17:13:51.726 [AiEngine] Using JS Search
[DEBUG] 17:13:51.730 [AiEngine] Adaptive time: 3000ms, depth: 4, reason: standard, emergency: false
[DEBUG] 17:13:51.730 [AiEngine] Using JS Search
[DEBUG] 17:13:51.742 [AiEngine] Adaptive time: 3000ms, depth: 4, reason: standard, emergency: false
[DEBUG] 17:13:51.743 [AiEngine] Using JS Search
[DEBUG] 17:13:51.748 [AiEngine] Adaptive time: 3000ms, depth: 4, reason: standard, emergency: false
[DEBUG] 17:13:51.748 [AiEngine] Using JS Search
[DEBUG] 17:13:51.764 [AiEngine] Adaptive time: 3000ms, depth: 4, reason: standard, emergency: false
[DEBUG] 17:13:51.764 [AiEngine] Using JS Search
[DEBUG] 17:13:51.769 [AiEngine] Adaptive time: 3000ms, depth: 4, reason: standard, emergency: false
[DEBUG] 17:13:51.769 [AiEngine] Using JS Search
[DEBUG] 17:13:51.790 [AiEngine] Adaptive time: 3000ms, depth: 4, reason: standard, emergency: false
[DEBUG] 17:13:51.790 [AiEngine] Using JS Search
[DEBUG] 17:13:51.796 [AiEngine] Adaptive time: 3000ms, depth: 4, reason: standard, emergency: false
[DEBUG] 17:13:51.797 [AiEngine] Using JS Search
[DEBUG] 17:13:51.815 [AiEngine] Adaptive time: 3000ms, depth: 4, reason: tactical, emergency: false
[DEBUG] 17:13:51.815 [AiEngine] Using JS Search
[DEBUG] 17:13:51.820 [AiEngine] Adaptive time: 3000ms, depth: 4, reason: standard, emergency: false
[DEBUG] 17:13:51.820 [AiEngine] Using JS Search
[DEBUG] 17:13:51.839 [AiEngine] Adaptive time: 3000ms, depth: 4, reason: tactical, emergency: false
[DEBUG] 17:13:51.839 [AiEngine] Using JS Search
[DEBUG] 17:13:51.845 [AiEngine] Adaptive time: 3000ms, depth: 4, reason: standard, emergency: false
[DEBUG] 17:13:51.845 [AiEngine] Using JS Search
[DEBUG] 17:13:51.863 [AiEngine] Adaptive time: 3000ms, depth: 4, reason: tactical, emergency: false
[DEBUG] 17:13:51.863 [AiEngine] Using JS Search
[DEBUG] 17:13:51.868 [AiEngine] Adaptive time: 3000ms, depth: 4, reason: standard, emergency: false
[DEBUG] 17:13:51.868 [AiEngine] Using JS Search
[DEBUG] 17:13:51.883 [AiEngine] Adaptive time: 3000ms, depth: 4, reason: tactical, emergency: false
[DEBUG] 17:13:51.883 [AiEngine] Using JS Search
[DEBUG] 17:13:51.890 [AiEngine] Adaptive time: 3000ms, depth: 4, reason: standard, emergency: false
[DEBUG] 17:13:51.890 [AiEngine] Using JS Search
[DEBUG] 17:13:51.910 [AiEngine] Adaptive time: 3000ms, depth: 4, reason: tactical, emergency: false
[DEBUG] 17:13:51.910 [AiEngine] Using JS Search
[DEBUG] 17:13:51.919 [AiEngine] Adaptive time: 3000ms, depth: 4, reason: standard, emergency: false
[DEBUG] 17:13:51.919 [AiEngine] Using JS Search
[DEBUG] 17:13:51.935 [AiEngine] Adaptive time: 3000ms, depth: 4, reason: tactical, emergency: false
[DEBUG] 17:13:51.935 [AiEngine] Using JS Search
[DEBUG] 17:13:51.942 [AiEngine] Adaptive time: 3000ms, depth: 4, reason: standard, emergency: false
[DEBUG] 17:13:51.942 [AiEngine] Using JS Search
[DEBUG] 17:13:51.954 [AiEngine] Adaptive time: 3000ms, depth: 4, reason: tactical, emergency: false
[DEBUG] 17:13:51.954 [AiEngine] Using JS Search
[DEBUG] 17:13:51.958 [AiEngine] Adaptive time: 3000ms, depth: 4, reason: in-check, emergency: false
[DEBUG] 17:13:51.958 [AiEngine] Using JS Search
[DEBUG] 17:13:51.968 [AiEngine] Adaptive time: 3000ms, depth: 4, reason: tactical, emergency: false
[DEBUG] 17:13:51.968 [AiEngine] Using JS Search
[DEBUG] 17:13:51.974 [AiEngine] Adaptive time: 3000ms, depth: 4, reason: standard, emergency: false
[DEBUG] 17:13:51.974 [AiEngine] Using JS Search
[DEBUG] 17:13:51.989 [AiEngine] Adaptive time: 3000ms, depth: 4, reason: tactical, emergency: false
[DEBUG] 17:13:51.989 [AiEngine] Using JS Search
[DEBUG] 17:13:51.992 [AiEngine] Adaptive time: 3000ms, depth: 4, reason: in-check, emergency: false
[DEBUG] 17:13:51.993 [AiEngine] Using JS Search
[DEBUG] 17:13:52.003 [AiEngine] Adaptive time: 3000ms, depth: 4, reason: endgame, tactical, emergency: false
[DEBUG] 17:13:52.003 [AiEngine] Using JS Search
[DEBUG] 17:13:52.005 [AiEngine] Adaptive time: 3000ms, depth: 4, reason: endgame, in-check, emergency: false
[DEBUG] 17:13:52.005 [AiEngine] Using JS Search
[DEBUG] 17:13:52.009 [AiEngine] Adaptive time: 3000ms, depth: 4, reason: endgame, tactical, emergency: false
[DEBUG] 17:13:52.009 [AiEngine] Using JS Search
[DEBUG] 17:13:52.015 [AiEngine] Adaptive time: 3000ms, depth: 4, reason: endgame, emergency: false
[DEBUG] 17:13:52.015 [AiEngine] Using JS Search
[DEBUG] 17:13:52.032 [AiEngine] Adaptive time: 3000ms, depth: 4, reason: endgame, tactical, emergency: false
[DEBUG] 17:13:52.032 [AiEngine] Using JS Search
[DEBUG] 17:13:52.036 [AiEngine] Adaptive time: 3000ms, depth: 4, reason: endgame, emergency: false
[DEBUG] 17:13:52.036 [AiEngine] Using JS Search
[DEBUG] 17:13:52.045 [AiEngine] Adaptive time: 3000ms, depth: 4, reason: endgame, tactical, emergency: false
[DEBUG] 17:13:52.045 [AiEngine] Using JS Search
[DEBUG] 17:13:52.047 [AiEngine] Adaptive time: 3000ms, depth: 4, reason: endgame, in-check, emergency: false
[DEBUG] 17:13:52.047 [AiEngine] Using JS Search
[DEBUG] 17:13:52.054 [AiEngine] Adaptive time: 3000ms, depth: 4, reason: endgame, tactical, emergency: false
[DEBUG] 17:13:52.054 [AiEngine] Using JS Search
[DEBUG] 17:13:52.056 [AiEngine] Adaptive time: 3000ms, depth: 4, reason: endgame, emergency: false
[DEBUG] 17:13:52.056 [AiEngine] Using JS Search
[DEBUG] 17:13:52.064 [AiEngine] Adaptive time: 500ms, depth: 4, reason: midgame, opening, emergency: false
[DEBUG] 17:13:52.064 [AiEngine] Using JS Search
[DEBUG] 17:13:52.064 [AiEngine] Adaptive time: 500ms, depth: 4, reason: midgame, opening, emergency: false
[DEBUG] 17:13:52.064 [AiEngine] Using JS Search
[DEBUG] 17:13:52.065 [AiEngine] Adaptive time: 500ms, depth: 4, reason: midgame, opening, emergency: false
[DEBUG] 17:13:52.065 [AiEngine] Using JS Search
[DEBUG] 17:13:52.065 [AiEngine] Adaptive time: 500ms, depth: 4, reason: midgame, opening, tactical, emergency: false
[DEBUG] 17:13:52.065 [AiEngine] Using JS Search
[DEBUG] 17:13:52.084 [AiEngine] Adaptive time: 500ms, depth: 4, reason: midgame, opening, emergency: false
[DEBUG] 17:13:52.084 [AiEngine] Using JS Search
[DEBUG] 17:13:52.126 [AiEngine] Adaptive time: 500ms, depth: 4, reason: midgame, opening, emergency: false
[DEBUG] 17:13:52.126 [AiEngine] Using JS Search
[DEBUG] 17:13:52.429 [AiEngine] Adaptive time: 500ms, depth: 4, reason: midgame, opening, emergency: false
[DEBUG] 17:13:52.429 [AiEngine] Using JS Search
[DEBUG] 17:13:52.643 [AiEngine] Adaptive time: 500ms, depth: 4, reason: midgame, opening, emergency: false
[DEBUG] 17:13:52.643 [AiEngine] Using JS Search
[DEBUG] 17:13:52.895 [AiEngine] Adaptive time: 500ms, depth: 4, reason: midgame, opening, emergency: false
[DEBUG] 17:13:52.895 [AiEngine] Using JS Search
[DEBUG] 17:13:53.092 [AiEngine] Adaptive time: 500ms, depth: 4, reason: midgame, opening, emergency: false
[DEBUG] 17:13:53.092 [AiEngine] Using JS Search
[DEBUG] 17:13:53.298 [AiEngine] Adaptive time: 500ms, depth: 4, reason: midgame, opening, emergency: false
[DEBUG] 17:13:53.298 [AiEngine] Using JS Search
[DEBUG] 17:13:53.414 [AiEngine] Adaptive time: 500ms, depth: 4, reason: midgame, opening, emergency: false
[DEBUG] 17:13:53.414 [AiEngine] Using JS Search
[DEBUG] 17:13:53.640 [AiEngine] Adaptive time: 500ms, depth: 4, reason: midgame, opening, emergency: false
[DEBUG] 17:13:53.640 [AiEngine] Using JS Search
[DEBUG] 17:13:53.680 [AiEngine] Adaptive time: 500ms, depth: 4, reason: midgame, opening, tactical, emergency: false
[DEBUG] 17:13:53.680 [AiEngine] Using JS Search
[DEBUG] 17:13:53.766 [AiEngine] Adaptive time: 500ms, depth: 4, reason: midgame, opening, emergency: false
[DEBUG] 17:13:53.767 [AiEngine] Using JS Search
[DEBUG] 17:13:53.809 [AiEngine] Adaptive time: 500ms, depth: 4, reason: midgame, opening, tactical, emergency: false
[DEBUG] 17:13:53.809 [AiEngine] Using JS Search
[DEBUG] 17:13:53.847 [AiEngine] Adaptive time: 500ms, depth: 4, reason: midgame, opening, in-check, emergency: false
[DEBUG] 17:13:53.847 [AiEngine] Using JS Search
[DEBUG] 17:13:53.852 [AiEngine] Adaptive time: 500ms, depth: 4, reason: midgame, opening, tactical, emergency: false
[DEBUG] 17:13:53.852 [AiEngine] Using JS Search
[DEBUG] 17:13:53.866 [AiEngine] Adaptive time: 500ms, depth: 4, reason: midgame, opening, in-check, emergency: false
[DEBUG] 17:13:53.866 [AiEngine] Using JS Search
[DEBUG] 17:13:53.869 [AiEngine] Adaptive time: 500ms, depth: 4, reason: midgame, opening, tactical, emergency: false
[DEBUG] 17:13:53.869 [AiEngine] Using JS Search
[DEBUG] 17:13:53.883 [AiEngine] Adaptive time: 500ms, depth: 4, reason: midgame, opening, in-check, emergency: false
[DEBUG] 17:13:53.883 [AiEngine] Using JS Search
[DEBUG] 17:13:53.891 [AiEngine] Adaptive time: 500ms, depth: 4, reason: midgame, opening, tactical, emergency: false
[DEBUG] 17:13:53.891 [AiEngine] Using JS Search
[DEBUG] 17:13:53.905 [AiEngine] Adaptive time: 500ms, depth: 4, reason: midgame, opening, in-check, emergency: false
[DEBUG] 17:13:53.905 [AiEngine] Using JS Search
[DEBUG] 17:13:53.914 [AiEngine] Adaptive time: 500ms, depth: 4, reason: midgame, opening, tactical, emergency: false
[DEBUG] 17:13:53.914 [AiEngine] Using JS Search
[DEBUG] 17:13:53.935 [AiEngine] Adaptive time: 500ms, depth: 4, reason: midgame, opening, emergency: false
[DEBUG] 17:13:53.935 [AiEngine] Using JS Search
[DEBUG] 17:13:53.966 [AiEngine] Adaptive time: 500ms, depth: 4, reason: midgame, opening, tactical, emergency: false
[DEBUG] 17:13:53.966 [AiEngine] Using JS Search
[DEBUG] 17:13:53.979 [AiEngine] Adaptive time: 500ms, depth: 4, reason: midgame, opening, emergency: false
[DEBUG] 17:13:53.979 [AiEngine] Using JS Search
[DEBUG] 17:13:54.714 [AiEngine] Adaptive time: 500ms, depth: 4, reason: midgame, opening, tactical, emergency: false
[DEBUG] 17:13:54.714 [AiEngine] Using JS Search
[DEBUG] 17:13:54.717 [AiEngine] Adaptive time: 500ms, depth: 4, reason: midgame, opening, in-check, emergency: false
[DEBUG] 17:13:54.718 [AiEngine] Using JS Search
[DEBUG] 17:13:54.834 [AiEngine] Adaptive time: 500ms, depth: 4, reason: midgame, opening, emergency: false
[DEBUG] 17:13:54.834 [AiEngine] Using JS Search
[DEBUG] 17:13:54.835 [AiEngine] Adaptive time: 500ms, depth: 4, reason: midgame, opening, tactical, emergency: false
[DEBUG] 17:13:54.835 [AiEngine] Using JS Search
[DEBUG] 17:13:54.924 [AiEngine] Adaptive time: 500ms, depth: 4, reason: midgame, opening, in-check, emergency: false
[DEBUG] 17:13:54.925 [AiEngine] Using JS Search
[DEBUG] 17:13:54.926 [AiEngine] Adaptive time: 500ms, depth: 4, reason: midgame, opening, tactical, emergency: false
[DEBUG] 17:13:54.926 [AiEngine] Using JS Search
[DEBUG] 17:13:55.344 [AiEngine] Adaptive time: 500ms, depth: 4, reason: midgame, opening, emergency: false
[DEBUG] 17:13:55.344 [AiEngine] Using JS Search
[DEBUG] 17:13:55.345 [AiEngine] Adaptive time: 500ms, depth: 4, reason: midgame, opening, tactical, emergency: false
[DEBUG] 17:13:55.345 [AiEngine] Using JS Search
[DEBUG] 17:13:55.513 [AiEngine] Adaptive time: 500ms, depth: 4, reason: midgame, opening, emergency: false
[DEBUG] 17:13:55.513 [AiEngine] Using JS Search
[DEBUG] 17:13:55.752 [AiEngine] Adaptive time: 500ms, depth: 4, reason: midgame, opening, tactical, emergency: false
[DEBUG] 17:13:55.752 [AiEngine] Using JS Search
[DEBUG] 17:13:55.810 [AiEngine] Adaptive time: 500ms, depth: 4, reason: midgame, opening, in-check, tactical, emergency: false
[DEBUG] 17:13:55.810 [AiEngine] Using JS Search
[DEBUG] 17:13:55.815 [AiEngine] Adaptive time: 500ms, depth: 4, reason: midgame, opening, in-check, emergency: false
[DEBUG] 17:13:55.815 [AiEngine] Using JS Search
[DEBUG] 17:13:55.820 [AiEngine] Adaptive time: 500ms, depth: 4, reason: midgame, opening, emergency: false
[DEBUG] 17:13:55.820 [AiEngine] Using JS Search
[DEBUG] 17:13:55.821 [AiEngine] Adaptive time: 3000ms, depth: 4, reason: midgame, emergency: false
[DEBUG] 17:13:55.821 [AiEngine] Using JS Search
[DEBUG] 17:13:55.864 [AiEngine] Adaptive time: 3000ms, depth: 4, reason: midgame, emergency: false
[DEBUG] 17:13:55.864 [AiEngine] Using JS Search
[DEBUG] 17:13:55.865 [AiEngine] Adaptive time: 3000ms, depth: 4, reason: midgame, emergency: false
[DEBUG] 17:13:55.865 [AiEngine] Using JS Search
[DEBUG] 17:13:55.915 [AiEngine] Adaptive time: 3000ms, depth: 4, reason: midgame, emergency: false
[DEBUG] 17:13:55.915 [AiEngine] Using JS Search
[DEBUG] 17:13:55.915 [AiEngine] Adaptive time: 3000ms, depth: 4, reason: midgame, emergency: false
[DEBUG] 17:13:55.915 [AiEngine] Using JS Search
[DEBUG] 17:13:55.969 [AiEngine] Adaptive time: 3000ms, depth: 4, reason: midgame, emergency: false
[DEBUG] 17:13:55.969 [AiEngine] Using JS Search
[DEBUG] 17:13:55.970 [AiEngine] Adaptive time: 3000ms, depth: 4, reason: midgame, emergency: false
[DEBUG] 17:13:55.970 [AiEngine] Using JS Search
[DEBUG] 17:13:56.022 [AiEngine] Adaptive time: 3000ms, depth: 4, reason: midgame, emergency: false
[DEBUG] 17:13:56.022 [AiEngine] Using JS Search
[DEBUG] 17:13:56.098 [AiEngine] Adaptive time: 3000ms, depth: 4, reason: midgame, in-check, emergency: false
[DEBUG] 17:13:56.098 [AiEngine] Using JS Search
[DEBUG] 17:13:56.116 [AiEngine] Adaptive time: 3000ms, depth: 4, reason: midgame, emergency: false
[DEBUG] 17:13:56.116 [AiEngine] Using JS Search
[DEBUG] 17:13:56.221 [AiEngine] Adaptive time: 3000ms, depth: 4, reason: midgame, emergency: false
[DEBUG] 17:13:56.221 [AiEngine] Using JS Search
[DEBUG] 17:13:56.255 [AiEngine] Adaptive time: 3000ms, depth: 4, reason: midgame, emergency: false
[DEBUG] 17:13:56.255 [AiEngine] Using JS Search
[DEBUG] 17:13:56.381 [AiEngine] Adaptive time: 3000ms, depth: 4, reason: midgame, emergency: false
[DEBUG] 17:13:56.381 [AiEngine] Using JS Search
[DEBUG] 17:13:56.493 [AiEngine] Adaptive time: 3000ms, depth: 4, reason: midgame, emergency: false
[DEBUG] 17:13:56.493 [AiEngine] Using JS Search
[DEBUG] 17:13:56.605 [AiEngine] Adaptive time: 3000ms, depth: 4, reason: midgame, emergency: false
[DEBUG] 17:13:56.605 [AiEngine] Using JS Search
[DEBUG] 17:13:56.675 [AiEngine] Adaptive time: 3000ms, depth: 4, reason: standard, emergency: false
[DEBUG] 17:13:56.675 [AiEngine] Using JS Search
[DEBUG] 17:13:56.720 [AiEngine] Adaptive time: 3000ms, depth: 4, reason: in-check, emergency: false
[DEBUG] 17:13:56.720 [AiEngine] Using JS Search
[DEBUG] 17:13:56.812 [AiEngine] Adaptive time: 3000ms, depth: 4, reason: tactical, emergency: false
[DEBUG] 17:13:56.812 [AiEngine] Using JS Search
[DEBUG] 17:13:56.896 [AiEngine] Adaptive time: 3000ms, depth: 4, reason: standard, emergency: false
[DEBUG] 17:13:56.896 [AiEngine] Using JS Search
[DEBUG] 17:13:57.063 [AiEngine] Adaptive time: 3000ms, depth: 4, reason: standard, emergency: false
[DEBUG] 17:13:57.063 [AiEngine] Using JS Search
[DEBUG] 17:13:57.129 [AiEngine] Adaptive time: 3000ms, depth: 4, reason: tactical, emergency: false
[DEBUG] 17:13:57.129 [AiEngine] Using JS Search
[DEBUG] 17:13:57.300 [AiEngine] Adaptive time: 3000ms, depth: 4, reason: standard, emergency: false
[DEBUG] 17:13:57.300 [AiEngine] Using JS Search
[DEBUG] 17:13:57.356 [AiEngine] Adaptive time: 3000ms, depth: 4, reason: standard, emergency: false
[DEBUG] 17:13:57.356 [AiEngine] Using JS Search
[DEBUG] 17:13:57.473 [AiEngine] Adaptive time: 3000ms, depth: 4, reason: standard, emergency: false
[DEBUG] 17:13:57.474 [AiEngine] Using JS Search
[DEBUG] 17:13:57.546 [AiEngine] Adaptive time: 3000ms, depth: 4, reason: tactical, emergency: false
[DEBUG] 17:13:57.546 [AiEngine] Using JS Search
[DEBUG] 17:13:57.699 [AiEngine] Adaptive time: 3000ms, depth: 4, reason: standard, emergency: false
[DEBUG] 17:13:57.699 [AiEngine] Using JS Search
[DEBUG] 17:13:57.838 [AiEngine] Adaptive time: 3000ms, depth: 4, reason: standard, emergency: false
[DEBUG] 17:13:57.838 [AiEngine] Using JS Search
[DEBUG] 17:13:58.032 [AiEngine] Adaptive time: 3000ms, depth: 4, reason: in-check, emergency: false
[DEBUG] 17:13:58.032 [AiEngine] Using JS Search
[DEBUG] 17:13:58.090 [AiEngine] Adaptive time: 3000ms, depth: 4, reason: standard, emergency: false
[DEBUG] 17:13:58.090 [AiEngine] Using JS Search
[DEBUG] 17:13:58.144 [AiEngine] Adaptive time: 3000ms, depth: 4, reason: standard, emergency: false
[DEBUG] 17:13:58.144 [AiEngine] Using JS Search
[DEBUG] 17:13:58.245 [AiEngine] Adaptive time: 3000ms, depth: 4, reason: standard, emergency: false
[DEBUG] 17:13:58.245 [AiEngine] Using JS Search
[DEBUG] 17:13:58.279 [AiEngine] Adaptive time: 3000ms, depth: 4, reason: in-check, emergency: false
[DEBUG] 17:13:58.279 [AiEngine] Using JS Search
[DEBUG] 17:13:58.327 [AiEngine] Adaptive time: 3000ms, depth: 4, reason: standard, emergency: false
[DEBUG] 17:13:58.327 [AiEngine] Using JS Search
[DEBUG] 17:13:58.349 [AiEngine] Adaptive time: 3000ms, depth: 4, reason: standard, emergency: false
[DEBUG] 17:13:58.349 [AiEngine] Using JS Search
[DEBUG] 17:13:58.365 [AiEngine] Adaptive time: 3000ms, depth: 4, reason: standard, emergency: false
[DEBUG] 17:13:58.365 [AiEngine] Using JS Search
[DEBUG] 17:13:58.375 [AiEngine] Adaptive time: 3000ms, depth: 4, reason: standard, emergency: false
[DEBUG] 17:13:58.375 [AiEngine] Using JS Search
[DEBUG] 17:13:58.378 [AiEngine] Adaptive time: 3000ms, depth: 4, reason: standard, emergency: false
[DEBUG] 17:13:58.378 [AiEngine] Using JS Search
[DEBUG] 17:13:58.382 [AiEngine] Adaptive time: 3000ms, depth: 4, reason: tactical, emergency: false
[DEBUG] 17:13:58.382 [AiEngine] Using JS Search
[DEBUG] 17:13:58.386 [AiEngine] Adaptive time: 3000ms, depth: 4, reason: standard, emergency: false
[DEBUG] 17:13:58.386 [AiEngine] Using JS Search
[DEBUG] 17:13:58.392 [AiEngine] Adaptive time: 3000ms, depth: 4, reason: standard, emergency: false
[DEBUG] 17:13:58.392 [AiEngine] Using JS Search
[DEBUG] 17:13:58.395 [AiEngine] Adaptive time: 3000ms, depth: 4, reason: standard, emergency: false
[DEBUG] 17:13:58.395 [AiEngine] Using JS Search
[DEBUG] 17:13:58.400 [AiEngine] Adaptive time: 3000ms, depth: 4, reason: standard, emergency: false
[DEBUG] 17:13:58.400 [AiEngine] Using JS Search
[DEBUG] 17:13:58.403 [AiEngine] Adaptive time: 3000ms, depth: 4, reason: standard, emergency: false
[DEBUG] 17:13:58.403 [AiEngine] Using JS Search
[DEBUG] 17:13:58.409 [AiEngine] Adaptive time: 3000ms, depth: 4, reason: standard, emergency: false
[DEBUG] 17:13:58.409 [AiEngine] Using JS Search
[DEBUG] 17:13:58.414 [AiEngine] Adaptive time: 3000ms, depth: 4, reason: standard, emergency: false
[DEBUG] 17:13:58.414 [AiEngine] Using JS Search
[DEBUG] 17:13:58.418 [AiEngine] Adaptive time: 3000ms, depth: 4, reason: tactical, emergency: false
[DEBUG] 17:13:58.418 [AiEngine] Using JS Search
[DEBUG] 17:13:58.422 [AiEngine] Adaptive time: 3000ms, depth: 4, reason: standard, emergency: false
[DEBUG] 17:13:58.422 [AiEngine] Using JS Search
[DEBUG] 17:13:58.427 [AiEngine] Adaptive time: 3000ms, depth: 4, reason: standard, emergency: false
[DEBUG] 17:13:58.427 [AiEngine] Using JS Search
[DEBUG] 17:13:58.429 [AiEngine] Adaptive time: 3000ms, depth: 4, reason: standard, emergency: false
[DEBUG] 17:13:58.429 [AiEngine] Using JS Search
[DEBUG] 17:13:58.432 [AiEngine] Adaptive time: 3000ms, depth: 4, reason: standard, emergency: false
[DEBUG] 17:13:58.432 [AiEngine] Using JS Search
[DEBUG] 17:13:58.436 [AiEngine] Adaptive time: 3000ms, depth: 4, reason: standard, emergency: false
[DEBUG] 17:13:58.436 [AiEngine] Using JS Search
[DEBUG] 17:13:58.441 [AiEngine] Adaptive time: 3000ms, depth: 4, reason: tactical, emergency: false
[DEBUG] 17:13:58.441 [AiEngine] Using JS Search
[DEBUG] 17:13:58.444 [AiEngine] Adaptive time: 3000ms, depth: 4, reason: in-check, emergency: false
[DEBUG] 17:13:58.444 [AiEngine] Using JS Search
[DEBUG] 17:13:58.447 [AiEngine] Adaptive time: 3000ms, depth: 4, reason: standard, emergency: false
[DEBUG] 17:13:58.447 [AiEngine] Using JS Search
[DEBUG] 17:13:58.460 [AiEngine] Adaptive time: 3000ms, depth: 4, reason: standard, emergency: false
[DEBUG] 17:13:58.460 [AiEngine] Using JS Search
[DEBUG] 17:13:58.463 [AiEngine] Adaptive time: 3000ms, depth: 4, reason: standard, emergency: false
[DEBUG] 17:13:58.463 [AiEngine] Using JS Search
[DEBUG] 17:13:58.468 [AiEngine] Adaptive time: 3000ms, depth: 4, reason: standard, emergency: false
[DEBUG] 17:13:58.468 [AiEngine] Using JS Search
[DEBUG] 17:13:58.473 [AiEngine] Adaptive time: 3000ms, depth: 4, reason: standard, emergency: false
[DEBUG] 17:13:58.473 [AiEngine] Using JS Search
[DEBUG] 17:13:58.489 [AiEngine] Adaptive time: 3000ms, depth: 4, reason: standard, emergency: false
[DEBUG] 17:13:58.489 [AiEngine] Using JS Search
[DEBUG] 17:13:58.493 [AiEngine] Adaptive time: 3000ms, depth: 4, reason: tactical, emergency: false
[DEBUG] 17:13:58.493 [AiEngine] Using JS Search
[DEBUG] 17:13:58.496 [AiEngine] Adaptive time: 500ms, depth: 4, reason: midgame, opening, emergency: false
[DEBUG] 17:13:58.496 [AiEngine] Using JS Search
[DEBUG] 17:13:58.497 [AiEngine] Adaptive time: 500ms, depth: 4, reason: midgame, opening, emergency: false
[DEBUG] 17:13:58.497 [AiEngine] Using JS Search
[DEBUG] 17:13:58.497 [AiEngine] Adaptive time: 500ms, depth: 4, reason: midgame, opening, emergency: false
[DEBUG] 17:13:58.497 [AiEngine] Using JS Search
[DEBUG] 17:13:58.497 [AiEngine] Adaptive time: 500ms, depth: 4, reason: midgame, opening, tactical, emergency: false
[DEBUG] 17:13:58.497 [AiEngine] Using JS Search
[DEBUG] 17:13:58.517 [AiEngine] Adaptive time: 500ms, depth: 4, reason: midgame, opening, emergency: false
[DEBUG] 17:13:58.517 [AiEngine] Using JS Search
[DEBUG] 17:13:58.538 [AiEngine] Adaptive time: 500ms, depth: 4, reason: midgame, opening, tactical, emergency: false
[DEBUG] 17:13:58.538 [AiEngine] Using JS Search
[DEBUG] 17:13:58.650 [AiEngine] Adaptive time: 500ms, depth: 4, reason: midgame, opening, emergency: false
[DEBUG] 17:13:58.651 [AiEngine] Using JS Search
[DEBUG] 17:13:58.678 [AiEngine] Adaptive time: 500ms, depth: 4, reason: midgame, opening, tactical, emergency: false
[DEBUG] 17:13:58.678 [AiEngine] Using JS Search
[DEBUG] 17:13:58.739 [AiEngine] Adaptive time: 500ms, depth: 4, reason: midgame, opening, emergency: false
[DEBUG] 17:13:58.739 [AiEngine] Using JS Search
[DEBUG] 17:13:58.772 [AiEngine] Adaptive time: 500ms, depth: 4, reason: midgame, opening, tactical, emergency: false
[DEBUG] 17:13:58.772 [AiEngine] Using JS Search
[DEBUG] 17:13:58.850 [AiEngine] Adaptive time: 500ms, depth: 4, reason: midgame, opening, emergency: false
[DEBUG] 17:13:58.850 [AiEngine] Using JS Search
[DEBUG] 17:13:58.885 [AiEngine] Adaptive time: 500ms, depth: 4, reason: midgame, opening, tactical, emergency: false
[DEBUG] 17:13:58.885 [AiEngine] Using JS Search
[DEBUG] 17:13:58.952 [AiEngine] Adaptive time: 500ms, depth: 4, reason: midgame, opening, emergency: false
[DEBUG] 17:13:58.952 [AiEngine] Using JS Search
[DEBUG] 17:13:58.993 [AiEngine] Adaptive time: 500ms, depth: 4, reason: midgame, opening, tactical, emergency: false
[DEBUG] 17:13:58.994 [AiEngine] Using JS Search
[DEBUG] 17:13:59.059 [AiEngine] Adaptive time: 500ms, depth: 4, reason: midgame, opening, emergency: false
[DEBUG] 17:13:59.059 [AiEngine] Using JS Search
[DEBUG] 17:13:59.096 [AiEngine] Adaptive time: 500ms, depth: 4, reason: midgame, opening, tactical, emergency: false
[DEBUG] 17:13:59.096 [AiEngine] Using JS Search
[DEBUG] 17:13:59.192 [AiEngine] Adaptive time: 500ms, depth: 4, reason: midgame, opening, emergency: false
[DEBUG] 17:13:59.192 [AiEngine] Using JS Search
[DEBUG] 17:13:59.223 [AiEngine] Adaptive time: 500ms, depth: 4, reason: midgame, opening, tactical, emergency: false
[DEBUG] 17:13:59.223 [AiEngine] Using JS Search
[DEBUG] 17:13:59.333 [AiEngine] Adaptive time: 500ms, depth: 4, reason: midgame, opening, emergency: false
[DEBUG] 17:13:59.333 [AiEngine] Using JS Search
[DEBUG] 17:13:59.371 [AiEngine] Adaptive time: 500ms, depth: 4, reason: midgame, opening, tactical, emergency: false
[DEBUG] 17:13:59.371 [AiEngine] Using JS Search
[DEBUG] 17:13:59.449 [AiEngine] Adaptive time: 500ms, depth: 4, reason: midgame, opening, emergency: false
[DEBUG] 17:13:59.449 [AiEngine] Using JS Search
[DEBUG] 17:13:59.480 [AiEngine] Adaptive time: 500ms, depth: 4, reason: midgame, opening, tactical, emergency: false
[DEBUG] 17:13:59.480 [AiEngine] Using JS Search
[DEBUG] 17:13:59.482 [AiEngine] Adaptive time: 500ms, depth: 4, reason: midgame, opening, emergency: false
[DEBUG] 17:13:59.482 [AiEngine] Using JS Search
[DEBUG] 17:13:59.815 [AiEngine] Adaptive time: 500ms, depth: 4, reason: midgame, opening, tactical, emergency: false
[DEBUG] 17:13:59.815 [AiEngine] Using JS Search
[DEBUG] 17:13:59.816 [AiEngine] Adaptive time: 500ms, depth: 4, reason: midgame, opening, emergency: false
[DEBUG] 17:13:59.816 [AiEngine] Using JS Search
[DEBUG] 17:13:59.912 [AiEngine] Adaptive time: 500ms, depth: 4, reason: midgame, opening, tactical, emergency: false
[DEBUG] 17:13:59.912 [AiEngine] Using JS Search
[DEBUG] 17:13:59.913 [AiEngine] Adaptive time: 500ms, depth: 4, reason: midgame, opening, emergency: false
[DEBUG] 17:13:59.913 [AiEngine] Using JS Search
[DEBUG] 17:14:00.147 [AiEngine] Adaptive time: 500ms, depth: 4, reason: midgame, opening, tactical, emergency: false
[DEBUG] 17:14:00.148 [AiEngine] Using JS Search
[DEBUG] 17:14:00.149 [AiEngine] Adaptive time: 500ms, depth: 4, reason: midgame, opening, tactical, emergency: false
[DEBUG] 17:14:00.149 [AiEngine] Using JS Search
[DEBUG] 17:14:00.357 [AiEngine] Adaptive time: 500ms, depth: 4, reason: midgame, opening, tactical, emergency: false
[DEBUG] 17:14:00.357 [AiEngine] Using JS Search
[DEBUG] 17:14:00.358 [AiEngine] Adaptive time: 500ms, depth: 4, reason: midgame, opening, tactical, emergency: false
[DEBUG] 17:14:00.358 [AiEngine] Using JS Search
[DEBUG] 17:14:00.624 [AiEngine] Adaptive time: 500ms, depth: 4, reason: midgame, opening, tactical, emergency: false
[DEBUG] 17:14:00.624 [AiEngine] Using JS Search
[DEBUG] 17:14:00.625 [AiEngine] Adaptive time: 500ms, depth: 4, reason: midgame, opening, tactical, emergency: false
[DEBUG] 17:14:00.625 [AiEngine] Using JS Search
[DEBUG] 17:14:00.985 [AiEngine] Adaptive time: 500ms, depth: 4, reason: midgame, opening, tactical, emergency: false
[DEBUG] 17:14:00.985 [AiEngine] Using JS Search
[DEBUG] 17:14:00.986 [AiEngine] Adaptive time: 500ms, depth: 4, reason: midgame, opening, tactical, emergency: false
[DEBUG] 17:14:00.986 [AiEngine] Using JS Search
[DEBUG] 17:14:01.257 [AiEngine] Adaptive time: 500ms, depth: 4, reason: midgame, opening, tactical, emergency: false
[DEBUG] 17:14:01.257 [AiEngine] Using JS Search
[DEBUG] 17:14:01.258 [AiEngine] Adaptive time: 500ms, depth: 4, reason: midgame, opening, tactical, emergency: false
[DEBUG] 17:14:01.258 [AiEngine] Using JS Search
[DEBUG] 17:14:01.676 [AiEngine] Adaptive time: 500ms, depth: 4, reason: midgame, opening, tactical, emergency: false
[DEBUG] 17:14:01.676 [AiEngine] Using JS Search
[DEBUG] 17:14:01.677 [AiEngine] Adaptive time: 500ms, depth: 4, reason: midgame, opening, tactical, emergency: false
[DEBUG] 17:14:01.677 [AiEngine] Using JS Search
[DEBUG] 17:14:01.975 [AiEngine] Adaptive time: 500ms, depth: 4, reason: midgame, opening, tactical, emergency: false
[DEBUG] 17:14:01.975 [AiEngine] Using JS Search
[DEBUG] 17:14:01.976 [AiEngine] Adaptive time: 3000ms, depth: 4, reason: midgame, tactical, emergency: false
[DEBUG] 17:14:01.976 [AiEngine] Using JS Search
[DEBUG] 17:14:02.265 [AiEngine] Adaptive time: 3000ms, depth: 4, reason: midgame, tactical, emergency: false
[DEBUG] 17:14:02.265 [AiEngine] Using JS Search
[DEBUG] 17:14:02.266 [AiEngine] Adaptive time: 3000ms, depth: 4, reason: midgame, tactical, emergency: false
[DEBUG] 17:14:02.266 [AiEngine] Using JS Search
[DEBUG] 17:14:02.524 [AiEngine] Adaptive time: 3000ms, depth: 4, reason: midgame, emergency: false
[DEBUG] 17:14:02.524 [AiEngine] Using JS Search
[DEBUG] 17:14:02.525 [AiEngine] Adaptive time: 3000ms, depth: 4, reason: midgame, tactical, emergency: false
[DEBUG] 17:14:02.525 [AiEngine] Using JS Search
[DEBUG] 17:14:02.641 [AiEngine] Adaptive time: 3000ms, depth: 4, reason: midgame, emergency: false
[DEBUG] 17:14:02.641 [AiEngine] Using JS Search
[DEBUG] 17:14:02.642 [AiEngine] Adaptive time: 3000ms, depth: 4, reason: midgame, emergency: false
[DEBUG] 17:14:02.642 [AiEngine] Using JS Search
[DEBUG] 17:14:02.900 [AiEngine] Adaptive time: 3000ms, depth: 4, reason: midgame, tactical, emergency: false
[DEBUG] 17:14:02.900 [AiEngine] Using JS Search
[DEBUG] 17:14:02.901 [AiEngine] Adaptive time: 3000ms, depth: 4, reason: midgame, tactical, emergency: false
[DEBUG] 17:14:02.901 [AiEngine] Using JS Search
[DEBUG] 17:14:03.066 [AiEngine] Adaptive time: 3000ms, depth: 4, reason: midgame, tactical, emergency: false
[DEBUG] 17:14:03.066 [AiEngine] Using JS Search
[DEBUG] 17:14:03.067 [AiEngine] Adaptive time: 3000ms, depth: 4, reason: midgame, emergency: false
[DEBUG] 17:14:03.067 [AiEngine] Using JS Search
[DEBUG] 17:14:03.233 [AiEngine] Adaptive time: 3000ms, depth: 4, reason: midgame, tactical, emergency: false
[DEBUG] 17:14:03.233 [AiEngine] Using JS Search
[DEBUG] 17:14:03.234 [AiEngine] Adaptive time: 3000ms, depth: 4, reason: midgame, emergency: false
[DEBUG] 17:14:03.234 [AiEngine] Using JS Search
[DEBUG] 17:14:03.363 [AiEngine] Adaptive time: 3000ms, depth: 4, reason: midgame, tactical, emergency: false
[DEBUG] 17:14:03.364 [AiEngine] Using JS Search
[DEBUG] 17:14:03.364 [AiEngine] Adaptive time: 3000ms, depth: 4, reason: midgame, emergency: false
[DEBUG] 17:14:03.364 [AiEngine] Using JS Search
[DEBUG] 17:14:03.426 [AiEngine] Adaptive time: 3000ms, depth: 4, reason: midgame, tactical, emergency: false
[DEBUG] 17:14:03.426 [AiEngine] Using JS Search
[DEBUG] 17:14:03.427 [AiEngine] Adaptive time: 3000ms, depth: 4, reason: midgame, emergency: false
[DEBUG] 17:14:03.427 [AiEngine] Using JS Search
[DEBUG] 17:14:03.512 [AiEngine] Adaptive time: 3000ms, depth: 4, reason: midgame, tactical, emergency: false
[DEBUG] 17:14:03.513 [AiEngine] Using JS Search
[DEBUG] 17:14:03.513 [AiEngine] Adaptive time: 3000ms, depth: 4, reason: midgame, emergency: false
[DEBUG] 17:14:03.514 [AiEngine] Using JS Search
[DEBUG] 17:14:03.762 [AiEngine] Adaptive time: 3000ms, depth: 4, reason: midgame, tactical, emergency: false
[DEBUG] 17:14:03.762 [AiEngine] Using JS Search
[DEBUG] 17:14:03.763 [AiEngine] Adaptive time: 3000ms, depth: 4, reason: midgame, emergency: false
[DEBUG] 17:14:03.763 [AiEngine] Using JS Search
[DEBUG] 17:14:04.064 [AiEngine] Adaptive time: 3000ms, depth: 4, reason: midgame, tactical, emergency: false
[DEBUG] 17:14:04.064 [AiEngine] Using JS Search
[DEBUG] 17:14:04.065 [AiEngine] Adaptive time: 3000ms, depth: 4, reason: midgame, tactical, emergency: false
[DEBUG] 17:14:04.065 [AiEngine] Using JS Search
[DEBUG] 17:14:04.246 [AiEngine] Adaptive time: 3000ms, depth: 4, reason: midgame, tactical, emergency: false
[DEBUG] 17:14:04.246 [AiEngine] Using JS Search
[DEBUG] 17:14:04.247 [AiEngine] Adaptive time: 3000ms, depth: 4, reason: midgame, tactical, emergency: false
[DEBUG] 17:14:04.247 [AiEngine] Using JS Search
[DEBUG] 17:14:04.480 [AiEngine] Adaptive time: 3000ms, depth: 4, reason: midgame, tactical, emergency: false
[DEBUG] 17:14:04.481 [AiEngine] Using JS Search
[DEBUG] 17:14:04.482 [AiEngine] Adaptive time: 3000ms, depth: 4, reason: midgame, tactical, emergency: false
[DEBUG] 17:14:04.482 [AiEngine] Using JS Search
[DEBUG] 17:14:04.701 [AiEngine] Adaptive time: 3000ms, depth: 4, reason: midgame, emergency: false
[DEBUG] 17:14:04.702 [AiEngine] Using JS Search
[DEBUG] 17:14:04.703 [AiEngine] Adaptive time: 3000ms, depth: 4, reason: midgame, tactical, emergency: false
[DEBUG] 17:14:04.703 [AiEngine] Using JS Search
[DEBUG] 17:14:04.780 [AiEngine] Adaptive time: 3000ms, depth: 4, reason: midgame, emergency: false
[DEBUG] 17:14:04.780 [AiEngine] Using JS Search
[DEBUG] 17:14:04.781 [AiEngine] Adaptive time: 3000ms, depth: 4, reason: midgame, tactical, emergency: false
[DEBUG] 17:14:04.781 [AiEngine] Using JS Search
[DEBUG] 17:14:04.905 [AiEngine] Adaptive time: 3000ms, depth: 4, reason: midgame, tactical, emergency: false
[DEBUG] 17:14:04.905 [AiEngine] Using JS Search
[DEBUG] 17:14:04.907 [AiEngine] Adaptive time: 3000ms, depth: 4, reason: midgame, in-check, emergency: false
[DEBUG] 17:14:04.907 [AiEngine] Using JS Search
[DEBUG] 17:14:04.963 [AiEngine] Adaptive time: 3000ms, depth: 4, reason: midgame, emergency: false
[DEBUG] 17:14:04.963 [AiEngine] Using JS Search
[DEBUG] 17:14:04.963 [AiEngine] Adaptive time: 3000ms, depth: 4, reason: midgame, emergency: false
[DEBUG] 17:14:04.963 [AiEngine] Using JS Search
[DEBUG] 17:14:04.963 [AiEngine] Adaptive time: 3000ms, depth: 4, reason: midgame, in-check, emergency: false
[DEBUG] 17:14:04.963 [AiEngine] Using JS Search
[DEBUG] 17:14:04.963 [AiEngine] Adaptive time: 500ms, depth: 4, reason: midgame, opening, emergency: false
[DEBUG] 17:14:04.963 [AiEngine] Using JS Search
[DEBUG] 17:14:04.963 [AiEngine] Adaptive time: 500ms, depth: 4, reason: midgame, opening, emergency: false
[DEBUG] 17:14:04.963 [AiEngine] Using JS Search
[DEBUG] 17:14:04.964 [AiEngine] Adaptive time: 500ms, depth: 4, reason: midgame, opening, emergency: false
[DEBUG] 17:14:04.964 [AiEngine] Using JS Search
[DEBUG] 17:14:04.964 [AiEngine] Adaptive time: 500ms, depth: 4, reason: midgame, opening, tactical, emergency: false
[DEBUG] 17:14:04.964 [AiEngine] Using JS Search
[DEBUG] 17:14:04.983 [AiEngine] Adaptive time: 500ms, depth: 4, reason: midgame, opening, emergency: false
[DEBUG] 17:14:04.983 [AiEngine] Using JS Search
[DEBUG] 17:14:04.999 [AiEngine] Adaptive time: 500ms, depth: 4, reason: midgame, opening, tactical, emergency: false
[DEBUG] 17:14:04.999 [AiEngine] Using JS Search
[DEBUG] 17:14:05.018 [AiEngine] Adaptive time: 500ms, depth: 4, reason: midgame, opening, in-check, emergency: false
[DEBUG] 17:14:05.018 [AiEngine] Using JS Search
[DEBUG] 17:14:05.105 [AiEngine] Adaptive time: 500ms, depth: 4, reason: midgame, opening, tactical, emergency: false
[DEBUG] 17:14:05.105 [AiEngine] Using JS Search
[DEBUG] 17:14:05.113 [AiEngine] Adaptive time: 500ms, depth: 4, reason: midgame, opening, tactical, emergency: false
[DEBUG] 17:14:05.113 [AiEngine] Using JS Search
[DEBUG] 17:14:05.618 [AiEngine] Adaptive time: 500ms, depth: 4, reason: midgame, opening, emergency: false
[DEBUG] 17:14:05.618 [AiEngine] Using JS Search
[DEBUG] 17:14:05.842 [AiEngine] Adaptive time: 500ms, depth: 4, reason: midgame, opening, tactical, emergency: false
[DEBUG] 17:14:05.842 [AiEngine] Using JS Search
[DEBUG] 17:14:06.005 [AiEngine] Adaptive time: 500ms, depth: 4, reason: midgame, opening, emergency: false
[DEBUG] 17:14:06.005 [AiEngine] Using JS Search
[DEBUG] 17:14:06.019 [AiEngine] Adaptive time: 500ms, depth: 4, reason: midgame, opening, tactical, emergency: false
[DEBUG] 17:14:06.019 [AiEngine] Using JS Search
[DEBUG] 17:14:06.201 [AiEngine] Adaptive time: 500ms, depth: 4, reason: midgame, opening, emergency: false
[DEBUG] 17:14:06.201 [AiEngine] Using JS Search
[DEBUG] 17:14:06.221 [AiEngine] Adaptive time: 500ms, depth: 4, reason: midgame, opening, tactical, emergency: false
[DEBUG] 17:14:06.221 [AiEngine] Using JS Search
[DEBUG] 17:14:06.393 [AiEngine] Adaptive time: 500ms, depth: 4, reason: midgame, opening, emergency: false
[DEBUG] 17:14:06.393 [AiEngine] Using JS Search
[DEBUG] 17:14:06.393 [AiEngine] Adaptive time: 500ms, depth: 4, reason: midgame, opening, tactical, emergency: false
[DEBUG] 17:14:06.393 [AiEngine] Using JS Search
[DEBUG] 17:14:06.393 [AiEngine] Adaptive time: 500ms, depth: 4, reason: midgame, opening, in-check, emergency: false
[DEBUG] 17:14:06.393 [AiEngine] Using JS Search
[DEBUG] 17:14:06.394 [AiEngine] Adaptive time: 500ms, depth: 4, reason: midgame, opening, emergency: false
[DEBUG] 17:14:06.394 [AiEngine] Using JS Search
[DEBUG] 17:14:06.394 [AiEngine] Adaptive time: 500ms, depth: 4, reason: midgame, opening, emergency: false
[DEBUG] 17:14:06.394 [AiEngine] Using JS Search
[DEBUG] 17:14:06.394 [AiEngine] Adaptive time: 500ms, depth: 4, reason: midgame, opening, emergency: false
[DEBUG] 17:14:06.394 [AiEngine] Using JS Search
[DEBUG] 17:14:06.394 [AiEngine] Adaptive time: 500ms, depth: 4, reason: midgame, opening, tactical, emergency: false
[DEBUG] 17:14:06.394 [AiEngine] Using JS Search
[DEBUG] 17:14:06.415 [AiEngine] Adaptive time: 500ms, depth: 4, reason: midgame, opening, emergency: false
[DEBUG] 17:14:06.415 [AiEngine] Using JS Search
[DEBUG] 17:14:06.425 [AiEngine] Adaptive time: 500ms, depth: 4, reason: midgame, opening, tactical, emergency: false
[DEBUG] 17:14:06.425 [AiEngine] Using JS Search
[DEBUG] 17:14:06.485 [AiEngine] Adaptive time: 500ms, depth: 4, reason: midgame, opening, tactical, emergency: false
[DEBUG] 17:14:06.485 [AiEngine] Using JS Search
[DEBUG] 17:14:06.655 [AiEngine] Adaptive time: 500ms, depth: 4, reason: midgame, opening, tactical, emergency: false
[DEBUG] 17:14:06.655 [AiEngine] Using JS Search
[DEBUG] 17:14:06.740 [AiEngine] Adaptive time: 500ms, depth: 4, reason: midgame, opening, tactical, emergency: false
[DEBUG] 17:14:06.740 [AiEngine] Using JS Search
[DEBUG] 17:14:06.856 [AiEngine] Adaptive time: 500ms, depth: 4, reason: midgame, opening, emergency: false
[DEBUG] 17:14:06.856 [AiEngine] Using JS Search
[DEBUG] 17:14:06.902 [AiEngine] Adaptive time: 500ms, depth: 4, reason: midgame, opening, tactical, emergency: false
[DEBUG] 17:14:06.902 [AiEngine] Using JS Search
[DEBUG] 17:14:07.112 [AiEngine] Adaptive time: 500ms, depth: 4, reason: midgame, opening, emergency: false
[DEBUG] 17:14:07.112 [AiEngine] Using JS Search
[DEBUG] 17:14:07.189 [AiEngine] Adaptive time: 500ms, depth: 4, reason: midgame, opening, tactical, emergency: false
[DEBUG] 17:14:07.189 [AiEngine] Using JS Search
[DEBUG] 17:14:07.374 [AiEngine] Adaptive time: 500ms, depth: 4, reason: midgame, opening, emergency: false
[DEBUG] 17:14:07.374 [AiEngine] Using JS Search
[DEBUG] 17:14:07.442 [AiEngine] Adaptive time: 500ms, depth: 4, reason: midgame, opening, tactical, emergency: false
[DEBUG] 17:14:07.442 [AiEngine] Using JS Search
[DEBUG] 17:14:07.929 [AiEngine] Adaptive time: 500ms, depth: 4, reason: midgame, opening, emergency: false
[DEBUG] 17:14:07.929 [AiEngine] Using JS Search
[DEBUG] 17:14:08.338 [AiEngine] Adaptive time: 500ms, depth: 4, reason: midgame, opening, tactical, emergency: false
[DEBUG] 17:14:08.338 [AiEngine] Using JS Search
[DEBUG] 17:14:08.527 [AiEngine] Adaptive time: 500ms, depth: 4, reason: midgame, opening, emergency: false
[DEBUG] 17:14:08.527 [AiEngine] Using JS Search
[DEBUG] 17:14:08.809 [AiEngine] Adaptive time: 500ms, depth: 4, reason: midgame, opening, tactical, emergency: false
[DEBUG] 17:14:08.809 [AiEngine] Using JS Search
[DEBUG] 17:14:08.851 [AiEngine] Adaptive time: 500ms, depth: 4, reason: midgame, opening, emergency: false
[DEBUG] 17:14:08.851 [AiEngine] Using JS Search
[DEBUG] 17:14:08.988 [AiEngine] Adaptive time: 500ms, depth: 4, reason: midgame, opening, emergency: false
[DEBUG] 17:14:08.988 [AiEngine] Using JS Search
[DEBUG] 17:14:09.292 [AiEngine] Adaptive time: 500ms, depth: 4, reason: midgame, opening, emergency: false
[DEBUG] 17:14:09.292 [AiEngine] Using JS Search
[DEBUG] 17:14:09.618 [AiEngine] Adaptive time: 500ms, depth: 4, reason: midgame, opening, emergency: false
[DEBUG] 17:14:09.618 [AiEngine] Using JS Search
[DEBUG] 17:14:09.674 [AiEngine] Adaptive time: 500ms, depth: 4, reason: midgame, opening, emergency: false
[DEBUG] 17:14:09.674 [AiEngine] Using JS Search
[DEBUG] 17:14:09.889 [AiEngine] Adaptive time: 500ms, depth: 4, reason: midgame, opening, emergency: false
[DEBUG] 17:14:09.889 [AiEngine] Using JS Search
[DEBUG] 17:14:09.920 [AiEngine] Adaptive time: 500ms, depth: 4, reason: midgame, opening, tactical, emergency: false
[DEBUG] 17:14:09.920 [AiEngine] Using JS Search
[DEBUG] 17:14:10.544 [AiEngine] Adaptive time: 500ms, depth: 4, reason: midgame, opening, emergency: false
[DEBUG] 17:14:10.544 [AiEngine] Using JS Search
[DEBUG] 17:14:10.583 [AiEngine] Adaptive time: 500ms, depth: 4, reason: midgame, opening, tactical, emergency: false
[DEBUG] 17:14:10.583 [AiEngine] Using JS Search
[DEBUG] 17:14:11.343 [AiEngine] Adaptive time: 500ms, depth: 4, reason: midgame, opening, emergency: false
[DEBUG] 17:14:11.343 [AiEngine] Using JS Search
[DEBUG] 17:14:11.384 [AiEngine] Adaptive time: 500ms, depth: 4, reason: midgame, opening, tactical, emergency: false
[DEBUG] 17:14:11.384 [AiEngine] Using JS Search
[DEBUG] 17:14:11.695 [AiEngine] Adaptive time: 500ms, depth: 4, reason: midgame, opening, emergency: false
[DEBUG] 17:14:11.695 [AiEngine] Using JS Search
[DEBUG] 17:14:11.732 [AiEngine] Adaptive time: 500ms, depth: 4, reason: midgame, opening, tactical, emergency: false
[DEBUG] 17:14:11.732 [AiEngine] Using JS Search
[DEBUG] 17:14:11.918 [AiEngine] Adaptive time: 500ms, depth: 4, reason: midgame, opening, emergency: false
[DEBUG] 17:14:11.918 [AiEngine] Using JS Search
[DEBUG] 17:14:11.958 [AiEngine] Adaptive time: 500ms, depth: 4, reason: midgame, opening, tactical, emergency: false
[DEBUG] 17:14:11.958 [AiEngine] Using JS Search
[DEBUG] 17:14:12.153 [AiEngine] Adaptive time: 500ms, depth: 4, reason: midgame, opening, emergency: false
[DEBUG] 17:14:12.153 [AiEngine] Using JS Search
[DEBUG] 17:14:12.193 [AiEngine] Adaptive time: 500ms, depth: 4, reason: midgame, opening, tactical, emergency: false
[DEBUG] 17:14:12.193 [AiEngine] Using JS Search
[DEBUG] 17:14:12.379 [AiEngine] Adaptive time: 500ms, depth: 4, reason: midgame, opening, emergency: false
[DEBUG] 17:14:12.379 [AiEngine] Using JS Search
[DEBUG] 17:14:12.423 [AiEngine] Adaptive time: 500ms, depth: 4, reason: midgame, opening, tactical, emergency: false
[DEBUG] 17:14:12.423 [AiEngine] Using JS Search
[DEBUG] 17:14:12.763 [AiEngine] Adaptive time: 500ms, depth: 4, reason: midgame, opening, emergency: false
[DEBUG] 17:14:12.763 [AiEngine] Using JS Search
[DEBUG] 17:14:12.804 [AiEngine] Adaptive time: 500ms, depth: 4, reason: midgame, opening, tactical, emergency: false
[DEBUG] 17:14:12.804 [AiEngine] Using JS Search
[DEBUG] 17:14:12.920 [AiEngine] Adaptive time: 3000ms, depth: 4, reason: midgame, emergency: false
[DEBUG] 17:14:12.920 [AiEngine] Using JS Search
[DEBUG] 17:14:13.066 [AiEngine] Adaptive time: 3000ms, depth: 4, reason: midgame, tactical, emergency: false
[DEBUG] 17:14:13.066 [AiEngine] Using JS Search
[DEBUG] 17:14:13.067 [AiEngine] Adaptive time: 3000ms, depth: 4, reason: midgame, emergency: false
[DEBUG] 17:14:13.067 [AiEngine] Using JS Search
[DEBUG] 17:14:13.203 [AiEngine] Adaptive time: 3000ms, depth: 4, reason: midgame, tactical, emergency: false
[DEBUG] 17:14:13.203 [AiEngine] Using JS Search
[DEBUG] 17:14:13.204 [AiEngine] Adaptive time: 3000ms, depth: 4, reason: midgame, emergency: false
[DEBUG] 17:14:13.204 [AiEngine] Using JS Search
[DEBUG] 17:14:13.298 [AiEngine] Adaptive time: 3000ms, depth: 4, reason: midgame, tactical, emergency: false
[DEBUG] 17:14:13.298 [AiEngine] Using JS Search
[DEBUG] 17:14:13.299 [AiEngine] Adaptive time: 3000ms, depth: 4, reason: midgame, emergency: false
[DEBUG] 17:14:13.299 [AiEngine] Using JS Search
[DEBUG] 17:14:13.338 [AiEngine] Adaptive time: 3000ms, depth: 4, reason: midgame, tactical, emergency: false
[DEBUG] 17:14:13.338 [AiEngine] Using JS Search
[DEBUG] 17:14:13.339 [AiEngine] Adaptive time: 3000ms, depth: 4, reason: midgame, emergency: false
[DEBUG] 17:14:13.339 [AiEngine] Using JS Search
[DEBUG] 17:14:13.369 [AiEngine] Adaptive time: 3000ms, depth: 4, reason: midgame, tactical, emergency: false
[DEBUG] 17:14:13.369 [AiEngine] Using JS Search
[DEBUG] 17:14:13.371 [AiEngine] Adaptive time: 3000ms, depth: 4, reason: midgame, in-check, emergency: false
[DEBUG] 17:14:13.371 [AiEngine] Using JS Search
[DEBUG] 17:14:13.375 [AiEngine] Adaptive time: 3000ms, depth: 4, reason: midgame, tactical, emergency: false
[DEBUG] 17:14:13.375 [AiEngine] Using JS Search
[DEBUG] 17:14:13.376 [AiEngine] Adaptive time: 3000ms, depth: 4, reason: midgame, emergency: false
[DEBUG] 17:14:13.376 [AiEngine] Using JS Search
[DEBUG] 17:14:13.470 [AiEngine] Adaptive time: 3000ms, depth: 4, reason: midgame, tactical, emergency: false
[DEBUG] 17:14:13.470 [AiEngine] Using JS Search
[DEBUG] 17:14:13.471 [AiEngine] Adaptive time: 3000ms, depth: 4, reason: midgame, emergency: false
[DEBUG] 17:14:13.471 [AiEngine] Using JS Search
[DEBUG] 17:14:13.517 [AiEngine] Adaptive time: 3000ms, depth: 4, reason: midgame, emergency: false
[DEBUG] 17:14:13.517 [AiEngine] Using JS Search
[DEBUG] 17:14:13.518 [AiEngine] Adaptive time: 3000ms, depth: 4, reason: midgame, emergency: false
[DEBUG] 17:14:13.518 [AiEngine] Using JS Search
[DEBUG] 17:14:13.571 [AiEngine] Adaptive time: 3000ms, depth: 4, reason: midgame, tactical, emergency: false
[DEBUG] 17:14:13.571 [AiEngine] Using JS Search
[DEBUG] 17:14:13.574 [AiEngine] Adaptive time: 3000ms, depth: 4, reason: midgame, in-check, emergency: false
[DEBUG] 17:14:13.574 [AiEngine] Using JS Search
[DEBUG] 17:14:13.624 [AiEngine] Adaptive time: 3000ms, depth: 4, reason: tactical, emergency: false
[DEBUG] 17:14:13.624 [AiEngine] Using JS Search
[DEBUG] 17:14:13.625 [AiEngine] Adaptive time: 3000ms, depth: 4, reason: standard, emergency: false
[DEBUG] 17:14:13.625 [AiEngine] Using JS Search
[DEBUG] 17:14:13.633 [AiEngine] Adaptive time: 3000ms, depth: 4, reason: standard, emergency: false
[DEBUG] 17:14:13.633 [AiEngine] Using JS Search
[DEBUG] 17:14:13.636 [AiEngine] Adaptive time: 3000ms, depth: 4, reason: in-check, emergency: false
[DEBUG] 17:14:13.636 [AiEngine] Using JS Search
[DEBUG] 17:14:13.652 [AiEngine] Adaptive time: 3000ms, depth: 4, reason: tactical, emergency: false
[DEBUG] 17:14:13.652 [AiEngine] Using JS Search
[DEBUG] 17:14:13.655 [AiEngine] Adaptive time: 3000ms, depth: 4, reason: in-check, emergency: false
[DEBUG] 17:14:13.655 [AiEngine] Using JS Search
[DEBUG] 17:14:13.659 [AiEngine] Adaptive time: 3000ms, depth: 4, reason: tactical, emergency: false
[DEBUG] 17:14:13.659 [AiEngine] Using JS Search
[DEBUG] 17:14:13.664 [AiEngine] Adaptive time: 3000ms, depth: 4, reason: standard, emergency: false
[DEBUG] 17:14:13.664 [AiEngine] Using JS Search
[DEBUG] 17:14:13.673 [AiEngine] Adaptive time: 3000ms, depth: 4, reason: tactical, emergency: false
[DEBUG] 17:14:13.673 [AiEngine] Using JS Search
[DEBUG] 17:14:13.678 [AiEngine] Adaptive time: 3000ms, depth: 4, reason: standard, emergency: false
[DEBUG] 17:14:13.678 [AiEngine] Using JS Search
[DEBUG] 17:14:13.686 [AiEngine] Adaptive time: 3000ms, depth: 4, reason: tactical, emergency: false
[DEBUG] 17:14:13.686 [AiEngine] Using JS Search
[DEBUG] 17:14:13.687 [AiEngine] Adaptive time: 3000ms, depth: 4, reason: endgame, emergency: false
[DEBUG] 17:14:13.688 [AiEngine] Using JS Search
[DEBUG] 17:14:13.690 [AiEngine] Adaptive time: 3000ms, depth: 4, reason: endgame, tactical, emergency: false
[DEBUG] 17:14:13.690 [AiEngine] Using JS Search
[DEBUG] 17:14:13.693 [AiEngine] Adaptive time: 3000ms, depth: 4, reason: endgame, emergency: false
[DEBUG] 17:14:13.693 [AiEngine] Using JS Search
[DEBUG] 17:14:13.697 [AiEngine] Adaptive time: 3000ms, depth: 4, reason: endgame, tactical, emergency: false
[DEBUG] 17:14:13.697 [AiEngine] Using JS Search
[DEBUG] 17:14:13.700 [AiEngine] Adaptive time: 3000ms, depth: 4, reason: endgame, emergency: false
[DEBUG] 17:14:13.700 [AiEngine] Using JS Search
[DEBUG] 17:14:13.703 [AiEngine] Adaptive time: 3000ms, depth: 4, reason: endgame, tactical, emergency: false
[DEBUG] 17:14:13.704 [AiEngine] Using JS Search
[DEBUG] 17:14:13.707 [AiEngine] Adaptive time: 3000ms, depth: 4, reason: endgame, emergency: false
[DEBUG] 17:14:13.707 [AiEngine] Using JS Search
[DEBUG] 17:14:13.712 [AiEngine] Adaptive time: 3000ms, depth: 4, reason: endgame, tactical, emergency: false
[DEBUG] 17:14:13.712 [AiEngine] Using JS Search
[DEBUG] 17:14:13.713 [AiEngine] Adaptive time: 3000ms, depth: 4, reason: endgame, emergency: false
[DEBUG] 17:14:13.713 [AiEngine] Using JS Search
[DEBUG] 17:14:13.716 [AiEngine] Adaptive time: 3000ms, depth: 4, reason: endgame, tactical, emergency: false
[DEBUG] 17:14:13.716 [AiEngine] Using JS Search
[DEBUG] 17:14:13.720 [AiEngine] Adaptive time: 3000ms, depth: 4, reason: endgame, emergency: false
[DEBUG] 17:14:13.720 [AiEngine] Using JS Search
[DEBUG] 17:14:13.725 [AiEngine] Adaptive time: 3000ms, depth: 4, reason: endgame, tactical, emergency: false
[DEBUG] 17:14:13.725 [AiEngine] Using JS Search
[DEBUG] 17:14:13.727 [AiEngine] Adaptive time: 3000ms, depth: 4, reason: endgame, emergency: false
[DEBUG] 17:14:13.727 [AiEngine] Using JS Search
[DEBUG] 17:14:13.730 [AiEngine] Adaptive time: 3000ms, depth: 4, reason: endgame, tactical, emergency: false
[DEBUG] 17:14:13.730 [AiEngine] Using JS Search
[DEBUG] 17:14:13.731 [AiEngine] Adaptive time: 3000ms, depth: 4, reason: endgame, emergency: false
[DEBUG] 17:14:13.731 [AiEngine] Using JS Search
[DEBUG] 17:14:13.732 [AiEngine] Adaptive time: 3000ms, depth: 4, reason: endgame, tactical, emergency: false
[DEBUG] 17:14:13.732 [AiEngine] Using JS Search
[DEBUG] 17:14:13.735 [AiEngine] Adaptive time: 3000ms, depth: 4, reason: endgame, emergency: false
[DEBUG] 17:14:13.735 [AiEngine] Using JS Search
[DEBUG] 17:14:13.738 [AiEngine] Adaptive time: 3000ms, depth: 4, reason: endgame, tactical, emergency: false
[DEBUG] 17:14:13.738 [AiEngine] Using JS Search
[DEBUG] 17:14:13.740 [AiEngine] Adaptive time: 3000ms, depth: 4, reason: endgame, emergency: false
[DEBUG] 17:14:13.741 [AiEngine] Using JS Search
[DEBUG] 17:14:13.743 [AiEngine] Adaptive time: 3000ms, depth: 4, reason: endgame, tactical, emergency: false
[DEBUG] 17:14:13.743 [AiEngine] Using JS Search
[DEBUG] 17:14:13.745 [AiEngine] Adaptive time: 3000ms, depth: 4, reason: endgame, emergency: false
[DEBUG] 17:14:13.745 [AiEngine] Using JS Search
[DEBUG] 17:14:13.749 [AiEngine] Adaptive time: 3000ms, depth: 4, reason: endgame, tactical, emergency: false
[DEBUG] 17:14:13.749 [AiEngine] Using JS Search
[DEBUG] 17:14:13.751 [AiEngine] Adaptive time: 3000ms, depth: 4, reason: endgame, emergency: false
[DEBUG] 17:14:13.751 [AiEngine] Using JS Search
[DEBUG] 17:14:13.753 [AiEngine] Adaptive time: 3000ms, depth: 4, reason: endgame, tactical, emergency: false
[DEBUG] 17:14:13.753 [AiEngine] Using JS Search
[DEBUG] 17:14:13.754 [AiEngine] Adaptive time: 3000ms, depth: 4, reason: endgame, emergency: false
[DEBUG] 17:14:13.754 [AiEngine] Using JS Search
[DEBUG] 17:14:13.757 [AiEngine] Adaptive time: 3000ms, depth: 4, reason: endgame, tactical, emergency: false
[DEBUG] 17:14:13.757 [AiEngine] Using JS Search
[DEBUG] 17:14:13.758 [AiEngine] Adaptive time: 3000ms, depth: 4, reason: endgame, emergency: false
[DEBUG] 17:14:13.758 [AiEngine] Using JS Search
[DEBUG] 17:14:13.760 [AiEngine] Adaptive time: 3000ms, depth: 4, reason: endgame, tactical, emergency: false
[DEBUG] 17:14:13.760 [AiEngine] Using JS Search
[DEBUG] 17:14:13.761 [AiEngine] Adaptive time: 3000ms, depth: 4, reason: endgame, emergency: false
[DEBUG] 17:14:13.761 [AiEngine] Using JS Search
[DEBUG] 17:14:13.764 [AiEngine] Adaptive time: 3000ms, depth: 4, reason: endgame, tactical, emergency: false
[DEBUG] 17:14:13.764 [AiEngine] Using JS Search
[DEBUG] 17:14:13.766 [AiEngine] Adaptive time: 500ms, depth: 4, reason: midgame, opening, emergency: false
[DEBUG] 17:14:13.766 [AiEngine] Using JS Search
[DEBUG] 17:14:13.766 [AiEngine] Adaptive time: 500ms, depth: 4, reason: midgame, opening, emergency: false
[DEBUG] 17:14:13.766 [AiEngine] Using JS Search
[DEBUG] 17:14:13.766 [AiEngine] Adaptive time: 500ms, depth: 4, reason: midgame, opening, emergency: false
[DEBUG] 17:14:13.766 [AiEngine] Using JS Search
[DEBUG] 17:14:13.767 [AiEngine] Adaptive time: 500ms, depth: 4, reason: midgame, opening, tactical, emergency: false
[DEBUG] 17:14:13.767 [AiEngine] Using JS Search
[DEBUG] 17:14:13.776 [AiEngine] Adaptive time: 500ms, depth: 4, reason: midgame, opening, emergency: false
[DEBUG] 17:14:13.776 [AiEngine] Using JS Search
[DEBUG] 17:14:13.786 [AiEngine] Adaptive time: 500ms, depth: 4, reason: midgame, opening, tactical, emergency: false
[DEBUG] 17:14:13.786 [AiEngine] Using JS Search
[DEBUG] 17:14:13.810 [AiEngine] Adaptive time: 500ms, depth: 4, reason: midgame, opening, tactical, emergency: false
[DEBUG] 17:14:13.810 [AiEngine] Using JS Search
[DEBUG] 17:14:14.165 [AiEngine] Adaptive time: 500ms, depth: 4, reason: midgame, opening, emergency: false
[DEBUG] 17:14:14.165 [AiEngine] Using JS Search
[DEBUG] 17:14:14.253 [AiEngine] Adaptive time: 500ms, depth: 4, reason: midgame, opening, tactical, emergency: false
[DEBUG] 17:14:14.253 [AiEngine] Using JS Search
[DEBUG] 17:14:14.309 [AiEngine] Adaptive time: 500ms, depth: 4, reason: midgame, opening, emergency: false
[DEBUG] 17:14:14.309 [AiEngine] Using JS Search
[DEBUG] 17:14:14.438 [AiEngine] Adaptive time: 500ms, depth: 4, reason: midgame, opening, emergency: false
[DEBUG] 17:14:14.438 [AiEngine] Using JS Search
[DEBUG] 17:14:14.579 [AiEngine] Adaptive time: 500ms, depth: 4, reason: midgame, opening, emergency: false
[DEBUG] 17:14:14.579 [AiEngine] Using JS Search
[DEBUG] 17:14:14.580 [AiEngine] Adaptive time: 500ms, depth: 4, reason: midgame, opening, emergency: false
[DEBUG] 17:14:14.581 [AiEngine] Using JS Search
[DEBUG] 17:14:14.837 [AiEngine] Adaptive time: 500ms, depth: 4, reason: midgame, opening, emergency: false
[DEBUG] 17:14:14.837 [AiEngine] Using JS Search
[DEBUG] 17:14:15.068 [AiEngine] Adaptive time: 500ms, depth: 4, reason: midgame, opening, emergency: false
[DEBUG] 17:14:15.068 [AiEngine] Using JS Search
[DEBUG] 17:14:15.177 [AiEngine] Adaptive time: 500ms, depth: 4, reason: midgame, opening, emergency: false
[DEBUG] 17:14:15.177 [AiEngine] Using JS Search
[DEBUG] 17:14:15.365 [AiEngine] Adaptive time: 500ms, depth: 4, reason: midgame, opening, emergency: false
[DEBUG] 17:14:15.365 [AiEngine] Using JS Search
[DEBUG] 17:14:15.398 [AiEngine] Adaptive time: 500ms, depth: 4, reason: midgame, opening, emergency: false
[DEBUG] 17:14:15.398 [AiEngine] Using JS Search
[DEBUG] 17:14:15.506 [AiEngine] Adaptive time: 500ms, depth: 4, reason: midgame, opening, emergency: false
[DEBUG] 17:14:15.506 [AiEngine] Using JS Search
[DEBUG] 17:14:15.528 [AiEngine] Adaptive time: 500ms, depth: 4, reason: midgame, opening, emergency: false
[DEBUG] 17:14:15.529 [AiEngine] Using JS Search
[DEBUG] 17:14:15.688 [AiEngine] Adaptive time: 500ms, depth: 4, reason: midgame, opening, emergency: false
[DEBUG] 17:14:15.689 [AiEngine] Using JS Search
[DEBUG] 17:14:15.712 [AiEngine] Adaptive time: 500ms, depth: 4, reason: midgame, opening, tactical, emergency: false
[DEBUG] 17:14:15.712 [AiEngine] Using JS Search
[DEBUG] 17:14:15.789 [AiEngine] Adaptive time: 500ms, depth: 4, reason: midgame, opening, emergency: false
[DEBUG] 17:14:15.789 [AiEngine] Using JS Search
[DEBUG] 17:14:15.809 [AiEngine] Adaptive time: 500ms, depth: 4, reason: midgame, opening, tactical, emergency: false
[DEBUG] 17:14:15.809 [AiEngine] Using JS Search
[DEBUG] 17:14:15.890 [AiEngine] Adaptive time: 500ms, depth: 4, reason: midgame, opening, emergency: false
[DEBUG] 17:14:15.890 [AiEngine] Using JS Search
[DEBUG] 17:14:15.911 [AiEngine] Adaptive time: 500ms, depth: 4, reason: midgame, opening, tactical, emergency: false
[DEBUG] 17:14:15.911 [AiEngine] Using JS Search
[DEBUG] 17:14:16.045 [AiEngine] Adaptive time: 500ms, depth: 4, reason: midgame, opening, emergency: false
[DEBUG] 17:14:16.045 [AiEngine] Using JS Search
[DEBUG] 17:14:16.072 [AiEngine] Adaptive time: 500ms, depth: 4, reason: midgame, opening, tactical, emergency: false
[DEBUG] 17:14:16.072 [AiEngine] Using JS Search
[DEBUG] 17:14:16.165 [AiEngine] Adaptive time: 500ms, depth: 4, reason: midgame, opening, emergency: false
[DEBUG] 17:14:16.165 [AiEngine] Using JS Search
[DEBUG] 17:14:16.186 [AiEngine] Adaptive time: 500ms, depth: 4, reason: midgame, opening, tactical, emergency: false
[DEBUG] 17:14:16.186 [AiEngine] Using JS Search
[DEBUG] 17:14:16.237 [AiEngine] Adaptive time: 500ms, depth: 4, reason: midgame, opening, emergency: false
[DEBUG] 17:14:16.237 [AiEngine] Using JS Search
[DEBUG] 17:14:16.258 [AiEngine] Adaptive time: 500ms, depth: 4, reason: midgame, opening, tactical, emergency: false
[DEBUG] 17:14:16.258 [AiEngine] Using JS Search
[DEBUG] 17:14:16.260 [AiEngine] Adaptive time: 500ms, depth: 4, reason: midgame, opening, in-check, emergency: false
[DEBUG] 17:14:16.260 [AiEngine] Using JS Search
[DEBUG] 17:14:16.270 [AiEngine] Adaptive time: 500ms, depth: 4, reason: midgame, opening, tactical, emergency: false
[DEBUG] 17:14:16.270 [AiEngine] Using JS Search
[DEBUG] 17:14:16.271 [AiEngine] Adaptive time: 500ms, depth: 4, reason: midgame, opening, emergency: false
[DEBUG] 17:14:16.272 [AiEngine] Using JS Search
[DEBUG] 17:14:16.331 [AiEngine] Adaptive time: 500ms, depth: 4, reason: midgame, opening, tactical, emergency: false
[DEBUG] 17:14:16.331 [AiEngine] Using JS Search
[DEBUG] 17:14:16.335 [AiEngine] Adaptive time: 500ms, depth: 4, reason: midgame, opening, in-check, emergency: false
[DEBUG] 17:14:16.335 [AiEngine] Using JS Search
[DEBUG] 17:14:16.362 [AiEngine] Adaptive time: 500ms, depth: 4, reason: midgame, opening, emergency: false
[DEBUG] 17:14:16.362 [AiEngine] Using JS Search
[DEBUG] 17:14:16.363 [AiEngine] Adaptive time: 500ms, depth: 4, reason: midgame, opening, emergency: false
[DEBUG] 17:14:16.363 [AiEngine] Using JS Search
[DEBUG] 17:14:16.445 [AiEngine] Adaptive time: 500ms, depth: 4, reason: midgame, opening, tactical, emergency: false
[DEBUG] 17:14:16.445 [AiEngine] Using JS Search
[DEBUG] 17:14:16.446 [AiEngine] Adaptive time: 3000ms, depth: 4, reason: midgame, emergency: false
[DEBUG] 17:14:16.446 [AiEngine] Using JS Search
[DEBUG] 17:14:16.508 [AiEngine] Adaptive time: 3000ms, depth: 4, reason: tactical, emergency: false
[DEBUG] 17:14:16.508 [AiEngine] Using JS Search
[DEBUG] 17:14:16.509 [AiEngine] Adaptive time: 3000ms, depth: 4, reason: standard, emergency: false
[DEBUG] 17:14:16.509 [AiEngine] Using JS Search
[DEBUG] 17:14:16.539 [AiEngine] Adaptive time: 3000ms, depth: 4, reason: standard, emergency: false
[DEBUG] 17:14:16.539 [AiEngine] Using JS Search
[DEBUG] 17:14:16.545 [AiEngine] Adaptive time: 3000ms, depth: 4, reason: standard, emergency: false
[DEBUG] 17:14:16.545 [AiEngine] Using JS Search
[DEBUG] 17:14:16.559 [AiEngine] Adaptive time: 3000ms, depth: 4, reason: tactical, emergency: false
[DEBUG] 17:14:16.559 [AiEngine] Using JS Search
[DEBUG] 17:14:16.564 [AiEngine] Adaptive time: 3000ms, depth: 4, reason: standard, emergency: false
[DEBUG] 17:14:16.564 [AiEngine] Using JS Search
[DEBUG] 17:14:16.575 [AiEngine] Adaptive time: 3000ms, depth: 4, reason: tactical, emergency: false
[DEBUG] 17:14:16.575 [AiEngine] Using JS Search
[DEBUG] 17:14:16.580 [AiEngine] Adaptive time: 3000ms, depth: 4, reason: standard, emergency: false
[DEBUG] 17:14:16.580 [AiEngine] Using JS Search
[DEBUG] 17:14:16.590 [AiEngine] Adaptive time: 3000ms, depth: 4, reason: tactical, emergency: false
[DEBUG] 17:14:16.590 [AiEngine] Using JS Search
[DEBUG] 17:14:16.595 [AiEngine] Adaptive time: 3000ms, depth: 4, reason: standard, emergency: false
[DEBUG] 17:14:16.595 [AiEngine] Using JS Search
[DEBUG] 17:14:16.607 [AiEngine] Adaptive time: 3000ms, depth: 4, reason: tactical, emergency: false
[DEBUG] 17:14:16.607 [AiEngine] Using JS Search
[DEBUG] 17:14:16.610 [AiEngine] Adaptive time: 3000ms, depth: 4, reason: standard, emergency: false
[DEBUG] 17:14:16.610 [AiEngine] Using JS Search
[DEBUG] 17:14:16.620 [AiEngine] Adaptive time: 3000ms, depth: 4, reason: tactical, emergency: false
[DEBUG] 17:14:16.620 [AiEngine] Using JS Search
[DEBUG] 17:14:16.625 [AiEngine] Adaptive time: 3000ms, depth: 4, reason: standard, emergency: false
[DEBUG] 17:14:16.625 [AiEngine] Using JS Search
[DEBUG] 17:14:16.642 [AiEngine] Adaptive time: 3000ms, depth: 4, reason: tactical, emergency: false
[DEBUG] 17:14:16.642 [AiEngine] Using JS Search
[DEBUG] 17:14:16.646 [AiEngine] Adaptive time: 3000ms, depth: 4, reason: standard, emergency: false
[DEBUG] 17:14:16.646 [AiEngine] Using JS Search
[DEBUG] 17:14:16.671 [AiEngine] Adaptive time: 3000ms, depth: 4, reason: standard, emergency: false
[DEBUG] 17:14:16.671 [AiEngine] Using JS Search
[DEBUG] 17:14:16.676 [AiEngine] Adaptive time: 3000ms, depth: 4, reason: standard, emergency: false
[DEBUG] 17:14:16.676 [AiEngine] Using JS Search
[DEBUG] 17:14:16.718 [AiEngine] Adaptive time: 3000ms, depth: 4, reason: standard, emergency: false
[DEBUG] 17:14:16.718 [AiEngine] Using JS Search
[DEBUG] 17:14:16.722 [AiEngine] Adaptive time: 3000ms, depth: 4, reason: standard, emergency: false
[DEBUG] 17:14:16.722 [AiEngine] Using JS Search
[DEBUG] 17:14:16.748 [AiEngine] Adaptive time: 3000ms, depth: 4, reason: standard, emergency: false
[DEBUG] 17:14:16.748 [AiEngine] Using JS Search
[DEBUG] 17:14:16.752 [AiEngine] Adaptive time: 3000ms, depth: 4, reason: standard, emergency: false
[DEBUG] 17:14:16.752 [AiEngine] Using JS Search
[DEBUG] 17:14:16.781 [AiEngine] Adaptive time: 3000ms, depth: 4, reason: standard, emergency: false
[DEBUG] 17:14:16.781 [AiEngine] Using JS Search
[DEBUG] 17:14:16.784 [AiEngine] Adaptive time: 3000ms, depth: 4, reason: standard, emergency: false
[DEBUG] 17:14:16.784 [AiEngine] Using JS Search
[DEBUG] 17:14:16.803 [AiEngine] Adaptive time: 3000ms, depth: 4, reason: standard, emergency: false
[DEBUG] 17:14:16.803 [AiEngine] Using JS Search
[DEBUG] 17:14:16.805 [AiEngine] Adaptive time: 3000ms, depth: 4, reason: standard, emergency: false
[DEBUG] 17:14:16.805 [AiEngine] Using JS Search
[DEBUG] 17:14:16.815 [AiEngine] Adaptive time: 3000ms, depth: 4, reason: standard, emergency: false
[DEBUG] 17:14:16.815 [AiEngine] Using JS Search
[DEBUG] 17:14:16.818 [AiEngine] Adaptive time: 3000ms, depth: 4, reason: standard, emergency: false
[DEBUG] 17:14:16.818 [AiEngine] Using JS Search
[DEBUG] 17:14:16.825 [AiEngine] Adaptive time: 3000ms, depth: 4, reason: standard, emergency: false
[DEBUG] 17:14:16.825 [AiEngine] Using JS Search
[DEBUG] 17:14:16.828 [AiEngine] Adaptive time: 3000ms, depth: 4, reason: standard, emergency: false
[DEBUG] 17:14:16.828 [AiEngine] Using JS Search
[DEBUG] 17:14:16.838 [AiEngine] Adaptive time: 3000ms, depth: 4, reason: tactical, emergency: false
[DEBUG] 17:14:16.838 [AiEngine] Using JS Search
[DEBUG] 17:14:16.843 [AiEngine] Adaptive time: 3000ms, depth: 4, reason: standard, emergency: false
[DEBUG] 17:14:16.843 [AiEngine] Using JS Search
[DEBUG] 17:14:16.853 [AiEngine] Adaptive time: 3000ms, depth: 4, reason: tactical, emergency: false
[DEBUG] 17:14:16.853 [AiEngine] Using JS Search
[DEBUG] 17:14:16.855 [AiEngine] Adaptive time: 3000ms, depth: 4, reason: standard, emergency: false
[DEBUG] 17:14:16.856 [AiEngine] Using JS Search
[DEBUG] 17:14:16.862 [AiEngine] Adaptive time: 3000ms, depth: 4, reason: standard, emergency: false
[DEBUG] 17:14:16.862 [AiEngine] Using JS Search
[DEBUG] 17:14:16.886 [AiEngine] Adaptive time: 3000ms, depth: 4, reason: standard, emergency: false
[DEBUG] 17:14:16.886 [AiEngine] Using JS Search
[DEBUG] 17:14:16.890 [AiEngine] Adaptive time: 3000ms, depth: 4, reason: standard, emergency: false
[DEBUG] 17:14:16.890 [AiEngine] Using JS Search
[DEBUG] 17:14:16.900 [AiEngine] Adaptive time: 3000ms, depth: 4, reason: endgame, emergency: false
[DEBUG] 17:14:16.900 [AiEngine] Using JS Search
[DEBUG] 17:14:16.902 [AiEngine] Adaptive time: 3000ms, depth: 4, reason: endgame, emergency: false
[DEBUG] 17:14:16.902 [AiEngine] Using JS Search
[DEBUG] 17:14:16.903 [AiEngine] Adaptive time: 3000ms, depth: 4, reason: endgame, emergency: false
[DEBUG] 17:14:16.903 [AiEngine] Using JS Search
[DEBUG] 17:14:16.904 [AiEngine] Adaptive time: 3000ms, depth: 4, reason: endgame, emergency: false
[DEBUG] 17:14:16.904 [AiEngine] Using JS Search
[DEBUG] 17:14:16.905 [AiEngine] Adaptive time: 3000ms, depth: 4, reason: endgame, emergency: false
[DEBUG] 17:14:16.905 [AiEngine] Using JS Search
[DEBUG] 17:14:16.905 [AiEngine] Adaptive time: 3000ms, depth: 4, reason: endgame, emergency: false
[DEBUG] 17:14:16.905 [AiEngine] Using JS Search
[DEBUG] 17:14:16.907 [AiEngine] Adaptive time: 3000ms, depth: 4, reason: endgame, emergency: false
[DEBUG] 17:14:16.907 [AiEngine] Using JS Search
[DEBUG] 17:14:16.908 [AiEngine] Adaptive time: 3000ms, depth: 4, reason: endgame, emergency: false
[DEBUG] 17:14:16.908 [AiEngine] Using JS Search
[DEBUG] 17:14:16.910 [AiEngine] Adaptive time: 3000ms, depth: 4, reason: endgame, emergency: false
[DEBUG] 17:14:16.910 [AiEngine] Using JS Search
[DEBUG] 17:14:16.911 [AiEngine] Adaptive time: 3000ms, depth: 4, reason: endgame, emergency: false
[DEBUG] 17:14:16.911 [AiEngine] Using JS Search
[DEBUG] 17:14:16.914 [AiEngine] Adaptive time: 3000ms, depth: 4, reason: endgame, emergency: false
[DEBUG] 17:14:16.914 [AiEngine] Using JS Search
[DEBUG] 17:14:16.916 [AiEngine] Adaptive time: 3000ms, depth: 4, reason: endgame, emergency: false
[DEBUG] 17:14:16.916 [AiEngine] Using JS Search
[DEBUG] 17:14:16.918 [AiEngine] Adaptive time: 3000ms, depth: 4, reason: endgame, emergency: false
[DEBUG] 17:14:16.918 [AiEngine] Using JS Search
[DEBUG] 17:14:16.919 [AiEngine] Adaptive time: 3000ms, depth: 4, reason: endgame, emergency: false
[DEBUG] 17:14:16.919 [AiEngine] Using JS Search
[DEBUG] 17:14:16.921 [AiEngine] Adaptive time: 3000ms, depth: 4, reason: endgame, emergency: false
[DEBUG] 17:14:16.921 [AiEngine] Using JS Search
[DEBUG] 17:14:16.924 [AiEngine] Adaptive time: 3000ms, depth: 4, reason: endgame, emergency: false
[DEBUG] 17:14:16.924 [AiEngine] Using JS Search
[DEBUG] 17:14:16.929 [AiEngine] Adaptive time: 3000ms, depth: 4, reason: endgame, emergency: false
[DEBUG] 17:14:16.929 [AiEngine] Using JS Search
[DEBUG] 17:14:16.932 [AiEngine] Adaptive time: 3000ms, depth: 4, reason: endgame, emergency: false
[DEBUG] 17:14:16.932 [AiEngine] Using JS Search
[DEBUG] 17:14:16.941 [AiEngine] Adaptive time: 3000ms, depth: 4, reason: endgame, emergency: false
[DEBUG] 17:14:16.941 [AiEngine] Using JS Search
[DEBUG] 17:14:16.943 [AiEngine] Adaptive time: 3000ms, depth: 4, reason: endgame, emergency: false
[DEBUG] 17:14:16.943 [AiEngine] Using JS Search
[DEBUG] 17:14:16.954 [AiEngine] Adaptive time: 3000ms, depth: 4, reason: endgame, emergency: false
[DEBUG] 17:14:16.954 [AiEngine] Using JS Search
[DEBUG] 17:14:16.956 [AiEngine] Adaptive time: 3000ms, depth: 4, reason: endgame, emergency: false
[DEBUG] 17:14:16.956 [AiEngine] Using JS Search
[DEBUG] 17:14:16.958 [AiEngine] Adaptive time: 500ms, depth: 4, reason: midgame, opening, emergency: false
[DEBUG] 17:14:16.958 [AiEngine] Using JS Search
[DEBUG] 17:14:16.958 [AiEngine] Adaptive time: 500ms, depth: 4, reason: midgame, opening, emergency: false
[DEBUG] 17:14:16.958 [AiEngine] Using JS Search
[DEBUG] 17:14:16.958 [AiEngine] Adaptive time: 500ms, depth: 4, reason: midgame, opening, emergency: false
[DEBUG] 17:14:16.958 [AiEngine] Using JS Search
[DEBUG] 17:14:16.958 [AiEngine] Adaptive time: 500ms, depth: 4, reason: midgame, opening, tactical, emergency: false
[DEBUG] 17:14:16.958 [AiEngine] Using JS Search
[DEBUG] 17:14:16.977 [AiEngine] Adaptive time: 500ms, depth: 4, reason: midgame, opening, emergency: false
[DEBUG] 17:14:16.977 [AiEngine] Using JS Search
[DEBUG] 17:14:16.986 [AiEngine] Adaptive time: 500ms, depth: 4, reason: midgame, opening, tactical, emergency: false
[DEBUG] 17:14:16.986 [AiEngine] Using JS Search
[DEBUG] 17:14:17.009 [AiEngine] Adaptive time: 500ms, depth: 4, reason: midgame, opening, emergency: false
[DEBUG] 17:14:17.010 [AiEngine] Using JS Search
[DEBUG] 17:14:17.143 [AiEngine] Adaptive time: 500ms, depth: 4, reason: midgame, opening, emergency: false
[DEBUG] 17:14:17.143 [AiEngine] Using JS Search
[DEBUG] 17:14:17.152 [AiEngine] Adaptive time: 500ms, depth: 4, reason: midgame, opening, emergency: false
[DEBUG] 17:14:17.152 [AiEngine] Using JS Search
[DEBUG] 17:14:17.295 [AiEngine] Adaptive time: 500ms, depth: 4, reason: midgame, opening, emergency: false
[DEBUG] 17:14:17.296 [AiEngine] Using JS Search
[DEBUG] 17:14:17.584 [AiEngine] Adaptive time: 500ms, depth: 4, reason: midgame, opening, emergency: false
[DEBUG] 17:14:17.585 [AiEngine] Using JS Search
[DEBUG] 17:14:17.818 [AiEngine] Adaptive time: 500ms, depth: 4, reason: midgame, opening, tactical, emergency: false
[DEBUG] 17:14:17.818 [AiEngine] Using JS Search
[DEBUG] 17:14:17.901 [AiEngine] Adaptive time: 500ms, depth: 4, reason: midgame, opening, emergency: false
[DEBUG] 17:14:17.902 [AiEngine] Using JS Search
[DEBUG] 17:14:18.106 [AiEngine] Adaptive time: 500ms, depth: 4, reason: midgame, opening, emergency: false
[DEBUG] 17:14:18.106 [AiEngine] Using JS Search
[DEBUG] 17:14:18.207 [AiEngine] Adaptive time: 500ms, depth: 4, reason: midgame, opening, emergency: false
[DEBUG] 17:14:18.207 [AiEngine] Using JS Search
[DEBUG] 17:14:18.445 [AiEngine] Adaptive time: 500ms, depth: 4, reason: midgame, opening, tactical, emergency: false
[DEBUG] 17:14:18.445 [AiEngine] Using JS Search
[DEBUG] 17:14:18.536 [AiEngine] Adaptive time: 500ms, depth: 4, reason: midgame, opening, emergency: false
[DEBUG] 17:14:18.536 [AiEngine] Using JS Search
[DEBUG] 17:14:18.688 [AiEngine] Adaptive time: 500ms, depth: 4, reason: midgame, opening, tactical, emergency: false
[DEBUG] 17:14:18.688 [AiEngine] Using JS Search
[DEBUG] 17:14:18.968 [AiEngine] Adaptive time: 500ms, depth: 4, reason: midgame, opening, emergency: false
[DEBUG] 17:14:18.968 [AiEngine] Using JS Search
[DEBUG] 17:14:19.022 [AiEngine] Adaptive time: 500ms, depth: 4, reason: midgame, opening, tactical, emergency: false
[DEBUG] 17:14:19.022 [AiEngine] Using JS Search
[DEBUG] 17:14:19.132 [AiEngine] Adaptive time: 500ms, depth: 4, reason: midgame, opening, emergency: false
[DEBUG] 17:14:19.132 [AiEngine] Using JS Search
[DEBUG] 17:14:19.168 [AiEngine] Adaptive time: 500ms, depth: 4, reason: midgame, opening, tactical, emergency: false
[DEBUG] 17:14:19.169 [AiEngine] Using JS Search
[DEBUG] 17:14:19.171 [AiEngine] Adaptive time: 500ms, depth: 4, reason: midgame, opening, in-check, emergency: false
[DEBUG] 17:14:19.171 [AiEngine] Using JS Search
[DEBUG] 17:14:19.174 [AiEngine] Adaptive time: 500ms, depth: 4, reason: midgame, opening, tactical, emergency: false
[DEBUG] 17:14:19.174 [AiEngine] Using JS Search
[DEBUG] 17:14:19.192 [AiEngine] Adaptive time: 500ms, depth: 4, reason: midgame, opening, emergency: false
[DEBUG] 17:14:19.192 [AiEngine] Using JS Search
[DEBUG] 17:14:19.374 [AiEngine] Adaptive time: 500ms, depth: 4, reason: midgame, opening, emergency: false
[DEBUG] 17:14:19.374 [AiEngine] Using JS Search
[DEBUG] 17:14:19.377 [AiEngine] Adaptive time: 500ms, depth: 4, reason: midgame, opening, in-check, emergency: false
[DEBUG] 17:14:19.377 [AiEngine] Using JS Search
[DEBUG] 17:14:19.398 [AiEngine] Adaptive time: 500ms, depth: 4, reason: midgame, opening, emergency: false
[DEBUG] 17:14:19.398 [AiEngine] Using JS Search
[DEBUG] 17:14:19.399 [AiEngine] Adaptive time: 500ms, depth: 4, reason: midgame, opening, emergency: false
[DEBUG] 17:14:19.399 [AiEngine] Using JS Search
[DEBUG] 17:14:19.547 [AiEngine] Adaptive time: 500ms, depth: 4, reason: midgame, opening, emergency: false
[DEBUG] 17:14:19.547 [AiEngine] Using JS Search
[DEBUG] 17:14:19.605 [AiEngine] Adaptive time: 500ms, depth: 4, reason: midgame, opening, emergency: false
[DEBUG] 17:14:19.605 [AiEngine] Using JS Search
[DEBUG] 17:14:19.644 [AiEngine] Adaptive time: 500ms, depth: 4, reason: midgame, opening, emergency: false
[DEBUG] 17:14:19.644 [AiEngine] Using JS Search
[DEBUG] 17:14:19.669 [AiEngine] Adaptive time: 500ms, depth: 4, reason: midgame, opening, emergency: false
[DEBUG] 17:14:19.669 [AiEngine] Using JS Search
[DEBUG] 17:14:19.688 [AiEngine] Adaptive time: 500ms, depth: 4, reason: midgame, opening, tactical, emergency: false
[DEBUG] 17:14:19.688 [AiEngine] Using JS Search
[DEBUG] 17:14:19.689 [AiEngine] Adaptive time: 500ms, depth: 4, reason: midgame, opening, emergency: false
[DEBUG] 17:14:19.689 [AiEngine] Using JS Search
[DEBUG] 17:14:19.720 [AiEngine] Adaptive time: 500ms, depth: 4, reason: midgame, opening, emergency: false
[DEBUG] 17:14:19.720 [AiEngine] Using JS Search
[DEBUG] 17:14:19.721 [AiEngine] Adaptive time: 500ms, depth: 4, reason: midgame, opening, tactical, emergency: false
[DEBUG] 17:14:19.721 [AiEngine] Using JS Search
[DEBUG] 17:14:19.787 [AiEngine] Adaptive time: 500ms, depth: 4, reason: midgame, opening, emergency: false
[DEBUG] 17:14:19.787 [AiEngine] Using JS Search
[DEBUG] 17:14:19.907 [AiEngine] Adaptive time: 500ms, depth: 4, reason: midgame, opening, emergency: false
[DEBUG] 17:14:19.907 [AiEngine] Using JS Search
[DEBUG] 17:14:19.926 [AiEngine] Adaptive time: 500ms, depth: 4, reason: midgame, opening, tactical, emergency: false
[DEBUG] 17:14:19.926 [AiEngine] Using JS Search
[DEBUG] 17:14:19.976 [AiEngine] Adaptive time: 3000ms, depth: 4, reason: midgame, emergency: false
[DEBUG] 17:14:19.976 [AiEngine] Using JS Search
[DEBUG] 17:14:19.991 [AiEngine] Adaptive time: 3000ms, depth: 4, reason: midgame, tactical, emergency: false
[DEBUG] 17:14:19.991 [AiEngine] Using JS Search
[DEBUG] 17:14:20.107 [AiEngine] Adaptive time: 3000ms, depth: 4, reason: midgame, emergency: false
[DEBUG] 17:14:20.107 [AiEngine] Using JS Search
[DEBUG] 17:14:20.131 [AiEngine] Adaptive time: 3000ms, depth: 4, reason: tactical, emergency: false
[DEBUG] 17:14:20.132 [AiEngine] Using JS Search
[DEBUG] 17:14:20.171 [AiEngine] Adaptive time: 3000ms, depth: 4, reason: standard, emergency: false
[DEBUG] 17:14:20.171 [AiEngine] Using JS Search
[DEBUG] 17:14:20.182 [AiEngine] Adaptive time: 3000ms, depth: 4, reason: tactical, emergency: false
[DEBUG] 17:14:20.182 [AiEngine] Using JS Search
[DEBUG] 17:14:20.290 [AiEngine] Adaptive time: 3000ms, depth: 4, reason: standard, emergency: false
[DEBUG] 17:14:20.290 [AiEngine] Using JS Search
[DEBUG] 17:14:20.299 [AiEngine] Adaptive time: 3000ms, depth: 4, reason: tactical, emergency: false
[DEBUG] 17:14:20.299 [AiEngine] Using JS Search
[DEBUG] 17:14:20.405 [AiEngine] Adaptive time: 3000ms, depth: 4, reason: standard, emergency: false
[DEBUG] 17:14:20.405 [AiEngine] Using JS Search
[DEBUG] 17:14:20.416 [AiEngine] Adaptive time: 3000ms, depth: 4, reason: tactical, emergency: false
[DEBUG] 17:14:20.416 [AiEngine] Using JS Search
[DEBUG] 17:14:20.426 [AiEngine] Adaptive time: 3000ms, depth: 4, reason: standard, emergency: false
[DEBUG] 17:14:20.426 [AiEngine] Using JS Search
[DEBUG] 17:14:20.433 [AiEngine] Adaptive time: 3000ms, depth: 4, reason: tactical, emergency: false
[DEBUG] 17:14:20.433 [AiEngine] Using JS Search
[DEBUG] 17:14:20.437 [AiEngine] Adaptive time: 3000ms, depth: 4, reason: standard, emergency: false
[DEBUG] 17:14:20.437 [AiEngine] Using JS Search
[DEBUG] 17:14:20.443 [AiEngine] Adaptive time: 3000ms, depth: 4, reason: tactical, emergency: false
[DEBUG] 17:14:20.443 [AiEngine] Using JS Search
[DEBUG] 17:14:20.447 [AiEngine] Adaptive time: 3000ms, depth: 4, reason: standard, emergency: false
[DEBUG] 17:14:20.447 [AiEngine] Using JS Search
[DEBUG] 17:14:20.453 [AiEngine] Adaptive time: 3000ms, depth: 4, reason: tactical, emergency: false
[DEBUG] 17:14:20.453 [AiEngine] Using JS Search
[DEBUG] 17:14:20.454 [AiEngine] Adaptive time: 3000ms, depth: 4, reason: standard, emergency: false
[DEBUG] 17:14:20.454 [AiEngine] Using JS Search
[DEBUG] 17:14:20.456 [AiEngine] Adaptive time: 3000ms, depth: 4, reason: tactical, emergency: false
[DEBUG] 17:14:20.456 [AiEngine] Using JS Search
[DEBUG] 17:14:20.458 [AiEngine] Adaptive time: 3000ms, depth: 4, reason: standard, emergency: false
[DEBUG] 17:14:20.458 [AiEngine] Using JS Search
[DEBUG] 17:14:20.462 [AiEngine] Adaptive time: 3000ms, depth: 4, reason: standard, emergency: false
[DEBUG] 17:14:20.462 [AiEngine] Using JS Search
[DEBUG] 17:14:20.463 [AiEngine] Adaptive time: 3000ms, depth: 4, reason: standard, emergency: false
[DEBUG] 17:14:20.463 [AiEngine] Using JS Search
[DEBUG] 17:14:20.465 [AiEngine] Adaptive time: 3000ms, depth: 4, reason: tactical, emergency: false
[DEBUG] 17:14:20.465 [AiEngine] Using JS Search
[DEBUG] 17:14:20.467 [AiEngine] Adaptive time: 3000ms, depth: 4, reason: standard, emergency: false
[DEBUG] 17:14:20.467 [AiEngine] Using JS Search
[DEBUG] 17:14:20.470 [AiEngine] Adaptive time: 3000ms, depth: 4, reason: standard, emergency: false
[DEBUG] 17:14:20.470 [AiEngine] Using JS Search
[DEBUG] 17:14:20.472 [AiEngine] Adaptive time: 3000ms, depth: 4, reason: standard, emergency: false
[DEBUG] 17:14:20.472 [AiEngine] Using JS Search
[DEBUG] 17:14:20.474 [AiEngine] Adaptive time: 3000ms, depth: 4, reason: tactical, emergency: false
[DEBUG] 17:14:20.474 [AiEngine] Using JS Search
[DEBUG] 17:14:20.476 [AiEngine] Adaptive time: 3000ms, depth: 4, reason: standard, emergency: false
[DEBUG] 17:14:20.476 [AiEngine] Using JS Search
[DEBUG] 17:14:20.480 [AiEngine] Adaptive time: 3000ms, depth: 4, reason: standard, emergency: false
[DEBUG] 17:14:20.480 [AiEngine] Using JS Search
[DEBUG] 17:14:20.481 [AiEngine] Adaptive time: 3000ms, depth: 4, reason: standard, emergency: false
[DEBUG] 17:14:20.481 [AiEngine] Using JS Search
[DEBUG] 17:14:20.483 [AiEngine] Adaptive time: 3000ms, depth: 4, reason: tactical, emergency: false
[DEBUG] 17:14:20.483 [AiEngine] Using JS Search
[DEBUG] 17:14:20.485 [AiEngine] Adaptive time: 3000ms, depth: 4, reason: standard, emergency: false
[DEBUG] 17:14:20.485 [AiEngine] Using JS Search
[DEBUG] 17:14:20.488 [AiEngine] Adaptive time: 3000ms, depth: 4, reason: standard, emergency: false
[DEBUG] 17:14:20.488 [AiEngine] Using JS Search
[DEBUG] 17:14:20.490 [AiEngine] Adaptive time: 3000ms, depth: 4, reason: standard, emergency: false
[DEBUG] 17:14:20.490 [AiEngine] Using JS Search
[DEBUG] 17:14:20.492 [AiEngine] Adaptive time: 3000ms, depth: 4, reason: tactical, emergency: false
[DEBUG] 17:14:20.492 [AiEngine] Using JS Search
[DEBUG] 17:14:20.494 [AiEngine] Adaptive time: 3000ms, depth: 4, reason: standard, emergency: false
[DEBUG] 17:14:20.494 [AiEngine] Using JS Search
[DEBUG] 17:14:20.496 [AiEngine] Adaptive time: 3000ms, depth: 4, reason: standard, emergency: false
[DEBUG] 17:14:20.496 [AiEngine] Using JS Search
[DEBUG] 17:14:20.498 [AiEngine] Adaptive time: 3000ms, depth: 4, reason: standard, emergency: false
[DEBUG] 17:14:20.498 [AiEngine] Using JS Search
[DEBUG] 17:14:20.500 [AiEngine] Adaptive time: 3000ms, depth: 4, reason: tactical, emergency: false
[DEBUG] 17:14:20.500 [AiEngine] Using JS Search
[DEBUG] 17:14:20.502 [AiEngine] Adaptive time: 3000ms, depth: 4, reason: standard, emergency: false
[DEBUG] 17:14:20.502 [AiEngine] Using JS Search
[DEBUG] 17:14:20.505 [AiEngine] Adaptive time: 3000ms, depth: 4, reason: standard, emergency: false
[DEBUG] 17:14:20.505 [AiEngine] Using JS Search
[DEBUG] 17:14:20.507 [AiEngine] Adaptive time: 3000ms, depth: 4, reason: standard, emergency: false
[DEBUG] 17:14:20.507 [AiEngine] Using JS Search
[DEBUG] 17:14:20.508 [AiEngine] Adaptive time: 3000ms, depth: 4, reason: tactical, emergency: false
[DEBUG] 17:14:20.508 [AiEngine] Using JS Search
[DEBUG] 17:14:20.511 [AiEngine] Adaptive time: 3000ms, depth: 4, reason: endgame, emergency: false
[DEBUG] 17:14:20.511 [AiEngine] Using JS Search
[DEBUG] 17:14:20.514 [AiEngine] Adaptive time: 3000ms, depth: 4, reason: endgame, emergency: false
[DEBUG] 17:14:20.514 [AiEngine] Using JS Search
[DEBUG] 17:14:20.516 [AiEngine] Adaptive time: 3000ms, depth: 4, reason: endgame, emergency: false
[DEBUG] 17:14:20.516 [AiEngine] Using JS Search
[DEBUG] 17:14:20.518 [AiEngine] Adaptive time: 3000ms, depth: 4, reason: endgame, tactical, emergency: false
[DEBUG] 17:14:20.518 [AiEngine] Using JS Search
[DEBUG] 17:14:20.520 [AiEngine] Adaptive time: 3000ms, depth: 4, reason: endgame, emergency: false
[DEBUG] 17:14:20.520 [AiEngine] Using JS Search
[DEBUG] 17:14:20.523 [AiEngine] Adaptive time: 3000ms, depth: 4, reason: endgame, emergency: false
[DEBUG] 17:14:20.523 [AiEngine] Using JS Search
[DEBUG] 17:14:20.524 [AiEngine] Adaptive time: 3000ms, depth: 4, reason: endgame, emergency: false
[DEBUG] 17:14:20.524 [AiEngine] Using JS Search
[DEBUG] 17:14:20.526 [AiEngine] Adaptive time: 3000ms, depth: 4, reason: endgame, tactical, emergency: false
[DEBUG] 17:14:20.526 [AiEngine] Using JS Search
[DEBUG] 17:14:20.528 [AiEngine] Adaptive time: 3000ms, depth: 4, reason: endgame, emergency: false
[DEBUG] 17:14:20.528 [AiEngine] Using JS Search
[DEBUG] 17:14:20.531 [AiEngine] Adaptive time: 3000ms, depth: 4, reason: endgame, emergency: false
[DEBUG] 17:14:20.531 [AiEngine] Using JS Search
[DEBUG] 17:14:20.532 [AiEngine] Adaptive time: 3000ms, depth: 4, reason: endgame, emergency: false
[DEBUG] 17:14:20.532 [AiEngine] Using JS Search
[DEBUG] 17:14:20.534 [AiEngine] Adaptive time: 3000ms, depth: 4, reason: endgame, tactical, emergency: false
[DEBUG] 17:14:20.534 [AiEngine] Using JS Search
[DEBUG] 17:14:20.536 [AiEngine] Adaptive time: 3000ms, depth: 4, reason: endgame, emergency: false
[DEBUG] 17:14:20.536 [AiEngine] Using JS Search
[DEBUG] 17:14:20.539 [AiEngine] Adaptive time: 3000ms, depth: 4, reason: endgame, emergency: false
[DEBUG] 17:14:20.539 [AiEngine] Using JS Search
[DEBUG] 17:14:20.540 [AiEngine] Adaptive time: 3000ms, depth: 4, reason: endgame, emergency: false
[DEBUG] 17:14:20.540 [AiEngine] Using JS Search
[DEBUG] 17:14:20.542 [AiEngine] Adaptive time: 3000ms, depth: 4, reason: endgame, tactical, emergency: false
[DEBUG] 17:14:20.542 [AiEngine] Using JS Search
[DEBUG] 17:14:20.544 [AiEngine] Adaptive time: 3000ms, depth: 4, reason: endgame, emergency: false
[DEBUG] 17:14:20.544 [AiEngine] Using JS Search
[DEBUG] 17:14:20.547 [AiEngine] Adaptive time: 3000ms, depth: 4, reason: endgame, emergency: false
[DEBUG] 17:14:20.548 [AiEngine] Using JS Search
[DEBUG] 17:14:20.549 [AiEngine] Adaptive time: 500ms, depth: 4, reason: midgame, opening, emergency: false
[DEBUG] 17:14:20.549 [AiEngine] Using JS Search
[DEBUG] 17:14:20.549 [AiEngine] Adaptive time: 500ms, depth: 4, reason: midgame, opening, emergency: false
[DEBUG] 17:14:20.549 [AiEngine] Using JS Search
[DEBUG] 17:14:20.550 [AiEngine] Adaptive time: 500ms, depth: 4, reason: midgame, opening, emergency: false
[DEBUG] 17:14:20.550 [AiEngine] Using JS Search
[DEBUG] 17:14:20.550 [AiEngine] Adaptive time: 500ms, depth: 4, reason: midgame, opening, tactical, emergency: false
[DEBUG] 17:14:20.550 [AiEngine] Using JS Search
[DEBUG] 17:14:20.569 [AiEngine] Adaptive time: 500ms, depth: 4, reason: midgame, opening, emergency: false
[DEBUG] 17:14:20.569 [AiEngine] Using JS Search
[DEBUG] 17:14:20.573 [AiEngine] Adaptive time: 500ms, depth: 4, reason: midgame, opening, emergency: false
[DEBUG] 17:14:20.573 [AiEngine] Using JS Search
[DEBUG] 17:14:20.876 [AiEngine] Adaptive time: 500ms, depth: 4, reason: midgame, opening, emergency: false
[DEBUG] 17:14:20.876 [AiEngine] Using JS Search
[DEBUG] 17:14:21.116 [AiEngine] Adaptive time: 500ms, depth: 4, reason: midgame, opening, emergency: false
[DEBUG] 17:14:21.116 [AiEngine] Using JS Search
[DEBUG] 17:14:21.510 [AiEngine] Adaptive time: 500ms, depth: 4, reason: midgame, opening, emergency: false
[DEBUG] 17:14:21.510 [AiEngine] Using JS Search
[DEBUG] 17:14:21.730 [AiEngine] Adaptive time: 500ms, depth: 4, reason: midgame, opening, emergency: false
[DEBUG] 17:14:21.730 [AiEngine] Using JS Search
[DEBUG] 17:14:21.871 [AiEngine] Adaptive time: 500ms, depth: 4, reason: midgame, opening, emergency: false
[DEBUG] 17:14:21.871 [AiEngine] Using JS Search
[DEBUG] 17:14:22.241 [AiEngine] Adaptive time: 500ms, depth: 4, reason: midgame, opening, tactical, emergency: false
[DEBUG] 17:14:22.241 [AiEngine] Using JS Search
[DEBUG] 17:14:22.398 [AiEngine] Adaptive time: 500ms, depth: 4, reason: midgame, opening, tactical, emergency: false
[DEBUG] 17:14:22.398 [AiEngine] Using JS Search
[DEBUG] 17:14:22.487 [AiEngine] Adaptive time: 500ms, depth: 4, reason: midgame, opening, emergency: false
[DEBUG] 17:14:22.487 [AiEngine] Using JS Search
[DEBUG] 17:14:22.659 [AiEngine] Adaptive time: 500ms, depth: 4, reason: midgame, opening, emergency: false
[DEBUG] 17:14:22.659 [AiEngine] Using JS Search
[DEBUG] 17:14:23.021 [AiEngine] Adaptive time: 500ms, depth: 4, reason: midgame, opening, tactical, emergency: false
[DEBUG] 17:14:23.021 [AiEngine] Using JS Search
[DEBUG] 17:14:23.266 [AiEngine] Adaptive time: 500ms, depth: 4, reason: midgame, opening, emergency: false
[DEBUG] 17:14:23.266 [AiEngine] Using JS Search
[DEBUG] 17:14:23.500 [AiEngine] Adaptive time: 500ms, depth: 4, reason: midgame, opening, tactical, emergency: false
[DEBUG] 17:14:23.501 [AiEngine] Using JS Search
[DEBUG] 17:14:23.646 [AiEngine] Adaptive time: 500ms, depth: 4, reason: midgame, opening, emergency: false
[DEBUG] 17:14:23.646 [AiEngine] Using JS Search
[DEBUG] 17:14:23.819 [AiEngine] Adaptive time: 500ms, depth: 4, reason: midgame, opening, tactical, emergency: false
[DEBUG] 17:14:23.819 [AiEngine] Using JS Search
[DEBUG] 17:14:23.946 [AiEngine] Adaptive time: 500ms, depth: 4, reason: midgame, opening, emergency: false
[DEBUG] 17:14:23.946 [AiEngine] Using JS Search
[DEBUG] 17:14:24.008 [AiEngine] Adaptive time: 500ms, depth: 4, reason: midgame, opening, tactical, emergency: false
[DEBUG] 17:14:24.008 [AiEngine] Using JS Search
[DEBUG] 17:14:24.337 [AiEngine] Adaptive time: 500ms, depth: 4, reason: midgame, opening, emergency: false
[DEBUG] 17:14:24.337 [AiEngine] Using JS Search
[DEBUG] 17:14:24.464 [AiEngine] Adaptive time: 500ms, depth: 4, reason: midgame, opening, tactical, emergency: false
[DEBUG] 17:14:24.464 [AiEngine] Using JS Search
[DEBUG] 17:14:24.749 [AiEngine] Adaptive time: 500ms, depth: 4, reason: midgame, opening, emergency: false
[DEBUG] 17:14:24.749 [AiEngine] Using JS Search
[DEBUG] 17:14:25.008 [AiEngine] Adaptive time: 500ms, depth: 4, reason: midgame, opening, tactical, emergency: false
[DEBUG] 17:14:25.008 [AiEngine] Using JS Search
[DEBUG] 17:14:25.129 [AiEngine] Adaptive time: 500ms, depth: 4, reason: midgame, opening, emergency: false
[DEBUG] 17:14:25.129 [AiEngine] Using JS Search
[DEBUG] 17:14:25.283 [AiEngine] Adaptive time: 500ms, depth: 4, reason: midgame, opening, tactical, emergency: false
[DEBUG] 17:14:25.283 [AiEngine] Using JS Search
[DEBUG] 17:14:25.363 [AiEngine] Adaptive time: 500ms, depth: 4, reason: midgame, opening, in-check, emergency: false
[DEBUG] 17:14:25.363 [AiEngine] Using JS Search
[DEBUG] 17:14:26.027 [AiEngine] Adaptive time: 500ms, depth: 4, reason: midgame, opening, tactical, emergency: false
[DEBUG] 17:14:26.027 [AiEngine] Using JS Search
[DEBUG] 17:14:26.258 [AiEngine] Adaptive time: 500ms, depth: 4, reason: midgame, opening, emergency: false
[DEBUG] 17:14:26.258 [AiEngine] Using JS Search
[DEBUG] 17:14:26.420 [AiEngine] Adaptive time: 500ms, depth: 4, reason: midgame, opening, tactical, emergency: false
[DEBUG] 17:14:26.420 [AiEngine] Using JS Search
[DEBUG] 17:14:26.598 [AiEngine] Adaptive time: 500ms, depth: 4, reason: midgame, opening, in-check, emergency: false
[DEBUG] 17:14:26.599 [AiEngine] Using JS Search
[DEBUG] 17:14:26.638 [AiEngine] Adaptive time: 500ms, depth: 4, reason: midgame, opening, tactical, emergency: false
[DEBUG] 17:14:26.638 [AiEngine] Using JS Search
[DEBUG] 17:14:26.727 [AiEngine] Adaptive time: 500ms, depth: 4, reason: midgame, opening, tactical, emergency: false
[DEBUG] 17:14:26.727 [AiEngine] Using JS Search
[DEBUG] 17:14:26.824 [AiEngine] Adaptive time: 500ms, depth: 4, reason: midgame, opening, in-check, emergency: false
[DEBUG] 17:14:26.824 [AiEngine] Using JS Search
[DEBUG] 17:14:26.922 [AiEngine] Adaptive time: 500ms, depth: 4, reason: midgame, opening, emergency: false
[DEBUG] 17:14:26.922 [AiEngine] Using JS Search
[DEBUG] 17:14:26.991 [AiEngine] Adaptive time: 500ms, depth: 4, reason: midgame, opening, tactical, emergency: false
[DEBUG] 17:14:26.991 [AiEngine] Using JS Search
[DEBUG] 17:14:27.020 [AiEngine] Adaptive time: 500ms, depth: 4, reason: midgame, opening, emergency: false
[DEBUG] 17:14:27.020 [AiEngine] Using JS Search
[DEBUG] 17:14:27.188 [AiEngine] Adaptive time: 500ms, depth: 4, reason: midgame, opening, emergency: false
[DEBUG] 17:14:27.188 [AiEngine] Using JS Search
[DEBUG] 17:14:27.230 [AiEngine] Adaptive time: 3000ms, depth: 4, reason: midgame, tactical, emergency: false
[DEBUG] 17:14:27.230 [AiEngine] Using JS Search
[DEBUG] 17:14:27.379 [AiEngine] Adaptive time: 3000ms, depth: 4, reason: midgame, emergency: false
[DEBUG] 17:14:27.379 [AiEngine] Using JS Search
[DEBUG] 17:14:27.475 [AiEngine] Adaptive time: 3000ms, depth: 4, reason: midgame, emergency: false
[DEBUG] 17:14:27.475 [AiEngine] Using JS Search
[DEBUG] 17:14:27.751 [AiEngine] Adaptive time: 3000ms, depth: 4, reason: midgame, emergency: false
[DEBUG] 17:14:27.751 [AiEngine] Using JS Search
[DEBUG] 17:14:27.859 [AiEngine] Adaptive time: 3000ms, depth: 4, reason: midgame, tactical, emergency: false
[DEBUG] 17:14:27.859 [AiEngine] Using JS Search
[DEBUG] 17:14:28.007 [AiEngine] Adaptive time: 3000ms, depth: 4, reason: midgame, emergency: false
[DEBUG] 17:14:28.007 [AiEngine] Using JS Search
[DEBUG] 17:14:28.201 [AiEngine] Adaptive time: 3000ms, depth: 4, reason: midgame, emergency: false
[DEBUG] 17:14:28.201 [AiEngine] Using JS Search
[DEBUG] 17:14:28.394 [AiEngine] Adaptive time: 3000ms, depth: 4, reason: midgame, emergency: false
[DEBUG] 17:14:28.394 [AiEngine] Using JS Search
[DEBUG] 17:14:28.514 [AiEngine] Adaptive time: 3000ms, depth: 4, reason: midgame, tactical, emergency: false
[DEBUG] 17:14:28.514 [AiEngine] Using JS Search
[DEBUG] 17:14:28.792 [AiEngine] Adaptive time: 3000ms, depth: 4, reason: midgame, emergency: false
[DEBUG] 17:14:28.792 [AiEngine] Using JS Search
[DEBUG] 17:14:28.958 [AiEngine] Adaptive time: 3000ms, depth: 4, reason: midgame, tactical, emergency: false
[DEBUG] 17:14:28.958 [AiEngine] Using JS Search
[DEBUG] 17:14:29.307 [AiEngine] Adaptive time: 3000ms, depth: 4, reason: midgame, emergency: false
[DEBUG] 17:14:29.307 [AiEngine] Using JS Search
[DEBUG] 17:14:29.414 [AiEngine] Adaptive time: 3000ms, depth: 4, reason: midgame, tactical, emergency: false
[DEBUG] 17:14:29.414 [AiEngine] Using JS Search
[DEBUG] 17:14:29.720 [AiEngine] Adaptive time: 3000ms, depth: 4, reason: midgame, emergency: false
[DEBUG] 17:14:29.720 [AiEngine] Using JS Search
[DEBUG] 17:14:29.841 [AiEngine] Adaptive time: 3000ms, depth: 4, reason: midgame, tactical, emergency: false
[DEBUG] 17:14:29.842 [AiEngine] Using JS Search
[DEBUG] 17:14:30.104 [AiEngine] Adaptive time: 3000ms, depth: 4, reason: midgame, emergency: false
[DEBUG] 17:14:30.104 [AiEngine] Using JS Search
[DEBUG] 17:14:30.230 [AiEngine] Adaptive time: 3000ms, depth: 4, reason: midgame, tactical, emergency: false
[DEBUG] 17:14:30.230 [AiEngine] Using JS Search
[DEBUG] 17:14:30.413 [AiEngine] Adaptive time: 3000ms, depth: 4, reason: midgame, emergency: false
[DEBUG] 17:14:30.413 [AiEngine] Using JS Search
[DEBUG] 17:14:30.595 [AiEngine] Adaptive time: 3000ms, depth: 4, reason: midgame, tactical, emergency: false
[DEBUG] 17:14:30.596 [AiEngine] Using JS Search
[DEBUG] 17:14:30.768 [AiEngine] Adaptive time: 3000ms, depth: 4, reason: midgame, emergency: false
[DEBUG] 17:14:30.768 [AiEngine] Using JS Search
[DEBUG] 17:14:30.905 [AiEngine] Adaptive time: 3000ms, depth: 4, reason: midgame, tactical, emergency: false
[DEBUG] 17:14:30.905 [AiEngine] Using JS Search
[DEBUG] 17:14:31.170 [AiEngine] Adaptive time: 3000ms, depth: 4, reason: midgame, emergency: false
[DEBUG] 17:14:31.170 [AiEngine] Using JS Search
[DEBUG] 17:14:31.346 [AiEngine] Adaptive time: 3000ms, depth: 4, reason: midgame, tactical, emergency: false
[DEBUG] 17:14:31.346 [AiEngine] Using JS Search
[DEBUG] 17:14:31.624 [AiEngine] Adaptive time: 3000ms, depth: 4, reason: midgame, emergency: false
[DEBUG] 17:14:31.624 [AiEngine] Using JS Search
[DEBUG] 17:14:31.981 [AiEngine] Adaptive time: 3000ms, depth: 4, reason: midgame, tactical, emergency: false
[DEBUG] 17:14:31.981 [AiEngine] Using JS Search
[DEBUG] 17:14:32.590 [AiEngine] Adaptive time: 3000ms, depth: 4, reason: midgame, emergency: false
[DEBUG] 17:14:32.590 [AiEngine] Using JS Search
[DEBUG] 17:14:32.827 [AiEngine] Adaptive time: 3000ms, depth: 4, reason: midgame, tactical, emergency: false
[DEBUG] 17:14:32.827 [AiEngine] Using JS Search
[DEBUG] 17:14:33.004 [AiEngine] Adaptive time: 3000ms, depth: 4, reason: midgame, emergency: false
[DEBUG] 17:14:33.004 [AiEngine] Using JS Search
[DEBUG] 17:14:33.196 [AiEngine] Adaptive time: 3000ms, depth: 4, reason: midgame, tactical, emergency: false
[DEBUG] 17:14:33.196 [AiEngine] Using JS Search
[DEBUG] 17:14:33.458 [AiEngine] Adaptive time: 3000ms, depth: 4, reason: midgame, emergency: false
[DEBUG] 17:14:33.458 [AiEngine] Using JS Search
[DEBUG] 17:14:33.695 [AiEngine] Adaptive time: 3000ms, depth: 4, reason: midgame, tactical, emergency: false
[DEBUG] 17:14:33.695 [AiEngine] Using JS Search
[DEBUG] 17:14:33.853 [AiEngine] Adaptive time: 3000ms, depth: 4, reason: midgame, emergency: false
[DEBUG] 17:14:33.853 [AiEngine] Using JS Search
[DEBUG] 17:14:34.082 [AiEngine] Adaptive time: 3000ms, depth: 4, reason: midgame, tactical, emergency: false
[DEBUG] 17:14:34.082 [AiEngine] Using JS Search
[DEBUG] 17:14:34.296 [AiEngine] Adaptive time: 3000ms, depth: 4, reason: midgame, emergency: false
[DEBUG] 17:14:34.296 [AiEngine] Using JS Search
[DEBUG] 17:14:34.479 [AiEngine] Adaptive time: 3000ms, depth: 4, reason: midgame, tactical, emergency: false
[DEBUG] 17:14:34.479 [AiEngine] Using JS Search
[DEBUG] 17:14:34.642 [AiEngine] Adaptive time: 3000ms, depth: 4, reason: midgame, emergency: false
[DEBUG] 17:14:34.642 [AiEngine] Using JS Search
[DEBUG] 17:14:34.807 [AiEngine] Adaptive time: 3000ms, depth: 4, reason: midgame, tactical, emergency: false
[DEBUG] 17:14:34.808 [AiEngine] Using JS Search
[DEBUG] 17:14:35.012 [AiEngine] Adaptive time: 3000ms, depth: 4, reason: midgame, emergency: false
[DEBUG] 17:14:35.012 [AiEngine] Using JS Search
[DEBUG] 17:14:35.179 [AiEngine] Adaptive time: 500ms, depth: 4, reason: midgame, opening, emergency: false
[DEBUG] 17:14:35.179 [AiEngine] Using JS Search
[DEBUG] 17:14:35.179 [AiEngine] Adaptive time: 500ms, depth: 4, reason: midgame, opening, emergency: false
[DEBUG] 17:14:35.179 [AiEngine] Using JS Search
[DEBUG] 17:14:35.179 [AiEngine] Adaptive time: 500ms, depth: 4, reason: midgame, opening, emergency: false
[DEBUG] 17:14:35.179 [AiEngine] Using JS Search
[DEBUG] 17:14:35.180 [AiEngine] Adaptive time: 500ms, depth: 4, reason: midgame, opening, tactical, emergency: false
[DEBUG] 17:14:35.180 [AiEngine] Using JS Search
[DEBUG] 17:14:35.198 [AiEngine] Adaptive time: 500ms, depth: 4, reason: midgame, opening, emergency: false
[DEBUG] 17:14:35.198 [AiEngine] Using JS Search
[DEBUG] 17:14:35.268 [AiEngine] Adaptive time: 500ms, depth: 4, reason: midgame, opening, emergency: false
[DEBUG] 17:14:35.268 [AiEngine] Using JS Search
[DEBUG] 17:14:35.475 [AiEngine] Adaptive time: 500ms, depth: 4, reason: midgame, opening, emergency: false
[DEBUG] 17:14:35.475 [AiEngine] Using JS Search
[DEBUG] 17:14:35.742 [AiEngine] Adaptive time: 500ms, depth: 4, reason: midgame, opening, emergency: false
[DEBUG] 17:14:35.742 [AiEngine] Using JS Search
[DEBUG] 17:14:36.020 [AiEngine] Adaptive time: 500ms, depth: 4, reason: midgame, opening, emergency: false
[DEBUG] 17:14:36.020 [AiEngine] Using JS Search
[DEBUG] 17:14:36.268 [AiEngine] Adaptive time: 500ms, depth: 4, reason: midgame, opening, emergency: false
[DEBUG] 17:14:36.268 [AiEngine] Using JS Search
[DEBUG] 17:14:36.962 [AiEngine] Adaptive time: 500ms, depth: 4, reason: midgame, opening, tactical, emergency: false
[DEBUG] 17:14:36.962 [AiEngine] Using JS Search
[DEBUG] 17:14:37.163 [AiEngine] Adaptive time: 500ms, depth: 4, reason: midgame, opening, tactical, emergency: false
[DEBUG] 17:14:37.163 [AiEngine] Using JS Search
[DEBUG] 17:14:37.327 [AiEngine] Adaptive time: 500ms, depth: 4, reason: midgame, opening, emergency: false
[DEBUG] 17:14:37.327 [AiEngine] Using JS Search
[DEBUG] 17:14:37.504 [AiEngine] Adaptive time: 500ms, depth: 4, reason: midgame, opening, emergency: false
[DEBUG] 17:14:37.504 [AiEngine] Using JS Search
[DEBUG] 17:14:37.576 [AiEngine] Adaptive time: 500ms, depth: 4, reason: midgame, opening, tactical, emergency: false
[DEBUG] 17:14:37.576 [AiEngine] Using JS Search
[DEBUG] 17:14:38.211 [AiEngine] Adaptive time: 500ms, depth: 4, reason: midgame, opening, emergency: false
[DEBUG] 17:14:38.211 [AiEngine] Using JS Search
[DEBUG] 17:14:38.258 [AiEngine] Adaptive time: 500ms, depth: 4, reason: midgame, opening, tactical, emergency: false
[DEBUG] 17:14:38.258 [AiEngine] Using JS Search
[DEBUG] 17:14:38.625 [AiEngine] Adaptive time: 500ms, depth: 4, reason: midgame, opening, emergency: false
[DEBUG] 17:14:38.625 [AiEngine] Using JS Search
[DEBUG] 17:14:38.667 [AiEngine] Adaptive time: 500ms, depth: 4, reason: midgame, opening, tactical, emergency: false
[DEBUG] 17:14:38.667 [AiEngine] Using JS Search
[DEBUG] 17:14:38.848 [AiEngine] Adaptive time: 500ms, depth: 4, reason: midgame, opening, emergency: false
[DEBUG] 17:14:38.848 [AiEngine] Using JS Search
[DEBUG] 17:14:38.884 [AiEngine] Adaptive time: 500ms, depth: 4, reason: midgame, opening, tactical, emergency: false
[DEBUG] 17:14:38.884 [AiEngine] Using JS Search
[DEBUG] 17:14:39.339 [AiEngine] Adaptive time: 500ms, depth: 4, reason: midgame, opening, emergency: false
[DEBUG] 17:14:39.339 [AiEngine] Using JS Search
[DEBUG] 17:14:39.365 [AiEngine] Adaptive time: 500ms, depth: 4, reason: midgame, opening, tactical, emergency: false
[DEBUG] 17:14:39.365 [AiEngine] Using JS Search
[DEBUG] 17:14:39.366 [AiEngine] Adaptive time: 500ms, depth: 4, reason: midgame, opening, emergency: false
[DEBUG] 17:14:39.366 [AiEngine] Using JS Search
[DEBUG] 17:14:39.483 [AiEngine] Adaptive time: 500ms, depth: 4, reason: midgame, opening, tactical, emergency: false
[DEBUG] 17:14:39.483 [AiEngine] Using JS Search
[DEBUG] 17:14:39.487 [AiEngine] Adaptive time: 500ms, depth: 4, reason: midgame, opening, in-check, emergency: false
[DEBUG] 17:14:39.487 [AiEngine] Using JS Search
[DEBUG] 17:14:39.625 [AiEngine] Adaptive time: 500ms, depth: 4, reason: midgame, opening, emergency: false
[DEBUG] 17:14:39.625 [AiEngine] Using JS Search
[DEBUG] 17:14:39.626 [AiEngine] Adaptive time: 500ms, depth: 4, reason: midgame, opening, emergency: false
[DEBUG] 17:14:39.626 [AiEngine] Using JS Search
[DEBUG] 17:14:39.682 [AiEngine] Adaptive time: 500ms, depth: 4, reason: midgame, opening, emergency: false
[DEBUG] 17:14:39.682 [AiEngine] Using JS Search
[DEBUG] 17:14:39.683 [AiEngine] Adaptive time: 500ms, depth: 4, reason: midgame, opening, emergency: false
[DEBUG] 17:14:39.683 [AiEngine] Using JS Search
[DEBUG] 17:14:39.786 [AiEngine] Adaptive time: 500ms, depth: 4, reason: midgame, opening, emergency: false
[DEBUG] 17:14:39.786 [AiEngine] Using JS Search
[DEBUG] 17:14:39.787 [AiEngine] Adaptive time: 500ms, depth: 4, reason: midgame, opening, emergency: false
[DEBUG] 17:14:39.787 [AiEngine] Using JS Search
[DEBUG] 17:14:39.888 [AiEngine] Adaptive time: 500ms, depth: 4, reason: midgame, opening, emergency: false
[DEBUG] 17:14:39.889 [AiEngine] Using JS Search
[DEBUG] 17:14:39.919 [AiEngine] Adaptive time: 500ms, depth: 4, reason: midgame, opening, emergency: false
[DEBUG] 17:14:39.919 [AiEngine] Using JS Search
[DEBUG] 17:14:40.093 [AiEngine] Adaptive time: 500ms, depth: 4, reason: midgame, opening, emergency: false
[DEBUG] 17:14:40.093 [AiEngine] Using JS Search
[DEBUG] 17:14:40.275 [AiEngine] Adaptive time: 500ms, depth: 4, reason: midgame, opening, emergency: false
[DEBUG] 17:14:40.275 [AiEngine] Using JS Search
[DEBUG] 17:14:40.434 [AiEngine] Adaptive time: 500ms, depth: 4, reason: midgame, opening, emergency: false
[DEBUG] 17:14:40.434 [AiEngine] Using JS Search
[DEBUG] 17:14:40.549 [AiEngine] Adaptive time: 500ms, depth: 4, reason: midgame, opening, emergency: false
[DEBUG] 17:14:40.549 [AiEngine] Using JS Search
[DEBUG] 17:14:40.772 [AiEngine] Adaptive time: 500ms, depth: 4, reason: midgame, opening, emergency: false
[DEBUG] 17:14:40.772 [AiEngine] Using JS Search
[DEBUG] 17:14:40.949 [AiEngine] Adaptive time: 500ms, depth: 4, reason: midgame, opening, emergency: false
[DEBUG] 17:14:40.949 [AiEngine] Using JS Search
[DEBUG] 17:14:41.111 [AiEngine] Adaptive time: 3000ms, depth: 4, reason: midgame, emergency: false
[DEBUG] 17:14:41.111 [AiEngine] Using JS Search
[DEBUG] 17:14:41.330 [AiEngine] Adaptive time: 3000ms, depth: 4, reason: midgame, emergency: false
[DEBUG] 17:14:41.330 [AiEngine] Using JS Search
[DEBUG] 17:14:41.692 [AiEngine] Adaptive time: 3000ms, depth: 4, reason: midgame, emergency: false
[DEBUG] 17:14:41.692 [AiEngine] Using JS Search
[DEBUG] 17:14:41.942 [AiEngine] Adaptive time: 3000ms, depth: 4, reason: midgame, tactical, emergency: false
[DEBUG] 17:14:41.942 [AiEngine] Using JS Search
[DEBUG] 17:14:42.029 [AiEngine] Adaptive time: 3000ms, depth: 4, reason: midgame, emergency: false
[DEBUG] 17:14:42.029 [AiEngine] Using JS Search
[DEBUG] 17:14:42.276 [AiEngine] Adaptive time: 3000ms, depth: 4, reason: midgame, emergency: false
[DEBUG] 17:14:42.276 [AiEngine] Using JS Search
[DEBUG] 17:14:42.390 [AiEngine] Adaptive time: 3000ms, depth: 4, reason: midgame, emergency: false
[DEBUG] 17:14:42.390 [AiEngine] Using JS Search
[DEBUG] 17:14:42.667 [AiEngine] Adaptive time: 3000ms, depth: 4, reason: midgame, tactical, emergency: false
[DEBUG] 17:14:42.667 [AiEngine] Using JS Search
[DEBUG] 17:14:42.777 [AiEngine] Adaptive time: 3000ms, depth: 4, reason: midgame, emergency: false
[DEBUG] 17:14:42.777 [AiEngine] Using JS Search
[DEBUG] 17:14:42.954 [AiEngine] Adaptive time: 3000ms, depth: 4, reason: midgame, tactical, emergency: false
[DEBUG] 17:14:42.954 [AiEngine] Using JS Search
[DEBUG] 17:14:43.100 [AiEngine] Adaptive time: 3000ms, depth: 4, reason: midgame, emergency: false
[DEBUG] 17:14:43.100 [AiEngine] Using JS Search
[DEBUG] 17:14:43.143 [AiEngine] Adaptive time: 3000ms, depth: 4, reason: midgame, tactical, emergency: false
[DEBUG] 17:14:43.143 [AiEngine] Using JS Search
[DEBUG] 17:14:43.326 [AiEngine] Adaptive time: 3000ms, depth: 4, reason: midgame, emergency: false
[DEBUG] 17:14:43.326 [AiEngine] Using JS Search
[DEBUG] 17:14:43.392 [AiEngine] Adaptive time: 3000ms, depth: 4, reason: midgame, tactical, emergency: false
[DEBUG] 17:14:43.392 [AiEngine] Using JS Search
[DEBUG] 17:14:43.474 [AiEngine] Adaptive time: 3000ms, depth: 4, reason: midgame, emergency: false
[DEBUG] 17:14:43.474 [AiEngine] Using JS Search
[DEBUG] 17:14:43.501 [AiEngine] Adaptive time: 3000ms, depth: 4, reason: midgame, emergency: false
[DEBUG] 17:14:43.501 [AiEngine] Using JS Search
[DEBUG] 17:14:43.540 [AiEngine] Adaptive time: 3000ms, depth: 4, reason: midgame, emergency: false
[DEBUG] 17:14:43.540 [AiEngine] Using JS Search
[DEBUG] 17:14:43.744 [AiEngine] Adaptive time: 3000ms, depth: 4, reason: midgame, tactical, emergency: false
[DEBUG] 17:14:43.744 [AiEngine] Using JS Search
[DEBUG] 17:14:43.897 [AiEngine] Adaptive time: 3000ms, depth: 4, reason: midgame, emergency: false
[DEBUG] 17:14:43.897 [AiEngine] Using JS Search
[DEBUG] 17:14:44.009 [AiEngine] Adaptive time: 3000ms, depth: 4, reason: midgame, tactical, emergency: false
[DEBUG] 17:14:44.009 [AiEngine] Using JS Search
[DEBUG] 17:14:44.084 [AiEngine] Adaptive time: 3000ms, depth: 4, reason: midgame, emergency: false
[DEBUG] 17:14:44.084 [AiEngine] Using JS Search
[DEBUG] 17:14:44.156 [AiEngine] Adaptive time: 3000ms, depth: 4, reason: midgame, emergency: false
[DEBUG] 17:14:44.156 [AiEngine] Using JS Search
[DEBUG] 17:14:44.276 [AiEngine] Adaptive time: 3000ms, depth: 4, reason: midgame, emergency: false
[DEBUG] 17:14:44.276 [AiEngine] Using JS Search
[DEBUG] 17:14:44.365 [AiEngine] Adaptive time: 3000ms, depth: 4, reason: midgame, tactical, emergency: false
[DEBUG] 17:14:44.365 [AiEngine] Using JS Search
[DEBUG] 17:14:44.495 [AiEngine] Adaptive time: 3000ms, depth: 4, reason: midgame, emergency: false
[DEBUG] 17:14:44.495 [AiEngine] Using JS Search
[DEBUG] 17:14:44.562 [AiEngine] Adaptive time: 3000ms, depth: 4, reason: midgame, tactical, emergency: false
[DEBUG] 17:14:44.562 [AiEngine] Using JS Search
[DEBUG] 17:14:44.664 [AiEngine] Adaptive time: 3000ms, depth: 4, reason: midgame, emergency: false
[DEBUG] 17:14:44.664 [AiEngine] Using JS Search
[DEBUG] 17:14:44.696 [AiEngine] Adaptive time: 3000ms, depth: 4, reason: midgame, in-check, emergency: false
[DEBUG] 17:14:44.696 [AiEngine] Using JS Search
[DEBUG] 17:14:44.730 [AiEngine] Adaptive time: 3000ms, depth: 4, reason: standard, emergency: false
[DEBUG] 17:14:44.730 [AiEngine] Using JS Search
[DEBUG] 17:14:44.740 [AiEngine] Adaptive time: 3000ms, depth: 4, reason: tactical, emergency: false
[DEBUG] 17:14:44.740 [AiEngine] Using JS Search
[DEBUG] 17:14:44.741 [AiEngine] Adaptive time: 3000ms, depth: 4, reason: standard, emergency: false
[DEBUG] 17:14:44.741 [AiEngine] Using JS Search
[DEBUG] 17:14:44.774 [AiEngine] Adaptive time: 3000ms, depth: 4, reason: tactical, emergency: false
[DEBUG] 17:14:44.774 [AiEngine] Using JS Search
[DEBUG] 17:14:44.776 [AiEngine] Adaptive time: 3000ms, depth: 4, reason: in-check, emergency: false
[DEBUG] 17:14:44.776 [AiEngine] Using JS Search
[DEBUG] 17:14:44.806 [AiEngine] Adaptive time: 3000ms, depth: 4, reason: tactical, emergency: false
[DEBUG] 17:14:44.806 [AiEngine] Using JS Search
[DEBUG] 17:14:44.809 [AiEngine] Adaptive time: 3000ms, depth: 4, reason: standard, emergency: false
[DEBUG] 17:14:44.809 [AiEngine] Using JS Search
[DEBUG] 17:14:44.814 [AiEngine] Adaptive time: 3000ms, depth: 4, reason: tactical, emergency: false
[DEBUG] 17:14:44.814 [AiEngine] Using JS Search
[DEBUG] 17:14:44.817 [AiEngine] Adaptive time: 3000ms, depth: 4, reason: standard, emergency: false
[DEBUG] 17:14:44.817 [AiEngine] Using JS Search
[DEBUG] 17:14:44.823 [AiEngine] Adaptive time: 3000ms, depth: 4, reason: tactical, emergency: false
[DEBUG] 17:14:44.823 [AiEngine] Using JS Search
[DEBUG] 17:14:44.826 [AiEngine] Adaptive time: 3000ms, depth: 4, reason: standard, emergency: false
[DEBUG] 17:14:44.826 [AiEngine] Using JS Search
[DEBUG] 17:14:44.831 [AiEngine] Adaptive time: 3000ms, depth: 4, reason: tactical, emergency: false
[DEBUG] 17:14:44.831 [AiEngine] Using JS Search
[DEBUG] 17:14:44.833 [AiEngine] Adaptive time: 3000ms, depth: 4, reason: standard, emergency: false
[DEBUG] 17:14:44.833 [AiEngine] Using JS Search
[DEBUG] 17:14:44.838 [AiEngine] Adaptive time: 3000ms, depth: 4, reason: standard, emergency: false
[DEBUG] 17:14:44.838 [AiEngine] Using JS Search
[DEBUG] 17:14:44.840 [AiEngine] Adaptive time: 3000ms, depth: 4, reason: endgame, emergency: false
[DEBUG] 17:14:44.840 [AiEngine] Using JS Search
[DEBUG] 17:14:44.843 [AiEngine] Adaptive time: 3000ms, depth: 4, reason: endgame, emergency: false
[DEBUG] 17:14:44.843 [AiEngine] Using JS Search
[DEBUG] 17:14:44.846 [AiEngine] Adaptive time: 3000ms, depth: 4, reason: endgame, emergency: false
[DEBUG] 17:14:44.846 [AiEngine] Using JS Search
[DEBUG] 17:14:44.851 [AiEngine] Adaptive time: 3000ms, depth: 4, reason: endgame, emergency: false
[DEBUG] 17:14:44.851 [AiEngine] Using JS Search
[DEBUG] 17:14:44.853 [AiEngine] Adaptive time: 3000ms, depth: 4, reason: endgame, emergency: false
[DEBUG] 17:14:44.853 [AiEngine] Using JS Search
[DEBUG] 17:14:44.857 [AiEngine] Adaptive time: 3000ms, depth: 4, reason: endgame, emergency: false
[DEBUG] 17:14:44.857 [AiEngine] Using JS Search
[DEBUG] 17:14:44.859 [AiEngine] Adaptive time: 3000ms, depth: 4, reason: endgame, emergency: false
[DEBUG] 17:14:44.859 [AiEngine] Using JS Search
[DEBUG] 17:14:44.863 [AiEngine] Adaptive time: 3000ms, depth: 4, reason: endgame, emergency: false
[DEBUG] 17:14:44.863 [AiEngine] Using JS Search
[DEBUG] 17:14:44.864 [AiEngine] Adaptive time: 3000ms, depth: 4, reason: endgame, emergency: false
[DEBUG] 17:14:44.864 [AiEngine] Using JS Search
[DEBUG] 17:14:44.867 [AiEngine] Adaptive time: 3000ms, depth: 4, reason: endgame, emergency: false
[DEBUG] 17:14:44.867 [AiEngine] Using JS Search
[DEBUG] 17:14:44.869 [AiEngine] Adaptive time: 3000ms, depth: 4, reason: endgame, emergency: false
[DEBUG] 17:14:44.869 [AiEngine] Using JS Search
[DEBUG] 17:14:44.872 [AiEngine] Adaptive time: 3000ms, depth: 4, reason: endgame, emergency: false
[DEBUG] 17:14:44.872 [AiEngine] Using JS Search
[DEBUG] 17:14:44.872 [AiEngine] Adaptive time: 3000ms, depth: 4, reason: endgame, emergency: false
[DEBUG] 17:14:44.872 [AiEngine] Using JS Search
[DEBUG] 17:14:44.874 [AiEngine] Adaptive time: 3000ms, depth: 4, reason: endgame, emergency: false
[DEBUG] 17:14:44.874 [AiEngine] Using JS Search
[DEBUG] 17:14:44.875 [AiEngine] Adaptive time: 3000ms, depth: 4, reason: endgame, emergency: false
[DEBUG] 17:14:44.875 [AiEngine] Using JS Search
[DEBUG] 17:14:44.878 [AiEngine] Adaptive time: 3000ms, depth: 4, reason: endgame, emergency: false
[DEBUG] 17:14:44.878 [AiEngine] Using JS Search
[DEBUG] 17:14:44.880 [AiEngine] Adaptive time: 3000ms, depth: 4, reason: endgame, emergency: false
[DEBUG] 17:14:44.880 [AiEngine] Using JS Search
[DEBUG] 17:14:44.883 [AiEngine] Adaptive time: 3000ms, depth: 4, reason: endgame, emergency: false
[DEBUG] 17:14:44.883 [AiEngine] Using JS Search
[DEBUG] 17:14:44.885 [AiEngine] Adaptive time: 500ms, depth: 4, reason: midgame, opening, emergency: false
[DEBUG] 17:14:44.885 [AiEngine] Using JS Search
[DEBUG] 17:14:44.885 [AiEngine] Adaptive time: 500ms, depth: 4, reason: midgame, opening, emergency: false
[DEBUG] 17:14:44.885 [AiEngine] Using JS Search
[DEBUG] 17:14:44.886 [AiEngine] Adaptive time: 500ms, depth: 4, reason: midgame, opening, emergency: false
[DEBUG] 17:14:44.886 [AiEngine] Using JS Search
[DEBUG] 17:14:44.886 [AiEngine] Adaptive time: 500ms, depth: 4, reason: midgame, opening, tactical, emergency: false
[DEBUG] 17:14:44.886 [AiEngine] Using JS Search
[DEBUG] 17:14:44.905 [AiEngine] Adaptive time: 500ms, depth: 4, reason: midgame, opening, emergency: false
[DEBUG] 17:14:44.905 [AiEngine] Using JS Search
[DEBUG] 17:14:44.949 [AiEngine] Adaptive time: 500ms, depth: 4, reason: midgame, opening, emergency: false
[DEBUG] 17:14:44.950 [AiEngine] Using JS Search
[DEBUG] 17:14:45.026 [AiEngine] Adaptive time: 500ms, depth: 4, reason: midgame, opening, emergency: false
[DEBUG] 17:14:45.026 [AiEngine] Using JS Search
[DEBUG] 17:14:45.190 [AiEngine] Adaptive time: 500ms, depth: 4, reason: midgame, opening, emergency: false
[DEBUG] 17:14:45.190 [AiEngine] Using JS Search
[DEBUG] 17:14:45.307 [AiEngine] Adaptive time: 500ms, depth: 4, reason: midgame, opening, emergency: false
[DEBUG] 17:14:45.307 [AiEngine] Using JS Search
[DEBUG] 17:14:45.611 [AiEngine] Adaptive time: 500ms, depth: 4, reason: midgame, opening, emergency: false
[DEBUG] 17:14:45.612 [AiEngine] Using JS Search
[DEBUG] 17:14:45.718 [AiEngine] Adaptive time: 500ms, depth: 4, reason: midgame, opening, emergency: false
[DEBUG] 17:14:45.718 [AiEngine] Using JS Search
[DEBUG] 17:14:46.174 [AiEngine] Adaptive time: 500ms, depth: 4, reason: midgame, opening, emergency: false
[DEBUG] 17:14:46.174 [AiEngine] Using JS Search
[DEBUG] 17:14:46.699 [AiEngine] Adaptive time: 500ms, depth: 4, reason: midgame, opening, tactical, emergency: false
[DEBUG] 17:14:46.699 [AiEngine] Using JS Search
[DEBUG] 17:14:46.999 [AiEngine] Adaptive time: 500ms, depth: 4, reason: midgame, opening, tactical, emergency: false
[DEBUG] 17:14:46.999 [AiEngine] Using JS Search
[DEBUG] 17:14:47.305 [AiEngine] Adaptive time: 500ms, depth: 4, reason: midgame, opening, emergency: false
[DEBUG] 17:14:47.305 [AiEngine] Using JS Search
[DEBUG] 17:14:47.523 [AiEngine] Adaptive time: 500ms, depth: 4, reason: midgame, opening, tactical, emergency: false
[DEBUG] 17:14:47.523 [AiEngine] Using JS Search
[DEBUG] 17:14:47.708 [AiEngine] Adaptive time: 500ms, depth: 4, reason: midgame, opening, tactical, emergency: false
[DEBUG] 17:14:47.708 [AiEngine] Using JS Search
[DEBUG] 17:14:47.853 [AiEngine] Adaptive time: 500ms, depth: 4, reason: midgame, opening, tactical, emergency: false
[DEBUG] 17:14:47.853 [AiEngine] Using JS Search
[DEBUG] 17:14:48.110 [AiEngine] Adaptive time: 500ms, depth: 4, reason: midgame, opening, emergency: false
[DEBUG] 17:14:48.110 [AiEngine] Using JS Search
[DEBUG] 17:14:48.160 [AiEngine] Adaptive time: 500ms, depth: 4, reason: midgame, opening, tactical, emergency: false
[DEBUG] 17:14:48.160 [AiEngine] Using JS Search
[DEBUG] 17:14:48.182 [AiEngine] Adaptive time: 500ms, depth: 4, reason: midgame, opening, in-check, emergency: false
[DEBUG] 17:14:48.182 [AiEngine] Using JS Search
[DEBUG] 17:14:48.187 [AiEngine] Adaptive time: 500ms, depth: 4, reason: midgame, opening, tactical, emergency: false
[DEBUG] 17:14:48.187 [AiEngine] Using JS Search
[DEBUG] 17:14:48.196 [AiEngine] Adaptive time: 500ms, depth: 4, reason: midgame, opening, emergency: false
[DEBUG] 17:14:48.196 [AiEngine] Using JS Search
[DEBUG] 17:14:48.266 [AiEngine] Adaptive time: 500ms, depth: 4, reason: midgame, opening, emergency: false
[DEBUG] 17:14:48.266 [AiEngine] Using JS Search
[DEBUG] 17:14:48.384 [AiEngine] Adaptive time: 500ms, depth: 4, reason: midgame, opening, in-check, emergency: false
[DEBUG] 17:14:48.384 [AiEngine] Using JS Search
[DEBUG] 17:14:48.407 [AiEngine] Adaptive time: 500ms, depth: 4, reason: midgame, opening, tactical, emergency: false
[DEBUG] 17:14:48.407 [AiEngine] Using JS Search
[DEBUG] 17:14:48.484 [AiEngine] Adaptive time: 500ms, depth: 4, reason: midgame, opening, emergency: false
[DEBUG] 17:14:48.484 [AiEngine] Using JS Search
[DEBUG] 17:14:48.571 [AiEngine] Adaptive time: 500ms, depth: 4, reason: midgame, opening, emergency: false
[DEBUG] 17:14:48.571 [AiEngine] Using JS Search
[DEBUG] 17:14:48.641 [AiEngine] Adaptive time: 500ms, depth: 4, reason: midgame, opening, in-check, emergency: false
[DEBUG] 17:14:48.641 [AiEngine] Using JS Search
[DEBUG] 17:14:48.770 [AiEngine] Adaptive time: 500ms, depth: 4, reason: midgame, opening, emergency: false
[DEBUG] 17:14:48.770 [AiEngine] Using JS Search
[DEBUG] 17:14:48.852 [AiEngine] Adaptive time: 500ms, depth: 4, reason: midgame, opening, emergency: false
[DEBUG] 17:14:48.852 [AiEngine] Using JS Search
[DEBUG] 17:14:48.959 [AiEngine] Adaptive time: 500ms, depth: 4, reason: midgame, opening, emergency: false
[DEBUG] 17:14:48.959 [AiEngine] Using JS Search
[DEBUG] 17:14:49.130 [AiEngine] Adaptive time: 500ms, depth: 4, reason: midgame, opening, emergency: false
[DEBUG] 17:14:49.130 [AiEngine] Using JS Search
[DEBUG] 17:14:49.283 [AiEngine] Adaptive time: 500ms, depth: 4, reason: midgame, opening, emergency: false
[DEBUG] 17:14:49.283 [AiEngine] Using JS Search
[DEBUG] 17:14:49.363 [AiEngine] Adaptive time: 500ms, depth: 4, reason: midgame, opening, emergency: false
[DEBUG] 17:14:49.363 [AiEngine] Using JS Search
[DEBUG] 17:14:49.530 [AiEngine] Adaptive time: 500ms, depth: 4, reason: midgame, opening, emergency: false
[DEBUG] 17:14:49.531 [AiEngine] Using JS Search
[DEBUG] 17:14:49.613 [AiEngine] Adaptive time: 500ms, depth: 4, reason: midgame, opening, tactical, emergency: false
[DEBUG] 17:14:49.613 [AiEngine] Using JS Search
[DEBUG] 17:14:49.737 [AiEngine] Adaptive time: 500ms, depth: 4, reason: midgame, opening, tactical, emergency: false
[DEBUG] 17:14:49.737 [AiEngine] Using JS Search
[DEBUG] 17:14:49.989 [AiEngine] Adaptive time: 500ms, depth: 4, reason: midgame, opening, emergency: false
[DEBUG] 17:14:49.989 [AiEngine] Using JS Search
[DEBUG] 17:14:50.123 [AiEngine] Adaptive time: 500ms, depth: 4, reason: midgame, opening, tactical, emergency: false
[DEBUG] 17:14:50.123 [AiEngine] Using JS Search
[DEBUG] 17:14:50.244 [AiEngine] Adaptive time: 3000ms, depth: 4, reason: midgame, tactical, emergency: false
[DEBUG] 17:14:50.244 [AiEngine] Using JS Search
[DEBUG] 17:14:50.497 [AiEngine] Adaptive time: 3000ms, depth: 4, reason: midgame, in-check, emergency: false
[DEBUG] 17:14:50.497 [AiEngine] Using JS Search
[DEBUG] 17:14:50.556 [AiEngine] Adaptive time: 3000ms, depth: 4, reason: midgame, tactical, emergency: false
[DEBUG] 17:14:50.556 [AiEngine] Using JS Search
[DEBUG] 17:14:50.729 [AiEngine] Adaptive time: 3000ms, depth: 4, reason: midgame, tactical, emergency: false
[DEBUG] 17:14:50.729 [AiEngine] Using JS Search
[DEBUG] 17:14:50.847 [AiEngine] Adaptive time: 3000ms, depth: 4, reason: midgame, tactical, emergency: false
[DEBUG] 17:14:50.847 [AiEngine] Using JS Search
[DEBUG] 17:14:51.085 [AiEngine] Adaptive time: 3000ms, depth: 4, reason: midgame, emergency: false
[DEBUG] 17:14:51.085 [AiEngine] Using JS Search
[DEBUG] 17:14:51.261 [AiEngine] Adaptive time: 3000ms, depth: 4, reason: midgame, tactical, emergency: false
[DEBUG] 17:14:51.261 [AiEngine] Using JS Search
[DEBUG] 17:14:51.361 [AiEngine] Adaptive time: 3000ms, depth: 4, reason: midgame, in-check, emergency: false
[DEBUG] 17:14:51.361 [AiEngine] Using JS Search
[DEBUG] 17:14:51.440 [AiEngine] Adaptive time: 3000ms, depth: 4, reason: midgame, emergency: false
[DEBUG] 17:14:51.440 [AiEngine] Using JS Search
[DEBUG] 17:14:51.569 [AiEngine] Adaptive time: 3000ms, depth: 4, reason: midgame, emergency: false
[DEBUG] 17:14:51.569 [AiEngine] Using JS Search
[DEBUG] 17:14:51.668 [AiEngine] Adaptive time: 3000ms, depth: 4, reason: midgame, emergency: false
[DEBUG] 17:14:51.668 [AiEngine] Using JS Search
[DEBUG] 17:14:51.731 [AiEngine] Adaptive time: 3000ms, depth: 4, reason: midgame, emergency: false
[DEBUG] 17:14:51.731 [AiEngine] Using JS Search
[DEBUG] 17:14:51.803 [AiEngine] Adaptive time: 3000ms, depth: 4, reason: midgame, emergency: false
[DEBUG] 17:14:51.803 [AiEngine] Using JS Search
[DEBUG] 17:14:51.906 [AiEngine] Adaptive time: 3000ms, depth: 4, reason: midgame, emergency: false
[DEBUG] 17:14:51.906 [AiEngine] Using JS Search
[DEBUG] 17:14:51.960 [AiEngine] Adaptive time: 3000ms, depth: 4, reason: midgame, emergency: false
[DEBUG] 17:14:51.960 [AiEngine] Using JS Search
[DEBUG] 17:14:52.124 [AiEngine] Adaptive time: 3000ms, depth: 4, reason: midgame, emergency: false
[DEBUG] 17:14:52.124 [AiEngine] Using JS Search
[DEBUG] 17:14:52.217 [AiEngine] Adaptive time: 3000ms, depth: 4, reason: midgame, emergency: false
[DEBUG] 17:14:52.217 [AiEngine] Using JS Search
[DEBUG] 17:14:52.344 [AiEngine] Adaptive time: 3000ms, depth: 4, reason: midgame, emergency: false
[DEBUG] 17:14:52.344 [AiEngine] Using JS Search
[DEBUG] 17:14:52.474 [AiEngine] Adaptive time: 3000ms, depth: 4, reason: midgame, emergency: false
[DEBUG] 17:14:52.474 [AiEngine] Using JS Search
[DEBUG] 17:14:52.629 [AiEngine] Adaptive time: 3000ms, depth: 4, reason: midgame, emergency: false
[DEBUG] 17:14:52.630 [AiEngine] Using JS Search
[DEBUG] 17:14:52.755 [AiEngine] Adaptive time: 3000ms, depth: 4, reason: midgame, emergency: false
[DEBUG] 17:14:52.755 [AiEngine] Using JS Search
[DEBUG] 17:14:52.970 [AiEngine] Adaptive time: 3000ms, depth: 4, reason: midgame, emergency: false
[DEBUG] 17:14:52.970 [AiEngine] Using JS Search
[DEBUG] 17:14:53.060 [AiEngine] Adaptive time: 3000ms, depth: 4, reason: midgame, emergency: false
[DEBUG] 17:14:53.060 [AiEngine] Using JS Search
[DEBUG] 17:14:53.221 [AiEngine] Adaptive time: 3000ms, depth: 4, reason: midgame, emergency: false
[DEBUG] 17:14:53.221 [AiEngine] Using JS Search
[DEBUG] 17:14:53.340 [AiEngine] Adaptive time: 3000ms, depth: 4, reason: midgame, emergency: false
[DEBUG] 17:14:53.341 [AiEngine] Using JS Search
[DEBUG] 17:14:53.544 [AiEngine] Adaptive time: 3000ms, depth: 4, reason: midgame, emergency: false
[DEBUG] 17:14:53.544 [AiEngine] Using JS Search
[DEBUG] 17:14:53.692 [AiEngine] Adaptive time: 3000ms, depth: 4, reason: midgame, tactical, emergency: false
[DEBUG] 17:14:53.692 [AiEngine] Using JS Search
[DEBUG] 17:14:53.882 [AiEngine] Adaptive time: 3000ms, depth: 4, reason: midgame, emergency: false
[DEBUG] 17:14:53.882 [AiEngine] Using JS Search
[DEBUG] 17:14:54.022 [AiEngine] Adaptive time: 3000ms, depth: 4, reason: midgame, tactical, emergency: false
[DEBUG] 17:14:54.022 [AiEngine] Using JS Search
[DEBUG] 17:14:54.124 [AiEngine] Adaptive time: 3000ms, depth: 4, reason: midgame, emergency: false
[DEBUG] 17:14:54.124 [AiEngine] Using JS Search
[DEBUG] 17:14:54.255 [AiEngine] Adaptive time: 3000ms, depth: 4, reason: midgame, tactical, emergency: false
[DEBUG] 17:14:54.255 [AiEngine] Using JS Search
[DEBUG] 17:14:54.467 [AiEngine] Adaptive time: 3000ms, depth: 4, reason: midgame, emergency: false
[DEBUG] 17:14:54.467 [AiEngine] Using JS Search
[DEBUG] 17:14:54.617 [AiEngine] Adaptive time: 3000ms, depth: 4, reason: midgame, tactical, emergency: false
[DEBUG] 17:14:54.617 [AiEngine] Using JS Search
[DEBUG] 17:14:54.828 [AiEngine] Adaptive time: 3000ms, depth: 4, reason: midgame, emergency: false
[DEBUG] 17:14:54.828 [AiEngine] Using JS Search
[DEBUG] 17:14:54.991 [AiEngine] Adaptive time: 3000ms, depth: 4, reason: midgame, tactical, emergency: false
[DEBUG] 17:14:54.991 [AiEngine] Using JS Search
[DEBUG] 17:14:55.169 [AiEngine] Adaptive time: 3000ms, depth: 4, reason: midgame, emergency: false
[DEBUG] 17:14:55.169 [AiEngine] Using JS Search
[DEBUG] 17:14:55.255 [AiEngine] Adaptive time: 3000ms, depth: 4, reason: midgame, emergency: false
[DEBUG] 17:14:55.255 [AiEngine] Using JS Search
[DEBUG] 17:14:55.360 [AiEngine] Adaptive time: 3000ms, depth: 4, reason: midgame, emergency: false
[DEBUG] 17:14:55.360 [AiEngine] Using JS Search
[DEBUG] 17:14:55.499 [AiEngine] Adaptive time: 3000ms, depth: 4, reason: midgame, emergency: false
[DEBUG] 17:14:55.499 [AiEngine] Using JS Search
[DEBUG] 17:14:55.661 [AiEngine] Adaptive time: 3000ms, depth: 4, reason: midgame, emergency: false
[DEBUG] 17:14:55.661 [AiEngine] Using JS Search
[DEBUG] 17:14:55.795 [AiEngine] Adaptive time: 3000ms, depth: 4, reason: midgame, emergency: false
[DEBUG] 17:14:55.795 [AiEngine] Using JS Search
[DEBUG] 17:14:55.967 [AiEngine] Adaptive time: 3000ms, depth: 4, reason: midgame, emergency: false
[DEBUG] 17:14:55.968 [AiEngine] Using JS Search
[DEBUG] 17:14:56.096 [AiEngine] Adaptive time: 3000ms, depth: 4, reason: midgame, emergency: false
[DEBUG] 17:14:56.096 [AiEngine] Using JS Search
[DEBUG] 17:14:56.284 [AiEngine] Adaptive time: 3000ms, depth: 4, reason: midgame, emergency: false
[DEBUG] 17:14:56.284 [AiEngine] Using JS Search
[DEBUG] 17:14:56.401 [AiEngine] Adaptive time: 3000ms, depth: 4, reason: midgame, emergency: false
[DEBUG] 17:14:56.401 [AiEngine] Using JS Search
[DEBUG] 17:14:56.612 [AiEngine] Adaptive time: 3000ms, depth: 4, reason: midgame, emergency: false
[DEBUG] 17:14:56.612 [AiEngine] Using JS Search
[DEBUG] 17:14:56.700 [AiEngine] Adaptive time: 3000ms, depth: 4, reason: midgame, tactical, emergency: false
[DEBUG] 17:14:56.701 [AiEngine] Using JS Search
[DEBUG] 17:14:56.892 [AiEngine] Adaptive time: 3000ms, depth: 4, reason: midgame, tactical, emergency: false
[DEBUG] 17:14:56.892 [AiEngine] Using JS Search
[DEBUG] 17:14:56.999 [AiEngine] Adaptive time: 3000ms, depth: 4, reason: midgame, tactical, emergency: false
[DEBUG] 17:14:56.999 [AiEngine] Using JS Search
[DEBUG] 17:14:57.097 [AiEngine] Adaptive time: 3000ms, depth: 4, reason: midgame, emergency: false
[DEBUG] 17:14:57.097 [AiEngine] Using JS Search
[DEBUG] 17:14:57.241 [AiEngine] Adaptive time: 3000ms, depth: 4, reason: midgame, tactical, emergency: false
[DEBUG] 17:14:57.241 [AiEngine] Using JS Search
[DEBUG] 17:14:57.356 [AiEngine] Adaptive time: 3000ms, depth: 4, reason: midgame, emergency: false
[DEBUG] 17:14:57.356 [AiEngine] Using JS Search
[DEBUG] 17:14:57.402 [AiEngine] Adaptive time: 3000ms, depth: 4, reason: midgame, tactical, emergency: false
[DEBUG] 17:14:57.402 [AiEngine] Using JS Search
[DEBUG] 17:14:57.442 [AiEngine] Adaptive time: 3000ms, depth: 4, reason: midgame, in-check, emergency: false
[DEBUG] 17:14:57.442 [AiEngine] Using JS Search
[DEBUG] 17:14:57.450 [AiEngine] Adaptive time: 3000ms, depth: 4, reason: midgame, tactical, emergency: false
[DEBUG] 17:14:57.450 [AiEngine] Using JS Search
[DEBUG] 17:14:57.468 [AiEngine] Adaptive time: 3000ms, depth: 4, reason: midgame, in-check, emergency: false
[DEBUG] 17:14:57.468 [AiEngine] Using JS Search
[DEBUG] 17:14:57.469 [AiEngine] Adaptive time: 3000ms, depth: 4, reason: midgame, tactical, emergency: false
[DEBUG] 17:14:57.469 [AiEngine] Using JS Search
[DEBUG] 17:14:57.469 [AiEngine] Adaptive time: 3000ms, depth: 4, reason: midgame, in-check, emergency: false
[DEBUG] 17:14:57.469 [AiEngine] Using JS Search
MATCH balanced@e2500@d4-d4-vs-aggressive@e2500 | balanced@d2500 vs aggressive@d2500 | GAMES=40 W=7 B=13 D=20 | avgMoves=37.5 avgMaxDepth=4.0 avgNps=9493 | blunders=0 mistakes=0 | eloDiff(W over B)=-53
