[DEBUG] 16:30:07.918 [AiEngine] Adaptive time: 500ms, depth: 4, reason: midgame, opening, emergency: false
[DEBUG] 16:30:07.924 [AiEngine] Using JS Search
[DEBUG] 16:30:08.402 [AiEngine] Adaptive time: 500ms, depth: 4, reason: midgame, opening, emergency: false
[DEBUG] 16:30:08.402 [AiEngine] Using JS Search
[DEBUG] 16:30:08.784 [AiEngine] Adaptive time: 500ms, depth: 4, reason: midgame, opening, emergency: false
[DEBUG] 16:30:08.785 [AiEngine] Using JS Search
[DEBUG] 16:30:09.081 [AiEngine] Adaptive time: 500ms, depth: 4, reason: midgame, opening, emergency: false
[DEBUG] 16:30:09.081 [AiEngine] Using JS Search
[DEBUG] 16:30:09.311 [AiEngine] Adaptive time: 500ms, depth: 4, reason: midgame, opening, emergency: false
[DEBUG] 16:30:09.312 [AiEngine] Using JS Search
[DEBUG] 16:30:09.470 [AiEngine] Adaptive time: 500ms, depth: 4, reason: midgame, opening, emergency: false
[DEBUG] 16:30:09.470 [AiEngine] Using JS Search
[DEBUG] 16:30:09.874 [AiEngine] Adaptive time: 500ms, depth: 4, reason: midgame, opening, tactical, emergency: false
[DEBUG] 16:30:09.875 [AiEngine] Using JS Search
[DEBUG] 16:30:10.166 [AiEngine] Adaptive time: 500ms, depth: 4, reason: midgame, opening, emergency: false
[DEBUG] 16:30:10.166 [AiEngine] Using JS Search
[DEBUG] 16:30:10.843 [AiEngine] Adaptive time: 500ms, depth: 4, reason: midgame, opening, emergency: false
[DEBUG] 16:30:10.843 [AiEngine] Using JS Search
[DEBUG] 16:30:11.038 [AiEngine] Adaptive time: 500ms, depth: 4, reason: midgame, opening, tactical, emergency: false
[DEBUG] 16:30:11.038 [AiEngine] Using JS Search
[DEBUG] 16:30:11.267 [AiEngine] Adaptive time: 500ms, depth: 4, reason: midgame, opening, tactical, emergency: false
[DEBUG] 16:30:11.268 [AiEngine] Using JS Search
[DEBUG] 16:30:11.664 [AiEngine] Adaptive time: 500ms, depth: 4, reason: midgame, opening, tactical, emergency: false
[DEBUG] 16:30:11.664 [AiEngine] Using JS Search
[DEBUG] 16:30:11.868 [AiEngine] Adaptive time: 500ms, depth: 4, reason: midgame, opening, tactical, emergency: false
[DEBUG] 16:30:11.868 [AiEngine] Using JS Search
[DEBUG] 16:30:12.049 [AiEngine] Adaptive time: 500ms, depth: 4, reason: midgame, opening, tactical, emergency: false
[DEBUG] 16:30:12.049 [AiEngine] Using JS Search
[DEBUG] 16:30:12.237 [AiEngine] Adaptive time: 500ms, depth: 4, reason: midgame, opening, tactical, emergency: false
[DEBUG] 16:30:12.237 [AiEngine] Using JS Search
[DEBUG] 16:30:12.514 [AiEngine] Adaptive time: 500ms, depth: 4, reason: midgame, opening, tactical, emergency: false
[DEBUG] 16:30:12.514 [AiEngine] Using JS Search
[DEBUG] 16:30:12.704 [AiEngine] Adaptive time: 500ms, depth: 4, reason: midgame, opening, tactical, emergency: false
[DEBUG] 16:30:12.704 [AiEngine] Using JS Search
[DEBUG] 16:30:13.322 [AiEngine] Adaptive time: 500ms, depth: 4, reason: midgame, opening, tactical, emergency: false
[DEBUG] 16:30:13.323 [AiEngine] Using JS Search
[DEBUG] 16:30:13.543 [AiEngine] Adaptive time: 500ms, depth: 4, reason: midgame, opening, tactical, emergency: false
[DEBUG] 16:30:13.543 [AiEngine] Using JS Search
[DEBUG] 16:30:14.132 [AiEngine] Adaptive time: 500ms, depth: 4, reason: midgame, opening, tactical, emergency: false
[DEBUG] 16:30:14.132 [AiEngine] Using JS Search
[DEBUG] 16:30:14.684 [AiEngine] Adaptive time: 500ms, depth: 4, reason: midgame, opening, tactical, emergency: false
[DEBUG] 16:30:14.684 [AiEngine] Using JS Search
[DEBUG] 16:30:14.803 [AiEngine] Adaptive time: 500ms, depth: 4, reason: midgame, opening, tactical, emergency: false
[DEBUG] 16:30:14.803 [AiEngine] Using JS Search
[DEBUG] 16:30:15.084 [AiEngine] Adaptive time: 500ms, depth: 4, reason: midgame, opening, tactical, emergency: false
[DEBUG] 16:30:15.084 [AiEngine] Using JS Search
[DEBUG] 16:30:15.424 [AiEngine] Adaptive time: 500ms, depth: 4, reason: midgame, opening, tactical, emergency: false
[DEBUG] 16:30:15.424 [AiEngine] Using JS Search
[DEBUG] 16:30:15.737 [AiEngine] Adaptive time: 500ms, depth: 4, reason: midgame, opening, tactical, emergency: false
[DEBUG] 16:30:15.737 [AiEngine] Using JS Search
[DEBUG] 16:30:16.202 [AiEngine] Adaptive time: 500ms, depth: 4, reason: midgame, opening, tactical, emergency: false
[DEBUG] 16:30:16.202 [AiEngine] Using JS Search
[DEBUG] 16:30:16.759 [AiEngine] Adaptive time: 500ms, depth: 4, reason: midgame, opening, tactical, emergency: false
[DEBUG] 16:30:16.759 [AiEngine] Using JS Search
[DEBUG] 16:30:17.001 [AiEngine] Adaptive time: 500ms, depth: 4, reason: midgame, opening, tactical, emergency: false
[DEBUG] 16:30:17.001 [AiEngine] Using JS Search
[DEBUG] 16:30:17.208 [AiEngine] Adaptive time: 500ms, depth: 4, reason: midgame, opening, in-check, emergency: false
[DEBUG] 16:30:17.208 [AiEngine] Using JS Search
[DEBUG] 16:30:17.351 [AiEngine] Adaptive time: 500ms, depth: 4, reason: midgame, opening, tactical, emergency: false
[DEBUG] 16:30:17.351 [AiEngine] Using JS Search
[DEBUG] 16:30:17.519 [AiEngine] Adaptive time: 500ms, depth: 4, reason: midgame, opening, in-check, emergency: false
[DEBUG] 16:30:17.519 [AiEngine] Using JS Search
[DEBUG] 16:30:17.521 [AiEngine] Adaptive time: 500ms, depth: 4, reason: midgame, opening, tactical, emergency: false
[DEBUG] 16:30:17.521 [AiEngine] Using JS Search
[DEBUG] 16:30:17.523 [AiEngine] Adaptive time: 500ms, depth: 4, reason: midgame, opening, tactical, emergency: false
[DEBUG] 16:30:17.523 [AiEngine] Using JS Search
[DEBUG] 16:30:17.862 [AiEngine] Adaptive time: 500ms, depth: 4, reason: midgame, opening, tactical, emergency: false
[DEBUG] 16:30:17.862 [AiEngine] Using JS Search
[DEBUG] 16:30:17.863 [AiEngine] Adaptive time: 500ms, depth: 4, reason: midgame, opening, tactical, emergency: false
[DEBUG] 16:30:17.863 [AiEngine] Using JS Search
[DEBUG] 16:30:18.062 [AiEngine] Adaptive time: 500ms, depth: 4, reason: midgame, opening, tactical, emergency: false
[DEBUG] 16:30:18.062 [AiEngine] Using JS Search
[DEBUG] 16:30:18.064 [AiEngine] Adaptive time: 500ms, depth: 4, reason: midgame, opening, tactical, emergency: false
[DEBUG] 16:30:18.064 [AiEngine] Using JS Search
[DEBUG] 16:30:18.241 [AiEngine] Adaptive time: 500ms, depth: 4, reason: midgame, opening, tactical, emergency: false
[DEBUG] 16:30:18.241 [AiEngine] Using JS Search
[DEBUG] 16:30:18.242 [AiEngine] Adaptive time: 500ms, depth: 4, reason: midgame, opening, tactical, emergency: false
[DEBUG] 16:30:18.242 [AiEngine] Using JS Search
[DEBUG] 16:30:18.402 [AiEngine] Adaptive time: 500ms, depth: 4, reason: midgame, opening, tactical, emergency: false
[DEBUG] 16:30:18.402 [AiEngine] Using JS Search
[DEBUG] 16:30:18.403 [AiEngine] Adaptive time: 3000ms, depth: 5, reason: midgame, emergency: false
[DEBUG] 16:30:18.403 [AiEngine] Using JS Search
[DEBUG] 16:30:18.616 [AiEngine] Adaptive time: 3000ms, depth: 5, reason: midgame, tactical, emergency: false
[DEBUG] 16:30:18.616 [AiEngine] Using JS Search
[DEBUG] 16:30:18.618 [AiEngine] Adaptive time: 3000ms, depth: 5, reason: midgame, tactical, emergency: false
[DEBUG] 16:30:18.618 [AiEngine] Using JS Search
[DEBUG] 16:30:19.280 [AiEngine] Adaptive time: 3000ms, depth: 5, reason: midgame, tactical, emergency: false
[DEBUG] 16:30:19.280 [AiEngine] Using JS Search
[DEBUG] 16:30:19.884 [AiEngine] Adaptive time: 3000ms, depth: 5, reason: midgame, tactical, emergency: false
[DEBUG] 16:30:19.884 [AiEngine] Using JS Search
[DEBUG] 16:30:20.032 [AiEngine] Adaptive time: 3000ms, depth: 5, reason: midgame, in-check, emergency: false
[DEBUG] 16:30:20.032 [AiEngine] Using JS Search
[DEBUG] 16:30:20.034 [AiEngine] Adaptive time: 3000ms, depth: 5, reason: midgame, emergency: false
[DEBUG] 16:30:20.034 [AiEngine] Using JS Search
[DEBUG] 16:30:20.379 [AiEngine] Adaptive time: 3000ms, depth: 5, reason: midgame, tactical, emergency: false
[DEBUG] 16:30:20.379 [AiEngine] Using JS Search
[DEBUG] 16:30:20.381 [AiEngine] Adaptive time: 3000ms, depth: 5, reason: midgame, emergency: false
[DEBUG] 16:30:20.381 [AiEngine] Using JS Search
[DEBUG] 16:30:20.797 [AiEngine] Adaptive time: 3000ms, depth: 5, reason: midgame, tactical, emergency: false
[DEBUG] 16:30:20.797 [AiEngine] Using JS Search
[DEBUG] 16:30:21.073 [AiEngine] Adaptive time: 3000ms, depth: 5, reason: midgame, tactical, emergency: false
[DEBUG] 16:30:21.073 [AiEngine] Using JS Search
[DEBUG] 16:30:21.160 [AiEngine] Adaptive time: 3000ms, depth: 5, reason: midgame, tactical, emergency: false
[DEBUG] 16:30:21.161 [AiEngine] Using JS Search
[DEBUG] 16:30:21.166 [AiEngine] Adaptive time: 3000ms, depth: 5, reason: midgame, emergency: false
[DEBUG] 16:30:21.166 [AiEngine] Using JS Search
[DEBUG] 16:30:21.342 [AiEngine] Adaptive time: 3000ms, depth: 5, reason: midgame, tactical, emergency: false
[DEBUG] 16:30:21.342 [AiEngine] Using JS Search
[DEBUG] 16:30:21.343 [AiEngine] Adaptive time: 3000ms, depth: 5, reason: midgame, emergency: false
[DEBUG] 16:30:21.343 [AiEngine] Using JS Search
[DEBUG] 16:30:21.496 [AiEngine] Adaptive time: 3000ms, depth: 5, reason: midgame, tactical, emergency: false
[DEBUG] 16:30:21.496 [AiEngine] Using JS Search
[DEBUG] 16:30:21.499 [AiEngine] Adaptive time: 3000ms, depth: 5, reason: midgame, in-check, emergency: false
[DEBUG] 16:30:21.499 [AiEngine] Using JS Search
[DEBUG] 16:30:21.718 [AiEngine] Adaptive time: 3000ms, depth: 5, reason: midgame, emergency: false
[DEBUG] 16:30:21.718 [AiEngine] Using JS Search
[DEBUG] 16:30:21.720 [AiEngine] Adaptive time: 500ms, depth: 4, reason: midgame, opening, emergency: false
[DEBUG] 16:30:21.720 [AiEngine] Using JS Search
[DEBUG] 16:30:21.928 [AiEngine] Adaptive time: 500ms, depth: 4, reason: midgame, opening, emergency: false
[DEBUG] 16:30:21.928 [AiEngine] Using JS Search
[DEBUG] 16:30:22.155 [AiEngine] Adaptive time: 500ms, depth: 4, reason: midgame, opening, emergency: false
[DEBUG] 16:30:22.155 [AiEngine] Using JS Search
[DEBUG] 16:30:22.338 [AiEngine] Adaptive time: 500ms, depth: 4, reason: midgame, opening, emergency: false
[DEBUG] 16:30:22.338 [AiEngine] Using JS Search
[DEBUG] 16:30:22.818 [AiEngine] Adaptive time: 500ms, depth: 4, reason: midgame, opening, emergency: false
[DEBUG] 16:30:22.818 [AiEngine] Using JS Search
[DEBUG] 16:30:23.004 [AiEngine] Adaptive time: 500ms, depth: 4, reason: midgame, opening, emergency: false
[DEBUG] 16:30:23.004 [AiEngine] Using JS Search
[DEBUG] 16:30:23.425 [AiEngine] Adaptive time: 500ms, depth: 4, reason: midgame, opening, emergency: false
[DEBUG] 16:30:23.426 [AiEngine] Using JS Search
[DEBUG] 16:30:24.081 [AiEngine] Adaptive time: 500ms, depth: 4, reason: midgame, opening, emergency: false
[DEBUG] 16:30:24.081 [AiEngine] Using JS Search
[DEBUG] 16:30:24.297 [AiEngine] Adaptive time: 500ms, depth: 4, reason: midgame, opening, emergency: false
[DEBUG] 16:30:24.297 [AiEngine] Using JS Search
[DEBUG] 16:30:24.427 [AiEngine] Adaptive time: 500ms, depth: 4, reason: midgame, opening, tactical, emergency: false
[DEBUG] 16:30:24.427 [AiEngine] Using JS Search
[DEBUG] 16:30:24.556 [AiEngine] Adaptive time: 500ms, depth: 4, reason: midgame, opening, emergency: false
[DEBUG] 16:30:24.556 [AiEngine] Using JS Search
[DEBUG] 16:30:25.003 [AiEngine] Adaptive time: 500ms, depth: 4, reason: midgame, opening, emergency: false
[DEBUG] 16:30:25.003 [AiEngine] Using JS Search
[DEBUG] 16:30:25.016 [AiEngine] Adaptive time: 500ms, depth: 4, reason: midgame, opening, tactical, emergency: false
[DEBUG] 16:30:25.016 [AiEngine] Using JS Search
[DEBUG] 16:30:25.534 [AiEngine] Adaptive time: 500ms, depth: 4, reason: midgame, opening, emergency: false
[DEBUG] 16:30:25.534 [AiEngine] Using JS Search
[DEBUG] 16:30:25.601 [AiEngine] Adaptive time: 500ms, depth: 4, reason: midgame, opening, tactical, emergency: false
[DEBUG] 16:30:25.601 [AiEngine] Using JS Search
[DEBUG] 16:30:25.652 [AiEngine] Adaptive time: 500ms, depth: 4, reason: midgame, opening, emergency: false
[DEBUG] 16:30:25.652 [AiEngine] Using JS Search
[DEBUG] 16:30:25.783 [AiEngine] Adaptive time: 500ms, depth: 4, reason: midgame, opening, emergency: false
[DEBUG] 16:30:25.783 [AiEngine] Using JS Search
[DEBUG] 16:30:25.955 [AiEngine] Adaptive time: 500ms, depth: 4, reason: midgame, opening, emergency: false
[DEBUG] 16:30:25.955 [AiEngine] Using JS Search
[DEBUG] 16:30:26.030 [AiEngine] Adaptive time: 500ms, depth: 4, reason: midgame, opening, emergency: false
[DEBUG] 16:30:26.030 [AiEngine] Using JS Search
[DEBUG] 16:30:26.218 [AiEngine] Adaptive time: 500ms, depth: 4, reason: midgame, opening, emergency: false
[DEBUG] 16:30:26.218 [AiEngine] Using JS Search
[DEBUG] 16:30:26.359 [AiEngine] Adaptive time: 500ms, depth: 4, reason: midgame, opening, tactical, emergency: false
[DEBUG] 16:30:26.359 [AiEngine] Using JS Search
[DEBUG] 16:30:26.745 [AiEngine] Adaptive time: 500ms, depth: 4, reason: midgame, opening, emergency: false
[DEBUG] 16:30:26.746 [AiEngine] Using JS Search
[DEBUG] 16:30:26.886 [AiEngine] Adaptive time: 500ms, depth: 4, reason: midgame, opening, tactical, emergency: false
[DEBUG] 16:30:26.886 [AiEngine] Using JS Search
[DEBUG] 16:30:26.926 [AiEngine] Adaptive time: 500ms, depth: 4, reason: midgame, opening, emergency: false
[DEBUG] 16:30:26.926 [AiEngine] Using JS Search
[DEBUG] 16:30:27.102 [AiEngine] Adaptive time: 500ms, depth: 4, reason: midgame, opening, emergency: false
[DEBUG] 16:30:27.102 [AiEngine] Using JS Search
[DEBUG] 16:30:27.262 [AiEngine] Adaptive time: 500ms, depth: 4, reason: midgame, opening, emergency: false
[DEBUG] 16:30:27.262 [AiEngine] Using JS Search
[DEBUG] 16:30:27.414 [AiEngine] Adaptive time: 500ms, depth: 4, reason: midgame, opening, emergency: false
[DEBUG] 16:30:27.414 [AiEngine] Using JS Search
[DEBUG] 16:30:27.561 [AiEngine] Adaptive time: 500ms, depth: 4, reason: midgame, opening, emergency: false
[DEBUG] 16:30:27.561 [AiEngine] Using JS Search
[DEBUG] 16:30:27.684 [AiEngine] Adaptive time: 500ms, depth: 4, reason: midgame, opening, emergency: false
[DEBUG] 16:30:27.684 [AiEngine] Using JS Search
[DEBUG] 16:30:27.904 [AiEngine] Adaptive time: 500ms, depth: 4, reason: midgame, opening, emergency: false
[DEBUG] 16:30:27.905 [AiEngine] Using JS Search
[DEBUG] 16:30:27.993 [AiEngine] Adaptive time: 500ms, depth: 4, reason: midgame, opening, emergency: false
[DEBUG] 16:30:27.993 [AiEngine] Using JS Search
[DEBUG] 16:30:28.155 [AiEngine] Adaptive time: 500ms, depth: 4, reason: midgame, opening, emergency: false
[DEBUG] 16:30:28.155 [AiEngine] Using JS Search
[DEBUG] 16:30:28.241 [AiEngine] Adaptive time: 500ms, depth: 4, reason: midgame, opening, emergency: false
[DEBUG] 16:30:28.242 [AiEngine] Using JS Search
[DEBUG] 16:30:28.380 [AiEngine] Adaptive time: 500ms, depth: 4, reason: midgame, opening, emergency: false
[DEBUG] 16:30:28.380 [AiEngine] Using JS Search
[DEBUG] 16:30:28.467 [AiEngine] Adaptive time: 500ms, depth: 4, reason: midgame, opening, emergency: false
[DEBUG] 16:30:28.467 [AiEngine] Using JS Search
[DEBUG] 16:30:28.608 [AiEngine] Adaptive time: 500ms, depth: 4, reason: midgame, opening, emergency: false
[DEBUG] 16:30:28.608 [AiEngine] Using JS Search
[DEBUG] 16:30:28.695 [AiEngine] Adaptive time: 500ms, depth: 4, reason: midgame, opening, emergency: false
[DEBUG] 16:30:28.696 [AiEngine] Using JS Search
[DEBUG] 16:30:28.830 [AiEngine] Adaptive time: 500ms, depth: 4, reason: midgame, opening, emergency: false
[DEBUG] 16:30:28.830 [AiEngine] Using JS Search
[DEBUG] 16:30:28.907 [AiEngine] Adaptive time: 500ms, depth: 4, reason: midgame, opening, emergency: false
[DEBUG] 16:30:28.907 [AiEngine] Using JS Search
[DEBUG] 16:30:29.077 [AiEngine] Adaptive time: 500ms, depth: 4, reason: midgame, opening, emergency: false
[DEBUG] 16:30:29.077 [AiEngine] Using JS Search
[DEBUG] 16:30:29.141 [AiEngine] Adaptive time: 3000ms, depth: 5, reason: midgame, emergency: false
[DEBUG] 16:30:29.141 [AiEngine] Using JS Search
[DEBUG] 16:30:29.645 [AiEngine] Adaptive time: 3000ms, depth: 5, reason: midgame, emergency: false
[DEBUG] 16:30:29.645 [AiEngine] Using JS Search
[DEBUG] 16:30:29.939 [AiEngine] Adaptive time: 3000ms, depth: 5, reason: midgame, tactical, emergency: false
[DEBUG] 16:30:29.939 [AiEngine] Using JS Search
[DEBUG] 16:30:30.441 [AiEngine] Adaptive time: 3000ms, depth: 5, reason: midgame, emergency: false
[DEBUG] 16:30:30.441 [AiEngine] Using JS Search
[DEBUG] 16:30:30.583 [AiEngine] Adaptive time: 3000ms, depth: 5, reason: midgame, tactical, emergency: false
[DEBUG] 16:30:30.583 [AiEngine] Using JS Search
[DEBUG] 16:30:31.062 [AiEngine] Adaptive time: 3000ms, depth: 5, reason: midgame, emergency: false
[DEBUG] 16:30:31.062 [AiEngine] Using JS Search
[DEBUG] 16:30:31.195 [AiEngine] Adaptive time: 3000ms, depth: 5, reason: midgame, tactical, emergency: false
[DEBUG] 16:30:31.195 [AiEngine] Using JS Search
[DEBUG] 16:30:31.359 [AiEngine] Adaptive time: 3000ms, depth: 5, reason: midgame, in-check, emergency: false
[DEBUG] 16:30:31.359 [AiEngine] Using JS Search
[DEBUG] 16:30:31.456 [AiEngine] Adaptive time: 3000ms, depth: 5, reason: midgame, tactical, emergency: false
[DEBUG] 16:30:31.456 [AiEngine] Using JS Search
[DEBUG] 16:30:31.475 [AiEngine] Adaptive time: 3000ms, depth: 5, reason: midgame, emergency: false
[DEBUG] 16:30:31.475 [AiEngine] Using JS Search
[DEBUG] 16:30:31.511 [AiEngine] Adaptive time: 3000ms, depth: 5, reason: midgame, tactical, emergency: false
[DEBUG] 16:30:31.511 [AiEngine] Using JS Search
[DEBUG] 16:30:31.797 [AiEngine] Adaptive time: 3000ms, depth: 5, reason: midgame, emergency: false
[DEBUG] 16:30:31.797 [AiEngine] Using JS Search
[DEBUG] 16:30:31.827 [AiEngine] Adaptive time: 3000ms, depth: 5, reason: midgame, tactical, emergency: false
[DEBUG] 16:30:31.827 [AiEngine] Using JS Search
[DEBUG] 16:30:32.323 [AiEngine] Adaptive time: 3000ms, depth: 5, reason: midgame, emergency: false
[DEBUG] 16:30:32.323 [AiEngine] Using JS Search
[DEBUG] 16:30:32.352 [AiEngine] Adaptive time: 3000ms, depth: 5, reason: midgame, tactical, emergency: false
[DEBUG] 16:30:32.352 [AiEngine] Using JS Search
[DEBUG] 16:30:32.514 [AiEngine] Adaptive time: 3000ms, depth: 5, reason: midgame, emergency: false
[DEBUG] 16:30:32.514 [AiEngine] Using JS Search
[DEBUG] 16:30:32.553 [AiEngine] Adaptive time: 3000ms, depth: 5, reason: midgame, tactical, emergency: false
[DEBUG] 16:30:32.553 [AiEngine] Using JS Search
[DEBUG] 16:30:32.555 [AiEngine] Adaptive time: 3000ms, depth: 5, reason: midgame, emergency: false
[DEBUG] 16:30:32.555 [AiEngine] Using JS Search
[DEBUG] 16:30:32.667 [AiEngine] Adaptive time: 3000ms, depth: 5, reason: midgame, in-check, emergency: false
[DEBUG] 16:30:32.667 [AiEngine] Using JS Search
[DEBUG] 16:30:32.669 [AiEngine] Adaptive time: 3000ms, depth: 5, reason: midgame, tactical, emergency: false
[DEBUG] 16:30:32.669 [AiEngine] Using JS Search
[DEBUG] 16:30:32.830 [AiEngine] Adaptive time: 3000ms, depth: 5, reason: standard, emergency: false
[DEBUG] 16:30:32.830 [AiEngine] Using JS Search
[DEBUG] 16:30:32.831 [AiEngine] Adaptive time: 3000ms, depth: 5, reason: tactical, emergency: false
[DEBUG] 16:30:32.831 [AiEngine] Using JS Search
[DEBUG] 16:30:32.907 [AiEngine] Adaptive time: 3000ms, depth: 5, reason: tactical, emergency: false
[DEBUG] 16:30:32.907 [AiEngine] Using JS Search
[DEBUG] 16:30:32.908 [AiEngine] Adaptive time: 3000ms, depth: 5, reason: tactical, emergency: false
[DEBUG] 16:30:32.908 [AiEngine] Using JS Search
[DEBUG] 16:30:33.031 [AiEngine] Adaptive time: 3000ms, depth: 5, reason: tactical, emergency: false
[DEBUG] 16:30:33.031 [AiEngine] Using JS Search
[DEBUG] 16:30:33.033 [AiEngine] Adaptive time: 3000ms, depth: 5, reason: tactical, emergency: false
[DEBUG] 16:30:33.033 [AiEngine] Using JS Search
[DEBUG] 16:30:33.110 [AiEngine] Adaptive time: 3000ms, depth: 5, reason: in-check, emergency: false
[DEBUG] 16:30:33.110 [AiEngine] Using JS Search
[DEBUG] 16:30:33.148 [AiEngine] Adaptive time: 3000ms, depth: 5, reason: tactical, emergency: false
[DEBUG] 16:30:33.148 [AiEngine] Using JS Search
[DEBUG] 16:30:33.328 [AiEngine] Adaptive time: 3000ms, depth: 5, reason: tactical, emergency: false
[DEBUG] 16:30:33.328 [AiEngine] Using JS Search
[DEBUG] 16:30:33.447 [AiEngine] Adaptive time: 3000ms, depth: 5, reason: tactical, emergency: false
[DEBUG] 16:30:33.447 [AiEngine] Using JS Search
[DEBUG] 16:30:33.552 [AiEngine] Adaptive time: 3000ms, depth: 5, reason: in-check, emergency: false
[DEBUG] 16:30:33.552 [AiEngine] Using JS Search
[DEBUG] 16:30:33.554 [AiEngine] Adaptive time: 3000ms, depth: 5, reason: tactical, emergency: false
[DEBUG] 16:30:33.554 [AiEngine] Using JS Search
[DEBUG] 16:30:33.638 [AiEngine] Adaptive time: 3000ms, depth: 5, reason: in-check, emergency: false
[DEBUG] 16:30:33.638 [AiEngine] Using JS Search
[DEBUG] 16:30:33.640 [AiEngine] Adaptive time: 3000ms, depth: 5, reason: tactical, emergency: false
[DEBUG] 16:30:33.640 [AiEngine] Using JS Search
[DEBUG] 16:30:33.645 [AiEngine] Adaptive time: 3000ms, depth: 5, reason: standard, emergency: false
[DEBUG] 16:30:33.646 [AiEngine] Using JS Search
[DEBUG] 16:30:33.791 [AiEngine] Adaptive time: 3000ms, depth: 5, reason: tactical, emergency: false
[DEBUG] 16:30:33.792 [AiEngine] Using JS Search
[DEBUG] 16:30:33.975 [AiEngine] Adaptive time: 3000ms, depth: 5, reason: standard, emergency: false
[DEBUG] 16:30:33.975 [AiEngine] Using JS Search
[DEBUG] 16:30:34.056 [AiEngine] Adaptive time: 3000ms, depth: 5, reason: tactical, emergency: false
[DEBUG] 16:30:34.056 [AiEngine] Using JS Search
[DEBUG] 16:30:34.144 [AiEngine] Adaptive time: 3000ms, depth: 5, reason: standard, emergency: false
[DEBUG] 16:30:34.144 [AiEngine] Using JS Search
[DEBUG] 16:30:34.278 [AiEngine] Adaptive time: 3000ms, depth: 5, reason: in-check, emergency: false
[DEBUG] 16:30:34.278 [AiEngine] Using JS Search
[DEBUG] 16:30:34.367 [AiEngine] Adaptive time: 3000ms, depth: 5, reason: tactical, emergency: false
[DEBUG] 16:30:34.367 [AiEngine] Using JS Search
[DEBUG] 16:30:34.571 [AiEngine] Adaptive time: 3000ms, depth: 5, reason: tactical, emergency: false
[DEBUG] 16:30:34.571 [AiEngine] Using JS Search
[DEBUG] 16:30:34.668 [AiEngine] Adaptive time: 3000ms, depth: 5, reason: endgame, emergency: false
[DEBUG] 16:30:34.668 [AiEngine] Using JS Search
[DEBUG] 16:30:34.753 [AiEngine] Adaptive time: 3000ms, depth: 5, reason: endgame, emergency: false
[DEBUG] 16:30:34.753 [AiEngine] Using JS Search
[DEBUG] 16:30:34.848 [AiEngine] Adaptive time: 3000ms, depth: 5, reason: endgame, emergency: false
[DEBUG] 16:30:34.848 [AiEngine] Using JS Search
[DEBUG] 16:30:34.991 [AiEngine] Adaptive time: 3000ms, depth: 5, reason: endgame, emergency: false
[DEBUG] 16:30:34.991 [AiEngine] Using JS Search
[DEBUG] 16:30:35.246 [AiEngine] Adaptive time: 500ms, depth: 4, reason: midgame, opening, emergency: false
[DEBUG] 16:30:35.246 [AiEngine] Using JS Search
[DEBUG] 16:30:35.332 [AiEngine] Adaptive time: 500ms, depth: 4, reason: midgame, opening, emergency: false
[DEBUG] 16:30:35.332 [AiEngine] Using JS Search
[DEBUG] 16:30:35.603 [AiEngine] Adaptive time: 500ms, depth: 4, reason: midgame, opening, tactical, emergency: false
[DEBUG] 16:30:35.603 [AiEngine] Using JS Search
[DEBUG] 16:30:35.826 [AiEngine] Adaptive time: 500ms, depth: 4, reason: midgame, opening, emergency: false
[DEBUG] 16:30:35.826 [AiEngine] Using JS Search
[DEBUG] 16:30:36.008 [AiEngine] Adaptive time: 500ms, depth: 4, reason: midgame, opening, tactical, emergency: false
[DEBUG] 16:30:36.008 [AiEngine] Using JS Search
[DEBUG] 16:30:36.513 [AiEngine] Adaptive time: 500ms, depth: 4, reason: midgame, opening, emergency: false
[DEBUG] 16:30:36.513 [AiEngine] Using JS Search
[DEBUG] 16:30:36.765 [AiEngine] Adaptive time: 500ms, depth: 4, reason: midgame, opening, tactical, emergency: false
[DEBUG] 16:30:36.765 [AiEngine] Using JS Search
[DEBUG] 16:30:37.065 [AiEngine] Adaptive time: 500ms, depth: 4, reason: midgame, opening, emergency: false
[DEBUG] 16:30:37.065 [AiEngine] Using JS Search
[DEBUG] 16:30:37.197 [AiEngine] Adaptive time: 500ms, depth: 4, reason: midgame, opening, tactical, emergency: false
[DEBUG] 16:30:37.197 [AiEngine] Using JS Search
[DEBUG] 16:30:37.288 [AiEngine] Adaptive time: 500ms, depth: 4, reason: midgame, opening, emergency: false
[DEBUG] 16:30:37.288 [AiEngine] Using JS Search
[DEBUG] 16:30:37.371 [AiEngine] Adaptive time: 500ms, depth: 4, reason: midgame, opening, tactical, emergency: false
[DEBUG] 16:30:37.371 [AiEngine] Using JS Search
[DEBUG] 16:30:37.539 [AiEngine] Adaptive time: 500ms, depth: 4, reason: midgame, opening, tactical, emergency: false
[DEBUG] 16:30:37.539 [AiEngine] Using JS Search
[DEBUG] 16:30:37.791 [AiEngine] Adaptive time: 500ms, depth: 4, reason: midgame, opening, emergency: false
[DEBUG] 16:30:37.791 [AiEngine] Using JS Search
[DEBUG] 16:30:37.974 [AiEngine] Adaptive time: 500ms, depth: 4, reason: midgame, opening, emergency: false
[DEBUG] 16:30:37.974 [AiEngine] Using JS Search
[DEBUG] 16:30:38.267 [AiEngine] Adaptive time: 500ms, depth: 4, reason: midgame, opening, emergency: false
[DEBUG] 16:30:38.267 [AiEngine] Using JS Search
[DEBUG] 16:30:38.365 [AiEngine] Adaptive time: 500ms, depth: 4, reason: midgame, opening, tactical, emergency: false
[DEBUG] 16:30:38.365 [AiEngine] Using JS Search
[DEBUG] 16:30:38.477 [AiEngine] Adaptive time: 500ms, depth: 4, reason: midgame, opening, in-check, emergency: false
[DEBUG] 16:30:38.477 [AiEngine] Using JS Search
[DEBUG] 16:30:38.504 [AiEngine] Adaptive time: 500ms, depth: 4, reason: midgame, opening, tactical, emergency: false
[DEBUG] 16:30:38.504 [AiEngine] Using JS Search
[DEBUG] 16:30:38.522 [AiEngine] Adaptive time: 500ms, depth: 4, reason: midgame, opening, emergency: false
[DEBUG] 16:30:38.522 [AiEngine] Using JS Search
[DEBUG] 16:30:38.650 [AiEngine] Adaptive time: 500ms, depth: 4, reason: midgame, opening, tactical, emergency: false
[DEBUG] 16:30:38.650 [AiEngine] Using JS Search
[DEBUG] 16:30:38.710 [AiEngine] Adaptive time: 500ms, depth: 4, reason: midgame, opening, in-check, emergency: false
[DEBUG] 16:30:38.711 [AiEngine] Using JS Search
[DEBUG] 16:30:38.719 [AiEngine] Adaptive time: 500ms, depth: 4, reason: midgame, opening, tactical, emergency: false
[DEBUG] 16:30:38.719 [AiEngine] Using JS Search
[DEBUG] 16:30:38.720 [AiEngine] Adaptive time: 500ms, depth: 4, reason: midgame, opening, in-check, emergency: false
[DEBUG] 16:30:38.720 [AiEngine] Using JS Search
[DEBUG] 16:30:38.722 [AiEngine] Adaptive time: 500ms, depth: 4, reason: midgame, opening, emergency: false
[DEBUG] 16:30:38.722 [AiEngine] Using JS Search
[DEBUG] 16:30:38.723 [AiEngine] Adaptive time: 500ms, depth: 4, reason: midgame, opening, emergency: false
[DEBUG] 16:30:38.723 [AiEngine] Using JS Search
[DEBUG] 16:30:38.893 [AiEngine] Adaptive time: 500ms, depth: 4, reason: midgame, opening, emergency: false
[DEBUG] 16:30:38.893 [AiEngine] Using JS Search
[DEBUG] 16:30:38.894 [AiEngine] Adaptive time: 500ms, depth: 4, reason: midgame, opening, emergency: false
[DEBUG] 16:30:38.894 [AiEngine] Using JS Search
[DEBUG] 16:30:38.923 [AiEngine] Adaptive time: 500ms, depth: 4, reason: midgame, opening, emergency: false
[DEBUG] 16:30:38.923 [AiEngine] Using JS Search
[DEBUG] 16:30:38.924 [AiEngine] Adaptive time: 500ms, depth: 4, reason: midgame, opening, emergency: false
[DEBUG] 16:30:38.924 [AiEngine] Using JS Search
[DEBUG] 16:30:39.042 [AiEngine] Adaptive time: 500ms, depth: 4, reason: midgame, opening, emergency: false
[DEBUG] 16:30:39.042 [AiEngine] Using JS Search
[DEBUG] 16:30:39.043 [AiEngine] Adaptive time: 500ms, depth: 4, reason: midgame, opening, emergency: false
[DEBUG] 16:30:39.043 [AiEngine] Using JS Search
[DEBUG] 16:30:39.176 [AiEngine] Adaptive time: 500ms, depth: 4, reason: midgame, opening, emergency: false
[DEBUG] 16:30:39.176 [AiEngine] Using JS Search
[DEBUG] 16:30:39.177 [AiEngine] Adaptive time: 500ms, depth: 4, reason: midgame, opening, emergency: false
[DEBUG] 16:30:39.177 [AiEngine] Using JS Search
[DEBUG] 16:30:39.262 [AiEngine] Adaptive time: 500ms, depth: 4, reason: midgame, opening, emergency: false
[DEBUG] 16:30:39.262 [AiEngine] Using JS Search
[DEBUG] 16:30:39.263 [AiEngine] Adaptive time: 500ms, depth: 4, reason: midgame, opening, emergency: false
[DEBUG] 16:30:39.263 [AiEngine] Using JS Search
[DEBUG] 16:30:39.377 [AiEngine] Adaptive time: 500ms, depth: 4, reason: midgame, opening, tactical, emergency: false
[DEBUG] 16:30:39.377 [AiEngine] Using JS Search
[DEBUG] 16:30:39.378 [AiEngine] Adaptive time: 500ms, depth: 4, reason: midgame, opening, emergency: false
[DEBUG] 16:30:39.378 [AiEngine] Using JS Search
[DEBUG] 16:30:39.769 [AiEngine] Adaptive time: 500ms, depth: 4, reason: midgame, opening, tactical, emergency: false
[DEBUG] 16:30:39.769 [AiEngine] Using JS Search
[DEBUG] 16:30:39.770 [AiEngine] Adaptive time: 500ms, depth: 4, reason: midgame, opening, emergency: false
[DEBUG] 16:30:39.770 [AiEngine] Using JS Search
[DEBUG] 16:30:39.862 [AiEngine] Adaptive time: 500ms, depth: 4, reason: midgame, opening, tactical, emergency: false
[DEBUG] 16:30:39.862 [AiEngine] Using JS Search
[DEBUG] 16:30:39.863 [AiEngine] Adaptive time: 3000ms, depth: 5, reason: midgame, tactical, emergency: false
[DEBUG] 16:30:39.863 [AiEngine] Using JS Search
[DEBUG] 16:30:40.304 [AiEngine] Adaptive time: 3000ms, depth: 5, reason: midgame, tactical, emergency: false
[DEBUG] 16:30:40.304 [AiEngine] Using JS Search
[DEBUG] 16:30:40.494 [AiEngine] Adaptive time: 3000ms, depth: 5, reason: midgame, tactical, emergency: false
[DEBUG] 16:30:40.494 [AiEngine] Using JS Search
[DEBUG] 16:30:40.697 [AiEngine] Adaptive time: 3000ms, depth: 5, reason: midgame, emergency: false
[DEBUG] 16:30:40.697 [AiEngine] Using JS Search
[DEBUG] 16:30:41.034 [AiEngine] Adaptive time: 3000ms, depth: 5, reason: midgame, emergency: false
[DEBUG] 16:30:41.034 [AiEngine] Using JS Search
[DEBUG] 16:30:41.223 [AiEngine] Adaptive time: 3000ms, depth: 5, reason: midgame, emergency: false
[DEBUG] 16:30:41.223 [AiEngine] Using JS Search
[DEBUG] 16:30:41.412 [AiEngine] Adaptive time: 3000ms, depth: 5, reason: midgame, tactical, emergency: false
[DEBUG] 16:30:41.412 [AiEngine] Using JS Search
[DEBUG] 16:30:41.647 [AiEngine] Adaptive time: 3000ms, depth: 5, reason: midgame, in-check, emergency: false
[DEBUG] 16:30:41.648 [AiEngine] Using JS Search
[DEBUG] 16:30:41.649 [AiEngine] Adaptive time: 3000ms, depth: 5, reason: midgame, emergency: false
[DEBUG] 16:30:41.649 [AiEngine] Using JS Search
[DEBUG] 16:30:41.783 [AiEngine] Adaptive time: 3000ms, depth: 5, reason: midgame, emergency: false
[DEBUG] 16:30:41.783 [AiEngine] Using JS Search
[DEBUG] 16:30:42.319 [AiEngine] Adaptive time: 3000ms, depth: 5, reason: midgame, tactical, emergency: false
[DEBUG] 16:30:42.320 [AiEngine] Using JS Search
[DEBUG] 16:30:42.499 [AiEngine] Adaptive time: 3000ms, depth: 5, reason: midgame, tactical, emergency: false
[DEBUG] 16:30:42.499 [AiEngine] Using JS Search
[DEBUG] 16:30:42.597 [AiEngine] Adaptive time: 3000ms, depth: 5, reason: midgame, in-check, emergency: false
[DEBUG] 16:30:42.597 [AiEngine] Using JS Search
[DEBUG] 16:30:42.837 [AiEngine] Adaptive time: 3000ms, depth: 5, reason: midgame, tactical, emergency: false
[DEBUG] 16:30:42.837 [AiEngine] Using JS Search
[DEBUG] 16:30:42.964 [AiEngine] Adaptive time: 3000ms, depth: 5, reason: midgame, emergency: false
[DEBUG] 16:30:42.964 [AiEngine] Using JS Search
[DEBUG] 16:30:43.176 [AiEngine] Adaptive time: 3000ms, depth: 5, reason: midgame, emergency: false
[DEBUG] 16:30:43.176 [AiEngine] Using JS Search
[DEBUG] 16:30:43.183 [AiEngine] Adaptive time: 3000ms, depth: 5, reason: midgame, emergency: false
[DEBUG] 16:30:43.183 [AiEngine] Using JS Search
[DEBUG] 16:30:43.361 [AiEngine] Adaptive time: 3000ms, depth: 5, reason: midgame, tactical, emergency: false
[DEBUG] 16:30:43.361 [AiEngine] Using JS Search
[DEBUG] 16:30:43.362 [AiEngine] Adaptive time: 3000ms, depth: 5, reason: midgame, emergency: false
[DEBUG] 16:30:43.362 [AiEngine] Using JS Search
[DEBUG] 16:30:43.539 [AiEngine] Adaptive time: 3000ms, depth: 5, reason: midgame, tactical, emergency: false
[DEBUG] 16:30:43.539 [AiEngine] Using JS Search
[DEBUG] 16:30:43.540 [AiEngine] Adaptive time: 3000ms, depth: 5, reason: midgame, emergency: false
[DEBUG] 16:30:43.540 [AiEngine] Using JS Search
[DEBUG] 16:30:43.600 [AiEngine] Adaptive time: 3000ms, depth: 5, reason: tactical, emergency: false
[DEBUG] 16:30:43.600 [AiEngine] Using JS Search
[DEBUG] 16:30:43.601 [AiEngine] Adaptive time: 3000ms, depth: 5, reason: standard, emergency: false
[DEBUG] 16:30:43.601 [AiEngine] Using JS Search
[DEBUG] 16:30:43.805 [AiEngine] Adaptive time: 3000ms, depth: 5, reason: tactical, emergency: false
[DEBUG] 16:30:43.805 [AiEngine] Using JS Search
[DEBUG] 16:30:43.903 [AiEngine] Adaptive time: 3000ms, depth: 5, reason: in-check, emergency: false
[DEBUG] 16:30:43.903 [AiEngine] Using JS Search
[DEBUG] 16:30:44.176 [AiEngine] Adaptive time: 3000ms, depth: 5, reason: tactical, emergency: false
[DEBUG] 16:30:44.176 [AiEngine] Using JS Search
[DEBUG] 16:30:44.280 [AiEngine] Adaptive time: 3000ms, depth: 5, reason: in-check, emergency: false
[DEBUG] 16:30:44.280 [AiEngine] Using JS Search
[DEBUG] 16:30:44.550 [AiEngine] Adaptive time: 3000ms, depth: 5, reason: tactical, emergency: false
[DEBUG] 16:30:44.550 [AiEngine] Using JS Search
[DEBUG] 16:30:44.669 [AiEngine] Adaptive time: 3000ms, depth: 5, reason: tactical, emergency: false
[DEBUG] 16:30:44.669 [AiEngine] Using JS Search
[DEBUG] 16:30:44.759 [AiEngine] Adaptive time: 3000ms, depth: 5, reason: in-check, emergency: false
[DEBUG] 16:30:44.759 [AiEngine] Using JS Search
[DEBUG] 16:30:44.794 [AiEngine] Adaptive time: 3000ms, depth: 5, reason: standard, emergency: false
[DEBUG] 16:30:44.794 [AiEngine] Using JS Search
[DEBUG] 16:30:45.002 [AiEngine] Adaptive time: 3000ms, depth: 5, reason: tactical, emergency: false
[DEBUG] 16:30:45.002 [AiEngine] Using JS Search
[DEBUG] 16:30:45.062 [AiEngine] Adaptive time: 3000ms, depth: 5, reason: standard, emergency: false
[DEBUG] 16:30:45.062 [AiEngine] Using JS Search
[DEBUG] 16:30:45.266 [AiEngine] Adaptive time: 3000ms, depth: 5, reason: standard, emergency: false
[DEBUG] 16:30:45.266 [AiEngine] Using JS Search
[DEBUG] 16:30:45.392 [AiEngine] Adaptive time: 3000ms, depth: 5, reason: standard, emergency: false
[DEBUG] 16:30:45.392 [AiEngine] Using JS Search
[DEBUG] 16:30:45.520 [AiEngine] Adaptive time: 3000ms, depth: 5, reason: standard, emergency: false
[DEBUG] 16:30:45.521 [AiEngine] Using JS Search
[DEBUG] 16:30:45.570 [AiEngine] Adaptive time: 3000ms, depth: 5, reason: standard, emergency: false
[DEBUG] 16:30:45.570 [AiEngine] Using JS Search
[DEBUG] 16:30:45.840 [AiEngine] Adaptive time: 3000ms, depth: 5, reason: standard, emergency: false
[DEBUG] 16:30:45.840 [AiEngine] Using JS Search
[DEBUG] 16:30:45.956 [AiEngine] Adaptive time: 3000ms, depth: 5, reason: standard, emergency: false
[DEBUG] 16:30:45.956 [AiEngine] Using JS Search
[DEBUG] 16:30:46.057 [AiEngine] Adaptive time: 3000ms, depth: 5, reason: tactical, emergency: false
[DEBUG] 16:30:46.057 [AiEngine] Using JS Search
[DEBUG] 16:30:46.379 [AiEngine] Adaptive time: 3000ms, depth: 5, reason: standard, emergency: false
[DEBUG] 16:30:46.379 [AiEngine] Using JS Search
[DEBUG] 16:30:46.659 [AiEngine] Adaptive time: 3000ms, depth: 5, reason: tactical, emergency: false
[DEBUG] 16:30:46.659 [AiEngine] Using JS Search
[DEBUG] 16:30:46.868 [AiEngine] Adaptive time: 3000ms, depth: 5, reason: standard, emergency: false
[DEBUG] 16:30:46.868 [AiEngine] Using JS Search
[DEBUG] 16:30:47.160 [AiEngine] Adaptive time: 3000ms, depth: 5, reason: standard, emergency: false
[DEBUG] 16:30:47.160 [AiEngine] Using JS Search
[DEBUG] 16:30:47.404 [AiEngine] Adaptive time: 3000ms, depth: 5, reason: standard, emergency: false
[DEBUG] 16:30:47.404 [AiEngine] Using JS Search
[DEBUG] 16:30:47.485 [AiEngine] Adaptive time: 3000ms, depth: 5, reason: standard, emergency: false
[DEBUG] 16:30:47.485 [AiEngine] Using JS Search
[DEBUG] 16:30:47.522 [AiEngine] Adaptive time: 3000ms, depth: 5, reason: in-check, emergency: false
[DEBUG] 16:30:47.522 [AiEngine] Using JS Search
[DEBUG] 16:30:47.669 [AiEngine] Adaptive time: 3000ms, depth: 5, reason: tactical, emergency: false
[DEBUG] 16:30:47.669 [AiEngine] Using JS Search
[DEBUG] 16:30:47.710 [AiEngine] Adaptive time: 3000ms, depth: 5, reason: standard, emergency: false
[DEBUG] 16:30:47.711 [AiEngine] Using JS Search
[DEBUG] 16:30:47.838 [AiEngine] Adaptive time: 3000ms, depth: 5, reason: tactical, emergency: false
[DEBUG] 16:30:47.838 [AiEngine] Using JS Search
[DEBUG] 16:30:47.913 [AiEngine] Adaptive time: 3000ms, depth: 5, reason: endgame, emergency: false
[DEBUG] 16:30:47.914 [AiEngine] Using JS Search
[DEBUG] 16:30:48.022 [AiEngine] Adaptive time: 3000ms, depth: 5, reason: endgame, tactical, emergency: false
[DEBUG] 16:30:48.022 [AiEngine] Using JS Search
[DEBUG] 16:30:48.073 [AiEngine] Adaptive time: 3000ms, depth: 5, reason: endgame, emergency: false
[DEBUG] 16:30:48.073 [AiEngine] Using JS Search
[DEBUG] 16:30:48.148 [AiEngine] Adaptive time: 3000ms, depth: 5, reason: endgame, emergency: false
[DEBUG] 16:30:48.148 [AiEngine] Using JS Search
[DEBUG] 16:30:48.252 [AiEngine] Adaptive time: 500ms, depth: 4, reason: midgame, opening, emergency: false
[DEBUG] 16:30:48.252 [AiEngine] Using JS Search
[DEBUG] 16:30:48.321 [AiEngine] Adaptive time: 500ms, depth: 4, reason: midgame, opening, emergency: false
[DEBUG] 16:30:48.321 [AiEngine] Using JS Search
[DEBUG] 16:30:48.528 [AiEngine] Adaptive time: 500ms, depth: 4, reason: midgame, opening, emergency: false
[DEBUG] 16:30:48.528 [AiEngine] Using JS Search
[DEBUG] 16:30:48.603 [AiEngine] Adaptive time: 500ms, depth: 4, reason: midgame, opening, emergency: false
[DEBUG] 16:30:48.603 [AiEngine] Using JS Search
[DEBUG] 16:30:48.723 [AiEngine] Adaptive time: 500ms, depth: 4, reason: midgame, opening, emergency: false
[DEBUG] 16:30:48.723 [AiEngine] Using JS Search
[DEBUG] 16:30:48.979 [AiEngine] Adaptive time: 500ms, depth: 4, reason: midgame, opening, tactical, emergency: false
[DEBUG] 16:30:48.979 [AiEngine] Using JS Search
[DEBUG] 16:30:49.589 [AiEngine] Adaptive time: 500ms, depth: 4, reason: midgame, opening, emergency: false
[DEBUG] 16:30:49.589 [AiEngine] Using JS Search
[DEBUG] 16:30:49.773 [AiEngine] Adaptive time: 500ms, depth: 4, reason: midgame, opening, tactical, emergency: false
[DEBUG] 16:30:49.773 [AiEngine] Using JS Search
[DEBUG] 16:30:50.137 [AiEngine] Adaptive time: 500ms, depth: 4, reason: midgame, opening, emergency: false
[DEBUG] 16:30:50.137 [AiEngine] Using JS Search
[DEBUG] 16:30:50.319 [AiEngine] Adaptive time: 500ms, depth: 4, reason: midgame, opening, tactical, emergency: false
[DEBUG] 16:30:50.320 [AiEngine] Using JS Search
[DEBUG] 16:30:50.371 [AiEngine] Adaptive time: 500ms, depth: 4, reason: midgame, opening, emergency: false
[DEBUG] 16:30:50.372 [AiEngine] Using JS Search
[DEBUG] 16:30:50.526 [AiEngine] Adaptive time: 500ms, depth: 4, reason: midgame, opening, tactical, emergency: false
[DEBUG] 16:30:50.526 [AiEngine] Using JS Search
[DEBUG] 16:30:50.617 [AiEngine] Adaptive time: 500ms, depth: 4, reason: midgame, opening, tactical, emergency: false
[DEBUG] 16:30:50.617 [AiEngine] Using JS Search
[DEBUG] 16:30:50.655 [AiEngine] Adaptive time: 500ms, depth: 4, reason: midgame, opening, tactical, emergency: false
[DEBUG] 16:30:50.655 [AiEngine] Using JS Search
[DEBUG] 16:30:50.987 [AiEngine] Adaptive time: 500ms, depth: 4, reason: midgame, opening, emergency: false
[DEBUG] 16:30:50.987 [AiEngine] Using JS Search
[DEBUG] 16:30:51.143 [AiEngine] Adaptive time: 500ms, depth: 4, reason: midgame, opening, tactical, emergency: false
[DEBUG] 16:30:51.143 [AiEngine] Using JS Search
[DEBUG] 16:30:51.221 [AiEngine] Adaptive time: 500ms, depth: 4, reason: midgame, opening, tactical, emergency: false
[DEBUG] 16:30:51.222 [AiEngine] Using JS Search
[DEBUG] 16:30:51.436 [AiEngine] Adaptive time: 500ms, depth: 4, reason: midgame, opening, tactical, emergency: false
[DEBUG] 16:30:51.436 [AiEngine] Using JS Search
[DEBUG] 16:30:51.650 [AiEngine] Adaptive time: 500ms, depth: 4, reason: midgame, opening, tactical, emergency: false
[DEBUG] 16:30:51.650 [AiEngine] Using JS Search
[DEBUG] 16:30:51.757 [AiEngine] Adaptive time: 500ms, depth: 4, reason: midgame, opening, tactical, emergency: false
[DEBUG] 16:30:51.757 [AiEngine] Using JS Search
[DEBUG] 16:30:51.881 [AiEngine] Adaptive time: 500ms, depth: 4, reason: midgame, opening, emergency: false
[DEBUG] 16:30:51.881 [AiEngine] Using JS Search
[DEBUG] 16:30:51.920 [AiEngine] Adaptive time: 500ms, depth: 4, reason: midgame, opening, tactical, emergency: false
[DEBUG] 16:30:51.921 [AiEngine] Using JS Search
[DEBUG] 16:30:52.092 [AiEngine] Adaptive time: 500ms, depth: 4, reason: midgame, opening, emergency: false
[DEBUG] 16:30:52.092 [AiEngine] Using JS Search
[DEBUG] 16:30:52.092 [AiEngine] Adaptive time: 500ms, depth: 4, reason: midgame, opening, tactical, emergency: false
[DEBUG] 16:30:52.092 [AiEngine] Using JS Search
[DEBUG] 16:30:52.093 [AiEngine] Adaptive time: 500ms, depth: 4, reason: midgame, opening, in-check, emergency: false
[DEBUG] 16:30:52.093 [AiEngine] Using JS Search
[DEBUG] 16:30:52.093 [AiEngine] Adaptive time: 500ms, depth: 4, reason: midgame, opening, emergency: false
[DEBUG] 16:30:52.093 [AiEngine] Using JS Search
[DEBUG] 16:30:52.135 [AiEngine] Adaptive time: 500ms, depth: 4, reason: midgame, opening, emergency: false
[DEBUG] 16:30:52.136 [AiEngine] Using JS Search
[DEBUG] 16:30:52.282 [AiEngine] Adaptive time: 500ms, depth: 4, reason: midgame, opening, emergency: false
[DEBUG] 16:30:52.282 [AiEngine] Using JS Search
[DEBUG] 16:30:52.489 [AiEngine] Adaptive time: 500ms, depth: 4, reason: midgame, opening, emergency: false
[DEBUG] 16:30:52.489 [AiEngine] Using JS Search
[DEBUG] 16:30:52.703 [AiEngine] Adaptive time: 500ms, depth: 4, reason: midgame, opening, emergency: false
[DEBUG] 16:30:52.704 [AiEngine] Using JS Search
[DEBUG] 16:30:53.199 [AiEngine] Adaptive time: 500ms, depth: 4, reason: midgame, opening, emergency: false
[DEBUG] 16:30:53.199 [AiEngine] Using JS Search
[DEBUG] 16:30:53.645 [AiEngine] Adaptive time: 500ms, depth: 4, reason: midgame, opening, emergency: false
[DEBUG] 16:30:53.646 [AiEngine] Using JS Search
[DEBUG] 16:30:53.934 [AiEngine] Adaptive time: 500ms, depth: 4, reason: midgame, opening, emergency: false
[DEBUG] 16:30:53.934 [AiEngine] Using JS Search
[DEBUG] 16:30:54.104 [AiEngine] Adaptive time: 500ms, depth: 4, reason: midgame, opening, emergency: false
[DEBUG] 16:30:54.104 [AiEngine] Using JS Search
[DEBUG] 16:30:54.265 [AiEngine] Adaptive time: 500ms, depth: 4, reason: midgame, opening, emergency: false
[DEBUG] 16:30:54.266 [AiEngine] Using JS Search
[DEBUG] 16:30:54.437 [AiEngine] Adaptive time: 500ms, depth: 4, reason: midgame, opening, emergency: false
[DEBUG] 16:30:54.437 [AiEngine] Using JS Search
[DEBUG] 16:30:54.591 [AiEngine] Adaptive time: 500ms, depth: 4, reason: midgame, opening, emergency: false
[DEBUG] 16:30:54.591 [AiEngine] Using JS Search
[DEBUG] 16:30:54.987 [AiEngine] Adaptive time: 500ms, depth: 4, reason: midgame, opening, emergency: false
[DEBUG] 16:30:54.987 [AiEngine] Using JS Search
[DEBUG] 16:30:55.049 [AiEngine] Adaptive time: 500ms, depth: 4, reason: midgame, opening, tactical, emergency: false
[DEBUG] 16:30:55.049 [AiEngine] Using JS Search
[DEBUG] 16:30:55.117 [AiEngine] Adaptive time: 500ms, depth: 4, reason: midgame, opening, emergency: false
[DEBUG] 16:30:55.117 [AiEngine] Using JS Search
[DEBUG] 16:30:55.258 [AiEngine] Adaptive time: 500ms, depth: 4, reason: midgame, opening, emergency: false
[DEBUG] 16:30:55.259 [AiEngine] Using JS Search
[DEBUG] 16:30:55.393 [AiEngine] Adaptive time: 500ms, depth: 4, reason: midgame, opening, tactical, emergency: false
[DEBUG] 16:30:55.393 [AiEngine] Using JS Search
[DEBUG] 16:30:55.466 [AiEngine] Adaptive time: 500ms, depth: 4, reason: midgame, opening, emergency: false
[DEBUG] 16:30:55.466 [AiEngine] Using JS Search
[DEBUG] 16:30:55.653 [AiEngine] Adaptive time: 500ms, depth: 4, reason: midgame, opening, tactical, emergency: false
[DEBUG] 16:30:55.653 [AiEngine] Using JS Search
[DEBUG] 16:30:55.783 [AiEngine] Adaptive time: 500ms, depth: 4, reason: midgame, opening, emergency: false
[DEBUG] 16:30:55.783 [AiEngine] Using JS Search
[DEBUG] 16:30:55.825 [AiEngine] Adaptive time: 500ms, depth: 4, reason: midgame, opening, tactical, emergency: false
[DEBUG] 16:30:55.825 [AiEngine] Using JS Search
[DEBUG] 16:30:55.983 [AiEngine] Adaptive time: 500ms, depth: 4, reason: midgame, opening, emergency: false
[DEBUG] 16:30:55.984 [AiEngine] Using JS Search
[DEBUG] 16:30:56.062 [AiEngine] Adaptive time: 500ms, depth: 4, reason: midgame, opening, tactical, emergency: false
[DEBUG] 16:30:56.062 [AiEngine] Using JS Search
[DEBUG] 16:30:56.270 [AiEngine] Adaptive time: 500ms, depth: 4, reason: midgame, opening, emergency: false
[DEBUG] 16:30:56.270 [AiEngine] Using JS Search
[DEBUG] 16:30:56.310 [AiEngine] Adaptive time: 500ms, depth: 4, reason: midgame, opening, tactical, emergency: false
[DEBUG] 16:30:56.310 [AiEngine] Using JS Search
[DEBUG] 16:30:56.367 [AiEngine] Adaptive time: 500ms, depth: 4, reason: midgame, opening, in-check, emergency: false
[DEBUG] 16:30:56.367 [AiEngine] Using JS Search
[DEBUG] 16:30:56.408 [AiEngine] Adaptive time: 500ms, depth: 4, reason: midgame, opening, emergency: false
[DEBUG] 16:30:56.408 [AiEngine] Using JS Search
[DEBUG] 16:30:56.528 [AiEngine] Adaptive time: 500ms, depth: 4, reason: midgame, opening, emergency: false
[DEBUG] 16:30:56.528 [AiEngine] Using JS Search
[DEBUG] 16:30:56.715 [AiEngine] Adaptive time: 500ms, depth: 4, reason: midgame, opening, emergency: false
[DEBUG] 16:30:56.716 [AiEngine] Using JS Search
[DEBUG] 16:30:56.911 [AiEngine] Adaptive time: 500ms, depth: 4, reason: midgame, opening, emergency: false
[DEBUG] 16:30:56.911 [AiEngine] Using JS Search
[DEBUG] 16:30:57.031 [AiEngine] Adaptive time: 500ms, depth: 4, reason: midgame, opening, emergency: false
[DEBUG] 16:30:57.031 [AiEngine] Using JS Search
[DEBUG] 16:30:57.225 [AiEngine] Adaptive time: 500ms, depth: 4, reason: midgame, opening, tactical, emergency: false
[DEBUG] 16:30:57.225 [AiEngine] Using JS Search
[DEBUG] 16:30:57.764 [AiEngine] Adaptive time: 500ms, depth: 4, reason: midgame, opening, tactical, emergency: false
[DEBUG] 16:30:57.764 [AiEngine] Using JS Search
[DEBUG] 16:30:57.876 [AiEngine] Adaptive time: 500ms, depth: 4, reason: midgame, opening, tactical, emergency: false
[DEBUG] 16:30:57.876 [AiEngine] Using JS Search
[DEBUG] 16:30:58.030 [AiEngine] Adaptive time: 500ms, depth: 4, reason: midgame, opening, tactical, emergency: false
[DEBUG] 16:30:58.030 [AiEngine] Using JS Search
[DEBUG] 16:30:58.242 [AiEngine] Adaptive time: 500ms, depth: 4, reason: midgame, opening, emergency: false
[DEBUG] 16:30:58.242 [AiEngine] Using JS Search
[DEBUG] 16:30:58.399 [AiEngine] Adaptive time: 500ms, depth: 4, reason: midgame, opening, emergency: false
[DEBUG] 16:30:58.399 [AiEngine] Using JS Search
[DEBUG] 16:30:58.545 [AiEngine] Adaptive time: 500ms, depth: 4, reason: midgame, opening, emergency: false
[DEBUG] 16:30:58.545 [AiEngine] Using JS Search
[DEBUG] 16:30:58.688 [AiEngine] Adaptive time: 500ms, depth: 4, reason: midgame, opening, emergency: false
[DEBUG] 16:30:58.688 [AiEngine] Using JS Search
[DEBUG] 16:30:58.842 [AiEngine] Adaptive time: 500ms, depth: 4, reason: midgame, opening, emergency: false
[DEBUG] 16:30:58.842 [AiEngine] Using JS Search
[DEBUG] 16:30:58.988 [AiEngine] Adaptive time: 3000ms, depth: 5, reason: midgame, emergency: false
[DEBUG] 16:30:58.988 [AiEngine] Using JS Search
[DEBUG] 16:30:59.488 [AiEngine] Adaptive time: 3000ms, depth: 5, reason: midgame, emergency: false
[DEBUG] 16:30:59.488 [AiEngine] Using JS Search
[DEBUG] 16:31:00.141 [AiEngine] Adaptive time: 3000ms, depth: 5, reason: midgame, tactical, emergency: false
[DEBUG] 16:31:00.141 [AiEngine] Using JS Search
[DEBUG] 16:31:00.982 [AiEngine] Adaptive time: 3000ms, depth: 5, reason: midgame, emergency: false
[DEBUG] 16:31:00.982 [AiEngine] Using JS Search
[DEBUG] 16:31:01.633 [AiEngine] Adaptive time: 3000ms, depth: 5, reason: midgame, tactical, emergency: false
[DEBUG] 16:31:01.633 [AiEngine] Using JS Search
[DEBUG] 16:31:02.770 [AiEngine] Adaptive time: 3000ms, depth: 5, reason: midgame, emergency: false
[DEBUG] 16:31:02.770 [AiEngine] Using JS Search
[DEBUG] 16:31:03.006 [AiEngine] Adaptive time: 3000ms, depth: 5, reason: midgame, tactical, emergency: false
[DEBUG] 16:31:03.006 [AiEngine] Using JS Search
[DEBUG] 16:31:04.375 [AiEngine] Adaptive time: 3000ms, depth: 5, reason: midgame, emergency: false
[DEBUG] 16:31:04.375 [AiEngine] Using JS Search
[DEBUG] 16:31:04.545 [AiEngine] Adaptive time: 3000ms, depth: 5, reason: midgame, tactical, emergency: false
[DEBUG] 16:31:04.545 [AiEngine] Using JS Search
[DEBUG] 16:31:04.587 [AiEngine] Adaptive time: 3000ms, depth: 5, reason: midgame, in-check, emergency: false
[DEBUG] 16:31:04.587 [AiEngine] Using JS Search
[DEBUG] 16:31:04.672 [AiEngine] Adaptive time: 3000ms, depth: 5, reason: midgame, tactical, emergency: false
[DEBUG] 16:31:04.672 [AiEngine] Using JS Search
[DEBUG] 16:31:04.674 [AiEngine] Adaptive time: 3000ms, depth: 5, reason: midgame, emergency: false
[DEBUG] 16:31:04.674 [AiEngine] Using JS Search
[DEBUG] 16:31:04.725 [AiEngine] Adaptive time: 3000ms, depth: 5, reason: midgame, tactical, emergency: false
[DEBUG] 16:31:04.725 [AiEngine] Using JS Search
[DEBUG] 16:31:05.194 [AiEngine] Adaptive time: 3000ms, depth: 5, reason: midgame, emergency: false
[DEBUG] 16:31:05.194 [AiEngine] Using JS Search
[DEBUG] 16:31:05.449 [AiEngine] Adaptive time: 3000ms, depth: 5, reason: midgame, tactical, emergency: false
[DEBUG] 16:31:05.449 [AiEngine] Using JS Search
[DEBUG] 16:31:05.779 [AiEngine] Adaptive time: 3000ms, depth: 5, reason: midgame, in-check, emergency: false
[DEBUG] 16:31:05.779 [AiEngine] Using JS Search
[DEBUG] 16:31:05.834 [AiEngine] Adaptive time: 3000ms, depth: 5, reason: midgame, tactical, emergency: false
[DEBUG] 16:31:05.834 [AiEngine] Using JS Search
[DEBUG] 16:31:05.878 [AiEngine] Adaptive time: 3000ms, depth: 5, reason: midgame, emergency: false
[DEBUG] 16:31:05.878 [AiEngine] Using JS Search
[DEBUG] 16:31:06.019 [AiEngine] Adaptive time: 500ms, depth: 4, reason: midgame, opening, emergency: false
[DEBUG] 16:31:06.019 [AiEngine] Using JS Search
[DEBUG] 16:31:06.094 [AiEngine] Adaptive time: 500ms, depth: 4, reason: midgame, opening, emergency: false
[DEBUG] 16:31:06.094 [AiEngine] Using JS Search
[DEBUG] 16:31:06.287 [AiEngine] Adaptive time: 500ms, depth: 4, reason: midgame, opening, emergency: false
[DEBUG] 16:31:06.287 [AiEngine] Using JS Search
[DEBUG] 16:31:06.690 [AiEngine] Adaptive time: 500ms, depth: 4, reason: midgame, opening, emergency: false
[DEBUG] 16:31:06.690 [AiEngine] Using JS Search
[DEBUG] 16:31:06.877 [AiEngine] Adaptive time: 500ms, depth: 4, reason: midgame, opening, emergency: false
[DEBUG] 16:31:06.877 [AiEngine] Using JS Search
[DEBUG] 16:31:07.354 [AiEngine] Adaptive time: 500ms, depth: 4, reason: midgame, opening, emergency: false
[DEBUG] 16:31:07.354 [AiEngine] Using JS Search
[DEBUG] 16:31:07.524 [AiEngine] Adaptive time: 500ms, depth: 4, reason: midgame, opening, emergency: false
[DEBUG] 16:31:07.524 [AiEngine] Using JS Search
[DEBUG] 16:31:07.703 [AiEngine] Adaptive time: 500ms, depth: 4, reason: midgame, opening, emergency: false
[DEBUG] 16:31:07.703 [AiEngine] Using JS Search
[DEBUG] 16:31:07.768 [AiEngine] Adaptive time: 500ms, depth: 4, reason: midgame, opening, tactical, emergency: false
[DEBUG] 16:31:07.768 [AiEngine] Using JS Search
[DEBUG] 16:31:07.905 [AiEngine] Adaptive time: 500ms, depth: 4, reason: midgame, opening, emergency: false
[DEBUG] 16:31:07.905 [AiEngine] Using JS Search
[DEBUG] 16:31:08.045 [AiEngine] Adaptive time: 500ms, depth: 4, reason: midgame, opening, tactical, emergency: false
[DEBUG] 16:31:08.045 [AiEngine] Using JS Search
[DEBUG] 16:31:08.079 [AiEngine] Adaptive time: 500ms, depth: 4, reason: midgame, opening, emergency: false
[DEBUG] 16:31:08.079 [AiEngine] Using JS Search
[DEBUG] 16:31:08.268 [AiEngine] Adaptive time: 500ms, depth: 4, reason: midgame, opening, emergency: false
[DEBUG] 16:31:08.268 [AiEngine] Using JS Search
[DEBUG] 16:31:08.347 [AiEngine] Adaptive time: 500ms, depth: 4, reason: midgame, opening, emergency: false
[DEBUG] 16:31:08.348 [AiEngine] Using JS Search
[DEBUG] 16:31:08.514 [AiEngine] Adaptive time: 500ms, depth: 4, reason: midgame, opening, emergency: false
[DEBUG] 16:31:08.514 [AiEngine] Using JS Search
[DEBUG] 16:31:08.880 [AiEngine] Adaptive time: 500ms, depth: 4, reason: midgame, opening, emergency: false
[DEBUG] 16:31:08.880 [AiEngine] Using JS Search
[DEBUG] 16:31:09.113 [AiEngine] Adaptive time: 500ms, depth: 4, reason: midgame, opening, emergency: false
[DEBUG] 16:31:09.113 [AiEngine] Using JS Search
[DEBUG] 16:31:09.242 [AiEngine] Adaptive time: 500ms, depth: 4, reason: midgame, opening, emergency: false
[DEBUG] 16:31:09.242 [AiEngine] Using JS Search
[DEBUG] 16:31:09.446 [AiEngine] Adaptive time: 500ms, depth: 4, reason: midgame, opening, emergency: false
[DEBUG] 16:31:09.446 [AiEngine] Using JS Search
[DEBUG] 16:31:09.604 [AiEngine] Adaptive time: 500ms, depth: 4, reason: midgame, opening, tactical, emergency: false
[DEBUG] 16:31:09.604 [AiEngine] Using JS Search
[DEBUG] 16:31:09.773 [AiEngine] Adaptive time: 500ms, depth: 4, reason: midgame, opening, emergency: false
[DEBUG] 16:31:09.773 [AiEngine] Using JS Search
[DEBUG] 16:31:09.908 [AiEngine] Adaptive time: 500ms, depth: 4, reason: midgame, opening, tactical, emergency: false
[DEBUG] 16:31:09.908 [AiEngine] Using JS Search
[DEBUG] 16:31:09.909 [AiEngine] Adaptive time: 500ms, depth: 4, reason: midgame, opening, emergency: false
[DEBUG] 16:31:09.910 [AiEngine] Using JS Search
[DEBUG] 16:31:09.981 [AiEngine] Adaptive time: 500ms, depth: 4, reason: midgame, opening, tactical, emergency: false
[DEBUG] 16:31:09.981 [AiEngine] Using JS Search
[DEBUG] 16:31:09.983 [AiEngine] Adaptive time: 500ms, depth: 4, reason: midgame, opening, emergency: false
[DEBUG] 16:31:09.983 [AiEngine] Using JS Search
[DEBUG] 16:31:10.060 [AiEngine] Adaptive time: 500ms, depth: 4, reason: midgame, opening, tactical, emergency: false
[DEBUG] 16:31:10.060 [AiEngine] Using JS Search
[DEBUG] 16:31:10.063 [AiEngine] Adaptive time: 500ms, depth: 4, reason: midgame, opening, in-check, emergency: false
[DEBUG] 16:31:10.063 [AiEngine] Using JS Search
[DEBUG] 16:31:10.136 [AiEngine] Adaptive time: 500ms, depth: 4, reason: midgame, opening, tactical, emergency: false
[DEBUG] 16:31:10.136 [AiEngine] Using JS Search
[DEBUG] 16:31:10.137 [AiEngine] Adaptive time: 500ms, depth: 4, reason: midgame, opening, emergency: false
[DEBUG] 16:31:10.137 [AiEngine] Using JS Search
[DEBUG] 16:31:10.229 [AiEngine] Adaptive time: 500ms, depth: 4, reason: midgame, opening, tactical, emergency: false
[DEBUG] 16:31:10.229 [AiEngine] Using JS Search
[DEBUG] 16:31:10.339 [AiEngine] Adaptive time: 500ms, depth: 4, reason: midgame, opening, emergency: false
[DEBUG] 16:31:10.339 [AiEngine] Using JS Search
[DEBUG] 16:31:10.499 [AiEngine] Adaptive time: 500ms, depth: 4, reason: midgame, opening, tactical, emergency: false
[DEBUG] 16:31:10.500 [AiEngine] Using JS Search
[DEBUG] 16:31:10.660 [AiEngine] Adaptive time: 500ms, depth: 4, reason: midgame, opening, emergency: false
[DEBUG] 16:31:10.660 [AiEngine] Using JS Search
[DEBUG] 16:31:10.787 [AiEngine] Adaptive time: 500ms, depth: 4, reason: midgame, opening, tactical, emergency: false
[DEBUG] 16:31:10.787 [AiEngine] Using JS Search
[DEBUG] 16:31:10.863 [AiEngine] Adaptive time: 500ms, depth: 4, reason: midgame, opening, emergency: false
[DEBUG] 16:31:10.863 [AiEngine] Using JS Search
[DEBUG] 16:31:10.916 [AiEngine] Adaptive time: 500ms, depth: 4, reason: midgame, opening, tactical, emergency: false
[DEBUG] 16:31:10.916 [AiEngine] Using JS Search
[DEBUG] 16:31:11.010 [AiEngine] Adaptive time: 500ms, depth: 4, reason: midgame, opening, emergency: false
[DEBUG] 16:31:11.010 [AiEngine] Using JS Search
[DEBUG] 16:31:11.068 [AiEngine] Adaptive time: 500ms, depth: 4, reason: midgame, opening, tactical, emergency: false
[DEBUG] 16:31:11.068 [AiEngine] Using JS Search
[DEBUG] 16:31:11.196 [AiEngine] Adaptive time: 500ms, depth: 4, reason: midgame, opening, emergency: false
[DEBUG] 16:31:11.196 [AiEngine] Using JS Search
[DEBUG] 16:31:11.301 [AiEngine] Adaptive time: 500ms, depth: 4, reason: midgame, opening, tactical, emergency: false
[DEBUG] 16:31:11.301 [AiEngine] Using JS Search
[DEBUG] 16:31:11.445 [AiEngine] Adaptive time: 3000ms, depth: 5, reason: midgame, emergency: false
[DEBUG] 16:31:11.445 [AiEngine] Using JS Search
[DEBUG] 16:31:11.708 [AiEngine] Adaptive time: 3000ms, depth: 5, reason: midgame, tactical, emergency: false
[DEBUG] 16:31:11.708 [AiEngine] Using JS Search
[DEBUG] 16:31:11.916 [AiEngine] Adaptive time: 3000ms, depth: 5, reason: midgame, emergency: false
[DEBUG] 16:31:11.916 [AiEngine] Using JS Search
[DEBUG] 16:31:12.087 [AiEngine] Adaptive time: 3000ms, depth: 5, reason: midgame, tactical, emergency: false
[DEBUG] 16:31:12.087 [AiEngine] Using JS Search
[DEBUG] 16:31:12.165 [AiEngine] Adaptive time: 3000ms, depth: 5, reason: midgame, in-check, emergency: false
[DEBUG] 16:31:12.165 [AiEngine] Using JS Search
[DEBUG] 16:31:12.252 [AiEngine] Adaptive time: 3000ms, depth: 5, reason: midgame, emergency: false
[DEBUG] 16:31:12.252 [AiEngine] Using JS Search
[DEBUG] 16:31:12.352 [AiEngine] Adaptive time: 3000ms, depth: 5, reason: standard, emergency: false
[DEBUG] 16:31:12.352 [AiEngine] Using JS Search
[DEBUG] 16:31:12.729 [AiEngine] Adaptive time: 3000ms, depth: 5, reason: standard, emergency: false
[DEBUG] 16:31:12.729 [AiEngine] Using JS Search
[DEBUG] 16:31:12.898 [AiEngine] Adaptive time: 3000ms, depth: 5, reason: tactical, emergency: false
[DEBUG] 16:31:12.898 [AiEngine] Using JS Search
[DEBUG] 16:31:13.327 [AiEngine] Adaptive time: 3000ms, depth: 5, reason: standard, emergency: false
[DEBUG] 16:31:13.327 [AiEngine] Using JS Search
[DEBUG] 16:31:13.622 [AiEngine] Adaptive time: 3000ms, depth: 5, reason: tactical, emergency: false
[DEBUG] 16:31:13.622 [AiEngine] Using JS Search
[DEBUG] 16:31:13.767 [AiEngine] Adaptive time: 3000ms, depth: 5, reason: tactical, emergency: false
[DEBUG] 16:31:13.767 [AiEngine] Using JS Search
[DEBUG] 16:31:13.906 [AiEngine] Adaptive time: 3000ms, depth: 5, reason: in-check, emergency: false
[DEBUG] 16:31:13.906 [AiEngine] Using JS Search
[DEBUG] 16:31:14.015 [AiEngine] Adaptive time: 3000ms, depth: 5, reason: standard, emergency: false
[DEBUG] 16:31:14.015 [AiEngine] Using JS Search
[DEBUG] 16:31:14.086 [AiEngine] Adaptive time: 3000ms, depth: 5, reason: tactical, emergency: false
[DEBUG] 16:31:14.086 [AiEngine] Using JS Search
[DEBUG] 16:31:14.243 [AiEngine] Adaptive time: 3000ms, depth: 5, reason: standard, emergency: false
[DEBUG] 16:31:14.243 [AiEngine] Using JS Search
[DEBUG] 16:31:14.441 [AiEngine] Adaptive time: 3000ms, depth: 5, reason: standard, emergency: false
[DEBUG] 16:31:14.441 [AiEngine] Using JS Search
[DEBUG] 16:31:14.923 [AiEngine] Adaptive time: 3000ms, depth: 5, reason: standard, emergency: false
[DEBUG] 16:31:14.923 [AiEngine] Using JS Search
[DEBUG] 16:31:14.993 [AiEngine] Adaptive time: 3000ms, depth: 5, reason: standard, emergency: false
[DEBUG] 16:31:14.994 [AiEngine] Using JS Search
[DEBUG] 16:31:15.211 [AiEngine] Adaptive time: 3000ms, depth: 5, reason: standard, emergency: false
[DEBUG] 16:31:15.211 [AiEngine] Using JS Search
[DEBUG] 16:31:15.373 [AiEngine] Adaptive time: 3000ms, depth: 5, reason: standard, emergency: false
[DEBUG] 16:31:15.373 [AiEngine] Using JS Search
[DEBUG] 16:31:15.617 [AiEngine] Adaptive time: 3000ms, depth: 5, reason: standard, emergency: false
[DEBUG] 16:31:15.617 [AiEngine] Using JS Search
[DEBUG] 16:31:15.668 [AiEngine] Adaptive time: 3000ms, depth: 5, reason: standard, emergency: false
[DEBUG] 16:31:15.668 [AiEngine] Using JS Search
[DEBUG] 16:31:16.085 [AiEngine] Adaptive time: 3000ms, depth: 5, reason: standard, emergency: false
[DEBUG] 16:31:16.085 [AiEngine] Using JS Search
[DEBUG] 16:31:16.122 [AiEngine] Adaptive time: 3000ms, depth: 5, reason: standard, emergency: false
[DEBUG] 16:31:16.122 [AiEngine] Using JS Search
[DEBUG] 16:31:16.305 [AiEngine] Adaptive time: 3000ms, depth: 5, reason: standard, emergency: false
[DEBUG] 16:31:16.305 [AiEngine] Using JS Search
[DEBUG] 16:31:16.367 [AiEngine] Adaptive time: 3000ms, depth: 5, reason: standard, emergency: false
[DEBUG] 16:31:16.367 [AiEngine] Using JS Search
[DEBUG] 16:31:16.624 [AiEngine] Adaptive time: 3000ms, depth: 5, reason: standard, emergency: false
[DEBUG] 16:31:16.625 [AiEngine] Using JS Search
[DEBUG] 16:31:16.715 [AiEngine] Adaptive time: 3000ms, depth: 5, reason: standard, emergency: false
[DEBUG] 16:31:16.715 [AiEngine] Using JS Search
[DEBUG] 16:31:16.921 [AiEngine] Adaptive time: 3000ms, depth: 5, reason: standard, emergency: false
[DEBUG] 16:31:16.921 [AiEngine] Using JS Search
[DEBUG] 16:31:17.028 [AiEngine] Adaptive time: 3000ms, depth: 5, reason: tactical, emergency: false
[DEBUG] 16:31:17.028 [AiEngine] Using JS Search
[DEBUG] 16:31:17.208 [AiEngine] Adaptive time: 3000ms, depth: 5, reason: in-check, emergency: false
[DEBUG] 16:31:17.208 [AiEngine] Using JS Search
[DEBUG] 16:31:17.371 [AiEngine] Adaptive time: 3000ms, depth: 5, reason: standard, emergency: false
[DEBUG] 16:31:17.371 [AiEngine] Using JS Search
[DEBUG] 16:31:17.501 [AiEngine] Adaptive time: 3000ms, depth: 5, reason: standard, emergency: false
[DEBUG] 16:31:17.501 [AiEngine] Using JS Search
[DEBUG] 16:31:17.589 [AiEngine] Adaptive time: 3000ms, depth: 5, reason: tactical, emergency: false
[DEBUG] 16:31:17.590 [AiEngine] Using JS Search
[DEBUG] 16:31:17.855 [AiEngine] Adaptive time: 3000ms, depth: 5, reason: standard, emergency: false
[DEBUG] 16:31:17.855 [AiEngine] Using JS Search
[DEBUG] 16:31:17.919 [AiEngine] Adaptive time: 3000ms, depth: 5, reason: tactical, emergency: false
[DEBUG] 16:31:17.920 [AiEngine] Using JS Search
[DEBUG] 16:31:18.124 [AiEngine] Adaptive time: 3000ms, depth: 5, reason: in-check, emergency: false
[DEBUG] 16:31:18.124 [AiEngine] Using JS Search
[DEBUG] 16:31:18.159 [AiEngine] Adaptive time: 3000ms, depth: 5, reason: standard, emergency: false
[DEBUG] 16:31:18.159 [AiEngine] Using JS Search
[DEBUG] 16:31:18.303 [AiEngine] Adaptive time: 3000ms, depth: 5, reason: endgame, emergency: false
[DEBUG] 16:31:18.304 [AiEngine] Using JS Search
[DEBUG] 16:31:18.339 [AiEngine] Adaptive time: 3000ms, depth: 5, reason: endgame, tactical, emergency: false
[DEBUG] 16:31:18.339 [AiEngine] Using JS Search
[DEBUG] 16:31:18.489 [AiEngine] Adaptive time: 3000ms, depth: 5, reason: endgame, emergency: false
[DEBUG] 16:31:18.489 [AiEngine] Using JS Search
[DEBUG] 16:31:18.521 [AiEngine] Adaptive time: 3000ms, depth: 5, reason: endgame, tactical, emergency: false
[DEBUG] 16:31:18.521 [AiEngine] Using JS Search
[DEBUG] 16:31:18.666 [AiEngine] Adaptive time: 3000ms, depth: 5, reason: endgame, in-check, emergency: false
[DEBUG] 16:31:18.666 [AiEngine] Using JS Search
[DEBUG] 16:31:18.837 [AiEngine] Adaptive time: 3000ms, depth: 5, reason: endgame, tactical, emergency: false
[DEBUG] 16:31:18.837 [AiEngine] Using JS Search
[DEBUG] 16:31:18.916 [AiEngine] Adaptive time: 3000ms, depth: 5, reason: endgame, emergency: false
[DEBUG] 16:31:18.916 [AiEngine] Using JS Search
[DEBUG] 16:31:18.941 [AiEngine] Adaptive time: 500ms, depth: 4, reason: midgame, opening, emergency: false
[DEBUG] 16:31:18.941 [AiEngine] Using JS Search
[DEBUG] 16:31:19.065 [AiEngine] Adaptive time: 500ms, depth: 4, reason: midgame, opening, emergency: false
[DEBUG] 16:31:19.065 [AiEngine] Using JS Search
[DEBUG] 16:31:19.315 [AiEngine] Adaptive time: 500ms, depth: 4, reason: midgame, opening, emergency: false
[DEBUG] 16:31:19.315 [AiEngine] Using JS Search
[DEBUG] 16:31:19.553 [AiEngine] Adaptive time: 500ms, depth: 4, reason: midgame, opening, emergency: false
[DEBUG] 16:31:19.553 [AiEngine] Using JS Search
[DEBUG] 16:31:19.831 [AiEngine] Adaptive time: 500ms, depth: 4, reason: midgame, opening, emergency: false
[DEBUG] 16:31:19.831 [AiEngine] Using JS Search
[DEBUG] 16:31:19.985 [AiEngine] Adaptive time: 500ms, depth: 4, reason: midgame, opening, emergency: false
[DEBUG] 16:31:19.985 [AiEngine] Using JS Search
[DEBUG] 16:31:20.197 [AiEngine] Adaptive time: 500ms, depth: 4, reason: midgame, opening, emergency: false
[DEBUG] 16:31:20.198 [AiEngine] Using JS Search
[DEBUG] 16:31:20.252 [AiEngine] Adaptive time: 500ms, depth: 4, reason: midgame, opening, tactical, emergency: false
[DEBUG] 16:31:20.252 [AiEngine] Using JS Search
[DEBUG] 16:31:20.429 [AiEngine] Adaptive time: 500ms, depth: 4, reason: midgame, opening, tactical, emergency: false
[DEBUG] 16:31:20.429 [AiEngine] Using JS Search
[DEBUG] 16:31:20.819 [AiEngine] Adaptive time: 500ms, depth: 4, reason: midgame, opening, emergency: false
[DEBUG] 16:31:20.819 [AiEngine] Using JS Search
[DEBUG] 16:31:20.876 [AiEngine] Adaptive time: 500ms, depth: 4, reason: midgame, opening, tactical, emergency: false
[DEBUG] 16:31:20.876 [AiEngine] Using JS Search
[DEBUG] 16:31:21.013 [AiEngine] Adaptive time: 500ms, depth: 4, reason: midgame, opening, emergency: false
[DEBUG] 16:31:21.014 [AiEngine] Using JS Search
[DEBUG] 16:31:21.077 [AiEngine] Adaptive time: 500ms, depth: 4, reason: midgame, opening, tactical, emergency: false
[DEBUG] 16:31:21.077 [AiEngine] Using JS Search
[DEBUG] 16:31:21.173 [AiEngine] Adaptive time: 500ms, depth: 4, reason: midgame, opening, emergency: false
[DEBUG] 16:31:21.173 [AiEngine] Using JS Search
[DEBUG] 16:31:21.241 [AiEngine] Adaptive time: 500ms, depth: 4, reason: midgame, opening, tactical, emergency: false
[DEBUG] 16:31:21.242 [AiEngine] Using JS Search
[DEBUG] 16:31:21.353 [AiEngine] Adaptive time: 500ms, depth: 4, reason: midgame, opening, emergency: false
[DEBUG] 16:31:21.353 [AiEngine] Using JS Search
[DEBUG] 16:31:21.423 [AiEngine] Adaptive time: 500ms, depth: 4, reason: midgame, opening, tactical, emergency: false
[DEBUG] 16:31:21.423 [AiEngine] Using JS Search
[DEBUG] 16:31:21.501 [AiEngine] Adaptive time: 500ms, depth: 4, reason: midgame, opening, emergency: false
[DEBUG] 16:31:21.501 [AiEngine] Using JS Search
[DEBUG] 16:31:21.572 [AiEngine] Adaptive time: 500ms, depth: 4, reason: midgame, opening, tactical, emergency: false
[DEBUG] 16:31:21.572 [AiEngine] Using JS Search
[DEBUG] 16:31:21.831 [AiEngine] Adaptive time: 500ms, depth: 4, reason: midgame, opening, emergency: false
[DEBUG] 16:31:21.831 [AiEngine] Using JS Search
[DEBUG] 16:31:21.899 [AiEngine] Adaptive time: 500ms, depth: 4, reason: midgame, opening, tactical, emergency: false
[DEBUG] 16:31:21.899 [AiEngine] Using JS Search
[DEBUG] 16:31:22.014 [AiEngine] Adaptive time: 500ms, depth: 4, reason: midgame, opening, emergency: false
[DEBUG] 16:31:22.014 [AiEngine] Using JS Search
[DEBUG] 16:31:22.086 [AiEngine] Adaptive time: 500ms, depth: 4, reason: midgame, opening, tactical, emergency: false
[DEBUG] 16:31:22.086 [AiEngine] Using JS Search
[DEBUG] 16:31:22.259 [AiEngine] Adaptive time: 500ms, depth: 4, reason: midgame, opening, emergency: false
[DEBUG] 16:31:22.259 [AiEngine] Using JS Search
[DEBUG] 16:31:22.325 [AiEngine] Adaptive time: 500ms, depth: 4, reason: midgame, opening, tactical, emergency: false
[DEBUG] 16:31:22.326 [AiEngine] Using JS Search
[DEBUG] 16:31:22.422 [AiEngine] Adaptive time: 500ms, depth: 4, reason: midgame, opening, emergency: false
[DEBUG] 16:31:22.422 [AiEngine] Using JS Search
[DEBUG] 16:31:22.490 [AiEngine] Adaptive time: 500ms, depth: 4, reason: midgame, opening, tactical, emergency: false
[DEBUG] 16:31:22.490 [AiEngine] Using JS Search
[DEBUG] 16:31:22.597 [AiEngine] Adaptive time: 500ms, depth: 4, reason: midgame, opening, emergency: false
[DEBUG] 16:31:22.597 [AiEngine] Using JS Search
[DEBUG] 16:31:22.664 [AiEngine] Adaptive time: 500ms, depth: 4, reason: midgame, opening, tactical, emergency: false
[DEBUG] 16:31:22.664 [AiEngine] Using JS Search
[DEBUG] 16:31:22.747 [AiEngine] Adaptive time: 500ms, depth: 4, reason: midgame, opening, emergency: false
[DEBUG] 16:31:22.747 [AiEngine] Using JS Search
[DEBUG] 16:31:22.824 [AiEngine] Adaptive time: 500ms, depth: 4, reason: midgame, opening, tactical, emergency: false
[DEBUG] 16:31:22.824 [AiEngine] Using JS Search
[DEBUG] 16:31:22.921 [AiEngine] Adaptive time: 500ms, depth: 4, reason: midgame, opening, emergency: false
[DEBUG] 16:31:22.921 [AiEngine] Using JS Search
[DEBUG] 16:31:22.990 [AiEngine] Adaptive time: 500ms, depth: 4, reason: midgame, opening, tactical, emergency: false
[DEBUG] 16:31:22.990 [AiEngine] Using JS Search
[DEBUG] 16:31:23.072 [AiEngine] Adaptive time: 500ms, depth: 4, reason: midgame, opening, emergency: false
[DEBUG] 16:31:23.072 [AiEngine] Using JS Search
[DEBUG] 16:31:23.140 [AiEngine] Adaptive time: 500ms, depth: 4, reason: midgame, opening, tactical, emergency: false
[DEBUG] 16:31:23.140 [AiEngine] Using JS Search
[DEBUG] 16:31:23.230 [AiEngine] Adaptive time: 500ms, depth: 4, reason: midgame, opening, emergency: false
[DEBUG] 16:31:23.230 [AiEngine] Using JS Search
[DEBUG] 16:31:23.295 [AiEngine] Adaptive time: 500ms, depth: 4, reason: midgame, opening, tactical, emergency: false
[DEBUG] 16:31:23.295 [AiEngine] Using JS Search
[DEBUG] 16:31:23.574 [AiEngine] Adaptive time: 500ms, depth: 4, reason: midgame, opening, emergency: false
[DEBUG] 16:31:23.574 [AiEngine] Using JS Search
[DEBUG] 16:31:23.638 [AiEngine] Adaptive time: 500ms, depth: 4, reason: midgame, opening, tactical, emergency: false
[DEBUG] 16:31:23.638 [AiEngine] Using JS Search
[DEBUG] 16:31:23.826 [AiEngine] Adaptive time: 500ms, depth: 4, reason: midgame, opening, emergency: false
[DEBUG] 16:31:23.826 [AiEngine] Using JS Search
[DEBUG] 16:31:23.896 [AiEngine] Adaptive time: 3000ms, depth: 5, reason: midgame, tactical, emergency: false
[DEBUG] 16:31:23.896 [AiEngine] Using JS Search
[DEBUG] 16:31:24.380 [AiEngine] Adaptive time: 3000ms, depth: 5, reason: midgame, emergency: false
[DEBUG] 16:31:24.380 [AiEngine] Using JS Search
[DEBUG] 16:31:24.965 [AiEngine] Adaptive time: 3000ms, depth: 5, reason: midgame, tactical, emergency: false
[DEBUG] 16:31:24.965 [AiEngine] Using JS Search
[DEBUG] 16:31:25.599 [AiEngine] Adaptive time: 3000ms, depth: 5, reason: midgame, emergency: false
[DEBUG] 16:31:25.600 [AiEngine] Using JS Search
[DEBUG] 16:31:25.847 [AiEngine] Adaptive time: 3000ms, depth: 5, reason: midgame, tactical, emergency: false
[DEBUG] 16:31:25.847 [AiEngine] Using JS Search
[DEBUG] 16:31:25.992 [AiEngine] Adaptive time: 3000ms, depth: 5, reason: midgame, emergency: false
[DEBUG] 16:31:25.992 [AiEngine] Using JS Search
[DEBUG] 16:31:26.981 [AiEngine] Adaptive time: 3000ms, depth: 5, reason: midgame, tactical, emergency: false
[DEBUG] 16:31:26.981 [AiEngine] Using JS Search
[DEBUG] 16:31:28.088 [AiEngine] Adaptive time: 3000ms, depth: 5, reason: midgame, emergency: false
[DEBUG] 16:31:28.088 [AiEngine] Using JS Search
[DEBUG] 16:31:28.198 [AiEngine] Adaptive time: 3000ms, depth: 5, reason: midgame, tactical, emergency: false
[DEBUG] 16:31:28.198 [AiEngine] Using JS Search
[DEBUG] 16:31:28.977 [AiEngine] Adaptive time: 3000ms, depth: 5, reason: midgame, in-check, emergency: false
[DEBUG] 16:31:28.977 [AiEngine] Using JS Search
[DEBUG] 16:31:29.240 [AiEngine] Adaptive time: 3000ms, depth: 5, reason: midgame, tactical, emergency: false
[DEBUG] 16:31:29.240 [AiEngine] Using JS Search
[DEBUG] 16:31:29.242 [AiEngine] Adaptive time: 3000ms, depth: 5, reason: midgame, emergency: false
[DEBUG] 16:31:29.242 [AiEngine] Using JS Search
[DEBUG] 16:31:29.545 [AiEngine] Adaptive time: 3000ms, depth: 5, reason: midgame, tactical, emergency: false
[DEBUG] 16:31:29.545 [AiEngine] Using JS Search
[DEBUG] 16:31:29.935 [AiEngine] Adaptive time: 3000ms, depth: 5, reason: midgame, emergency: false
[DEBUG] 16:31:29.935 [AiEngine] Using JS Search
[DEBUG] 16:31:30.276 [AiEngine] Adaptive time: 3000ms, depth: 5, reason: midgame, tactical, emergency: false
[DEBUG] 16:31:30.276 [AiEngine] Using JS Search
[DEBUG] 16:31:30.838 [AiEngine] Adaptive time: 3000ms, depth: 5, reason: midgame, emergency: false
[DEBUG] 16:31:30.839 [AiEngine] Using JS Search
[DEBUG] 16:31:31.298 [AiEngine] Adaptive time: 3000ms, depth: 5, reason: midgame, tactical, emergency: false
[DEBUG] 16:31:31.298 [AiEngine] Using JS Search
[DEBUG] 16:31:31.641 [AiEngine] Adaptive time: 3000ms, depth: 5, reason: midgame, emergency: false
[DEBUG] 16:31:31.641 [AiEngine] Using JS Search
[DEBUG] 16:31:31.894 [AiEngine] Adaptive time: 3000ms, depth: 5, reason: midgame, tactical, emergency: false
[DEBUG] 16:31:31.894 [AiEngine] Using JS Search
[DEBUG] 16:31:32.627 [AiEngine] Adaptive time: 3000ms, depth: 5, reason: midgame, emergency: false
[DEBUG] 16:31:32.627 [AiEngine] Using JS Search
[DEBUG] 16:31:32.909 [AiEngine] Adaptive time: 500ms, depth: 4, reason: midgame, opening, emergency: false
[DEBUG] 16:31:32.910 [AiEngine] Using JS Search
[DEBUG] 16:31:32.964 [AiEngine] Adaptive time: 500ms, depth: 4, reason: midgame, opening, emergency: false
[DEBUG] 16:31:32.964 [AiEngine] Using JS Search
[DEBUG] 16:31:33.160 [AiEngine] Adaptive time: 500ms, depth: 4, reason: midgame, opening, emergency: false
[DEBUG] 16:31:33.160 [AiEngine] Using JS Search
[DEBUG] 16:31:33.386 [AiEngine] Adaptive time: 500ms, depth: 4, reason: midgame, opening, emergency: false
[DEBUG] 16:31:33.386 [AiEngine] Using JS Search
[DEBUG] 16:31:33.695 [AiEngine] Adaptive time: 500ms, depth: 4, reason: midgame, opening, emergency: false
[DEBUG] 16:31:33.695 [AiEngine] Using JS Search
[DEBUG] 16:31:34.143 [AiEngine] Adaptive time: 500ms, depth: 4, reason: midgame, opening, tactical, emergency: false
[DEBUG] 16:31:34.143 [AiEngine] Using JS Search
[DEBUG] 16:31:34.613 [AiEngine] Adaptive time: 500ms, depth: 4, reason: midgame, opening, emergency: false
[DEBUG] 16:31:34.613 [AiEngine] Using JS Search
[DEBUG] 16:31:34.887 [AiEngine] Adaptive time: 500ms, depth: 4, reason: midgame, opening, tactical, emergency: false
[DEBUG] 16:31:34.887 [AiEngine] Using JS Search
[DEBUG] 16:31:35.228 [AiEngine] Adaptive time: 500ms, depth: 4, reason: midgame, opening, tactical, emergency: false
[DEBUG] 16:31:35.228 [AiEngine] Using JS Search
[DEBUG] 16:31:35.367 [AiEngine] Adaptive time: 500ms, depth: 4, reason: midgame, opening, tactical, emergency: false
[DEBUG] 16:31:35.367 [AiEngine] Using JS Search
[DEBUG] 16:31:35.592 [AiEngine] Adaptive time: 500ms, depth: 4, reason: midgame, opening, emergency: false
[DEBUG] 16:31:35.592 [AiEngine] Using JS Search
[DEBUG] 16:31:35.774 [AiEngine] Adaptive time: 500ms, depth: 4, reason: midgame, opening, tactical, emergency: false
[DEBUG] 16:31:35.774 [AiEngine] Using JS Search
[DEBUG] 16:31:35.971 [AiEngine] Adaptive time: 500ms, depth: 4, reason: midgame, opening, emergency: false
[DEBUG] 16:31:35.971 [AiEngine] Using JS Search
[DEBUG] 16:31:36.170 [AiEngine] Adaptive time: 500ms, depth: 4, reason: midgame, opening, tactical, emergency: false
[DEBUG] 16:31:36.170 [AiEngine] Using JS Search
[DEBUG] 16:31:36.317 [AiEngine] Adaptive time: 500ms, depth: 4, reason: midgame, opening, emergency: false
[DEBUG] 16:31:36.317 [AiEngine] Using JS Search
[DEBUG] 16:31:36.626 [AiEngine] Adaptive time: 500ms, depth: 4, reason: midgame, opening, tactical, emergency: false
[DEBUG] 16:31:36.626 [AiEngine] Using JS Search
[DEBUG] 16:31:36.772 [AiEngine] Adaptive time: 500ms, depth: 4, reason: midgame, opening, tactical, emergency: false
[DEBUG] 16:31:36.772 [AiEngine] Using JS Search
[DEBUG] 16:31:36.883 [AiEngine] Adaptive time: 500ms, depth: 4, reason: midgame, opening, tactical, emergency: false
[DEBUG] 16:31:36.883 [AiEngine] Using JS Search
[DEBUG] 16:31:36.972 [AiEngine] Adaptive time: 500ms, depth: 4, reason: midgame, opening, tactical, emergency: false
[DEBUG] 16:31:36.972 [AiEngine] Using JS Search
[DEBUG] 16:31:37.052 [AiEngine] Adaptive time: 500ms, depth: 4, reason: midgame, opening, tactical, emergency: false
[DEBUG] 16:31:37.052 [AiEngine] Using JS Search
[DEBUG] 16:31:37.104 [AiEngine] Adaptive time: 500ms, depth: 4, reason: midgame, opening, tactical, emergency: false
[DEBUG] 16:31:37.104 [AiEngine] Using JS Search
[DEBUG] 16:31:37.156 [AiEngine] Adaptive time: 500ms, depth: 4, reason: midgame, opening, tactical, emergency: false
[DEBUG] 16:31:37.156 [AiEngine] Using JS Search
[DEBUG] 16:31:37.216 [AiEngine] Adaptive time: 500ms, depth: 4, reason: midgame, opening, emergency: false
[DEBUG] 16:31:37.216 [AiEngine] Using JS Search
[DEBUG] 16:31:37.362 [AiEngine] Adaptive time: 500ms, depth: 4, reason: midgame, opening, emergency: false
[DEBUG] 16:31:37.362 [AiEngine] Using JS Search
[DEBUG] 16:31:37.489 [AiEngine] Adaptive time: 500ms, depth: 4, reason: midgame, opening, emergency: false
[DEBUG] 16:31:37.489 [AiEngine] Using JS Search
[DEBUG] 16:31:37.734 [AiEngine] Adaptive time: 500ms, depth: 4, reason: midgame, opening, tactical, emergency: false
[DEBUG] 16:31:37.734 [AiEngine] Using JS Search
[DEBUG] 16:31:37.735 [AiEngine] Adaptive time: 500ms, depth: 4, reason: midgame, opening, emergency: false
[DEBUG] 16:31:37.735 [AiEngine] Using JS Search
[DEBUG] 16:31:38.075 [AiEngine] Adaptive time: 500ms, depth: 4, reason: midgame, opening, emergency: false
[DEBUG] 16:31:38.076 [AiEngine] Using JS Search
[DEBUG] 16:31:38.076 [AiEngine] Adaptive time: 500ms, depth: 4, reason: midgame, opening, emergency: false
[DEBUG] 16:31:38.076 [AiEngine] Using JS Search
[DEBUG] 16:31:38.076 [AiEngine] Adaptive time: 500ms, depth: 4, reason: midgame, opening, in-check, emergency: false
[DEBUG] 16:31:38.076 [AiEngine] Using JS Search
[DEBUG] 16:31:38.077 [AiEngine] Adaptive time: 500ms, depth: 4, reason: midgame, opening, emergency: false
[DEBUG] 16:31:38.077 [AiEngine] Using JS Search
[DEBUG] 16:31:38.100 [AiEngine] Adaptive time: 500ms, depth: 4, reason: midgame, opening, emergency: false
[DEBUG] 16:31:38.100 [AiEngine] Using JS Search
[DEBUG] 16:31:38.368 [AiEngine] Adaptive time: 500ms, depth: 4, reason: midgame, opening, emergency: false
[DEBUG] 16:31:38.368 [AiEngine] Using JS Search
[DEBUG] 16:31:38.719 [AiEngine] Adaptive time: 500ms, depth: 4, reason: midgame, opening, emergency: false
[DEBUG] 16:31:38.719 [AiEngine] Using JS Search
[DEBUG] 16:31:39.057 [AiEngine] Adaptive time: 500ms, depth: 4, reason: midgame, opening, emergency: false
[DEBUG] 16:31:39.057 [AiEngine] Using JS Search
[DEBUG] 16:31:39.634 [AiEngine] Adaptive time: 500ms, depth: 4, reason: midgame, opening, emergency: false
[DEBUG] 16:31:39.634 [AiEngine] Using JS Search
[DEBUG] 16:31:39.832 [AiEngine] Adaptive time: 500ms, depth: 4, reason: midgame, opening, emergency: false
[DEBUG] 16:31:39.832 [AiEngine] Using JS Search
[DEBUG] 16:31:40.177 [AiEngine] Adaptive time: 500ms, depth: 4, reason: midgame, opening, emergency: false
[DEBUG] 16:31:40.177 [AiEngine] Using JS Search
[DEBUG] 16:31:40.410 [AiEngine] Adaptive time: 500ms, depth: 4, reason: midgame, opening, emergency: false
[DEBUG] 16:31:40.410 [AiEngine] Using JS Search
[DEBUG] 16:31:40.581 [AiEngine] Adaptive time: 500ms, depth: 4, reason: midgame, opening, emergency: false
[DEBUG] 16:31:40.581 [AiEngine] Using JS Search
[DEBUG] 16:31:40.677 [AiEngine] Adaptive time: 500ms, depth: 4, reason: midgame, opening, tactical, emergency: false
[DEBUG] 16:31:40.677 [AiEngine] Using JS Search
[DEBUG] 16:31:40.743 [AiEngine] Adaptive time: 500ms, depth: 4, reason: midgame, opening, emergency: false
[DEBUG] 16:31:40.743 [AiEngine] Using JS Search
[DEBUG] 16:31:41.013 [AiEngine] Adaptive time: 500ms, depth: 4, reason: midgame, opening, emergency: false
[DEBUG] 16:31:41.013 [AiEngine] Using JS Search
[DEBUG] 16:31:41.172 [AiEngine] Adaptive time: 500ms, depth: 4, reason: midgame, opening, emergency: false
[DEBUG] 16:31:41.172 [AiEngine] Using JS Search
[DEBUG] 16:31:41.362 [AiEngine] Adaptive time: 500ms, depth: 4, reason: midgame, opening, emergency: false
[DEBUG] 16:31:41.362 [AiEngine] Using JS Search
[DEBUG] 16:31:41.484 [AiEngine] Adaptive time: 500ms, depth: 4, reason: midgame, opening, tactical, emergency: false
[DEBUG] 16:31:41.484 [AiEngine] Using JS Search
[DEBUG] 16:31:41.689 [AiEngine] Adaptive time: 500ms, depth: 4, reason: midgame, opening, emergency: false
[DEBUG] 16:31:41.689 [AiEngine] Using JS Search
[DEBUG] 16:31:41.720 [AiEngine] Adaptive time: 500ms, depth: 4, reason: midgame, opening, tactical, emergency: false
[DEBUG] 16:31:41.720 [AiEngine] Using JS Search
[DEBUG] 16:31:41.944 [AiEngine] Adaptive time: 500ms, depth: 4, reason: midgame, opening, emergency: false
[DEBUG] 16:31:41.944 [AiEngine] Using JS Search
[DEBUG] 16:31:41.969 [AiEngine] Adaptive time: 500ms, depth: 4, reason: midgame, opening, tactical, emergency: false
[DEBUG] 16:31:41.969 [AiEngine] Using JS Search
[DEBUG] 16:31:42.239 [AiEngine] Adaptive time: 500ms, depth: 4, reason: midgame, opening, emergency: false
[DEBUG] 16:31:42.239 [AiEngine] Using JS Search
[DEBUG] 16:31:42.271 [AiEngine] Adaptive time: 500ms, depth: 4, reason: midgame, opening, tactical, emergency: false
[DEBUG] 16:31:42.271 [AiEngine] Using JS Search
[DEBUG] 16:31:42.364 [AiEngine] Adaptive time: 500ms, depth: 4, reason: midgame, opening, emergency: false
[DEBUG] 16:31:42.364 [AiEngine] Using JS Search
[DEBUG] 16:31:42.394 [AiEngine] Adaptive time: 500ms, depth: 4, reason: midgame, opening, emergency: false
[DEBUG] 16:31:42.394 [AiEngine] Using JS Search
[DEBUG] 16:31:42.509 [AiEngine] Adaptive time: 500ms, depth: 4, reason: midgame, opening, emergency: false
[DEBUG] 16:31:42.509 [AiEngine] Using JS Search
[DEBUG] 16:31:42.537 [AiEngine] Adaptive time: 500ms, depth: 4, reason: midgame, opening, tactical, emergency: false
[DEBUG] 16:31:42.537 [AiEngine] Using JS Search
[DEBUG] 16:31:42.542 [AiEngine] Adaptive time: 500ms, depth: 4, reason: midgame, opening, in-check, emergency: false
[DEBUG] 16:31:42.542 [AiEngine] Using JS Search
[DEBUG] 16:31:42.544 [AiEngine] Adaptive time: 500ms, depth: 4, reason: midgame, opening, tactical, emergency: false
[DEBUG] 16:31:42.544 [AiEngine] Using JS Search
[DEBUG] 16:31:42.545 [AiEngine] Adaptive time: 500ms, depth: 4, reason: midgame, opening, in-check, emergency: false
[DEBUG] 16:31:42.546 [AiEngine] Using JS Search
[DEBUG] 16:31:42.547 [AiEngine] Adaptive time: 500ms, depth: 4, reason: midgame, opening, tactical, emergency: false
[DEBUG] 16:31:42.547 [AiEngine] Using JS Search
[DEBUG] 16:31:42.548 [AiEngine] Adaptive time: 500ms, depth: 4, reason: midgame, opening, emergency: false
[DEBUG] 16:31:42.548 [AiEngine] Using JS Search
[DEBUG] 16:31:42.571 [AiEngine] Adaptive time: 500ms, depth: 4, reason: midgame, opening, tactical, emergency: false
[DEBUG] 16:31:42.571 [AiEngine] Using JS Search
[DEBUG] 16:31:42.572 [AiEngine] Adaptive time: 500ms, depth: 4, reason: midgame, opening, emergency: false
[DEBUG] 16:31:42.572 [AiEngine] Using JS Search
[DEBUG] 16:31:42.629 [AiEngine] Adaptive time: 500ms, depth: 4, reason: midgame, opening, emergency: false
[DEBUG] 16:31:42.629 [AiEngine] Using JS Search
[DEBUG] 16:31:42.630 [AiEngine] Adaptive time: 500ms, depth: 4, reason: midgame, opening, emergency: false
[DEBUG] 16:31:42.630 [AiEngine] Using JS Search
[DEBUG] 16:31:42.703 [AiEngine] Adaptive time: 500ms, depth: 4, reason: midgame, opening, tactical, emergency: false
[DEBUG] 16:31:42.703 [AiEngine] Using JS Search
[DEBUG] 16:31:42.703 [AiEngine] Adaptive time: 500ms, depth: 4, reason: midgame, opening, emergency: false
[DEBUG] 16:31:42.704 [AiEngine] Using JS Search
[DEBUG] 16:31:42.801 [AiEngine] Adaptive time: 500ms, depth: 4, reason: midgame, opening, tactical, emergency: false
[DEBUG] 16:31:42.801 [AiEngine] Using JS Search
[DEBUG] 16:31:42.802 [AiEngine] Adaptive time: 500ms, depth: 4, reason: midgame, opening, emergency: false
[DEBUG] 16:31:42.802 [AiEngine] Using JS Search
[DEBUG] 16:31:42.847 [AiEngine] Adaptive time: 500ms, depth: 4, reason: midgame, opening, tactical, emergency: false
[DEBUG] 16:31:42.847 [AiEngine] Using JS Search
[DEBUG] 16:31:42.856 [AiEngine] Adaptive time: 3000ms, depth: 5, reason: midgame, emergency: false
[DEBUG] 16:31:42.856 [AiEngine] Using JS Search
[DEBUG] 16:31:42.909 [AiEngine] Adaptive time: 3000ms, depth: 5, reason: midgame, tactical, emergency: false
[DEBUG] 16:31:42.909 [AiEngine] Using JS Search
[DEBUG] 16:31:42.923 [AiEngine] Adaptive time: 3000ms, depth: 5, reason: standard, emergency: false
[DEBUG] 16:31:42.923 [AiEngine] Using JS Search
[DEBUG] 16:31:42.967 [AiEngine] Adaptive time: 3000ms, depth: 5, reason: tactical, emergency: false
[DEBUG] 16:31:42.967 [AiEngine] Using JS Search
[DEBUG] 16:31:42.969 [AiEngine] Adaptive time: 3000ms, depth: 5, reason: in-check, emergency: false
[DEBUG] 16:31:42.969 [AiEngine] Using JS Search
[DEBUG] 16:31:43.030 [AiEngine] Adaptive time: 3000ms, depth: 5, reason: standard, emergency: false
[DEBUG] 16:31:43.031 [AiEngine] Using JS Search
[DEBUG] 16:31:43.036 [AiEngine] Adaptive time: 3000ms, depth: 5, reason: standard, emergency: false
[DEBUG] 16:31:43.036 [AiEngine] Using JS Search
[DEBUG] 16:31:43.097 [AiEngine] Adaptive time: 3000ms, depth: 5, reason: standard, emergency: false
[DEBUG] 16:31:43.098 [AiEngine] Using JS Search
[DEBUG] 16:31:43.105 [AiEngine] Adaptive time: 3000ms, depth: 5, reason: standard, emergency: false
[DEBUG] 16:31:43.105 [AiEngine] Using JS Search
[DEBUG] 16:31:43.269 [AiEngine] Adaptive time: 3000ms, depth: 5, reason: standard, emergency: false
[DEBUG] 16:31:43.269 [AiEngine] Using JS Search
[DEBUG] 16:31:43.277 [AiEngine] Adaptive time: 3000ms, depth: 5, reason: standard, emergency: false
[DEBUG] 16:31:43.277 [AiEngine] Using JS Search
[DEBUG] 16:31:43.379 [AiEngine] Adaptive time: 3000ms, depth: 5, reason: standard, emergency: false
[DEBUG] 16:31:43.379 [AiEngine] Using JS Search
[DEBUG] 16:31:43.389 [AiEngine] Adaptive time: 3000ms, depth: 5, reason: standard, emergency: false
[DEBUG] 16:31:43.389 [AiEngine] Using JS Search
[DEBUG] 16:31:43.545 [AiEngine] Adaptive time: 3000ms, depth: 5, reason: tactical, emergency: false
[DEBUG] 16:31:43.546 [AiEngine] Using JS Search
[DEBUG] 16:31:43.554 [AiEngine] Adaptive time: 3000ms, depth: 5, reason: standard, emergency: false
[DEBUG] 16:31:43.554 [AiEngine] Using JS Search
[DEBUG] 16:31:43.677 [AiEngine] Adaptive time: 3000ms, depth: 5, reason: tactical, emergency: false
[DEBUG] 16:31:43.677 [AiEngine] Using JS Search
[DEBUG] 16:31:43.680 [AiEngine] Adaptive time: 3000ms, depth: 5, reason: in-check, emergency: false
[DEBUG] 16:31:43.680 [AiEngine] Using JS Search
[DEBUG] 16:31:43.697 [AiEngine] Adaptive time: 3000ms, depth: 5, reason: standard, emergency: false
[DEBUG] 16:31:43.697 [AiEngine] Using JS Search
[DEBUG] 16:31:43.702 [AiEngine] Adaptive time: 3000ms, depth: 5, reason: standard, emergency: false
[DEBUG] 16:31:43.702 [AiEngine] Using JS Search
[DEBUG] 16:31:43.715 [AiEngine] Adaptive time: 3000ms, depth: 5, reason: tactical, emergency: false
[DEBUG] 16:31:43.715 [AiEngine] Using JS Search
[DEBUG] 16:31:43.770 [AiEngine] Adaptive time: 3000ms, depth: 5, reason: standard, emergency: false
[DEBUG] 16:31:43.770 [AiEngine] Using JS Search
[DEBUG] 16:31:43.784 [AiEngine] Adaptive time: 3000ms, depth: 5, reason: standard, emergency: false
[DEBUG] 16:31:43.784 [AiEngine] Using JS Search
[DEBUG] 16:31:43.816 [AiEngine] Adaptive time: 3000ms, depth: 5, reason: standard, emergency: false
[DEBUG] 16:31:43.816 [AiEngine] Using JS Search
[DEBUG] 16:31:43.824 [AiEngine] Adaptive time: 3000ms, depth: 5, reason: standard, emergency: false
[DEBUG] 16:31:43.824 [AiEngine] Using JS Search
[DEBUG] 16:31:43.890 [AiEngine] Adaptive time: 3000ms, depth: 5, reason: standard, emergency: false
[DEBUG] 16:31:43.890 [AiEngine] Using JS Search
[DEBUG] 16:31:43.904 [AiEngine] Adaptive time: 3000ms, depth: 5, reason: standard, emergency: false
[DEBUG] 16:31:43.904 [AiEngine] Using JS Search
[DEBUG] 16:31:43.985 [AiEngine] Adaptive time: 3000ms, depth: 5, reason: standard, emergency: false
[DEBUG] 16:31:43.985 [AiEngine] Using JS Search
[DEBUG] 16:31:43.999 [AiEngine] Adaptive time: 3000ms, depth: 5, reason: standard, emergency: false
[DEBUG] 16:31:43.999 [AiEngine] Using JS Search
[DEBUG] 16:31:44.057 [AiEngine] Adaptive time: 3000ms, depth: 5, reason: standard, emergency: false
[DEBUG] 16:31:44.057 [AiEngine] Using JS Search
[DEBUG] 16:31:44.068 [AiEngine] Adaptive time: 3000ms, depth: 5, reason: standard, emergency: false
[DEBUG] 16:31:44.068 [AiEngine] Using JS Search
[DEBUG] 16:31:44.122 [AiEngine] Adaptive time: 3000ms, depth: 5, reason: standard, emergency: false
[DEBUG] 16:31:44.122 [AiEngine] Using JS Search
[DEBUG] 16:31:44.133 [AiEngine] Adaptive time: 3000ms, depth: 5, reason: standard, emergency: false
[DEBUG] 16:31:44.133 [AiEngine] Using JS Search
[DEBUG] 16:31:44.237 [AiEngine] Adaptive time: 3000ms, depth: 5, reason: standard, emergency: false
[DEBUG] 16:31:44.237 [AiEngine] Using JS Search
[DEBUG] 16:31:44.249 [AiEngine] Adaptive time: 3000ms, depth: 5, reason: standard, emergency: false
[DEBUG] 16:31:44.249 [AiEngine] Using JS Search
[DEBUG] 16:31:44.312 [AiEngine] Adaptive time: 3000ms, depth: 5, reason: standard, emergency: false
[DEBUG] 16:31:44.312 [AiEngine] Using JS Search
[DEBUG] 16:31:44.325 [AiEngine] Adaptive time: 3000ms, depth: 5, reason: standard, emergency: false
[DEBUG] 16:31:44.325 [AiEngine] Using JS Search
[DEBUG] 16:31:44.409 [AiEngine] Adaptive time: 3000ms, depth: 5, reason: standard, emergency: false
[DEBUG] 16:31:44.409 [AiEngine] Using JS Search
[DEBUG] 16:31:44.420 [AiEngine] Adaptive time: 3000ms, depth: 5, reason: standard, emergency: false
[DEBUG] 16:31:44.420 [AiEngine] Using JS Search
[DEBUG] 16:31:44.426 [AiEngine] Adaptive time: 3000ms, depth: 5, reason: endgame, emergency: false
[DEBUG] 16:31:44.426 [AiEngine] Using JS Search
[DEBUG] 16:31:44.435 [AiEngine] Adaptive time: 3000ms, depth: 5, reason: endgame, emergency: false
[DEBUG] 16:31:44.435 [AiEngine] Using JS Search
[DEBUG] 16:31:44.445 [AiEngine] Adaptive time: 3000ms, depth: 5, reason: endgame, emergency: false
[DEBUG] 16:31:44.445 [AiEngine] Using JS Search
[DEBUG] 16:31:44.457 [AiEngine] Adaptive time: 3000ms, depth: 5, reason: endgame, emergency: false
[DEBUG] 16:31:44.457 [AiEngine] Using JS Search
[DEBUG] 16:31:44.467 [AiEngine] Adaptive time: 3000ms, depth: 5, reason: endgame, emergency: false
[DEBUG] 16:31:44.467 [AiEngine] Using JS Search
[DEBUG] 16:31:44.478 [AiEngine] Adaptive time: 3000ms, depth: 5, reason: endgame, tactical, emergency: false
[DEBUG] 16:31:44.479 [AiEngine] Using JS Search
[DEBUG] 16:31:44.497 [AiEngine] Adaptive time: 3000ms, depth: 5, reason: endgame, emergency: false
[DEBUG] 16:31:44.497 [AiEngine] Using JS Search
[DEBUG] 16:31:44.511 [AiEngine] Adaptive time: 3000ms, depth: 5, reason: endgame, emergency: false
[DEBUG] 16:31:44.511 [AiEngine] Using JS Search
[DEBUG] 16:31:44.522 [AiEngine] Adaptive time: 3000ms, depth: 5, reason: endgame, emergency: false
[DEBUG] 16:31:44.522 [AiEngine] Using JS Search
[DEBUG] 16:31:44.533 [AiEngine] Adaptive time: 3000ms, depth: 5, reason: endgame, emergency: false
[DEBUG] 16:31:44.533 [AiEngine] Using JS Search
[DEBUG] 16:31:44.543 [AiEngine] Adaptive time: 3000ms, depth: 5, reason: endgame, emergency: false
[DEBUG] 16:31:44.543 [AiEngine] Using JS Search
[DEBUG] 16:31:44.553 [AiEngine] Adaptive time: 3000ms, depth: 5, reason: endgame, emergency: false
[DEBUG] 16:31:44.553 [AiEngine] Using JS Search
[DEBUG] 16:31:44.563 [AiEngine] Adaptive time: 3000ms, depth: 5, reason: endgame, emergency: false
[DEBUG] 16:31:44.563 [AiEngine] Using JS Search
[DEBUG] 16:31:44.574 [AiEngine] Adaptive time: 3000ms, depth: 5, reason: endgame, emergency: false
[DEBUG] 16:31:44.574 [AiEngine] Using JS Search
[DEBUG] 16:31:44.584 [AiEngine] Adaptive time: 3000ms, depth: 5, reason: endgame, emergency: false
[DEBUG] 16:31:44.584 [AiEngine] Using JS Search
[DEBUG] 16:31:44.593 [AiEngine] Adaptive time: 3000ms, depth: 5, reason: endgame, emergency: false
[DEBUG] 16:31:44.593 [AiEngine] Using JS Search
[DEBUG] 16:31:44.608 [AiEngine] Adaptive time: 3000ms, depth: 5, reason: endgame, emergency: false
[DEBUG] 16:31:44.608 [AiEngine] Using JS Search
[DEBUG] 16:31:44.617 [AiEngine] Adaptive time: 3000ms, depth: 5, reason: endgame, emergency: false
[DEBUG] 16:31:44.617 [AiEngine] Using JS Search
[DEBUG] 16:31:44.645 [AiEngine] Adaptive time: 3000ms, depth: 5, reason: endgame, emergency: false
[DEBUG] 16:31:44.645 [AiEngine] Using JS Search
[DEBUG] 16:31:44.652 [AiEngine] Adaptive time: 3000ms, depth: 5, reason: endgame, emergency: false
[DEBUG] 16:31:44.652 [AiEngine] Using JS Search
[DEBUG] 16:31:44.680 [AiEngine] Adaptive time: 3000ms, depth: 5, reason: endgame, emergency: false
[DEBUG] 16:31:44.680 [AiEngine] Using JS Search
[DEBUG] 16:31:44.691 [AiEngine] Adaptive time: 3000ms, depth: 5, reason: endgame, tactical, emergency: false
[DEBUG] 16:31:44.691 [AiEngine] Using JS Search
[DEBUG] 16:31:44.821 [AiEngine] Adaptive time: 500ms, depth: 4, reason: midgame, opening, emergency: false
[DEBUG] 16:31:44.821 [AiEngine] Using JS Search
[DEBUG] 16:31:44.859 [AiEngine] Adaptive time: 500ms, depth: 4, reason: midgame, opening, emergency: false
[DEBUG] 16:31:44.859 [AiEngine] Using JS Search
[DEBUG] 16:31:44.960 [AiEngine] Adaptive time: 500ms, depth: 4, reason: midgame, opening, emergency: false
[DEBUG] 16:31:44.960 [AiEngine] Using JS Search
[DEBUG] 16:31:45.170 [AiEngine] Adaptive time: 500ms, depth: 4, reason: midgame, opening, emergency: false
[DEBUG] 16:31:45.170 [AiEngine] Using JS Search
[DEBUG] 16:31:45.543 [AiEngine] Adaptive time: 500ms, depth: 4, reason: midgame, opening, emergency: false
[DEBUG] 16:31:45.544 [AiEngine] Using JS Search
[DEBUG] 16:31:45.867 [AiEngine] Adaptive time: 500ms, depth: 4, reason: midgame, opening, emergency: false
[DEBUG] 16:31:45.867 [AiEngine] Using JS Search
[DEBUG] 16:31:46.440 [AiEngine] Adaptive time: 500ms, depth: 4, reason: midgame, opening, tactical, emergency: false
[DEBUG] 16:31:46.440 [AiEngine] Using JS Search
[DEBUG] 16:31:46.957 [AiEngine] Adaptive time: 500ms, depth: 4, reason: midgame, opening, emergency: false
[DEBUG] 16:31:46.958 [AiEngine] Using JS Search
[DEBUG] 16:31:47.354 [AiEngine] Adaptive time: 500ms, depth: 4, reason: midgame, opening, tactical, emergency: false
[DEBUG] 16:31:47.354 [AiEngine] Using JS Search
[DEBUG] 16:31:47.523 [AiEngine] Adaptive time: 500ms, depth: 4, reason: midgame, opening, tactical, emergency: false
[DEBUG] 16:31:47.523 [AiEngine] Using JS Search
[DEBUG] 16:31:47.879 [AiEngine] Adaptive time: 500ms, depth: 4, reason: midgame, opening, emergency: false
[DEBUG] 16:31:47.879 [AiEngine] Using JS Search
[DEBUG] 16:31:48.217 [AiEngine] Adaptive time: 500ms, depth: 4, reason: midgame, opening, tactical, emergency: false
[DEBUG] 16:31:48.217 [AiEngine] Using JS Search
[DEBUG] 16:31:48.373 [AiEngine] Adaptive time: 500ms, depth: 4, reason: midgame, opening, emergency: false
[DEBUG] 16:31:48.373 [AiEngine] Using JS Search
[DEBUG] 16:31:48.468 [AiEngine] Adaptive time: 500ms, depth: 4, reason: midgame, opening, tactical, emergency: false
[DEBUG] 16:31:48.468 [AiEngine] Using JS Search
[DEBUG] 16:31:48.516 [AiEngine] Adaptive time: 500ms, depth: 4, reason: midgame, opening, emergency: false
[DEBUG] 16:31:48.516 [AiEngine] Using JS Search
[DEBUG] 16:31:48.611 [AiEngine] Adaptive time: 500ms, depth: 4, reason: midgame, opening, tactical, emergency: false
[DEBUG] 16:31:48.611 [AiEngine] Using JS Search
[DEBUG] 16:31:48.700 [AiEngine] Adaptive time: 500ms, depth: 4, reason: midgame, opening, emergency: false
[DEBUG] 16:31:48.700 [AiEngine] Using JS Search
[DEBUG] 16:31:48.764 [AiEngine] Adaptive time: 500ms, depth: 4, reason: midgame, opening, tactical, emergency: false
[DEBUG] 16:31:48.764 [AiEngine] Using JS Search
[DEBUG] 16:31:48.880 [AiEngine] Adaptive time: 500ms, depth: 4, reason: midgame, opening, emergency: false
[DEBUG] 16:31:48.880 [AiEngine] Using JS Search
[DEBUG] 16:31:48.943 [AiEngine] Adaptive time: 500ms, depth: 4, reason: midgame, opening, tactical, emergency: false
[DEBUG] 16:31:48.943 [AiEngine] Using JS Search
[DEBUG] 16:31:49.068 [AiEngine] Adaptive time: 500ms, depth: 4, reason: midgame, opening, emergency: false
[DEBUG] 16:31:49.068 [AiEngine] Using JS Search
[DEBUG] 16:31:49.133 [AiEngine] Adaptive time: 500ms, depth: 4, reason: midgame, opening, tactical, emergency: false
[DEBUG] 16:31:49.133 [AiEngine] Using JS Search
[DEBUG] 16:31:49.332 [AiEngine] Adaptive time: 500ms, depth: 4, reason: midgame, opening, emergency: false
[DEBUG] 16:31:49.332 [AiEngine] Using JS Search
[DEBUG] 16:31:49.432 [AiEngine] Adaptive time: 500ms, depth: 4, reason: midgame, opening, tactical, emergency: false
[DEBUG] 16:31:49.432 [AiEngine] Using JS Search
[DEBUG] 16:31:49.460 [AiEngine] Adaptive time: 500ms, depth: 4, reason: midgame, opening, in-check, emergency: false
[DEBUG] 16:31:49.460 [AiEngine] Using JS Search
[DEBUG] 16:31:49.469 [AiEngine] Adaptive time: 500ms, depth: 4, reason: midgame, opening, tactical, emergency: false
[DEBUG] 16:31:49.469 [AiEngine] Using JS Search
[DEBUG] 16:31:49.678 [AiEngine] Adaptive time: 500ms, depth: 4, reason: midgame, opening, tactical, emergency: false
[DEBUG] 16:31:49.678 [AiEngine] Using JS Search
[DEBUG] 16:31:49.709 [AiEngine] Adaptive time: 500ms, depth: 4, reason: midgame, opening, tactical, emergency: false
[DEBUG] 16:31:49.709 [AiEngine] Using JS Search
[DEBUG] 16:31:49.711 [AiEngine] Adaptive time: 500ms, depth: 4, reason: midgame, opening, emergency: false
[DEBUG] 16:31:49.711 [AiEngine] Using JS Search
[DEBUG] 16:31:49.769 [AiEngine] Adaptive time: 500ms, depth: 4, reason: midgame, opening, tactical, emergency: false
[DEBUG] 16:31:49.769 [AiEngine] Using JS Search
[DEBUG] 16:31:49.771 [AiEngine] Adaptive time: 500ms, depth: 4, reason: midgame, opening, emergency: false
[DEBUG] 16:31:49.772 [AiEngine] Using JS Search
[DEBUG] 16:31:49.819 [AiEngine] Adaptive time: 500ms, depth: 4, reason: midgame, opening, tactical, emergency: false
[DEBUG] 16:31:49.819 [AiEngine] Using JS Search
[DEBUG] 16:31:49.820 [AiEngine] Adaptive time: 500ms, depth: 4, reason: midgame, opening, emergency: false
[DEBUG] 16:31:49.820 [AiEngine] Using JS Search
[DEBUG] 16:31:49.888 [AiEngine] Adaptive time: 500ms, depth: 4, reason: midgame, opening, tactical, emergency: false
[DEBUG] 16:31:49.889 [AiEngine] Using JS Search
[DEBUG] 16:31:49.891 [AiEngine] Adaptive time: 500ms, depth: 4, reason: midgame, opening, emergency: false
[DEBUG] 16:31:49.891 [AiEngine] Using JS Search
[DEBUG] 16:31:49.978 [AiEngine] Adaptive time: 500ms, depth: 4, reason: midgame, opening, tactical, emergency: false
[DEBUG] 16:31:49.978 [AiEngine] Using JS Search
[DEBUG] 16:31:49.983 [AiEngine] Adaptive time: 500ms, depth: 4, reason: midgame, opening, in-check, emergency: false
[DEBUG] 16:31:49.983 [AiEngine] Using JS Search
[DEBUG] 16:31:50.007 [AiEngine] Adaptive time: 500ms, depth: 4, reason: midgame, opening, emergency: false
[DEBUG] 16:31:50.007 [AiEngine] Using JS Search
[DEBUG] 16:31:50.008 [AiEngine] Adaptive time: 500ms, depth: 4, reason: midgame, opening, emergency: false
[DEBUG] 16:31:50.008 [AiEngine] Using JS Search
[DEBUG] 16:31:50.217 [AiEngine] Adaptive time: 500ms, depth: 4, reason: midgame, opening, tactical, emergency: false
[DEBUG] 16:31:50.217 [AiEngine] Using JS Search
[DEBUG] 16:31:50.218 [AiEngine] Adaptive time: 3000ms, depth: 5, reason: midgame, emergency: false
[DEBUG] 16:31:50.218 [AiEngine] Using JS Search
[DEBUG] 16:31:50.627 [AiEngine] Adaptive time: 3000ms, depth: 5, reason: midgame, tactical, emergency: false
[DEBUG] 16:31:50.627 [AiEngine] Using JS Search
[DEBUG] 16:31:50.629 [AiEngine] Adaptive time: 3000ms, depth: 5, reason: midgame, emergency: false
[DEBUG] 16:31:50.629 [AiEngine] Using JS Search
[DEBUG] 16:31:50.884 [AiEngine] Adaptive time: 3000ms, depth: 5, reason: midgame, tactical, emergency: false
[DEBUG] 16:31:50.884 [AiEngine] Using JS Search
[DEBUG] 16:31:50.886 [AiEngine] Adaptive time: 3000ms, depth: 5, reason: midgame, emergency: false
[DEBUG] 16:31:50.886 [AiEngine] Using JS Search
[DEBUG] 16:31:51.018 [AiEngine] Adaptive time: 3000ms, depth: 5, reason: midgame, in-check, emergency: false
[DEBUG] 16:31:51.018 [AiEngine] Using JS Search
[DEBUG] 16:31:51.019 [AiEngine] Adaptive time: 3000ms, depth: 5, reason: midgame, emergency: false
[DEBUG] 16:31:51.019 [AiEngine] Using JS Search
[DEBUG] 16:31:51.171 [AiEngine] Adaptive time: 3000ms, depth: 5, reason: midgame, emergency: false
[DEBUG] 16:31:51.171 [AiEngine] Using JS Search
[DEBUG] 16:31:51.172 [AiEngine] Adaptive time: 3000ms, depth: 5, reason: midgame, emergency: false
[DEBUG] 16:31:51.172 [AiEngine] Using JS Search
[DEBUG] 16:31:51.311 [AiEngine] Adaptive time: 3000ms, depth: 5, reason: midgame, emergency: false
[DEBUG] 16:31:51.311 [AiEngine] Using JS Search
[DEBUG] 16:31:51.312 [AiEngine] Adaptive time: 3000ms, depth: 5, reason: midgame, emergency: false
[DEBUG] 16:31:51.312 [AiEngine] Using JS Search
[DEBUG] 16:31:51.554 [AiEngine] Adaptive time: 3000ms, depth: 5, reason: midgame, emergency: false
[DEBUG] 16:31:51.555 [AiEngine] Using JS Search
[DEBUG] 16:31:51.557 [AiEngine] Adaptive time: 3000ms, depth: 5, reason: midgame, emergency: false
[DEBUG] 16:31:51.557 [AiEngine] Using JS Search
[DEBUG] 16:31:51.830 [AiEngine] Adaptive time: 3000ms, depth: 5, reason: midgame, emergency: false
[DEBUG] 16:31:51.830 [AiEngine] Using JS Search
[DEBUG] 16:31:51.831 [AiEngine] Adaptive time: 3000ms, depth: 5, reason: midgame, tactical, emergency: false
[DEBUG] 16:31:51.832 [AiEngine] Using JS Search
[DEBUG] 16:31:51.973 [AiEngine] Adaptive time: 3000ms, depth: 5, reason: midgame, emergency: false
[DEBUG] 16:31:51.973 [AiEngine] Using JS Search
[DEBUG] 16:31:51.976 [AiEngine] Adaptive time: 3000ms, depth: 5, reason: midgame, tactical, emergency: false
[DEBUG] 16:31:51.976 [AiEngine] Using JS Search
[DEBUG] 16:31:52.208 [AiEngine] Adaptive time: 3000ms, depth: 5, reason: in-check, emergency: false
[DEBUG] 16:31:52.208 [AiEngine] Using JS Search
[DEBUG] 16:31:52.232 [AiEngine] Adaptive time: 3000ms, depth: 5, reason: tactical, emergency: false
[DEBUG] 16:31:52.233 [AiEngine] Using JS Search
[DEBUG] 16:31:52.427 [AiEngine] Adaptive time: 3000ms, depth: 5, reason: standard, emergency: false
[DEBUG] 16:31:52.428 [AiEngine] Using JS Search
[DEBUG] 16:31:52.444 [AiEngine] Adaptive time: 3000ms, depth: 5, reason: tactical, emergency: false
[DEBUG] 16:31:52.444 [AiEngine] Using JS Search
[DEBUG] 16:31:52.497 [AiEngine] Adaptive time: 3000ms, depth: 5, reason: in-check, emergency: false
[DEBUG] 16:31:52.497 [AiEngine] Using JS Search
[DEBUG] 16:31:52.519 [AiEngine] Adaptive time: 3000ms, depth: 5, reason: tactical, emergency: false
[DEBUG] 16:31:52.520 [AiEngine] Using JS Search
[DEBUG] 16:31:52.658 [AiEngine] Adaptive time: 3000ms, depth: 5, reason: standard, emergency: false
[DEBUG] 16:31:52.658 [AiEngine] Using JS Search
[DEBUG] 16:31:52.763 [AiEngine] Adaptive time: 3000ms, depth: 5, reason: standard, emergency: false
[DEBUG] 16:31:52.763 [AiEngine] Using JS Search
[DEBUG] 16:31:52.908 [AiEngine] Adaptive time: 3000ms, depth: 5, reason: standard, emergency: false
[DEBUG] 16:31:52.908 [AiEngine] Using JS Search
[DEBUG] 16:31:52.987 [AiEngine] Adaptive time: 3000ms, depth: 5, reason: standard, emergency: false
[DEBUG] 16:31:52.987 [AiEngine] Using JS Search
[DEBUG] 16:31:53.172 [AiEngine] Adaptive time: 3000ms, depth: 5, reason: standard, emergency: false
[DEBUG] 16:31:53.172 [AiEngine] Using JS Search
[DEBUG] 16:31:53.250 [AiEngine] Adaptive time: 3000ms, depth: 5, reason: in-check, emergency: false
[DEBUG] 16:31:53.251 [AiEngine] Using JS Search
[DEBUG] 16:31:53.544 [AiEngine] Adaptive time: 3000ms, depth: 5, reason: standard, emergency: false
[DEBUG] 16:31:53.545 [AiEngine] Using JS Search
[DEBUG] 16:31:53.612 [AiEngine] Adaptive time: 3000ms, depth: 5, reason: standard, emergency: false
[DEBUG] 16:31:53.612 [AiEngine] Using JS Search
[DEBUG] 16:31:53.753 [AiEngine] Adaptive time: 3000ms, depth: 5, reason: standard, emergency: false
[DEBUG] 16:31:53.753 [AiEngine] Using JS Search
[DEBUG] 16:31:53.927 [AiEngine] Adaptive time: 3000ms, depth: 5, reason: standard, emergency: false
[DEBUG] 16:31:53.927 [AiEngine] Using JS Search
[DEBUG] 16:31:54.002 [AiEngine] Adaptive time: 3000ms, depth: 5, reason: standard, emergency: false
[DEBUG] 16:31:54.002 [AiEngine] Using JS Search
[DEBUG] 16:31:54.146 [AiEngine] Adaptive time: 3000ms, depth: 5, reason: standard, emergency: false
[DEBUG] 16:31:54.146 [AiEngine] Using JS Search
[DEBUG] 16:31:54.242 [AiEngine] Adaptive time: 3000ms, depth: 5, reason: standard, emergency: false
[DEBUG] 16:31:54.242 [AiEngine] Using JS Search
[DEBUG] 16:31:54.358 [AiEngine] Adaptive time: 3000ms, depth: 5, reason: standard, emergency: false
[DEBUG] 16:31:54.358 [AiEngine] Using JS Search
[DEBUG] 16:31:54.426 [AiEngine] Adaptive time: 3000ms, depth: 5, reason: standard, emergency: false
[DEBUG] 16:31:54.426 [AiEngine] Using JS Search
[DEBUG] 16:31:54.480 [AiEngine] Adaptive time: 3000ms, depth: 5, reason: endgame, emergency: false
[DEBUG] 16:31:54.481 [AiEngine] Using JS Search
[DEBUG] 16:31:54.629 [AiEngine] Adaptive time: 3000ms, depth: 5, reason: endgame, emergency: false
[DEBUG] 16:31:54.629 [AiEngine] Using JS Search
[DEBUG] 16:31:54.696 [AiEngine] Adaptive time: 3000ms, depth: 5, reason: endgame, tactical, emergency: false
[DEBUG] 16:31:54.696 [AiEngine] Using JS Search
[DEBUG] 16:31:54.705 [AiEngine] Adaptive time: 3000ms, depth: 5, reason: endgame, emergency: false
[DEBUG] 16:31:54.705 [AiEngine] Using JS Search
[DEBUG] 16:31:54.717 [AiEngine] Adaptive time: 3000ms, depth: 5, reason: endgame, emergency: false
[DEBUG] 16:31:54.718 [AiEngine] Using JS Search
[DEBUG] 16:31:54.725 [AiEngine] Adaptive time: 3000ms, depth: 5, reason: endgame, emergency: false
[DEBUG] 16:31:54.726 [AiEngine] Using JS Search
[DEBUG] 16:31:54.734 [AiEngine] Adaptive time: 3000ms, depth: 5, reason: endgame, tactical, emergency: false
[DEBUG] 16:31:54.734 [AiEngine] Using JS Search
[DEBUG] 16:31:54.738 [AiEngine] Adaptive time: 3000ms, depth: 5, reason: endgame, in-check, emergency: false
[DEBUG] 16:31:54.738 [AiEngine] Using JS Search
[DEBUG] 16:31:54.749 [AiEngine] Adaptive time: 3000ms, depth: 5, reason: endgame, emergency: false
[DEBUG] 16:31:54.749 [AiEngine] Using JS Search
[DEBUG] 16:31:54.779 [AiEngine] Adaptive time: 3000ms, depth: 5, reason: endgame, emergency: false
[DEBUG] 16:31:54.779 [AiEngine] Using JS Search
[DEBUG] 16:31:54.815 [AiEngine] Adaptive time: 3000ms, depth: 5, reason: endgame, emergency: false
[DEBUG] 16:31:54.815 [AiEngine] Using JS Search
[DEBUG] 16:31:54.817 [AiEngine] Adaptive time: 3000ms, depth: 5, reason: endgame, emergency: false
[DEBUG] 16:31:54.817 [AiEngine] Using JS Search
[DEBUG] 16:31:54.852 [AiEngine] Adaptive time: 3000ms, depth: 5, reason: endgame, in-check, emergency: false
[DEBUG] 16:31:54.852 [AiEngine] Using JS Search
[DEBUG] 16:31:54.873 [AiEngine] Adaptive time: 3000ms, depth: 5, reason: endgame, emergency: false
[DEBUG] 16:31:54.873 [AiEngine] Using JS Search
[DEBUG] 16:31:54.921 [AiEngine] Adaptive time: 3000ms, depth: 5, reason: endgame, emergency: false
[DEBUG] 16:31:54.921 [AiEngine] Using JS Search
[DEBUG] 16:31:54.926 [AiEngine] Adaptive time: 3000ms, depth: 5, reason: endgame, emergency: false
[DEBUG] 16:31:54.926 [AiEngine] Using JS Search
[DEBUG] 16:31:54.975 [AiEngine] Adaptive time: 3000ms, depth: 5, reason: endgame, emergency: false
[DEBUG] 16:31:54.975 [AiEngine] Using JS Search
[DEBUG] 16:31:55.002 [AiEngine] Adaptive time: 3000ms, depth: 5, reason: endgame, in-check, emergency: false
[DEBUG] 16:31:55.002 [AiEngine] Using JS Search
[DEBUG] 16:31:55.035 [AiEngine] Adaptive time: 3000ms, depth: 5, reason: endgame, tactical, emergency: false
[DEBUG] 16:31:55.035 [AiEngine] Using JS Search
[DEBUG] 16:31:55.039 [AiEngine] Adaptive time: 3000ms, depth: 5, reason: endgame, emergency: false
[DEBUG] 16:31:55.039 [AiEngine] Using JS Search
[DEBUG] 16:31:55.053 [AiEngine] Adaptive time: 3000ms, depth: 5, reason: endgame, emergency: false
[DEBUG] 16:31:55.053 [AiEngine] Using JS Search
[DEBUG] 16:31:55.056 [AiEngine] Adaptive time: 3000ms, depth: 5, reason: endgame, emergency: false
[DEBUG] 16:31:55.056 [AiEngine] Using JS Search
[DEBUG] 16:31:55.099 [AiEngine] Adaptive time: 500ms, depth: 4, reason: midgame, opening, emergency: false
[DEBUG] 16:31:55.099 [AiEngine] Using JS Search
[DEBUG] 16:31:55.125 [AiEngine] Adaptive time: 500ms, depth: 4, reason: midgame, opening, emergency: false
[DEBUG] 16:31:55.125 [AiEngine] Using JS Search
[DEBUG] 16:31:55.336 [AiEngine] Adaptive time: 500ms, depth: 4, reason: midgame, opening, emergency: false
[DEBUG] 16:31:55.336 [AiEngine] Using JS Search
[DEBUG] 16:31:55.581 [AiEngine] Adaptive time: 500ms, depth: 4, reason: midgame, opening, emergency: false
[DEBUG] 16:31:55.581 [AiEngine] Using JS Search
[DEBUG] 16:31:56.056 [AiEngine] Adaptive time: 500ms, depth: 4, reason: midgame, opening, emergency: false
[DEBUG] 16:31:56.057 [AiEngine] Using JS Search
[DEBUG] 16:31:56.132 [AiEngine] Adaptive time: 500ms, depth: 4, reason: midgame, opening, emergency: false
[DEBUG] 16:31:56.132 [AiEngine] Using JS Search
[DEBUG] 16:31:56.348 [AiEngine] Adaptive time: 500ms, depth: 4, reason: midgame, opening, emergency: false
[DEBUG] 16:31:56.348 [AiEngine] Using JS Search
[DEBUG] 16:31:56.415 [AiEngine] Adaptive time: 500ms, depth: 4, reason: midgame, opening, tactical, emergency: false
[DEBUG] 16:31:56.415 [AiEngine] Using JS Search
[DEBUG] 16:31:56.746 [AiEngine] Adaptive time: 500ms, depth: 4, reason: midgame, opening, emergency: false
[DEBUG] 16:31:56.746 [AiEngine] Using JS Search
[DEBUG] 16:31:57.447 [AiEngine] Adaptive time: 500ms, depth: 4, reason: midgame, opening, tactical, emergency: false
[DEBUG] 16:31:57.447 [AiEngine] Using JS Search
[DEBUG] 16:31:57.471 [AiEngine] Adaptive time: 500ms, depth: 4, reason: midgame, opening, emergency: false
[DEBUG] 16:31:57.471 [AiEngine] Using JS Search
[DEBUG] 16:31:57.632 [AiEngine] Adaptive time: 500ms, depth: 4, reason: midgame, opening, emergency: false
[DEBUG] 16:31:57.632 [AiEngine] Using JS Search
[DEBUG] 16:31:58.042 [AiEngine] Adaptive time: 500ms, depth: 4, reason: midgame, opening, tactical, emergency: false
[DEBUG] 16:31:58.042 [AiEngine] Using JS Search
[DEBUG] 16:31:58.443 [AiEngine] Adaptive time: 500ms, depth: 4, reason: midgame, opening, emergency: false
[DEBUG] 16:31:58.443 [AiEngine] Using JS Search
[DEBUG] 16:31:58.636 [AiEngine] Adaptive time: 500ms, depth: 4, reason: midgame, opening, tactical, emergency: false
[DEBUG] 16:31:58.636 [AiEngine] Using JS Search
[DEBUG] 16:31:58.904 [AiEngine] Adaptive time: 500ms, depth: 4, reason: midgame, opening, emergency: false
[DEBUG] 16:31:58.904 [AiEngine] Using JS Search
[DEBUG] 16:31:59.081 [AiEngine] Adaptive time: 500ms, depth: 4, reason: midgame, opening, emergency: false
[DEBUG] 16:31:59.081 [AiEngine] Using JS Search
[DEBUG] 16:31:59.405 [AiEngine] Adaptive time: 500ms, depth: 4, reason: midgame, opening, emergency: false
[DEBUG] 16:31:59.406 [AiEngine] Using JS Search
[DEBUG] 16:31:59.576 [AiEngine] Adaptive time: 500ms, depth: 4, reason: midgame, opening, tactical, emergency: false
[DEBUG] 16:31:59.577 [AiEngine] Using JS Search
[DEBUG] 16:31:59.970 [AiEngine] Adaptive time: 500ms, depth: 4, reason: midgame, opening, emergency: false
[DEBUG] 16:31:59.970 [AiEngine] Using JS Search
[DEBUG] 16:32:00.168 [AiEngine] Adaptive time: 500ms, depth: 4, reason: midgame, opening, tactical, emergency: false
[DEBUG] 16:32:00.168 [AiEngine] Using JS Search
[DEBUG] 16:32:00.821 [AiEngine] Adaptive time: 500ms, depth: 4, reason: midgame, opening, emergency: false
[DEBUG] 16:32:00.821 [AiEngine] Using JS Search
[DEBUG] 16:32:01.109 [AiEngine] Adaptive time: 500ms, depth: 4, reason: midgame, opening, tactical, emergency: false
[DEBUG] 16:32:01.109 [AiEngine] Using JS Search
[DEBUG] 16:32:01.282 [AiEngine] Adaptive time: 500ms, depth: 4, reason: midgame, opening, emergency: false
[DEBUG] 16:32:01.282 [AiEngine] Using JS Search
[DEBUG] 16:32:01.638 [AiEngine] Adaptive time: 500ms, depth: 4, reason: midgame, opening, tactical, emergency: false
[DEBUG] 16:32:01.638 [AiEngine] Using JS Search
[DEBUG] 16:32:01.935 [AiEngine] Adaptive time: 500ms, depth: 4, reason: midgame, opening, emergency: false
[DEBUG] 16:32:01.935 [AiEngine] Using JS Search
[DEBUG] 16:32:02.132 [AiEngine] Adaptive time: 500ms, depth: 4, reason: midgame, opening, tactical, emergency: false
[DEBUG] 16:32:02.133 [AiEngine] Using JS Search
[DEBUG] 16:32:02.296 [AiEngine] Adaptive time: 500ms, depth: 4, reason: midgame, opening, emergency: false
[DEBUG] 16:32:02.296 [AiEngine] Using JS Search
[DEBUG] 16:32:02.427 [AiEngine] Adaptive time: 500ms, depth: 4, reason: midgame, opening, tactical, emergency: false
[DEBUG] 16:32:02.427 [AiEngine] Using JS Search
[DEBUG] 16:32:02.538 [AiEngine] Adaptive time: 500ms, depth: 4, reason: midgame, opening, emergency: false
[DEBUG] 16:32:02.538 [AiEngine] Using JS Search
[DEBUG] 16:32:02.729 [AiEngine] Adaptive time: 500ms, depth: 4, reason: midgame, opening, tactical, emergency: false
[DEBUG] 16:32:02.729 [AiEngine] Using JS Search
[DEBUG] 16:32:02.815 [AiEngine] Adaptive time: 500ms, depth: 4, reason: midgame, opening, emergency: false
[DEBUG] 16:32:02.815 [AiEngine] Using JS Search
[DEBUG] 16:32:03.008 [AiEngine] Adaptive time: 500ms, depth: 4, reason: midgame, opening, tactical, emergency: false
[DEBUG] 16:32:03.008 [AiEngine] Using JS Search
[DEBUG] 16:32:03.203 [AiEngine] Adaptive time: 500ms, depth: 4, reason: midgame, opening, emergency: false
[DEBUG] 16:32:03.203 [AiEngine] Using JS Search
[DEBUG] 16:32:03.384 [AiEngine] Adaptive time: 500ms, depth: 4, reason: midgame, opening, tactical, emergency: false
[DEBUG] 16:32:03.384 [AiEngine] Using JS Search
[DEBUG] 16:32:03.834 [AiEngine] Adaptive time: 500ms, depth: 4, reason: midgame, opening, emergency: false
[DEBUG] 16:32:03.834 [AiEngine] Using JS Search
[DEBUG] 16:32:04.084 [AiEngine] Adaptive time: 500ms, depth: 4, reason: midgame, opening, tactical, emergency: false
[DEBUG] 16:32:04.084 [AiEngine] Using JS Search
[DEBUG] 16:32:04.211 [AiEngine] Adaptive time: 500ms, depth: 4, reason: midgame, opening, emergency: false
[DEBUG] 16:32:04.211 [AiEngine] Using JS Search
[DEBUG] 16:32:04.309 [AiEngine] Adaptive time: 500ms, depth: 4, reason: midgame, opening, emergency: false
[DEBUG] 16:32:04.309 [AiEngine] Using JS Search
[DEBUG] 16:32:04.501 [AiEngine] Adaptive time: 500ms, depth: 4, reason: midgame, opening, tactical, emergency: false
[DEBUG] 16:32:04.501 [AiEngine] Using JS Search
[DEBUG] 16:32:04.609 [AiEngine] Adaptive time: 3000ms, depth: 5, reason: midgame, tactical, emergency: false
[DEBUG] 16:32:04.609 [AiEngine] Using JS Search
[DEBUG] 16:32:05.477 [AiEngine] Adaptive time: 3000ms, depth: 5, reason: midgame, in-check, emergency: false
[DEBUG] 16:32:05.477 [AiEngine] Using JS Search
[DEBUG] 16:32:06.079 [AiEngine] Adaptive time: 3000ms, depth: 5, reason: midgame, tactical, emergency: false
[DEBUG] 16:32:06.079 [AiEngine] Using JS Search
[DEBUG] 16:32:07.148 [AiEngine] Adaptive time: 3000ms, depth: 5, reason: midgame, emergency: false
[DEBUG] 16:32:07.148 [AiEngine] Using JS Search
[DEBUG] 16:32:07.424 [AiEngine] Adaptive time: 3000ms, depth: 5, reason: midgame, tactical, emergency: false
[DEBUG] 16:32:07.424 [AiEngine] Using JS Search
[DEBUG] 16:32:07.802 [AiEngine] Adaptive time: 3000ms, depth: 5, reason: midgame, emergency: false
[DEBUG] 16:32:07.803 [AiEngine] Using JS Search
[DEBUG] 16:32:08.180 [AiEngine] Adaptive time: 3000ms, depth: 5, reason: midgame, tactical, emergency: false
[DEBUG] 16:32:08.180 [AiEngine] Using JS Search
[DEBUG] 16:32:08.665 [AiEngine] Adaptive time: 3000ms, depth: 5, reason: midgame, emergency: false
[DEBUG] 16:32:08.665 [AiEngine] Using JS Search
[DEBUG] 16:32:08.886 [AiEngine] Adaptive time: 3000ms, depth: 5, reason: midgame, tactical, emergency: false
[DEBUG] 16:32:08.886 [AiEngine] Using JS Search
[DEBUG] 16:32:09.029 [AiEngine] Adaptive time: 3000ms, depth: 5, reason: midgame, in-check, emergency: false
[DEBUG] 16:32:09.029 [AiEngine] Using JS Search
[DEBUG] 16:32:09.049 [AiEngine] Adaptive time: 500ms, depth: 4, reason: midgame, opening, emergency: false
[DEBUG] 16:32:09.049 [AiEngine] Using JS Search
[DEBUG] 16:32:09.074 [AiEngine] Adaptive time: 500ms, depth: 4, reason: midgame, opening, emergency: false
[DEBUG] 16:32:09.074 [AiEngine] Using JS Search
[DEBUG] 16:32:09.236 [AiEngine] Adaptive time: 500ms, depth: 4, reason: midgame, opening, emergency: false
[DEBUG] 16:32:09.236 [AiEngine] Using JS Search
[DEBUG] 16:32:09.449 [AiEngine] Adaptive time: 500ms, depth: 4, reason: midgame, opening, emergency: false
[DEBUG] 16:32:09.449 [AiEngine] Using JS Search
[DEBUG] 16:32:09.804 [AiEngine] Adaptive time: 500ms, depth: 4, reason: midgame, opening, emergency: false
[DEBUG] 16:32:09.804 [AiEngine] Using JS Search
[DEBUG] 16:32:10.051 [AiEngine] Adaptive time: 500ms, depth: 4, reason: midgame, opening, tactical, emergency: false
[DEBUG] 16:32:10.051 [AiEngine] Using JS Search
[DEBUG] 16:32:10.219 [AiEngine] Adaptive time: 500ms, depth: 4, reason: midgame, opening, tactical, emergency: false
[DEBUG] 16:32:10.219 [AiEngine] Using JS Search
[DEBUG] 16:32:10.475 [AiEngine] Adaptive time: 500ms, depth: 4, reason: midgame, opening, tactical, emergency: false
[DEBUG] 16:32:10.475 [AiEngine] Using JS Search
[DEBUG] 16:32:10.775 [AiEngine] Adaptive time: 500ms, depth: 4, reason: midgame, opening, tactical, emergency: false
[DEBUG] 16:32:10.775 [AiEngine] Using JS Search
[DEBUG] 16:32:10.950 [AiEngine] Adaptive time: 500ms, depth: 4, reason: midgame, opening, tactical, emergency: false
[DEBUG] 16:32:10.950 [AiEngine] Using JS Search
[DEBUG] 16:32:11.036 [AiEngine] Adaptive time: 500ms, depth: 4, reason: midgame, opening, in-check, emergency: false
[DEBUG] 16:32:11.036 [AiEngine] Using JS Search
[DEBUG] 16:32:11.228 [AiEngine] Adaptive time: 500ms, depth: 4, reason: midgame, opening, emergency: false
[DEBUG] 16:32:11.228 [AiEngine] Using JS Search
[DEBUG] 16:32:11.299 [AiEngine] Adaptive time: 500ms, depth: 4, reason: midgame, opening, tactical, emergency: false
[DEBUG] 16:32:11.299 [AiEngine] Using JS Search
[DEBUG] 16:32:11.766 [AiEngine] Adaptive time: 500ms, depth: 4, reason: midgame, opening, emergency: false
[DEBUG] 16:32:11.766 [AiEngine] Using JS Search
[DEBUG] 16:32:11.938 [AiEngine] Adaptive time: 500ms, depth: 4, reason: midgame, opening, tactical, emergency: false
[DEBUG] 16:32:11.939 [AiEngine] Using JS Search
[DEBUG] 16:32:12.023 [AiEngine] Adaptive time: 500ms, depth: 4, reason: midgame, opening, tactical, emergency: false
[DEBUG] 16:32:12.023 [AiEngine] Using JS Search
[DEBUG] 16:32:12.123 [AiEngine] Adaptive time: 500ms, depth: 4, reason: midgame, opening, tactical, emergency: false
[DEBUG] 16:32:12.123 [AiEngine] Using JS Search
[DEBUG] 16:32:12.256 [AiEngine] Adaptive time: 500ms, depth: 4, reason: midgame, opening, tactical, emergency: false
[DEBUG] 16:32:12.256 [AiEngine] Using JS Search
[DEBUG] 16:32:12.389 [AiEngine] Adaptive time: 500ms, depth: 4, reason: midgame, opening, tactical, emergency: false
[DEBUG] 16:32:12.389 [AiEngine] Using JS Search
[DEBUG] 16:32:12.465 [AiEngine] Adaptive time: 500ms, depth: 4, reason: midgame, opening, tactical, emergency: false
[DEBUG] 16:32:12.465 [AiEngine] Using JS Search
[DEBUG] 16:32:12.765 [AiEngine] Adaptive time: 500ms, depth: 4, reason: midgame, opening, tactical, emergency: false
[DEBUG] 16:32:12.765 [AiEngine] Using JS Search
[DEBUG] 16:32:12.849 [AiEngine] Adaptive time: 500ms, depth: 4, reason: midgame, opening, tactical, emergency: false
[DEBUG] 16:32:12.849 [AiEngine] Using JS Search
[DEBUG] 16:32:13.064 [AiEngine] Adaptive time: 500ms, depth: 4, reason: midgame, opening, emergency: false
[DEBUG] 16:32:13.064 [AiEngine] Using JS Search
[DEBUG] 16:32:13.101 [AiEngine] Adaptive time: 500ms, depth: 4, reason: midgame, opening, tactical, emergency: false
[DEBUG] 16:32:13.101 [AiEngine] Using JS Search
[DEBUG] 16:32:13.235 [AiEngine] Adaptive time: 500ms, depth: 4, reason: midgame, opening, emergency: false
[DEBUG] 16:32:13.235 [AiEngine] Using JS Search
[DEBUG] 16:32:13.278 [AiEngine] Adaptive time: 500ms, depth: 4, reason: midgame, opening, tactical, emergency: false
[DEBUG] 16:32:13.278 [AiEngine] Using JS Search
[DEBUG] 16:32:13.326 [AiEngine] Adaptive time: 500ms, depth: 4, reason: midgame, opening, emergency: false
[DEBUG] 16:32:13.326 [AiEngine] Using JS Search
[DEBUG] 16:32:13.352 [AiEngine] Adaptive time: 500ms, depth: 4, reason: midgame, opening, tactical, emergency: false
[DEBUG] 16:32:13.352 [AiEngine] Using JS Search
[DEBUG] 16:32:13.395 [AiEngine] Adaptive time: 500ms, depth: 4, reason: midgame, opening, in-check, emergency: false
[DEBUG] 16:32:13.395 [AiEngine] Using JS Search
[DEBUG] 16:32:13.433 [AiEngine] Adaptive time: 500ms, depth: 4, reason: midgame, opening, tactical, emergency: false
[DEBUG] 16:32:13.434 [AiEngine] Using JS Search
[DEBUG] 16:32:13.435 [AiEngine] Adaptive time: 500ms, depth: 4, reason: midgame, opening, in-check, emergency: false
[DEBUG] 16:32:13.435 [AiEngine] Using JS Search
[DEBUG] 16:32:13.439 [AiEngine] Adaptive time: 500ms, depth: 4, reason: midgame, opening, emergency: false
[DEBUG] 16:32:13.439 [AiEngine] Using JS Search
[DEBUG] 16:32:13.440 [AiEngine] Adaptive time: 500ms, depth: 4, reason: midgame, opening, emergency: false
[DEBUG] 16:32:13.440 [AiEngine] Using JS Search
[DEBUG] 16:32:13.625 [AiEngine] Adaptive time: 500ms, depth: 4, reason: midgame, opening, emergency: false
[DEBUG] 16:32:13.625 [AiEngine] Using JS Search
[DEBUG] 16:32:13.638 [AiEngine] Adaptive time: 500ms, depth: 4, reason: midgame, opening, emergency: false
[DEBUG] 16:32:13.638 [AiEngine] Using JS Search
[DEBUG] 16:32:13.728 [AiEngine] Adaptive time: 500ms, depth: 4, reason: midgame, opening, emergency: false
[DEBUG] 16:32:13.728 [AiEngine] Using JS Search
[DEBUG] 16:32:13.729 [AiEngine] Adaptive time: 500ms, depth: 4, reason: midgame, opening, emergency: false
[DEBUG] 16:32:13.729 [AiEngine] Using JS Search
[DEBUG] 16:32:13.858 [AiEngine] Adaptive time: 500ms, depth: 4, reason: midgame, opening, emergency: false
[DEBUG] 16:32:13.858 [AiEngine] Using JS Search
[DEBUG] 16:32:13.859 [AiEngine] Adaptive time: 500ms, depth: 4, reason: midgame, opening, emergency: false
[DEBUG] 16:32:13.859 [AiEngine] Using JS Search
[DEBUG] 16:32:13.984 [AiEngine] Adaptive time: 500ms, depth: 4, reason: midgame, opening, emergency: false
[DEBUG] 16:32:13.984 [AiEngine] Using JS Search
[DEBUG] 16:32:13.985 [AiEngine] Adaptive time: 3000ms, depth: 5, reason: midgame, emergency: false
[DEBUG] 16:32:13.985 [AiEngine] Using JS Search
[DEBUG] 16:32:14.205 [AiEngine] Adaptive time: 3000ms, depth: 5, reason: midgame, emergency: false
[DEBUG] 16:32:14.205 [AiEngine] Using JS Search
[DEBUG] 16:32:14.207 [AiEngine] Adaptive time: 3000ms, depth: 5, reason: midgame, emergency: false
[DEBUG] 16:32:14.207 [AiEngine] Using JS Search
[DEBUG] 16:32:14.458 [AiEngine] Adaptive time: 3000ms, depth: 5, reason: midgame, emergency: false
[DEBUG] 16:32:14.458 [AiEngine] Using JS Search
[DEBUG] 16:32:14.459 [AiEngine] Adaptive time: 3000ms, depth: 5, reason: midgame, emergency: false
[DEBUG] 16:32:14.459 [AiEngine] Using JS Search
[DEBUG] 16:32:14.738 [AiEngine] Adaptive time: 3000ms, depth: 5, reason: midgame, emergency: false
[DEBUG] 16:32:14.738 [AiEngine] Using JS Search
[DEBUG] 16:32:14.740 [AiEngine] Adaptive time: 3000ms, depth: 5, reason: midgame, emergency: false
[DEBUG] 16:32:14.740 [AiEngine] Using JS Search
[DEBUG] 16:32:15.037 [AiEngine] Adaptive time: 3000ms, depth: 5, reason: midgame, emergency: false
[DEBUG] 16:32:15.037 [AiEngine] Using JS Search
[DEBUG] 16:32:15.039 [AiEngine] Adaptive time: 3000ms, depth: 5, reason: midgame, emergency: false
[DEBUG] 16:32:15.039 [AiEngine] Using JS Search
[DEBUG] 16:32:15.270 [AiEngine] Adaptive time: 3000ms, depth: 5, reason: midgame, emergency: false
[DEBUG] 16:32:15.270 [AiEngine] Using JS Search
[DEBUG] 16:32:15.271 [AiEngine] Adaptive time: 3000ms, depth: 5, reason: midgame, emergency: false
[DEBUG] 16:32:15.271 [AiEngine] Using JS Search
[DEBUG] 16:32:15.563 [AiEngine] Adaptive time: 3000ms, depth: 5, reason: midgame, emergency: false
[DEBUG] 16:32:15.563 [AiEngine] Using JS Search
[DEBUG] 16:32:15.564 [AiEngine] Adaptive time: 3000ms, depth: 5, reason: midgame, emergency: false
[DEBUG] 16:32:15.564 [AiEngine] Using JS Search
[DEBUG] 16:32:15.810 [AiEngine] Adaptive time: 3000ms, depth: 5, reason: midgame, emergency: false
[DEBUG] 16:32:15.810 [AiEngine] Using JS Search
[DEBUG] 16:32:15.811 [AiEngine] Adaptive time: 3000ms, depth: 5, reason: midgame, emergency: false
[DEBUG] 16:32:15.811 [AiEngine] Using JS Search
[DEBUG] 16:32:16.047 [AiEngine] Adaptive time: 3000ms, depth: 5, reason: midgame, emergency: false
[DEBUG] 16:32:16.048 [AiEngine] Using JS Search
[DEBUG] 16:32:16.049 [AiEngine] Adaptive time: 3000ms, depth: 5, reason: midgame, emergency: false
[DEBUG] 16:32:16.049 [AiEngine] Using JS Search
[DEBUG] 16:32:16.303 [AiEngine] Adaptive time: 3000ms, depth: 5, reason: midgame, emergency: false
[DEBUG] 16:32:16.303 [AiEngine] Using JS Search
[DEBUG] 16:32:16.304 [AiEngine] Adaptive time: 3000ms, depth: 5, reason: midgame, emergency: false
[DEBUG] 16:32:16.304 [AiEngine] Using JS Search
[DEBUG] 16:32:16.581 [AiEngine] Adaptive time: 3000ms, depth: 5, reason: midgame, emergency: false
[DEBUG] 16:32:16.581 [AiEngine] Using JS Search
[DEBUG] 16:32:17.041 [AiEngine] Adaptive time: 3000ms, depth: 5, reason: midgame, tactical, emergency: false
[DEBUG] 16:32:17.041 [AiEngine] Using JS Search
[DEBUG] 16:32:17.096 [AiEngine] Adaptive time: 3000ms, depth: 5, reason: midgame, emergency: false
[DEBUG] 16:32:17.096 [AiEngine] Using JS Search
[DEBUG] 16:32:17.125 [AiEngine] Adaptive time: 3000ms, depth: 5, reason: midgame, emergency: false
[DEBUG] 16:32:17.126 [AiEngine] Using JS Search
[DEBUG] 16:32:17.280 [AiEngine] Adaptive time: 3000ms, depth: 5, reason: midgame, emergency: false
[DEBUG] 16:32:17.280 [AiEngine] Using JS Search
[DEBUG] 16:32:17.281 [AiEngine] Adaptive time: 3000ms, depth: 5, reason: midgame, tactical, emergency: false
[DEBUG] 16:32:17.281 [AiEngine] Using JS Search
[DEBUG] 16:32:17.420 [AiEngine] Adaptive time: 3000ms, depth: 5, reason: midgame, emergency: false
[DEBUG] 16:32:17.420 [AiEngine] Using JS Search
[DEBUG] 16:32:17.421 [AiEngine] Adaptive time: 3000ms, depth: 5, reason: midgame, emergency: false
[DEBUG] 16:32:17.422 [AiEngine] Using JS Search
[DEBUG] 16:32:17.561 [AiEngine] Adaptive time: 3000ms, depth: 5, reason: midgame, emergency: false
[DEBUG] 16:32:17.561 [AiEngine] Using JS Search
[DEBUG] 16:32:17.562 [AiEngine] Adaptive time: 3000ms, depth: 5, reason: midgame, emergency: false
[DEBUG] 16:32:17.562 [AiEngine] Using JS Search
[DEBUG] 16:32:17.755 [AiEngine] Adaptive time: 3000ms, depth: 5, reason: midgame, emergency: false
[DEBUG] 16:32:17.756 [AiEngine] Using JS Search
[DEBUG] 16:32:17.757 [AiEngine] Adaptive time: 3000ms, depth: 5, reason: midgame, emergency: false
[DEBUG] 16:32:17.757 [AiEngine] Using JS Search
[DEBUG] 16:32:17.901 [AiEngine] Adaptive time: 3000ms, depth: 5, reason: midgame, emergency: false
[DEBUG] 16:32:17.902 [AiEngine] Using JS Search
[DEBUG] 16:32:17.902 [AiEngine] Adaptive time: 3000ms, depth: 5, reason: midgame, emergency: false
[DEBUG] 16:32:17.903 [AiEngine] Using JS Search
[DEBUG] 16:32:17.999 [AiEngine] Adaptive time: 3000ms, depth: 5, reason: midgame, emergency: false
[DEBUG] 16:32:17.999 [AiEngine] Using JS Search
[DEBUG] 16:32:18.005 [AiEngine] Adaptive time: 3000ms, depth: 5, reason: midgame, emergency: false
[DEBUG] 16:32:18.005 [AiEngine] Using JS Search
[DEBUG] 16:32:18.024 [AiEngine] Adaptive time: 3000ms, depth: 5, reason: midgame, emergency: false
[DEBUG] 16:32:18.024 [AiEngine] Using JS Search
[DEBUG] 16:32:18.038 [AiEngine] Adaptive time: 3000ms, depth: 5, reason: standard, emergency: false
[DEBUG] 16:32:18.038 [AiEngine] Using JS Search
[DEBUG] 16:32:18.066 [AiEngine] Adaptive time: 3000ms, depth: 5, reason: tactical, emergency: false
[DEBUG] 16:32:18.066 [AiEngine] Using JS Search
[DEBUG] 16:32:18.074 [AiEngine] Adaptive time: 3000ms, depth: 5, reason: standard, emergency: false
[DEBUG] 16:32:18.074 [AiEngine] Using JS Search
[DEBUG] 16:32:18.094 [AiEngine] Adaptive time: 3000ms, depth: 5, reason: tactical, emergency: false
[DEBUG] 16:32:18.094 [AiEngine] Using JS Search
[DEBUG] 16:32:18.100 [AiEngine] Adaptive time: 3000ms, depth: 5, reason: standard, emergency: false
[DEBUG] 16:32:18.100 [AiEngine] Using JS Search
[DEBUG] 16:32:18.114 [AiEngine] Adaptive time: 3000ms, depth: 5, reason: tactical, emergency: false
[DEBUG] 16:32:18.114 [AiEngine] Using JS Search
[DEBUG] 16:32:18.121 [AiEngine] Adaptive time: 3000ms, depth: 5, reason: standard, emergency: false
[DEBUG] 16:32:18.121 [AiEngine] Using JS Search
[DEBUG] 16:32:18.137 [AiEngine] Adaptive time: 3000ms, depth: 5, reason: standard, emergency: false
[DEBUG] 16:32:18.137 [AiEngine] Using JS Search
[DEBUG] 16:32:18.142 [AiEngine] Adaptive time: 3000ms, depth: 5, reason: standard, emergency: false
[DEBUG] 16:32:18.142 [AiEngine] Using JS Search
[DEBUG] 16:32:18.155 [AiEngine] Adaptive time: 3000ms, depth: 5, reason: tactical, emergency: false
[DEBUG] 16:32:18.155 [AiEngine] Using JS Search
[DEBUG] 16:32:18.163 [AiEngine] Adaptive time: 3000ms, depth: 5, reason: standard, emergency: false
[DEBUG] 16:32:18.163 [AiEngine] Using JS Search
[DEBUG] 16:32:18.178 [AiEngine] Adaptive time: 3000ms, depth: 5, reason: tactical, emergency: false
[DEBUG] 16:32:18.178 [AiEngine] Using JS Search
[DEBUG] 16:32:18.183 [AiEngine] Adaptive time: 3000ms, depth: 5, reason: standard, emergency: false
[DEBUG] 16:32:18.183 [AiEngine] Using JS Search
[DEBUG] 16:32:18.193 [AiEngine] Adaptive time: 3000ms, depth: 5, reason: tactical, emergency: false
[DEBUG] 16:32:18.194 [AiEngine] Using JS Search
[DEBUG] 16:32:18.373 [AiEngine] Adaptive time: 3000ms, depth: 5, reason: standard, emergency: false
[DEBUG] 16:32:18.373 [AiEngine] Using JS Search
[DEBUG] 16:32:18.384 [AiEngine] Adaptive time: 3000ms, depth: 5, reason: tactical, emergency: false
[DEBUG] 16:32:18.384 [AiEngine] Using JS Search
[DEBUG] 16:32:18.388 [AiEngine] Adaptive time: 3000ms, depth: 5, reason: endgame, in-check, emergency: false
[DEBUG] 16:32:18.388 [AiEngine] Using JS Search
[DEBUG] 16:32:18.398 [AiEngine] Adaptive time: 3000ms, depth: 5, reason: endgame, tactical, emergency: false
[DEBUG] 16:32:18.398 [AiEngine] Using JS Search
[DEBUG] 16:32:18.401 [AiEngine] Adaptive time: 3000ms, depth: 5, reason: endgame, emergency: false
[DEBUG] 16:32:18.401 [AiEngine] Using JS Search
[DEBUG] 16:32:18.407 [AiEngine] Adaptive time: 3000ms, depth: 5, reason: endgame, emergency: false
[DEBUG] 16:32:18.407 [AiEngine] Using JS Search
[DEBUG] 16:32:18.410 [AiEngine] Adaptive time: 3000ms, depth: 5, reason: endgame, emergency: false
[DEBUG] 16:32:18.410 [AiEngine] Using JS Search
[DEBUG] 16:32:18.489 [AiEngine] Adaptive time: 3000ms, depth: 5, reason: endgame, tactical, emergency: false
[DEBUG] 16:32:18.489 [AiEngine] Using JS Search
[DEBUG] 16:32:18.492 [AiEngine] Adaptive time: 3000ms, depth: 5, reason: endgame, emergency: false
[DEBUG] 16:32:18.492 [AiEngine] Using JS Search
[DEBUG] 16:32:18.519 [AiEngine] Adaptive time: 3000ms, depth: 5, reason: endgame, tactical, emergency: false
[DEBUG] 16:32:18.519 [AiEngine] Using JS Search
[DEBUG] 16:32:18.520 [AiEngine] Adaptive time: 500ms, depth: 4, reason: midgame, opening, emergency: false
[DEBUG] 16:32:18.520 [AiEngine] Using JS Search
[DEBUG] 16:32:18.539 [AiEngine] Adaptive time: 500ms, depth: 4, reason: midgame, opening, emergency: false
[DEBUG] 16:32:18.539 [AiEngine] Using JS Search
[DEBUG] 16:32:18.674 [AiEngine] Adaptive time: 500ms, depth: 4, reason: midgame, opening, emergency: false
[DEBUG] 16:32:18.674 [AiEngine] Using JS Search
[DEBUG] 16:32:19.057 [AiEngine] Adaptive time: 500ms, depth: 4, reason: midgame, opening, emergency: false
[DEBUG] 16:32:19.057 [AiEngine] Using JS Search
[DEBUG] 16:32:19.199 [AiEngine] Adaptive time: 500ms, depth: 4, reason: midgame, opening, emergency: false
[DEBUG] 16:32:19.199 [AiEngine] Using JS Search
[DEBUG] 16:32:19.425 [AiEngine] Adaptive time: 500ms, depth: 4, reason: midgame, opening, emergency: false
[DEBUG] 16:32:19.425 [AiEngine] Using JS Search
[DEBUG] 16:32:19.741 [AiEngine] Adaptive time: 500ms, depth: 4, reason: midgame, opening, tactical, emergency: false
[DEBUG] 16:32:19.741 [AiEngine] Using JS Search
[DEBUG] 16:32:19.962 [AiEngine] Adaptive time: 500ms, depth: 4, reason: midgame, opening, emergency: false
[DEBUG] 16:32:19.962 [AiEngine] Using JS Search
[DEBUG] 16:32:20.269 [AiEngine] Adaptive time: 500ms, depth: 4, reason: midgame, opening, tactical, emergency: false
[DEBUG] 16:32:20.269 [AiEngine] Using JS Search
[DEBUG] 16:32:20.457 [AiEngine] Adaptive time: 500ms, depth: 4, reason: midgame, opening, tactical, emergency: false
[DEBUG] 16:32:20.457 [AiEngine] Using JS Search
[DEBUG] 16:32:20.553 [AiEngine] Adaptive time: 500ms, depth: 4, reason: midgame, opening, tactical, emergency: false
[DEBUG] 16:32:20.553 [AiEngine] Using JS Search
[DEBUG] 16:32:20.897 [AiEngine] Adaptive time: 500ms, depth: 4, reason: midgame, opening, tactical, emergency: false
[DEBUG] 16:32:20.897 [AiEngine] Using JS Search
[DEBUG] 16:32:21.089 [AiEngine] Adaptive time: 500ms, depth: 4, reason: midgame, opening, tactical, emergency: false
[DEBUG] 16:32:21.089 [AiEngine] Using JS Search
[DEBUG] 16:32:21.591 [AiEngine] Adaptive time: 500ms, depth: 4, reason: midgame, opening, emergency: false
[DEBUG] 16:32:21.591 [AiEngine] Using JS Search
[DEBUG] 16:32:21.839 [AiEngine] Adaptive time: 500ms, depth: 4, reason: midgame, opening, tactical, emergency: false
[DEBUG] 16:32:21.839 [AiEngine] Using JS Search
[DEBUG] 16:32:22.772 [AiEngine] Adaptive time: 500ms, depth: 4, reason: midgame, opening, emergency: false
[DEBUG] 16:32:22.772 [AiEngine] Using JS Search
[DEBUG] 16:32:22.938 [AiEngine] Adaptive time: 500ms, depth: 4, reason: midgame, opening, tactical, emergency: false
[DEBUG] 16:32:22.938 [AiEngine] Using JS Search
[DEBUG] 16:32:23.510 [AiEngine] Adaptive time: 500ms, depth: 4, reason: midgame, opening, emergency: false
[DEBUG] 16:32:23.510 [AiEngine] Using JS Search
[DEBUG] 16:32:23.700 [AiEngine] Adaptive time: 500ms, depth: 4, reason: midgame, opening, tactical, emergency: false
[DEBUG] 16:32:23.700 [AiEngine] Using JS Search
[DEBUG] 16:32:23.864 [AiEngine] Adaptive time: 500ms, depth: 4, reason: midgame, opening, emergency: false
[DEBUG] 16:32:23.864 [AiEngine] Using JS Search
[DEBUG] 16:32:24.152 [AiEngine] Adaptive time: 500ms, depth: 4, reason: midgame, opening, emergency: false
[DEBUG] 16:32:24.152 [AiEngine] Using JS Search
[DEBUG] 16:32:24.347 [AiEngine] Adaptive time: 500ms, depth: 4, reason: midgame, opening, tactical, emergency: false
[DEBUG] 16:32:24.347 [AiEngine] Using JS Search
[DEBUG] 16:32:24.684 [AiEngine] Adaptive time: 500ms, depth: 4, reason: midgame, opening, tactical, emergency: false
[DEBUG] 16:32:24.684 [AiEngine] Using JS Search
[DEBUG] 16:32:25.097 [AiEngine] Adaptive time: 500ms, depth: 4, reason: midgame, opening, tactical, emergency: false
[DEBUG] 16:32:25.097 [AiEngine] Using JS Search
[DEBUG] 16:32:25.309 [AiEngine] Adaptive time: 500ms, depth: 4, reason: midgame, opening, emergency: false
[DEBUG] 16:32:25.309 [AiEngine] Using JS Search
[DEBUG] 16:32:25.806 [AiEngine] Adaptive time: 500ms, depth: 4, reason: midgame, opening, tactical, emergency: false
[DEBUG] 16:32:25.806 [AiEngine] Using JS Search
[DEBUG] 16:32:25.981 [AiEngine] Adaptive time: 500ms, depth: 4, reason: midgame, opening, emergency: false
[DEBUG] 16:32:25.981 [AiEngine] Using JS Search
[DEBUG] 16:32:26.072 [AiEngine] Adaptive time: 500ms, depth: 4, reason: midgame, opening, tactical, emergency: false
[DEBUG] 16:32:26.072 [AiEngine] Using JS Search
[DEBUG] 16:32:26.326 [AiEngine] Adaptive time: 500ms, depth: 4, reason: midgame, opening, emergency: false
[DEBUG] 16:32:26.326 [AiEngine] Using JS Search
[DEBUG] 16:32:26.367 [AiEngine] Adaptive time: 500ms, depth: 4, reason: midgame, opening, tactical, emergency: false
[DEBUG] 16:32:26.367 [AiEngine] Using JS Search
[DEBUG] 16:32:26.537 [AiEngine] Adaptive time: 500ms, depth: 4, reason: midgame, opening, emergency: false
[DEBUG] 16:32:26.537 [AiEngine] Using JS Search
[DEBUG] 16:32:26.579 [AiEngine] Adaptive time: 500ms, depth: 4, reason: midgame, opening, tactical, emergency: false
[DEBUG] 16:32:26.579 [AiEngine] Using JS Search
[DEBUG] 16:32:26.719 [AiEngine] Adaptive time: 500ms, depth: 4, reason: midgame, opening, emergency: false
[DEBUG] 16:32:26.719 [AiEngine] Using JS Search
[DEBUG] 16:32:26.775 [AiEngine] Adaptive time: 500ms, depth: 4, reason: midgame, opening, tactical, emergency: false
[DEBUG] 16:32:26.775 [AiEngine] Using JS Search
[DEBUG] 16:32:26.943 [AiEngine] Adaptive time: 500ms, depth: 4, reason: midgame, opening, emergency: false
[DEBUG] 16:32:26.943 [AiEngine] Using JS Search
[DEBUG] 16:32:26.970 [AiEngine] Adaptive time: 500ms, depth: 4, reason: midgame, opening, tactical, emergency: false
[DEBUG] 16:32:26.970 [AiEngine] Using JS Search
[DEBUG] 16:32:26.972 [AiEngine] Adaptive time: 500ms, depth: 4, reason: midgame, opening, emergency: false
[DEBUG] 16:32:26.972 [AiEngine] Using JS Search
[DEBUG] 16:32:27.133 [AiEngine] Adaptive time: 500ms, depth: 4, reason: midgame, opening, tactical, emergency: false
[DEBUG] 16:32:27.133 [AiEngine] Using JS Search
[DEBUG] 16:32:27.134 [AiEngine] Adaptive time: 500ms, depth: 4, reason: midgame, opening, emergency: false
[DEBUG] 16:32:27.134 [AiEngine] Using JS Search
[DEBUG] 16:32:27.345 [AiEngine] Adaptive time: 500ms, depth: 4, reason: midgame, opening, tactical, emergency: false
[DEBUG] 16:32:27.345 [AiEngine] Using JS Search
[DEBUG] 16:32:27.348 [AiEngine] Adaptive time: 3000ms, depth: 5, reason: midgame, in-check, emergency: false
[DEBUG] 16:32:27.348 [AiEngine] Using JS Search
[DEBUG] 16:32:27.740 [AiEngine] Adaptive time: 3000ms, depth: 5, reason: midgame, emergency: false
[DEBUG] 16:32:27.740 [AiEngine] Using JS Search
[DEBUG] 16:32:27.746 [AiEngine] Adaptive time: 3000ms, depth: 5, reason: midgame, tactical, emergency: false
[DEBUG] 16:32:27.746 [AiEngine] Using JS Search
[DEBUG] 16:32:28.115 [AiEngine] Adaptive time: 3000ms, depth: 5, reason: midgame, emergency: false
[DEBUG] 16:32:28.116 [AiEngine] Using JS Search
[DEBUG] 16:32:28.258 [AiEngine] Adaptive time: 3000ms, depth: 5, reason: midgame, tactical, emergency: false
[DEBUG] 16:32:28.258 [AiEngine] Using JS Search
[DEBUG] 16:32:28.545 [AiEngine] Adaptive time: 3000ms, depth: 5, reason: midgame, emergency: false
[DEBUG] 16:32:28.545 [AiEngine] Using JS Search
[DEBUG] 16:32:28.550 [AiEngine] Adaptive time: 3000ms, depth: 5, reason: midgame, tactical, emergency: false
[DEBUG] 16:32:28.550 [AiEngine] Using JS Search
[DEBUG] 16:32:28.570 [AiEngine] Adaptive time: 3000ms, depth: 5, reason: midgame, in-check, emergency: false
[DEBUG] 16:32:28.570 [AiEngine] Using JS Search
[DEBUG] 16:32:28.589 [AiEngine] Adaptive time: 3000ms, depth: 5, reason: midgame, tactical, emergency: false
[DEBUG] 16:32:28.589 [AiEngine] Using JS Search
[DEBUG] 16:32:28.691 [AiEngine] Adaptive time: 3000ms, depth: 5, reason: midgame, emergency: false
[DEBUG] 16:32:28.691 [AiEngine] Using JS Search
[DEBUG] 16:32:28.807 [AiEngine] Adaptive time: 3000ms, depth: 5, reason: midgame, tactical, emergency: false
[DEBUG] 16:32:28.807 [AiEngine] Using JS Search
[DEBUG] 16:32:28.990 [AiEngine] Adaptive time: 3000ms, depth: 5, reason: midgame, emergency: false
[DEBUG] 16:32:28.990 [AiEngine] Using JS Search
[DEBUG] 16:32:29.087 [AiEngine] Adaptive time: 3000ms, depth: 5, reason: midgame, emergency: false
[DEBUG] 16:32:29.087 [AiEngine] Using JS Search
[DEBUG] 16:32:29.580 [AiEngine] Adaptive time: 3000ms, depth: 5, reason: midgame, emergency: false
[DEBUG] 16:32:29.580 [AiEngine] Using JS Search
[DEBUG] 16:32:29.762 [AiEngine] Adaptive time: 3000ms, depth: 5, reason: midgame, tactical, emergency: false
[DEBUG] 16:32:29.762 [AiEngine] Using JS Search
[DEBUG] 16:32:29.985 [AiEngine] Adaptive time: 3000ms, depth: 5, reason: midgame, tactical, emergency: false
[DEBUG] 16:32:29.985 [AiEngine] Using JS Search
[DEBUG] 16:32:30.025 [AiEngine] Adaptive time: 3000ms, depth: 5, reason: midgame, emergency: false
[DEBUG] 16:32:30.025 [AiEngine] Using JS Search
[DEBUG] 16:32:30.289 [AiEngine] Adaptive time: 3000ms, depth: 5, reason: midgame, emergency: false
[DEBUG] 16:32:30.289 [AiEngine] Using JS Search
[DEBUG] 16:32:30.383 [AiEngine] Adaptive time: 3000ms, depth: 5, reason: midgame, tactical, emergency: false
[DEBUG] 16:32:30.383 [AiEngine] Using JS Search
[DEBUG] 16:32:30.705 [AiEngine] Adaptive time: 3000ms, depth: 5, reason: midgame, emergency: false
[DEBUG] 16:32:30.705 [AiEngine] Using JS Search
[DEBUG] 16:32:30.705 [AiEngine] Adaptive time: 3000ms, depth: 5, reason: tactical, emergency: false
[DEBUG] 16:32:30.705 [AiEngine] Using JS Search
[DEBUG] 16:32:30.705 [AiEngine] Adaptive time: 3000ms, depth: 5, reason: in-check, emergency: false
[DEBUG] 16:32:30.705 [AiEngine] Using JS Search
[DEBUG] 16:32:30.706 [AiEngine] Adaptive time: 500ms, depth: 4, reason: midgame, opening, emergency: false
[DEBUG] 16:32:30.706 [AiEngine] Using JS Search
[DEBUG] 16:32:30.732 [AiEngine] Adaptive time: 500ms, depth: 4, reason: midgame, opening, emergency: false
[DEBUG] 16:32:30.732 [AiEngine] Using JS Search
[DEBUG] 16:32:30.869 [AiEngine] Adaptive time: 500ms, depth: 4, reason: midgame, opening, emergency: false
[DEBUG] 16:32:30.869 [AiEngine] Using JS Search
[DEBUG] 16:32:30.996 [AiEngine] Adaptive time: 500ms, depth: 4, reason: midgame, opening, emergency: false
[DEBUG] 16:32:30.996 [AiEngine] Using JS Search
[DEBUG] 16:32:31.193 [AiEngine] Adaptive time: 500ms, depth: 4, reason: midgame, opening, emergency: false
[DEBUG] 16:32:31.193 [AiEngine] Using JS Search
[DEBUG] 16:32:31.316 [AiEngine] Adaptive time: 500ms, depth: 4, reason: midgame, opening, emergency: false
[DEBUG] 16:32:31.316 [AiEngine] Using JS Search
[DEBUG] 16:32:31.559 [AiEngine] Adaptive time: 500ms, depth: 4, reason: midgame, opening, emergency: false
[DEBUG] 16:32:31.559 [AiEngine] Using JS Search
[DEBUG] 16:32:31.688 [AiEngine] Adaptive time: 500ms, depth: 4, reason: midgame, opening, tactical, emergency: false
[DEBUG] 16:32:31.688 [AiEngine] Using JS Search
[DEBUG] 16:32:31.933 [AiEngine] Adaptive time: 500ms, depth: 4, reason: midgame, opening, emergency: false
[DEBUG] 16:32:31.934 [AiEngine] Using JS Search
[DEBUG] 16:32:32.086 [AiEngine] Adaptive time: 500ms, depth: 4, reason: midgame, opening, tactical, emergency: false
[DEBUG] 16:32:32.086 [AiEngine] Using JS Search
[DEBUG] 16:32:32.232 [AiEngine] Adaptive time: 500ms, depth: 4, reason: midgame, opening, emergency: false
[DEBUG] 16:32:32.232 [AiEngine] Using JS Search
[DEBUG] 16:32:32.259 [AiEngine] Adaptive time: 500ms, depth: 4, reason: midgame, opening, tactical, emergency: false
[DEBUG] 16:32:32.260 [AiEngine] Using JS Search
[DEBUG] 16:32:32.390 [AiEngine] Adaptive time: 500ms, depth: 4, reason: midgame, opening, emergency: false
[DEBUG] 16:32:32.390 [AiEngine] Using JS Search
[DEBUG] 16:32:32.440 [AiEngine] Adaptive time: 500ms, depth: 4, reason: midgame, opening, tactical, emergency: false
[DEBUG] 16:32:32.440 [AiEngine] Using JS Search
[DEBUG] 16:32:32.738 [AiEngine] Adaptive time: 500ms, depth: 4, reason: midgame, opening, emergency: false
[DEBUG] 16:32:32.739 [AiEngine] Using JS Search
[DEBUG] 16:32:32.762 [AiEngine] Adaptive time: 500ms, depth: 4, reason: midgame, opening, tactical, emergency: false
[DEBUG] 16:32:32.762 [AiEngine] Using JS Search
[DEBUG] 16:32:32.961 [AiEngine] Adaptive time: 500ms, depth: 4, reason: midgame, opening, emergency: false
[DEBUG] 16:32:32.961 [AiEngine] Using JS Search
[DEBUG] 16:32:32.984 [AiEngine] Adaptive time: 500ms, depth: 4, reason: midgame, opening, tactical, emergency: false
[DEBUG] 16:32:32.984 [AiEngine] Using JS Search
[DEBUG] 16:32:33.219 [AiEngine] Adaptive time: 500ms, depth: 4, reason: midgame, opening, tactical, emergency: false
[DEBUG] 16:32:33.219 [AiEngine] Using JS Search
[DEBUG] 16:32:33.256 [AiEngine] Adaptive time: 500ms, depth: 4, reason: midgame, opening, tactical, emergency: false
[DEBUG] 16:32:33.256 [AiEngine] Using JS Search
[DEBUG] 16:32:33.257 [AiEngine] Adaptive time: 500ms, depth: 4, reason: midgame, opening, emergency: false
[DEBUG] 16:32:33.257 [AiEngine] Using JS Search
[DEBUG] 16:32:33.365 [AiEngine] Adaptive time: 500ms, depth: 4, reason: midgame, opening, tactical, emergency: false
[DEBUG] 16:32:33.365 [AiEngine] Using JS Search
[DEBUG] 16:32:33.366 [AiEngine] Adaptive time: 500ms, depth: 4, reason: midgame, opening, emergency: false
[DEBUG] 16:32:33.366 [AiEngine] Using JS Search
[DEBUG] 16:32:33.680 [AiEngine] Adaptive time: 500ms, depth: 4, reason: midgame, opening, emergency: false
[DEBUG] 16:32:33.680 [AiEngine] Using JS Search
[DEBUG] 16:32:33.681 [AiEngine] Adaptive time: 500ms, depth: 4, reason: midgame, opening, emergency: false
[DEBUG] 16:32:33.681 [AiEngine] Using JS Search
[DEBUG] 16:32:33.871 [AiEngine] Adaptive time: 500ms, depth: 4, reason: midgame, opening, emergency: false
[DEBUG] 16:32:33.872 [AiEngine] Using JS Search
[DEBUG] 16:32:33.873 [AiEngine] Adaptive time: 500ms, depth: 4, reason: midgame, opening, emergency: false
[DEBUG] 16:32:33.873 [AiEngine] Using JS Search
[DEBUG] 16:32:34.057 [AiEngine] Adaptive time: 500ms, depth: 4, reason: midgame, opening, emergency: false
[DEBUG] 16:32:34.057 [AiEngine] Using JS Search
[DEBUG] 16:32:34.058 [AiEngine] Adaptive time: 500ms, depth: 4, reason: midgame, opening, emergency: false
[DEBUG] 16:32:34.058 [AiEngine] Using JS Search
[DEBUG] 16:32:34.312 [AiEngine] Adaptive time: 500ms, depth: 4, reason: midgame, opening, emergency: false
[DEBUG] 16:32:34.312 [AiEngine] Using JS Search
[DEBUG] 16:32:34.313 [AiEngine] Adaptive time: 500ms, depth: 4, reason: midgame, opening, emergency: false
[DEBUG] 16:32:34.313 [AiEngine] Using JS Search
[DEBUG] 16:32:34.480 [AiEngine] Adaptive time: 500ms, depth: 4, reason: midgame, opening, emergency: false
[DEBUG] 16:32:34.480 [AiEngine] Using JS Search
[DEBUG] 16:32:34.486 [AiEngine] Adaptive time: 500ms, depth: 4, reason: midgame, opening, emergency: false
[DEBUG] 16:32:34.486 [AiEngine] Using JS Search
[DEBUG] 16:32:34.604 [AiEngine] Adaptive time: 500ms, depth: 4, reason: midgame, opening, emergency: false
[DEBUG] 16:32:34.604 [AiEngine] Using JS Search
[DEBUG] 16:32:34.605 [AiEngine] Adaptive time: 500ms, depth: 4, reason: midgame, opening, emergency: false
[DEBUG] 16:32:34.605 [AiEngine] Using JS Search
[DEBUG] 16:32:34.824 [AiEngine] Adaptive time: 500ms, depth: 4, reason: midgame, opening, emergency: false
[DEBUG] 16:32:34.824 [AiEngine] Using JS Search
[DEBUG] 16:32:34.825 [AiEngine] Adaptive time: 500ms, depth: 4, reason: midgame, opening, emergency: false
[DEBUG] 16:32:34.825 [AiEngine] Using JS Search
[DEBUG] 16:32:35.039 [AiEngine] Adaptive time: 500ms, depth: 4, reason: midgame, opening, emergency: false
[DEBUG] 16:32:35.039 [AiEngine] Using JS Search
[DEBUG] 16:32:35.040 [AiEngine] Adaptive time: 500ms, depth: 4, reason: midgame, opening, tactical, emergency: false
[DEBUG] 16:32:35.040 [AiEngine] Using JS Search
[DEBUG] 16:32:35.190 [AiEngine] Adaptive time: 500ms, depth: 4, reason: midgame, opening, emergency: false
[DEBUG] 16:32:35.190 [AiEngine] Using JS Search
[DEBUG] 16:32:35.191 [AiEngine] Adaptive time: 3000ms, depth: 5, reason: midgame, emergency: false
[DEBUG] 16:32:35.191 [AiEngine] Using JS Search
[DEBUG] 16:32:35.467 [AiEngine] Adaptive time: 3000ms, depth: 5, reason: midgame, tactical, emergency: false
[DEBUG] 16:32:35.467 [AiEngine] Using JS Search
[DEBUG] 16:32:35.468 [AiEngine] Adaptive time: 3000ms, depth: 5, reason: midgame, emergency: false
[DEBUG] 16:32:35.468 [AiEngine] Using JS Search
[DEBUG] 16:32:35.736 [AiEngine] Adaptive time: 3000ms, depth: 5, reason: midgame, tactical, emergency: false
[DEBUG] 16:32:35.736 [AiEngine] Using JS Search
[DEBUG] 16:32:35.737 [AiEngine] Adaptive time: 3000ms, depth: 5, reason: midgame, emergency: false
[DEBUG] 16:32:35.737 [AiEngine] Using JS Search
[DEBUG] 16:32:35.969 [AiEngine] Adaptive time: 3000ms, depth: 5, reason: midgame, tactical, emergency: false
[DEBUG] 16:32:35.969 [AiEngine] Using JS Search
[DEBUG] 16:32:35.970 [AiEngine] Adaptive time: 3000ms, depth: 5, reason: midgame, emergency: false
[DEBUG] 16:32:35.970 [AiEngine] Using JS Search
[DEBUG] 16:32:36.344 [AiEngine] Adaptive time: 3000ms, depth: 5, reason: midgame, tactical, emergency: false
[DEBUG] 16:32:36.344 [AiEngine] Using JS Search
[DEBUG] 16:32:36.365 [AiEngine] Adaptive time: 3000ms, depth: 5, reason: midgame, emergency: false
[DEBUG] 16:32:36.365 [AiEngine] Using JS Search
[DEBUG] 16:32:36.627 [AiEngine] Adaptive time: 3000ms, depth: 5, reason: midgame, tactical, emergency: false
[DEBUG] 16:32:36.627 [AiEngine] Using JS Search
[DEBUG] 16:32:36.629 [AiEngine] Adaptive time: 3000ms, depth: 5, reason: midgame, emergency: false
[DEBUG] 16:32:36.629 [AiEngine] Using JS Search
[DEBUG] 16:32:37.042 [AiEngine] Adaptive time: 3000ms, depth: 5, reason: midgame, emergency: false
[DEBUG] 16:32:37.042 [AiEngine] Using JS Search
[DEBUG] 16:32:37.215 [AiEngine] Adaptive time: 3000ms, depth: 5, reason: midgame, tactical, emergency: false
[DEBUG] 16:32:37.215 [AiEngine] Using JS Search
[DEBUG] 16:32:37.598 [AiEngine] Adaptive time: 3000ms, depth: 5, reason: midgame, emergency: false
[DEBUG] 16:32:37.598 [AiEngine] Using JS Search
[DEBUG] 16:32:37.725 [AiEngine] Adaptive time: 3000ms, depth: 5, reason: midgame, tactical, emergency: false
[DEBUG] 16:32:37.725 [AiEngine] Using JS Search
[DEBUG] 16:32:38.175 [AiEngine] Adaptive time: 3000ms, depth: 5, reason: midgame, emergency: false
[DEBUG] 16:32:38.175 [AiEngine] Using JS Search
[DEBUG] 16:32:38.501 [AiEngine] Adaptive time: 3000ms, depth: 5, reason: midgame, tactical, emergency: false
[DEBUG] 16:32:38.501 [AiEngine] Using JS Search
[DEBUG] 16:32:38.722 [AiEngine] Adaptive time: 3000ms, depth: 5, reason: midgame, emergency: false
[DEBUG] 16:32:38.722 [AiEngine] Using JS Search
[DEBUG] 16:32:38.820 [AiEngine] Adaptive time: 3000ms, depth: 5, reason: midgame, emergency: false
[DEBUG] 16:32:38.820 [AiEngine] Using JS Search
[DEBUG] 16:32:38.953 [AiEngine] Adaptive time: 3000ms, depth: 5, reason: midgame, emergency: false
[DEBUG] 16:32:38.953 [AiEngine] Using JS Search
[DEBUG] 16:32:39.106 [AiEngine] Adaptive time: 3000ms, depth: 5, reason: midgame, emergency: false
[DEBUG] 16:32:39.107 [AiEngine] Using JS Search
[DEBUG] 16:32:39.265 [AiEngine] Adaptive time: 3000ms, depth: 5, reason: midgame, emergency: false
[DEBUG] 16:32:39.265 [AiEngine] Using JS Search
[DEBUG] 16:32:39.349 [AiEngine] Adaptive time: 3000ms, depth: 5, reason: midgame, emergency: false
[DEBUG] 16:32:39.349 [AiEngine] Using JS Search
[DEBUG] 16:32:39.752 [AiEngine] Adaptive time: 3000ms, depth: 5, reason: midgame, emergency: false
[DEBUG] 16:32:39.752 [AiEngine] Using JS Search
[DEBUG] 16:32:39.823 [AiEngine] Adaptive time: 3000ms, depth: 5, reason: midgame, tactical, emergency: false
[DEBUG] 16:32:39.823 [AiEngine] Using JS Search
[DEBUG] 16:32:40.018 [AiEngine] Adaptive time: 3000ms, depth: 5, reason: midgame, in-check, emergency: false
[DEBUG] 16:32:40.019 [AiEngine] Using JS Search
[DEBUG] 16:32:40.221 [AiEngine] Adaptive time: 3000ms, depth: 5, reason: midgame, tactical, emergency: false
[DEBUG] 16:32:40.221 [AiEngine] Using JS Search
[DEBUG] 16:32:40.471 [AiEngine] Adaptive time: 3000ms, depth: 5, reason: midgame, in-check, emergency: false
[DEBUG] 16:32:40.471 [AiEngine] Using JS Search
[DEBUG] 16:32:40.721 [AiEngine] Adaptive time: 3000ms, depth: 5, reason: midgame, tactical, emergency: false
[DEBUG] 16:32:40.721 [AiEngine] Using JS Search
[DEBUG] 16:32:40.978 [AiEngine] Adaptive time: 3000ms, depth: 5, reason: midgame, emergency: false
[DEBUG] 16:32:40.978 [AiEngine] Using JS Search
[DEBUG] 16:32:41.247 [AiEngine] Adaptive time: 3000ms, depth: 5, reason: midgame, tactical, emergency: false
[DEBUG] 16:32:41.247 [AiEngine] Using JS Search
[DEBUG] 16:32:41.448 [AiEngine] Adaptive time: 3000ms, depth: 5, reason: midgame, emergency: false
[DEBUG] 16:32:41.448 [AiEngine] Using JS Search
[DEBUG] 16:32:41.553 [AiEngine] Adaptive time: 3000ms, depth: 5, reason: midgame, tactical, emergency: false
[DEBUG] 16:32:41.553 [AiEngine] Using JS Search
[DEBUG] 16:32:41.677 [AiEngine] Adaptive time: 3000ms, depth: 5, reason: midgame, in-check, emergency: false
[DEBUG] 16:32:41.677 [AiEngine] Using JS Search
[DEBUG] 16:32:41.786 [AiEngine] Adaptive time: 3000ms, depth: 5, reason: midgame, tactical, emergency: false
[DEBUG] 16:32:41.786 [AiEngine] Using JS Search
[DEBUG] 16:32:41.908 [AiEngine] Adaptive time: 3000ms, depth: 5, reason: midgame, in-check, emergency: false
[DEBUG] 16:32:41.908 [AiEngine] Using JS Search
[DEBUG] 16:32:41.998 [AiEngine] Adaptive time: 3000ms, depth: 5, reason: midgame, tactical, emergency: false
[DEBUG] 16:32:41.998 [AiEngine] Using JS Search
[DEBUG] 16:32:42.133 [AiEngine] Adaptive time: 3000ms, depth: 5, reason: midgame, in-check, emergency: false
[DEBUG] 16:32:42.133 [AiEngine] Using JS Search
[DEBUG] 16:32:42.296 [AiEngine] Adaptive time: 3000ms, depth: 5, reason: midgame, tactical, emergency: false
[DEBUG] 16:32:42.296 [AiEngine] Using JS Search
[DEBUG] 16:32:42.448 [AiEngine] Adaptive time: 3000ms, depth: 5, reason: midgame, emergency: false
[DEBUG] 16:32:42.448 [AiEngine] Using JS Search
[DEBUG] 16:32:42.557 [AiEngine] Adaptive time: 3000ms, depth: 5, reason: midgame, tactical, emergency: false
[DEBUG] 16:32:42.557 [AiEngine] Using JS Search
[DEBUG] 16:32:42.959 [AiEngine] Adaptive time: 3000ms, depth: 5, reason: midgame, emergency: false
[DEBUG] 16:32:42.959 [AiEngine] Using JS Search
[DEBUG] 16:32:43.062 [AiEngine] Adaptive time: 500ms, depth: 4, reason: midgame, opening, emergency: false
[DEBUG] 16:32:43.062 [AiEngine] Using JS Search
[DEBUG] 16:32:43.087 [AiEngine] Adaptive time: 500ms, depth: 4, reason: midgame, opening, emergency: false
[DEBUG] 16:32:43.087 [AiEngine] Using JS Search
[DEBUG] 16:32:43.198 [AiEngine] Adaptive time: 500ms, depth: 4, reason: midgame, opening, emergency: false
[DEBUG] 16:32:43.199 [AiEngine] Using JS Search
[DEBUG] 16:32:43.464 [AiEngine] Adaptive time: 500ms, depth: 4, reason: midgame, opening, emergency: false
[DEBUG] 16:32:43.464 [AiEngine] Using JS Search
[DEBUG] 16:32:43.836 [AiEngine] Adaptive time: 500ms, depth: 4, reason: midgame, opening, emergency: false
[DEBUG] 16:32:43.837 [AiEngine] Using JS Search
[DEBUG] 16:32:44.096 [AiEngine] Adaptive time: 500ms, depth: 4, reason: midgame, opening, emergency: false
[DEBUG] 16:32:44.096 [AiEngine] Using JS Search
[DEBUG] 16:32:44.449 [AiEngine] Adaptive time: 500ms, depth: 4, reason: midgame, opening, emergency: false
[DEBUG] 16:32:44.449 [AiEngine] Using JS Search
[DEBUG] 16:32:44.569 [AiEngine] Adaptive time: 500ms, depth: 4, reason: midgame, opening, emergency: false
[DEBUG] 16:32:44.569 [AiEngine] Using JS Search
[DEBUG] 16:32:44.846 [AiEngine] Adaptive time: 500ms, depth: 4, reason: midgame, opening, emergency: false
[DEBUG] 16:32:44.846 [AiEngine] Using JS Search
[DEBUG] 16:32:44.864 [AiEngine] Adaptive time: 500ms, depth: 4, reason: midgame, opening, tactical, emergency: false
[DEBUG] 16:32:44.864 [AiEngine] Using JS Search
[DEBUG] 16:32:45.152 [AiEngine] Adaptive time: 500ms, depth: 4, reason: midgame, opening, emergency: false
[DEBUG] 16:32:45.152 [AiEngine] Using JS Search
[DEBUG] 16:32:45.186 [AiEngine] Adaptive time: 500ms, depth: 4, reason: midgame, opening, tactical, emergency: false
[DEBUG] 16:32:45.186 [AiEngine] Using JS Search
[DEBUG] 16:32:45.443 [AiEngine] Adaptive time: 500ms, depth: 4, reason: midgame, opening, emergency: false
[DEBUG] 16:32:45.443 [AiEngine] Using JS Search
[DEBUG] 16:32:45.468 [AiEngine] Adaptive time: 500ms, depth: 4, reason: midgame, opening, tactical, emergency: false
[DEBUG] 16:32:45.468 [AiEngine] Using JS Search
[DEBUG] 16:32:45.473 [AiEngine] Adaptive time: 500ms, depth: 4, reason: midgame, opening, emergency: false
[DEBUG] 16:32:45.473 [AiEngine] Using JS Search
[DEBUG] 16:32:45.494 [AiEngine] Adaptive time: 500ms, depth: 4, reason: midgame, opening, tactical, emergency: false
[DEBUG] 16:32:45.494 [AiEngine] Using JS Search
[DEBUG] 16:32:45.495 [AiEngine] Adaptive time: 500ms, depth: 4, reason: midgame, opening, emergency: false
[DEBUG] 16:32:45.495 [AiEngine] Using JS Search
[DEBUG] 16:32:45.614 [AiEngine] Adaptive time: 500ms, depth: 4, reason: midgame, opening, tactical, emergency: false
[DEBUG] 16:32:45.614 [AiEngine] Using JS Search
[DEBUG] 16:32:45.615 [AiEngine] Adaptive time: 500ms, depth: 4, reason: midgame, opening, emergency: false
[DEBUG] 16:32:45.615 [AiEngine] Using JS Search
[DEBUG] 16:32:45.905 [AiEngine] Adaptive time: 500ms, depth: 4, reason: midgame, opening, tactical, emergency: false
[DEBUG] 16:32:45.905 [AiEngine] Using JS Search
[DEBUG] 16:32:45.908 [AiEngine] Adaptive time: 500ms, depth: 4, reason: midgame, opening, in-check, tactical, emergency: false
[DEBUG] 16:32:45.908 [AiEngine] Using JS Search
[DEBUG] 16:32:46.191 [AiEngine] Adaptive time: 500ms, depth: 4, reason: midgame, opening, emergency: false
[DEBUG] 16:32:46.191 [AiEngine] Using JS Search
[DEBUG] 16:32:46.192 [AiEngine] Adaptive time: 500ms, depth: 4, reason: midgame, opening, emergency: false
[DEBUG] 16:32:46.192 [AiEngine] Using JS Search
[DEBUG] 16:32:46.556 [AiEngine] Adaptive time: 500ms, depth: 4, reason: midgame, opening, emergency: false
[DEBUG] 16:32:46.556 [AiEngine] Using JS Search
[DEBUG] 16:32:46.557 [AiEngine] Adaptive time: 500ms, depth: 4, reason: midgame, opening, tactical, emergency: false
[DEBUG] 16:32:46.557 [AiEngine] Using JS Search
[DEBUG] 16:32:46.711 [AiEngine] Adaptive time: 500ms, depth: 4, reason: midgame, opening, emergency: false
[DEBUG] 16:32:46.712 [AiEngine] Using JS Search
[DEBUG] 16:32:46.713 [AiEngine] Adaptive time: 500ms, depth: 4, reason: midgame, opening, tactical, emergency: false
[DEBUG] 16:32:46.713 [AiEngine] Using JS Search
[DEBUG] 16:32:46.856 [AiEngine] Adaptive time: 500ms, depth: 4, reason: midgame, opening, emergency: false
[DEBUG] 16:32:46.857 [AiEngine] Using JS Search
[DEBUG] 16:32:46.858 [AiEngine] Adaptive time: 500ms, depth: 4, reason: midgame, opening, tactical, emergency: false
[DEBUG] 16:32:46.858 [AiEngine] Using JS Search
[DEBUG] 16:32:47.052 [AiEngine] Adaptive time: 500ms, depth: 4, reason: midgame, opening, emergency: false
[DEBUG] 16:32:47.052 [AiEngine] Using JS Search
[DEBUG] 16:32:47.053 [AiEngine] Adaptive time: 500ms, depth: 4, reason: midgame, opening, tactical, emergency: false
[DEBUG] 16:32:47.053 [AiEngine] Using JS Search
[DEBUG] 16:32:47.221 [AiEngine] Adaptive time: 500ms, depth: 4, reason: midgame, opening, emergency: false
[DEBUG] 16:32:47.221 [AiEngine] Using JS Search
[DEBUG] 16:32:47.222 [AiEngine] Adaptive time: 500ms, depth: 4, reason: midgame, opening, tactical, emergency: false
[DEBUG] 16:32:47.222 [AiEngine] Using JS Search
[DEBUG] 16:32:47.392 [AiEngine] Adaptive time: 500ms, depth: 4, reason: midgame, opening, emergency: false
[DEBUG] 16:32:47.392 [AiEngine] Using JS Search
[DEBUG] 16:32:47.437 [AiEngine] Adaptive time: 500ms, depth: 4, reason: midgame, opening, tactical, emergency: false
[DEBUG] 16:32:47.437 [AiEngine] Using JS Search
[DEBUG] 16:32:47.514 [AiEngine] Adaptive time: 500ms, depth: 4, reason: midgame, opening, tactical, emergency: false
[DEBUG] 16:32:47.514 [AiEngine] Using JS Search
[DEBUG] 16:32:47.515 [AiEngine] Adaptive time: 500ms, depth: 4, reason: midgame, opening, emergency: false
[DEBUG] 16:32:47.515 [AiEngine] Using JS Search
[DEBUG] 16:32:47.638 [AiEngine] Adaptive time: 500ms, depth: 4, reason: midgame, opening, emergency: false
[DEBUG] 16:32:47.638 [AiEngine] Using JS Search
[DEBUG] 16:32:47.652 [AiEngine] Adaptive time: 500ms, depth: 4, reason: midgame, opening, emergency: false
[DEBUG] 16:32:47.652 [AiEngine] Using JS Search
[DEBUG] 16:32:47.678 [AiEngine] Adaptive time: 500ms, depth: 4, reason: midgame, opening, emergency: false
[DEBUG] 16:32:47.678 [AiEngine] Using JS Search
[DEBUG] 16:32:47.679 [AiEngine] Adaptive time: 3000ms, depth: 5, reason: midgame, emergency: false
[DEBUG] 16:32:47.679 [AiEngine] Using JS Search
[DEBUG] 16:32:47.921 [AiEngine] Adaptive time: 3000ms, depth: 5, reason: midgame, emergency: false
[DEBUG] 16:32:47.921 [AiEngine] Using JS Search
[DEBUG] 16:32:47.922 [AiEngine] Adaptive time: 3000ms, depth: 5, reason: midgame, emergency: false
[DEBUG] 16:32:47.922 [AiEngine] Using JS Search
[DEBUG] 16:32:48.029 [AiEngine] Adaptive time: 3000ms, depth: 5, reason: midgame, emergency: false
[DEBUG] 16:32:48.029 [AiEngine] Using JS Search
[DEBUG] 16:32:48.030 [AiEngine] Adaptive time: 3000ms, depth: 5, reason: midgame, emergency: false
[DEBUG] 16:32:48.030 [AiEngine] Using JS Search
[DEBUG] 16:32:48.178 [AiEngine] Adaptive time: 3000ms, depth: 5, reason: midgame, emergency: false
[DEBUG] 16:32:48.178 [AiEngine] Using JS Search
[DEBUG] 16:32:48.213 [AiEngine] Adaptive time: 3000ms, depth: 5, reason: midgame, emergency: false
[DEBUG] 16:32:48.213 [AiEngine] Using JS Search
[DEBUG] 16:32:48.272 [AiEngine] Adaptive time: 3000ms, depth: 5, reason: midgame, emergency: false
[DEBUG] 16:32:48.272 [AiEngine] Using JS Search
[DEBUG] 16:32:48.471 [AiEngine] Adaptive time: 3000ms, depth: 5, reason: midgame, emergency: false
[DEBUG] 16:32:48.471 [AiEngine] Using JS Search
[DEBUG] 16:32:48.633 [AiEngine] Adaptive time: 3000ms, depth: 5, reason: midgame, emergency: false
[DEBUG] 16:32:48.633 [AiEngine] Using JS Search
[DEBUG] 16:32:48.636 [AiEngine] Adaptive time: 3000ms, depth: 5, reason: midgame, emergency: false
[DEBUG] 16:32:48.636 [AiEngine] Using JS Search
[DEBUG] 16:32:48.798 [AiEngine] Adaptive time: 3000ms, depth: 5, reason: midgame, emergency: false
[DEBUG] 16:32:48.798 [AiEngine] Using JS Search
[DEBUG] 16:32:48.799 [AiEngine] Adaptive time: 3000ms, depth: 5, reason: midgame, emergency: false
[DEBUG] 16:32:48.799 [AiEngine] Using JS Search
[DEBUG] 16:32:49.000 [AiEngine] Adaptive time: 3000ms, depth: 5, reason: midgame, emergency: false
[DEBUG] 16:32:49.001 [AiEngine] Using JS Search
[DEBUG] 16:32:49.002 [AiEngine] Adaptive time: 3000ms, depth: 5, reason: midgame, emergency: false
[DEBUG] 16:32:49.002 [AiEngine] Using JS Search
[DEBUG] 16:32:49.208 [AiEngine] Adaptive time: 3000ms, depth: 5, reason: midgame, emergency: false
[DEBUG] 16:32:49.208 [AiEngine] Using JS Search
[DEBUG] 16:32:49.209 [AiEngine] Adaptive time: 3000ms, depth: 5, reason: midgame, emergency: false
[DEBUG] 16:32:49.209 [AiEngine] Using JS Search
[DEBUG] 16:32:49.378 [AiEngine] Adaptive time: 3000ms, depth: 5, reason: midgame, emergency: false
[DEBUG] 16:32:49.378 [AiEngine] Using JS Search
[DEBUG] 16:32:49.380 [AiEngine] Adaptive time: 3000ms, depth: 5, reason: midgame, emergency: false
[DEBUG] 16:32:49.380 [AiEngine] Using JS Search
[DEBUG] 16:32:49.510 [AiEngine] Adaptive time: 3000ms, depth: 5, reason: midgame, tactical, emergency: false
[DEBUG] 16:32:49.511 [AiEngine] Using JS Search
[DEBUG] 16:32:49.512 [AiEngine] Adaptive time: 3000ms, depth: 5, reason: midgame, emergency: false
[DEBUG] 16:32:49.512 [AiEngine] Using JS Search
[DEBUG] 16:32:49.657 [AiEngine] Adaptive time: 3000ms, depth: 5, reason: midgame, tactical, emergency: false
[DEBUG] 16:32:49.657 [AiEngine] Using JS Search
[DEBUG] 16:32:49.659 [AiEngine] Adaptive time: 3000ms, depth: 5, reason: midgame, emergency: false
[DEBUG] 16:32:49.659 [AiEngine] Using JS Search
[DEBUG] 16:32:49.745 [AiEngine] Adaptive time: 3000ms, depth: 5, reason: midgame, tactical, emergency: false
[DEBUG] 16:32:49.745 [AiEngine] Using JS Search
[DEBUG] 16:32:49.746 [AiEngine] Adaptive time: 3000ms, depth: 5, reason: midgame, emergency: false
[DEBUG] 16:32:49.746 [AiEngine] Using JS Search
[DEBUG] 16:32:49.848 [AiEngine] Adaptive time: 3000ms, depth: 5, reason: midgame, tactical, emergency: false
[DEBUG] 16:32:49.848 [AiEngine] Using JS Search
[DEBUG] 16:32:49.850 [AiEngine] Adaptive time: 3000ms, depth: 5, reason: midgame, emergency: false
[DEBUG] 16:32:49.850 [AiEngine] Using JS Search
[DEBUG] 16:32:49.891 [AiEngine] Adaptive time: 3000ms, depth: 5, reason: midgame, tactical, emergency: false
[DEBUG] 16:32:49.891 [AiEngine] Using JS Search
[DEBUG] 16:32:50.098 [AiEngine] Adaptive time: 3000ms, depth: 5, reason: midgame, emergency: false
[DEBUG] 16:32:50.098 [AiEngine] Using JS Search
[DEBUG] 16:32:50.138 [AiEngine] Adaptive time: 3000ms, depth: 5, reason: midgame, emergency: false
[DEBUG] 16:32:50.138 [AiEngine] Using JS Search
[DEBUG] 16:32:50.338 [AiEngine] Adaptive time: 3000ms, depth: 5, reason: midgame, emergency: false
[DEBUG] 16:32:50.338 [AiEngine] Using JS Search
[DEBUG] 16:32:50.372 [AiEngine] Adaptive time: 3000ms, depth: 5, reason: midgame, tactical, emergency: false
[DEBUG] 16:32:50.373 [AiEngine] Using JS Search
[DEBUG] 16:32:50.793 [AiEngine] Adaptive time: 3000ms, depth: 5, reason: midgame, emergency: false
[DEBUG] 16:32:50.793 [AiEngine] Using JS Search
[DEBUG] 16:32:50.826 [AiEngine] Adaptive time: 3000ms, depth: 5, reason: midgame, tactical, emergency: false
[DEBUG] 16:32:50.826 [AiEngine] Using JS Search
[DEBUG] 16:32:50.828 [AiEngine] Adaptive time: 3000ms, depth: 5, reason: standard, emergency: false
[DEBUG] 16:32:50.828 [AiEngine] Using JS Search
[DEBUG] 16:32:51.024 [AiEngine] Adaptive time: 3000ms, depth: 5, reason: tactical, emergency: false
[DEBUG] 16:32:51.024 [AiEngine] Using JS Search
[DEBUG] 16:32:51.029 [AiEngine] Adaptive time: 3000ms, depth: 5, reason: standard, emergency: false
[DEBUG] 16:32:51.029 [AiEngine] Using JS Search
[DEBUG] 16:32:51.099 [AiEngine] Adaptive time: 3000ms, depth: 5, reason: tactical, emergency: false
[DEBUG] 16:32:51.099 [AiEngine] Using JS Search
[DEBUG] 16:32:51.107 [AiEngine] Adaptive time: 3000ms, depth: 5, reason: standard, emergency: false
[DEBUG] 16:32:51.107 [AiEngine] Using JS Search
[DEBUG] 16:32:51.179 [AiEngine] Adaptive time: 3000ms, depth: 5, reason: standard, emergency: false
[DEBUG] 16:32:51.180 [AiEngine] Using JS Search
[DEBUG] 16:32:51.189 [AiEngine] Adaptive time: 3000ms, depth: 5, reason: standard, emergency: false
[DEBUG] 16:32:51.189 [AiEngine] Using JS Search
[DEBUG] 16:32:51.278 [AiEngine] Adaptive time: 3000ms, depth: 5, reason: tactical, emergency: false
[DEBUG] 16:32:51.278 [AiEngine] Using JS Search
[DEBUG] 16:32:51.289 [AiEngine] Adaptive time: 3000ms, depth: 5, reason: standard, emergency: false
[DEBUG] 16:32:51.289 [AiEngine] Using JS Search
[DEBUG] 16:32:51.371 [AiEngine] Adaptive time: 3000ms, depth: 5, reason: standard, emergency: false
[DEBUG] 16:32:51.371 [AiEngine] Using JS Search
[DEBUG] 16:32:51.381 [AiEngine] Adaptive time: 3000ms, depth: 5, reason: standard, emergency: false
[DEBUG] 16:32:51.381 [AiEngine] Using JS Search
[DEBUG] 16:32:51.454 [AiEngine] Adaptive time: 3000ms, depth: 5, reason: tactical, emergency: false
[DEBUG] 16:32:51.454 [AiEngine] Using JS Search
[DEBUG] 16:32:51.462 [AiEngine] Adaptive time: 3000ms, depth: 5, reason: standard, emergency: false
[DEBUG] 16:32:51.462 [AiEngine] Using JS Search
[DEBUG] 16:32:51.543 [AiEngine] Adaptive time: 3000ms, depth: 5, reason: tactical, emergency: false
[DEBUG] 16:32:51.543 [AiEngine] Using JS Search
[DEBUG] 16:32:51.552 [AiEngine] Adaptive time: 3000ms, depth: 5, reason: standard, emergency: false
[DEBUG] 16:32:51.552 [AiEngine] Using JS Search
[DEBUG] 16:32:51.569 [AiEngine] Adaptive time: 3000ms, depth: 5, reason: standard, emergency: false
[DEBUG] 16:32:51.570 [AiEngine] Using JS Search
[DEBUG] 16:32:51.725 [AiEngine] Adaptive time: 3000ms, depth: 5, reason: standard, emergency: false
[DEBUG] 16:32:51.726 [AiEngine] Using JS Search
[DEBUG] 16:32:51.747 [AiEngine] Adaptive time: 3000ms, depth: 5, reason: standard, emergency: false
[DEBUG] 16:32:51.747 [AiEngine] Using JS Search
[DEBUG] 16:32:51.895 [AiEngine] Adaptive time: 3000ms, depth: 5, reason: standard, emergency: false
[DEBUG] 16:32:51.895 [AiEngine] Using JS Search
[DEBUG] 16:32:51.912 [AiEngine] Adaptive time: 3000ms, depth: 5, reason: tactical, emergency: false
[DEBUG] 16:32:51.912 [AiEngine] Using JS Search
[DEBUG] 16:32:52.011 [AiEngine] Adaptive time: 3000ms, depth: 5, reason: standard, emergency: false
[DEBUG] 16:32:52.012 [AiEngine] Using JS Search
[DEBUG] 16:32:52.027 [AiEngine] Adaptive time: 3000ms, depth: 5, reason: tactical, emergency: false
[DEBUG] 16:32:52.027 [AiEngine] Using JS Search
[DEBUG] 16:32:52.112 [AiEngine] Adaptive time: 3000ms, depth: 5, reason: in-check, emergency: false
[DEBUG] 16:32:52.112 [AiEngine] Using JS Search
[DEBUG] 16:32:52.121 [AiEngine] Adaptive time: 3000ms, depth: 5, reason: tactical, emergency: false
[DEBUG] 16:32:52.121 [AiEngine] Using JS Search
[DEBUG] 16:32:52.166 [AiEngine] Adaptive time: 3000ms, depth: 5, reason: standard, emergency: false
[DEBUG] 16:32:52.166 [AiEngine] Using JS Search
[DEBUG] 16:32:52.181 [AiEngine] Adaptive time: 3000ms, depth: 5, reason: tactical, emergency: false
[DEBUG] 16:32:52.181 [AiEngine] Using JS Search
[DEBUG] 16:32:52.187 [AiEngine] Adaptive time: 500ms, depth: 4, reason: midgame, opening, emergency: false
[DEBUG] 16:32:52.187 [AiEngine] Using JS Search
[DEBUG] 16:32:52.269 [AiEngine] Adaptive time: 500ms, depth: 4, reason: midgame, opening, emergency: false
[DEBUG] 16:32:52.269 [AiEngine] Using JS Search
[DEBUG] 16:32:52.371 [AiEngine] Adaptive time: 500ms, depth: 4, reason: midgame, opening, emergency: false
[DEBUG] 16:32:52.371 [AiEngine] Using JS Search
[DEBUG] 16:32:52.632 [AiEngine] Adaptive time: 500ms, depth: 4, reason: midgame, opening, emergency: false
[DEBUG] 16:32:52.632 [AiEngine] Using JS Search
[DEBUG] 16:32:52.946 [AiEngine] Adaptive time: 500ms, depth: 4, reason: midgame, opening, emergency: false
[DEBUG] 16:32:52.946 [AiEngine] Using JS Search
[DEBUG] 16:32:53.027 [AiEngine] Adaptive time: 500ms, depth: 4, reason: midgame, opening, emergency: false
[DEBUG] 16:32:53.027 [AiEngine] Using JS Search
[DEBUG] 16:32:53.247 [AiEngine] Adaptive time: 500ms, depth: 4, reason: midgame, opening, emergency: false
[DEBUG] 16:32:53.247 [AiEngine] Using JS Search
[DEBUG] 16:32:53.360 [AiEngine] Adaptive time: 500ms, depth: 4, reason: midgame, opening, emergency: false
[DEBUG] 16:32:53.360 [AiEngine] Using JS Search
[DEBUG] 16:32:53.475 [AiEngine] Adaptive time: 500ms, depth: 4, reason: midgame, opening, emergency: false
[DEBUG] 16:32:53.475 [AiEngine] Using JS Search
[DEBUG] 16:32:53.575 [AiEngine] Adaptive time: 500ms, depth: 4, reason: midgame, opening, tactical, emergency: false
[DEBUG] 16:32:53.575 [AiEngine] Using JS Search
[DEBUG] 16:32:53.655 [AiEngine] Adaptive time: 500ms, depth: 4, reason: midgame, opening, emergency: false
[DEBUG] 16:32:53.655 [AiEngine] Using JS Search
[DEBUG] 16:32:53.801 [AiEngine] Adaptive time: 500ms, depth: 4, reason: midgame, opening, in-check, emergency: false
[DEBUG] 16:32:53.801 [AiEngine] Using JS Search
[DEBUG] 16:32:53.909 [AiEngine] Adaptive time: 500ms, depth: 4, reason: midgame, opening, emergency: false
[DEBUG] 16:32:53.909 [AiEngine] Using JS Search
[DEBUG] 16:32:54.022 [AiEngine] Adaptive time: 500ms, depth: 4, reason: midgame, opening, tactical, emergency: false
[DEBUG] 16:32:54.022 [AiEngine] Using JS Search
[DEBUG] 16:32:54.597 [AiEngine] Adaptive time: 500ms, depth: 4, reason: midgame, opening, emergency: false
[DEBUG] 16:32:54.597 [AiEngine] Using JS Search
[DEBUG] 16:32:55.170 [AiEngine] Adaptive time: 500ms, depth: 4, reason: midgame, opening, tactical, emergency: false
[DEBUG] 16:32:55.170 [AiEngine] Using JS Search
[DEBUG] 16:32:55.443 [AiEngine] Adaptive time: 500ms, depth: 4, reason: midgame, opening, emergency: false
[DEBUG] 16:32:55.443 [AiEngine] Using JS Search
[DEBUG] 16:32:55.677 [AiEngine] Adaptive time: 500ms, depth: 4, reason: midgame, opening, tactical, emergency: false
[DEBUG] 16:32:55.677 [AiEngine] Using JS Search
[DEBUG] 16:32:56.738 [AiEngine] Adaptive time: 500ms, depth: 4, reason: midgame, opening, emergency: false
[DEBUG] 16:32:56.738 [AiEngine] Using JS Search
[DEBUG] 16:32:56.957 [AiEngine] Adaptive time: 500ms, depth: 4, reason: midgame, opening, tactical, emergency: false
[DEBUG] 16:32:56.957 [AiEngine] Using JS Search
[DEBUG] 16:32:57.002 [AiEngine] Adaptive time: 500ms, depth: 4, reason: midgame, opening, in-check, emergency: false
[DEBUG] 16:32:57.002 [AiEngine] Using JS Search
[DEBUG] 16:32:57.002 [AiEngine] Adaptive time: 500ms, depth: 4, reason: midgame, opening, emergency: false
[DEBUG] 16:32:57.002 [AiEngine] Using JS Search
[DEBUG] 16:32:57.024 [AiEngine] Adaptive time: 500ms, depth: 4, reason: midgame, opening, emergency: false
[DEBUG] 16:32:57.024 [AiEngine] Using JS Search
[DEBUG] 16:32:57.194 [AiEngine] Adaptive time: 500ms, depth: 4, reason: midgame, opening, emergency: false
[DEBUG] 16:32:57.194 [AiEngine] Using JS Search
[DEBUG] 16:32:57.460 [AiEngine] Adaptive time: 500ms, depth: 4, reason: midgame, opening, emergency: false
[DEBUG] 16:32:57.460 [AiEngine] Using JS Search
[DEBUG] 16:32:57.673 [AiEngine] Adaptive time: 500ms, depth: 4, reason: midgame, opening, emergency: false
[DEBUG] 16:32:57.673 [AiEngine] Using JS Search
[DEBUG] 16:32:57.877 [AiEngine] Adaptive time: 500ms, depth: 4, reason: midgame, opening, emergency: false
[DEBUG] 16:32:57.877 [AiEngine] Using JS Search
[DEBUG] 16:32:58.180 [AiEngine] Adaptive time: 500ms, depth: 4, reason: midgame, opening, emergency: false
[DEBUG] 16:32:58.180 [AiEngine] Using JS Search
[DEBUG] 16:32:58.666 [AiEngine] Adaptive time: 500ms, depth: 4, reason: midgame, opening, emergency: false
[DEBUG] 16:32:58.666 [AiEngine] Using JS Search
[DEBUG] 16:32:58.779 [AiEngine] Adaptive time: 500ms, depth: 4, reason: midgame, opening, emergency: false
[DEBUG] 16:32:58.779 [AiEngine] Using JS Search
[DEBUG] 16:32:59.072 [AiEngine] Adaptive time: 500ms, depth: 4, reason: midgame, opening, emergency: false
[DEBUG] 16:32:59.072 [AiEngine] Using JS Search
[DEBUG] 16:32:59.203 [AiEngine] Adaptive time: 500ms, depth: 4, reason: midgame, opening, emergency: false
[DEBUG] 16:32:59.203 [AiEngine] Using JS Search
[DEBUG] 16:32:59.612 [AiEngine] Adaptive time: 500ms, depth: 4, reason: midgame, opening, emergency: false
[DEBUG] 16:32:59.612 [AiEngine] Using JS Search
[DEBUG] 16:32:59.915 [AiEngine] Adaptive time: 500ms, depth: 4, reason: midgame, opening, tactical, emergency: false
[DEBUG] 16:32:59.915 [AiEngine] Using JS Search
[DEBUG] 16:33:00.172 [AiEngine] Adaptive time: 500ms, depth: 4, reason: midgame, opening, emergency: false
[DEBUG] 16:33:00.172 [AiEngine] Using JS Search
[DEBUG] 16:33:00.259 [AiEngine] Adaptive time: 500ms, depth: 4, reason: midgame, opening, tactical, emergency: false
[DEBUG] 16:33:00.259 [AiEngine] Using JS Search
[DEBUG] 16:33:00.687 [AiEngine] Adaptive time: 500ms, depth: 4, reason: midgame, opening, emergency: false
[DEBUG] 16:33:00.687 [AiEngine] Using JS Search
[DEBUG] 16:33:00.828 [AiEngine] Adaptive time: 500ms, depth: 4, reason: midgame, opening, tactical, emergency: false
[DEBUG] 16:33:00.829 [AiEngine] Using JS Search
[DEBUG] 16:33:00.897 [AiEngine] Adaptive time: 500ms, depth: 4, reason: midgame, opening, emergency: false
[DEBUG] 16:33:00.897 [AiEngine] Using JS Search
[DEBUG] 16:33:01.064 [AiEngine] Adaptive time: 500ms, depth: 4, reason: midgame, opening, tactical, emergency: false
[DEBUG] 16:33:01.064 [AiEngine] Using JS Search
[DEBUG] 16:33:01.468 [AiEngine] Adaptive time: 500ms, depth: 4, reason: midgame, opening, emergency: false
[DEBUG] 16:33:01.468 [AiEngine] Using JS Search
[DEBUG] 16:33:01.546 [AiEngine] Adaptive time: 500ms, depth: 4, reason: midgame, opening, tactical, emergency: false
[DEBUG] 16:33:01.546 [AiEngine] Using JS Search
[DEBUG] 16:33:02.098 [AiEngine] Adaptive time: 500ms, depth: 4, reason: midgame, opening, emergency: false
[DEBUG] 16:33:02.098 [AiEngine] Using JS Search
[DEBUG] 16:33:02.379 [AiEngine] Adaptive time: 500ms, depth: 4, reason: midgame, opening, tactical, emergency: false
[DEBUG] 16:33:02.379 [AiEngine] Using JS Search
[DEBUG] 16:33:02.668 [AiEngine] Adaptive time: 500ms, depth: 4, reason: midgame, opening, emergency: false
[DEBUG] 16:33:02.668 [AiEngine] Using JS Search
[DEBUG] 16:33:02.855 [AiEngine] Adaptive time: 500ms, depth: 4, reason: midgame, opening, tactical, emergency: false
[DEBUG] 16:33:02.855 [AiEngine] Using JS Search
[DEBUG] 16:33:03.354 [AiEngine] Adaptive time: 500ms, depth: 4, reason: midgame, opening, emergency: false
[DEBUG] 16:33:03.354 [AiEngine] Using JS Search
[DEBUG] 16:33:03.436 [AiEngine] Adaptive time: 500ms, depth: 4, reason: midgame, opening, tactical, emergency: false
[DEBUG] 16:33:03.436 [AiEngine] Using JS Search
[DEBUG] 16:33:03.487 [AiEngine] Adaptive time: 500ms, depth: 4, reason: midgame, opening, emergency: false
[DEBUG] 16:33:03.487 [AiEngine] Using JS Search
[DEBUG] 16:33:03.525 [AiEngine] Adaptive time: 500ms, depth: 4, reason: midgame, opening, tactical, emergency: false
[DEBUG] 16:33:03.526 [AiEngine] Using JS Search
[DEBUG] 16:33:03.588 [AiEngine] Adaptive time: 500ms, depth: 4, reason: midgame, opening, emergency: false
[DEBUG] 16:33:03.588 [AiEngine] Using JS Search
[DEBUG] 16:33:03.656 [AiEngine] Adaptive time: 500ms, depth: 4, reason: midgame, opening, tactical, emergency: false
[DEBUG] 16:33:03.656 [AiEngine] Using JS Search
[DEBUG] 16:33:03.955 [AiEngine] Adaptive time: 500ms, depth: 4, reason: midgame, opening, emergency: false
[DEBUG] 16:33:03.955 [AiEngine] Using JS Search
[DEBUG] 16:33:04.014 [AiEngine] Adaptive time: 500ms, depth: 4, reason: midgame, opening, tactical, emergency: false
[DEBUG] 16:33:04.014 [AiEngine] Using JS Search
[DEBUG] 16:33:04.288 [AiEngine] Adaptive time: 500ms, depth: 4, reason: midgame, opening, emergency: false
[DEBUG] 16:33:04.288 [AiEngine] Using JS Search
[DEBUG] 16:33:04.360 [AiEngine] Adaptive time: 500ms, depth: 4, reason: midgame, opening, tactical, emergency: false
[DEBUG] 16:33:04.361 [AiEngine] Using JS Search
[DEBUG] 16:33:04.488 [AiEngine] Adaptive time: 500ms, depth: 4, reason: midgame, opening, emergency: false
[DEBUG] 16:33:04.488 [AiEngine] Using JS Search
[DEBUG] 16:33:04.557 [AiEngine] Adaptive time: 500ms, depth: 4, reason: midgame, opening, emergency: false
[DEBUG] 16:33:04.557 [AiEngine] Using JS Search
[DEBUG] 16:33:04.593 [AiEngine] Adaptive time: 500ms, depth: 4, reason: midgame, opening, tactical, emergency: false
[DEBUG] 16:33:04.593 [AiEngine] Using JS Search
[DEBUG] 16:33:04.684 [AiEngine] Adaptive time: 500ms, depth: 4, reason: midgame, opening, emergency: false
[DEBUG] 16:33:04.684 [AiEngine] Using JS Search
[DEBUG] 16:33:04.745 [AiEngine] Adaptive time: 500ms, depth: 4, reason: midgame, opening, tactical, emergency: false
[DEBUG] 16:33:04.745 [AiEngine] Using JS Search
[DEBUG] 16:33:04.750 [AiEngine] Adaptive time: 3000ms, depth: 5, reason: midgame, emergency: false
[DEBUG] 16:33:04.751 [AiEngine] Using JS Search
[DEBUG] 16:33:04.881 [AiEngine] Adaptive time: 3000ms, depth: 5, reason: midgame, tactical, emergency: false
[DEBUG] 16:33:04.881 [AiEngine] Using JS Search
[DEBUG] 16:33:04.992 [AiEngine] Adaptive time: 3000ms, depth: 5, reason: midgame, in-check, emergency: false
[DEBUG] 16:33:04.992 [AiEngine] Using JS Search
[DEBUG] 16:33:05.434 [AiEngine] Adaptive time: 3000ms, depth: 5, reason: midgame, tactical, emergency: false
[DEBUG] 16:33:05.434 [AiEngine] Using JS Search
[DEBUG] 16:33:05.730 [AiEngine] Adaptive time: 3000ms, depth: 5, reason: midgame, emergency: false
[DEBUG] 16:33:05.730 [AiEngine] Using JS Search
[DEBUG] 16:33:05.972 [AiEngine] Adaptive time: 3000ms, depth: 5, reason: midgame, tactical, emergency: false
[DEBUG] 16:33:05.972 [AiEngine] Using JS Search
[DEBUG] 16:33:06.155 [AiEngine] Adaptive time: 3000ms, depth: 5, reason: tactical, emergency: false
[DEBUG] 16:33:06.155 [AiEngine] Using JS Search
[DEBUG] 16:33:06.361 [AiEngine] Adaptive time: 3000ms, depth: 5, reason: tactical, emergency: false
[DEBUG] 16:33:06.362 [AiEngine] Using JS Search
[DEBUG] 16:33:06.454 [AiEngine] Adaptive time: 3000ms, depth: 5, reason: in-check, emergency: false
[DEBUG] 16:33:06.454 [AiEngine] Using JS Search
[DEBUG] 16:33:06.520 [AiEngine] Adaptive time: 3000ms, depth: 5, reason: tactical, emergency: false
[DEBUG] 16:33:06.520 [AiEngine] Using JS Search
[DEBUG] 16:33:06.521 [AiEngine] Adaptive time: 3000ms, depth: 5, reason: tactical, emergency: false
[DEBUG] 16:33:06.521 [AiEngine] Using JS Search
[DEBUG] 16:33:06.581 [AiEngine] Adaptive time: 3000ms, depth: 5, reason: tactical, emergency: false
[DEBUG] 16:33:06.581 [AiEngine] Using JS Search
[DEBUG] 16:33:06.584 [AiEngine] Adaptive time: 3000ms, depth: 5, reason: standard, emergency: false
[DEBUG] 16:33:06.584 [AiEngine] Using JS Search
[DEBUG] 16:33:06.669 [AiEngine] Adaptive time: 3000ms, depth: 5, reason: tactical, emergency: false
[DEBUG] 16:33:06.669 [AiEngine] Using JS Search
[DEBUG] 16:33:06.671 [AiEngine] Adaptive time: 3000ms, depth: 5, reason: endgame, in-check, emergency: false
[DEBUG] 16:33:06.671 [AiEngine] Using JS Search
[DEBUG] 16:33:06.809 [AiEngine] Adaptive time: 3000ms, depth: 5, reason: endgame, tactical, emergency: false
[DEBUG] 16:33:06.809 [AiEngine] Using JS Search
[DEBUG] 16:33:06.811 [AiEngine] Adaptive time: 3000ms, depth: 5, reason: endgame, in-check, emergency: false
[DEBUG] 16:33:06.811 [AiEngine] Using JS Search
[DEBUG] 16:33:06.867 [AiEngine] Adaptive time: 3000ms, depth: 5, reason: endgame, emergency: false
[DEBUG] 16:33:06.867 [AiEngine] Using JS Search
[DEBUG] 16:33:06.871 [AiEngine] Adaptive time: 3000ms, depth: 5, reason: endgame, emergency: false
[DEBUG] 16:33:06.871 [AiEngine] Using JS Search
[DEBUG] 16:33:06.960 [AiEngine] Adaptive time: 3000ms, depth: 5, reason: endgame, emergency: false
[DEBUG] 16:33:06.960 [AiEngine] Using JS Search
[DEBUG] 16:33:06.961 [AiEngine] Adaptive time: 3000ms, depth: 5, reason: endgame, emergency: false
[DEBUG] 16:33:06.961 [AiEngine] Using JS Search
[DEBUG] 16:33:07.069 [AiEngine] Adaptive time: 3000ms, depth: 5, reason: endgame, emergency: false
[DEBUG] 16:33:07.069 [AiEngine] Using JS Search
[DEBUG] 16:33:07.070 [AiEngine] Adaptive time: 3000ms, depth: 5, reason: endgame, emergency: false
[DEBUG] 16:33:07.070 [AiEngine] Using JS Search
[DEBUG] 16:33:07.108 [AiEngine] Adaptive time: 3000ms, depth: 5, reason: endgame, tactical, emergency: false
[DEBUG] 16:33:07.108 [AiEngine] Using JS Search
[DEBUG] 16:33:07.109 [AiEngine] Adaptive time: 3000ms, depth: 5, reason: endgame, emergency: false
[DEBUG] 16:33:07.109 [AiEngine] Using JS Search
[DEBUG] 16:33:07.201 [AiEngine] Adaptive time: 3000ms, depth: 5, reason: endgame, tactical, emergency: false
[DEBUG] 16:33:07.201 [AiEngine] Using JS Search
[DEBUG] 16:33:07.201 [AiEngine] Adaptive time: 3000ms, depth: 5, reason: endgame, emergency: false
[DEBUG] 16:33:07.201 [AiEngine] Using JS Search
[DEBUG] 16:33:07.301 [AiEngine] Adaptive time: 3000ms, depth: 5, reason: endgame, emergency: false
[DEBUG] 16:33:07.301 [AiEngine] Using JS Search
[DEBUG] 16:33:07.303 [AiEngine] Adaptive time: 3000ms, depth: 5, reason: endgame, emergency: false
[DEBUG] 16:33:07.303 [AiEngine] Using JS Search
[DEBUG] 16:33:07.423 [AiEngine] Adaptive time: 3000ms, depth: 5, reason: endgame, tactical, emergency: false
[DEBUG] 16:33:07.424 [AiEngine] Using JS Search
[DEBUG] 16:33:07.425 [AiEngine] Adaptive time: 3000ms, depth: 5, reason: endgame, emergency: false
[DEBUG] 16:33:07.425 [AiEngine] Using JS Search
[DEBUG] 16:33:07.528 [AiEngine] Adaptive time: 3000ms, depth: 5, reason: endgame, tactical, emergency: false
[DEBUG] 16:33:07.528 [AiEngine] Using JS Search
[DEBUG] 16:33:07.529 [AiEngine] Adaptive time: 3000ms, depth: 5, reason: endgame, emergency: false
[DEBUG] 16:33:07.529 [AiEngine] Using JS Search
[DEBUG] 16:33:07.617 [AiEngine] Adaptive time: 3000ms, depth: 5, reason: endgame, tactical, emergency: false
[DEBUG] 16:33:07.617 [AiEngine] Using JS Search
[DEBUG] 16:33:07.660 [AiEngine] Adaptive time: 3000ms, depth: 5, reason: endgame, in-check, emergency: false
[DEBUG] 16:33:07.661 [AiEngine] Using JS Search
[DEBUG] 16:33:07.677 [AiEngine] Adaptive time: 3000ms, depth: 5, reason: endgame, tactical, emergency: false
[DEBUG] 16:33:07.677 [AiEngine] Using JS Search
[DEBUG] 16:33:07.720 [AiEngine] Adaptive time: 3000ms, depth: 5, reason: endgame, in-check, emergency: false
[DEBUG] 16:33:07.720 [AiEngine] Using JS Search
[DEBUG] 16:33:07.736 [AiEngine] Adaptive time: 3000ms, depth: 5, reason: endgame, tactical, emergency: false
[DEBUG] 16:33:07.736 [AiEngine] Using JS Search
[DEBUG] 16:33:07.788 [AiEngine] Adaptive time: 3000ms, depth: 5, reason: endgame, emergency: false
[DEBUG] 16:33:07.789 [AiEngine] Using JS Search
[DEBUG] 16:33:07.807 [AiEngine] Adaptive time: 3000ms, depth: 5, reason: endgame, tactical, emergency: false
[DEBUG] 16:33:07.807 [AiEngine] Using JS Search
[DEBUG] 16:33:07.856 [AiEngine] Adaptive time: 3000ms, depth: 5, reason: endgame, emergency: false
[DEBUG] 16:33:07.856 [AiEngine] Using JS Search
[DEBUG] 16:33:07.874 [AiEngine] Adaptive time: 3000ms, depth: 5, reason: endgame, emergency: false
[DEBUG] 16:33:07.874 [AiEngine] Using JS Search
[DEBUG] 16:33:07.927 [AiEngine] Adaptive time: 3000ms, depth: 5, reason: endgame, emergency: false
[DEBUG] 16:33:07.928 [AiEngine] Using JS Search
[DEBUG] 16:33:07.933 [AiEngine] Adaptive time: 3000ms, depth: 5, reason: endgame, tactical, emergency: false
[DEBUG] 16:33:07.934 [AiEngine] Using JS Search
[DEBUG] 16:33:07.978 [AiEngine] Adaptive time: 3000ms, depth: 5, reason: endgame, in-check, emergency: false
[DEBUG] 16:33:07.978 [AiEngine] Using JS Search
[DEBUG] 16:33:07.984 [AiEngine] Adaptive time: 3000ms, depth: 5, reason: endgame, emergency: false
[DEBUG] 16:33:07.984 [AiEngine] Using JS Search
[DEBUG] 16:33:08.030 [AiEngine] Adaptive time: 3000ms, depth: 5, reason: endgame, emergency: false
[DEBUG] 16:33:08.030 [AiEngine] Using JS Search
[DEBUG] 16:33:08.036 [AiEngine] Adaptive time: 3000ms, depth: 5, reason: endgame, tactical, emergency: false
[DEBUG] 16:33:08.036 [AiEngine] Using JS Search
[DEBUG] 16:33:08.105 [AiEngine] Adaptive time: 3000ms, depth: 5, reason: endgame, emergency: false
[DEBUG] 16:33:08.105 [AiEngine] Using JS Search
[DEBUG] 16:33:08.109 [AiEngine] Adaptive time: 3000ms, depth: 5, reason: endgame, tactical, emergency: false
[DEBUG] 16:33:08.109 [AiEngine] Using JS Search
[DEBUG] 16:33:08.175 [AiEngine] Adaptive time: 3000ms, depth: 5, reason: endgame, emergency: false
[DEBUG] 16:33:08.175 [AiEngine] Using JS Search
[DEBUG] 16:33:08.181 [AiEngine] Adaptive time: 3000ms, depth: 5, reason: endgame, tactical, emergency: false
[DEBUG] 16:33:08.181 [AiEngine] Using JS Search
[DEBUG] 16:33:08.270 [AiEngine] Adaptive time: 3000ms, depth: 5, reason: endgame, emergency: false
[DEBUG] 16:33:08.270 [AiEngine] Using JS Search
[DEBUG] 16:33:08.276 [AiEngine] Adaptive time: 3000ms, depth: 5, reason: endgame, tactical, emergency: false
[DEBUG] 16:33:08.276 [AiEngine] Using JS Search
[DEBUG] 16:33:08.352 [AiEngine] Adaptive time: 3000ms, depth: 5, reason: endgame, emergency: false
[DEBUG] 16:33:08.352 [AiEngine] Using JS Search
[DEBUG] 16:33:08.355 [AiEngine] Adaptive time: 3000ms, depth: 5, reason: endgame, tactical, emergency: false
[DEBUG] 16:33:08.355 [AiEngine] Using JS Search
[DEBUG] 16:33:08.381 [AiEngine] Adaptive time: 3000ms, depth: 5, reason: endgame, emergency: false
[DEBUG] 16:33:08.382 [AiEngine] Using JS Search
[DEBUG] 16:33:08.386 [AiEngine] Adaptive time: 3000ms, depth: 5, reason: endgame, tactical, emergency: false
[DEBUG] 16:33:08.386 [AiEngine] Using JS Search
[DEBUG] 16:33:08.438 [AiEngine] Adaptive time: 3000ms, depth: 5, reason: endgame, emergency: false
[DEBUG] 16:33:08.438 [AiEngine] Using JS Search
[DEBUG] 16:33:08.444 [AiEngine] Adaptive time: 3000ms, depth: 5, reason: endgame, tactical, emergency: false
[DEBUG] 16:33:08.444 [AiEngine] Using JS Search
[DEBUG] 16:33:08.507 [AiEngine] Adaptive time: 500ms, depth: 4, reason: midgame, opening, emergency: false
[DEBUG] 16:33:08.507 [AiEngine] Using JS Search
[DEBUG] 16:33:08.530 [AiEngine] Adaptive time: 500ms, depth: 4, reason: midgame, opening, emergency: false
[DEBUG] 16:33:08.530 [AiEngine] Using JS Search
[DEBUG] 16:33:08.855 [AiEngine] Adaptive time: 500ms, depth: 4, reason: midgame, opening, emergency: false
[DEBUG] 16:33:08.855 [AiEngine] Using JS Search
[DEBUG] 16:33:09.038 [AiEngine] Adaptive time: 500ms, depth: 4, reason: midgame, opening, emergency: false
[DEBUG] 16:33:09.038 [AiEngine] Using JS Search
[DEBUG] 16:33:09.133 [AiEngine] Adaptive time: 500ms, depth: 4, reason: midgame, opening, emergency: false
[DEBUG] 16:33:09.134 [AiEngine] Using JS Search
[DEBUG] 16:33:09.713 [AiEngine] Adaptive time: 500ms, depth: 4, reason: midgame, opening, emergency: false
[DEBUG] 16:33:09.713 [AiEngine] Using JS Search
[DEBUG] 16:33:09.878 [AiEngine] Adaptive time: 500ms, depth: 4, reason: midgame, opening, tactical, emergency: false
[DEBUG] 16:33:09.878 [AiEngine] Using JS Search
[DEBUG] 16:33:10.445 [AiEngine] Adaptive time: 500ms, depth: 4, reason: midgame, opening, emergency: false
[DEBUG] 16:33:10.445 [AiEngine] Using JS Search
[DEBUG] 16:33:10.630 [AiEngine] Adaptive time: 500ms, depth: 4, reason: midgame, opening, tactical, emergency: false
[DEBUG] 16:33:10.630 [AiEngine] Using JS Search
[DEBUG] 16:33:10.826 [AiEngine] Adaptive time: 500ms, depth: 4, reason: midgame, opening, tactical, emergency: false
[DEBUG] 16:33:10.826 [AiEngine] Using JS Search
[DEBUG] 16:33:10.933 [AiEngine] Adaptive time: 500ms, depth: 4, reason: midgame, opening, emergency: false
[DEBUG] 16:33:10.933 [AiEngine] Using JS Search
[DEBUG] 16:33:11.346 [AiEngine] Adaptive time: 500ms, depth: 4, reason: midgame, opening, emergency: false
[DEBUG] 16:33:11.346 [AiEngine] Using JS Search
[DEBUG] 16:33:11.499 [AiEngine] Adaptive time: 500ms, depth: 4, reason: midgame, opening, tactical, emergency: false
[DEBUG] 16:33:11.499 [AiEngine] Using JS Search
[DEBUG] 16:33:11.801 [AiEngine] Adaptive time: 500ms, depth: 4, reason: midgame, opening, tactical, emergency: false
[DEBUG] 16:33:11.801 [AiEngine] Using JS Search
[DEBUG] 16:33:11.888 [AiEngine] Adaptive time: 500ms, depth: 4, reason: midgame, opening, emergency: false
[DEBUG] 16:33:11.888 [AiEngine] Using JS Search
[DEBUG] 16:33:12.085 [AiEngine] Adaptive time: 500ms, depth: 4, reason: midgame, opening, emergency: false
[DEBUG] 16:33:12.085 [AiEngine] Using JS Search
[DEBUG] 16:33:12.143 [AiEngine] Adaptive time: 500ms, depth: 4, reason: midgame, opening, tactical, emergency: false
[DEBUG] 16:33:12.143 [AiEngine] Using JS Search
[DEBUG] 16:33:12.357 [AiEngine] Adaptive time: 500ms, depth: 4, reason: midgame, opening, emergency: false
[DEBUG] 16:33:12.357 [AiEngine] Using JS Search
[DEBUG] 16:33:12.416 [AiEngine] Adaptive time: 500ms, depth: 4, reason: midgame, opening, tactical, emergency: false
[DEBUG] 16:33:12.416 [AiEngine] Using JS Search
[DEBUG] 16:33:12.866 [AiEngine] Adaptive time: 500ms, depth: 4, reason: midgame, opening, emergency: false
[DEBUG] 16:33:12.866 [AiEngine] Using JS Search
[DEBUG] 16:33:13.266 [AiEngine] Adaptive time: 500ms, depth: 4, reason: midgame, opening, tactical, emergency: false
[DEBUG] 16:33:13.266 [AiEngine] Using JS Search
[DEBUG] 16:33:13.846 [AiEngine] Adaptive time: 500ms, depth: 4, reason: midgame, opening, emergency: false
[DEBUG] 16:33:13.846 [AiEngine] Using JS Search
[DEBUG] 16:33:14.134 [AiEngine] Adaptive time: 500ms, depth: 4, reason: midgame, opening, tactical, emergency: false
[DEBUG] 16:33:14.134 [AiEngine] Using JS Search
[DEBUG] 16:33:14.441 [AiEngine] Adaptive time: 500ms, depth: 4, reason: midgame, opening, tactical, emergency: false
[DEBUG] 16:33:14.441 [AiEngine] Using JS Search
[DEBUG] 16:33:14.513 [AiEngine] Adaptive time: 500ms, depth: 4, reason: midgame, opening, tactical, emergency: false
[DEBUG] 16:33:14.513 [AiEngine] Using JS Search
[DEBUG] 16:33:14.732 [AiEngine] Adaptive time: 500ms, depth: 4, reason: midgame, opening, emergency: false
[DEBUG] 16:33:14.732 [AiEngine] Using JS Search
[DEBUG] 16:33:14.770 [AiEngine] Adaptive time: 500ms, depth: 4, reason: midgame, opening, tactical, emergency: false
[DEBUG] 16:33:14.770 [AiEngine] Using JS Search
[DEBUG] 16:33:15.205 [AiEngine] Adaptive time: 500ms, depth: 4, reason: midgame, opening, emergency: false
[DEBUG] 16:33:15.205 [AiEngine] Using JS Search
[DEBUG] 16:33:15.241 [AiEngine] Adaptive time: 500ms, depth: 4, reason: midgame, opening, tactical, emergency: false
[DEBUG] 16:33:15.241 [AiEngine] Using JS Search
[DEBUG] 16:33:15.516 [AiEngine] Adaptive time: 500ms, depth: 4, reason: midgame, opening, in-check, emergency: false
[DEBUG] 16:33:15.516 [AiEngine] Using JS Search
[DEBUG] 16:33:15.517 [AiEngine] Adaptive time: 500ms, depth: 4, reason: midgame, opening, tactical, emergency: false
[DEBUG] 16:33:15.517 [AiEngine] Using JS Search
[DEBUG] 16:33:15.517 [AiEngine] Adaptive time: 500ms, depth: 4, reason: midgame, opening, in-check, emergency: false
[DEBUG] 16:33:15.517 [AiEngine] Using JS Search
[DEBUG] 16:33:15.517 [AiEngine] Adaptive time: 500ms, depth: 4, reason: midgame, opening, emergency: false
[DEBUG] 16:33:15.517 [AiEngine] Using JS Search
[DEBUG] 16:33:15.625 [AiEngine] Adaptive time: 500ms, depth: 4, reason: midgame, opening, emergency: false
[DEBUG] 16:33:15.625 [AiEngine] Using JS Search
[DEBUG] 16:33:15.829 [AiEngine] Adaptive time: 500ms, depth: 4, reason: midgame, opening, emergency: false
[DEBUG] 16:33:15.829 [AiEngine] Using JS Search
[DEBUG] 16:33:16.094 [AiEngine] Adaptive time: 500ms, depth: 4, reason: midgame, opening, emergency: false
[DEBUG] 16:33:16.094 [AiEngine] Using JS Search
[DEBUG] 16:33:16.551 [AiEngine] Adaptive time: 500ms, depth: 4, reason: midgame, opening, emergency: false
[DEBUG] 16:33:16.551 [AiEngine] Using JS Search
[DEBUG] 16:33:16.819 [AiEngine] Adaptive time: 500ms, depth: 4, reason: midgame, opening, tactical, emergency: false
[DEBUG] 16:33:16.819 [AiEngine] Using JS Search
[DEBUG] 16:33:17.055 [AiEngine] Adaptive time: 500ms, depth: 4, reason: midgame, opening, emergency: false
[DEBUG] 16:33:17.055 [AiEngine] Using JS Search
[DEBUG] 16:33:17.407 [AiEngine] Adaptive time: 500ms, depth: 4, reason: midgame, opening, tactical, emergency: false
[DEBUG] 16:33:17.407 [AiEngine] Using JS Search
[DEBUG] 16:33:17.581 [AiEngine] Adaptive time: 500ms, depth: 4, reason: midgame, opening, emergency: false
[DEBUG] 16:33:17.582 [AiEngine] Using JS Search
[DEBUG] 16:33:17.985 [AiEngine] Adaptive time: 500ms, depth: 4, reason: midgame, opening, tactical, emergency: false
[DEBUG] 16:33:17.985 [AiEngine] Using JS Search
[DEBUG] 16:33:18.143 [AiEngine] Adaptive time: 500ms, depth: 4, reason: midgame, opening, emergency: false
[DEBUG] 16:33:18.143 [AiEngine] Using JS Search
[DEBUG] 16:33:18.232 [AiEngine] Adaptive time: 500ms, depth: 4, reason: midgame, opening, tactical, emergency: false
[DEBUG] 16:33:18.232 [AiEngine] Using JS Search
[DEBUG] 16:33:18.494 [AiEngine] Adaptive time: 500ms, depth: 4, reason: midgame, opening, in-check, emergency: false
[DEBUG] 16:33:18.494 [AiEngine] Using JS Search
[DEBUG] 16:33:18.923 [AiEngine] Adaptive time: 500ms, depth: 4, reason: midgame, opening, tactical, emergency: false
[DEBUG] 16:33:18.923 [AiEngine] Using JS Search
[DEBUG] 16:33:19.019 [AiEngine] Adaptive time: 500ms, depth: 4, reason: midgame, opening, in-check, emergency: false
[DEBUG] 16:33:19.019 [AiEngine] Using JS Search
[DEBUG] 16:33:19.323 [AiEngine] Adaptive time: 500ms, depth: 4, reason: midgame, opening, emergency: false
[DEBUG] 16:33:19.323 [AiEngine] Using JS Search
[DEBUG] 16:33:19.340 [AiEngine] Adaptive time: 500ms, depth: 4, reason: midgame, opening, emergency: false
[DEBUG] 16:33:19.340 [AiEngine] Using JS Search
[DEBUG] 16:33:19.596 [AiEngine] Adaptive time: 500ms, depth: 4, reason: midgame, opening, emergency: false
[DEBUG] 16:33:19.596 [AiEngine] Using JS Search
[DEBUG] 16:33:19.924 [AiEngine] Adaptive time: 500ms, depth: 4, reason: midgame, opening, tactical, emergency: false
[DEBUG] 16:33:19.925 [AiEngine] Using JS Search
[DEBUG] 16:33:20.084 [AiEngine] Adaptive time: 500ms, depth: 4, reason: midgame, opening, emergency: false
[DEBUG] 16:33:20.084 [AiEngine] Using JS Search
[DEBUG] 16:33:20.217 [AiEngine] Adaptive time: 500ms, depth: 4, reason: midgame, opening, tactical, emergency: false
[DEBUG] 16:33:20.217 [AiEngine] Using JS Search
[DEBUG] 16:33:20.260 [AiEngine] Adaptive time: 500ms, depth: 4, reason: midgame, opening, emergency: false
[DEBUG] 16:33:20.260 [AiEngine] Using JS Search
[DEBUG] 16:33:20.499 [AiEngine] Adaptive time: 500ms, depth: 4, reason: midgame, opening, tactical, emergency: false
[DEBUG] 16:33:20.499 [AiEngine] Using JS Search
[DEBUG] 16:33:20.836 [AiEngine] Adaptive time: 500ms, depth: 4, reason: midgame, opening, emergency: false
[DEBUG] 16:33:20.836 [AiEngine] Using JS Search
[DEBUG] 16:33:21.092 [AiEngine] Adaptive time: 500ms, depth: 4, reason: midgame, opening, tactical, emergency: false
[DEBUG] 16:33:21.092 [AiEngine] Using JS Search
[DEBUG] 16:33:21.264 [AiEngine] Adaptive time: 500ms, depth: 4, reason: midgame, opening, emergency: false
[DEBUG] 16:33:21.265 [AiEngine] Using JS Search
[DEBUG] 16:33:21.378 [AiEngine] Adaptive time: 500ms, depth: 4, reason: midgame, opening, tactical, emergency: false
[DEBUG] 16:33:21.378 [AiEngine] Using JS Search
[DEBUG] 16:33:21.542 [AiEngine] Adaptive time: 500ms, depth: 4, reason: midgame, opening, emergency: false
[DEBUG] 16:33:21.542 [AiEngine] Using JS Search
[DEBUG] 16:33:21.767 [AiEngine] Adaptive time: 500ms, depth: 4, reason: midgame, opening, tactical, emergency: false
[DEBUG] 16:33:21.767 [AiEngine] Using JS Search
[DEBUG] 16:33:21.841 [AiEngine] Adaptive time: 500ms, depth: 4, reason: midgame, opening, tactical, emergency: false
[DEBUG] 16:33:21.841 [AiEngine] Using JS Search
[DEBUG] 16:33:22.096 [AiEngine] Adaptive time: 500ms, depth: 4, reason: midgame, opening, tactical, emergency: false
[DEBUG] 16:33:22.096 [AiEngine] Using JS Search
[DEBUG] 16:33:22.276 [AiEngine] Adaptive time: 500ms, depth: 4, reason: midgame, opening, tactical, emergency: false
[DEBUG] 16:33:22.276 [AiEngine] Using JS Search
[DEBUG] 16:33:22.612 [AiEngine] Adaptive time: 500ms, depth: 4, reason: midgame, opening, tactical, emergency: false
[DEBUG] 16:33:22.612 [AiEngine] Using JS Search
[DEBUG] 16:33:22.759 [AiEngine] Adaptive time: 500ms, depth: 4, reason: midgame, opening, emergency: false
[DEBUG] 16:33:22.760 [AiEngine] Using JS Search
[DEBUG] 16:33:22.993 [AiEngine] Adaptive time: 500ms, depth: 4, reason: midgame, opening, emergency: false
[DEBUG] 16:33:22.994 [AiEngine] Using JS Search
[DEBUG] 16:33:23.187 [AiEngine] Adaptive time: 500ms, depth: 4, reason: midgame, opening, tactical, emergency: false
[DEBUG] 16:33:23.187 [AiEngine] Using JS Search
[DEBUG] 16:33:23.374 [AiEngine] Adaptive time: 500ms, depth: 4, reason: midgame, opening, tactical, emergency: false
[DEBUG] 16:33:23.374 [AiEngine] Using JS Search
[DEBUG] 16:33:23.472 [AiEngine] Adaptive time: 500ms, depth: 4, reason: midgame, opening, tactical, emergency: false
[DEBUG] 16:33:23.472 [AiEngine] Using JS Search
[DEBUG] 16:33:23.568 [AiEngine] Adaptive time: 500ms, depth: 4, reason: midgame, opening, tactical, emergency: false
[DEBUG] 16:33:23.568 [AiEngine] Using JS Search
[DEBUG] 16:33:23.678 [AiEngine] Adaptive time: 500ms, depth: 4, reason: midgame, opening, in-check, emergency: false
[DEBUG] 16:33:23.678 [AiEngine] Using JS Search
[DEBUG] 16:33:23.940 [AiEngine] Adaptive time: 3000ms, depth: 5, reason: midgame, emergency: false
[DEBUG] 16:33:23.940 [AiEngine] Using JS Search
[DEBUG] 16:33:24.502 [AiEngine] Adaptive time: 3000ms, depth: 5, reason: midgame, tactical, emergency: false
[DEBUG] 16:33:24.502 [AiEngine] Using JS Search
[DEBUG] 16:33:24.823 [AiEngine] Adaptive time: 3000ms, depth: 5, reason: midgame, emergency: false
[DEBUG] 16:33:24.823 [AiEngine] Using JS Search
[DEBUG] 16:33:25.348 [AiEngine] Adaptive time: 3000ms, depth: 5, reason: midgame, tactical, emergency: false
[DEBUG] 16:33:25.348 [AiEngine] Using JS Search
[DEBUG] 16:33:25.658 [AiEngine] Adaptive time: 3000ms, depth: 5, reason: midgame, emergency: false
[DEBUG] 16:33:25.658 [AiEngine] Using JS Search
[DEBUG] 16:33:26.006 [AiEngine] Adaptive time: 3000ms, depth: 5, reason: midgame, tactical, emergency: false
[DEBUG] 16:33:26.006 [AiEngine] Using JS Search
[DEBUG] 16:33:26.300 [AiEngine] Adaptive time: 3000ms, depth: 5, reason: midgame, in-check, emergency: false
[DEBUG] 16:33:26.300 [AiEngine] Using JS Search
[DEBUG] 16:33:27.054 [AiEngine] Adaptive time: 3000ms, depth: 5, reason: midgame, tactical, emergency: false
[DEBUG] 16:33:27.054 [AiEngine] Using JS Search
[DEBUG] 16:33:27.527 [AiEngine] Adaptive time: 3000ms, depth: 5, reason: midgame, tactical, emergency: false
[DEBUG] 16:33:27.527 [AiEngine] Using JS Search
[DEBUG] 16:33:28.046 [AiEngine] Adaptive time: 3000ms, depth: 5, reason: midgame, emergency: false
[DEBUG] 16:33:28.046 [AiEngine] Using JS Search
[DEBUG] 16:33:28.681 [AiEngine] Adaptive time: 3000ms, depth: 5, reason: midgame, tactical, emergency: false
[DEBUG] 16:33:28.681 [AiEngine] Using JS Search
[DEBUG] 16:33:29.052 [AiEngine] Adaptive time: 3000ms, depth: 5, reason: midgame, tactical, emergency: false
[DEBUG] 16:33:29.052 [AiEngine] Using JS Search
[DEBUG] 16:33:29.485 [AiEngine] Adaptive time: 3000ms, depth: 5, reason: midgame, tactical, emergency: false
[DEBUG] 16:33:29.486 [AiEngine] Using JS Search
[DEBUG] 16:33:29.788 [AiEngine] Adaptive time: 3000ms, depth: 5, reason: midgame, tactical, emergency: false
[DEBUG] 16:33:29.788 [AiEngine] Using JS Search
[DEBUG] 16:33:30.469 [AiEngine] Adaptive time: 3000ms, depth: 5, reason: midgame, tactical, emergency: false
[DEBUG] 16:33:30.469 [AiEngine] Using JS Search
[DEBUG] 16:33:30.771 [AiEngine] Adaptive time: 3000ms, depth: 5, reason: midgame, tactical, emergency: false
[DEBUG] 16:33:30.771 [AiEngine] Using JS Search
[DEBUG] 16:33:31.251 [AiEngine] Adaptive time: 3000ms, depth: 5, reason: midgame, tactical, emergency: false
[DEBUG] 16:33:31.251 [AiEngine] Using JS Search
[DEBUG] 16:33:31.731 [AiEngine] Adaptive time: 3000ms, depth: 5, reason: midgame, tactical, emergency: false
[DEBUG] 16:33:31.731 [AiEngine] Using JS Search
[DEBUG] 16:33:32.060 [AiEngine] Adaptive time: 500ms, depth: 4, reason: midgame, opening, emergency: false
[DEBUG] 16:33:32.060 [AiEngine] Using JS Search
[DEBUG] 16:33:32.123 [AiEngine] Adaptive time: 500ms, depth: 4, reason: midgame, opening, emergency: false
[DEBUG] 16:33:32.123 [AiEngine] Using JS Search
[DEBUG] 16:33:32.199 [AiEngine] Adaptive time: 500ms, depth: 4, reason: midgame, opening, emergency: false
[DEBUG] 16:33:32.199 [AiEngine] Using JS Search
[DEBUG] 16:33:32.381 [AiEngine] Adaptive time: 500ms, depth: 4, reason: midgame, opening, emergency: false
[DEBUG] 16:33:32.381 [AiEngine] Using JS Search
[DEBUG] 16:33:32.708 [AiEngine] Adaptive time: 500ms, depth: 4, reason: midgame, opening, emergency: false
[DEBUG] 16:33:32.708 [AiEngine] Using JS Search
[DEBUG] 16:33:33.121 [AiEngine] Adaptive time: 500ms, depth: 4, reason: midgame, opening, emergency: false
[DEBUG] 16:33:33.121 [AiEngine] Using JS Search
[DEBUG] 16:33:33.435 [AiEngine] Adaptive time: 500ms, depth: 4, reason: midgame, opening, tactical, emergency: false
[DEBUG] 16:33:33.435 [AiEngine] Using JS Search
[DEBUG] 16:33:33.994 [AiEngine] Adaptive time: 500ms, depth: 4, reason: midgame, opening, emergency: false
[DEBUG] 16:33:33.994 [AiEngine] Using JS Search
[DEBUG] 16:33:34.309 [AiEngine] Adaptive time: 500ms, depth: 4, reason: midgame, opening, tactical, emergency: false
[DEBUG] 16:33:34.309 [AiEngine] Using JS Search
[DEBUG] 16:33:34.639 [AiEngine] Adaptive time: 500ms, depth: 4, reason: midgame, opening, emergency: false
[DEBUG] 16:33:34.639 [AiEngine] Using JS Search
[DEBUG] 16:33:34.793 [AiEngine] Adaptive time: 500ms, depth: 4, reason: midgame, opening, tactical, emergency: false
[DEBUG] 16:33:34.793 [AiEngine] Using JS Search
[DEBUG] 16:33:35.027 [AiEngine] Adaptive time: 500ms, depth: 4, reason: midgame, opening, tactical, emergency: false
[DEBUG] 16:33:35.027 [AiEngine] Using JS Search
[DEBUG] 16:33:35.109 [AiEngine] Adaptive time: 500ms, depth: 4, reason: midgame, opening, tactical, emergency: false
[DEBUG] 16:33:35.109 [AiEngine] Using JS Search
[DEBUG] 16:33:35.180 [AiEngine] Adaptive time: 500ms, depth: 4, reason: midgame, opening, tactical, emergency: false
[DEBUG] 16:33:35.180 [AiEngine] Using JS Search
[DEBUG] 16:33:35.485 [AiEngine] Adaptive time: 500ms, depth: 4, reason: midgame, opening, emergency: false
[DEBUG] 16:33:35.485 [AiEngine] Using JS Search
[DEBUG] 16:33:36.172 [AiEngine] Adaptive time: 500ms, depth: 4, reason: midgame, opening, tactical, emergency: false
[DEBUG] 16:33:36.172 [AiEngine] Using JS Search
[DEBUG] 16:33:36.547 [AiEngine] Adaptive time: 500ms, depth: 4, reason: midgame, opening, emergency: false
[DEBUG] 16:33:36.547 [AiEngine] Using JS Search
[DEBUG] 16:33:36.729 [AiEngine] Adaptive time: 500ms, depth: 4, reason: midgame, opening, tactical, emergency: false
[DEBUG] 16:33:36.729 [AiEngine] Using JS Search
[DEBUG] 16:33:36.958 [AiEngine] Adaptive time: 500ms, depth: 4, reason: midgame, opening, emergency: false
[DEBUG] 16:33:36.958 [AiEngine] Using JS Search
[DEBUG] 16:33:37.082 [AiEngine] Adaptive time: 500ms, depth: 4, reason: midgame, opening, tactical, emergency: false
[DEBUG] 16:33:37.082 [AiEngine] Using JS Search
[DEBUG] 16:33:37.267 [AiEngine] Adaptive time: 500ms, depth: 4, reason: midgame, opening, emergency: false
[DEBUG] 16:33:37.267 [AiEngine] Using JS Search
[DEBUG] 16:33:37.377 [AiEngine] Adaptive time: 500ms, depth: 4, reason: midgame, opening, tactical, emergency: false
[DEBUG] 16:33:37.377 [AiEngine] Using JS Search
[DEBUG] 16:33:37.378 [AiEngine] Adaptive time: 500ms, depth: 4, reason: midgame, opening, emergency: false
[DEBUG] 16:33:37.378 [AiEngine] Using JS Search
[DEBUG] 16:33:37.593 [AiEngine] Adaptive time: 500ms, depth: 4, reason: midgame, opening, tactical, emergency: false
[DEBUG] 16:33:37.593 [AiEngine] Using JS Search
[DEBUG] 16:33:37.603 [AiEngine] Adaptive time: 500ms, depth: 4, reason: midgame, opening, tactical, emergency: false
[DEBUG] 16:33:37.603 [AiEngine] Using JS Search
[DEBUG] 16:33:37.736 [AiEngine] Adaptive time: 500ms, depth: 4, reason: midgame, opening, tactical, emergency: false
[DEBUG] 16:33:37.737 [AiEngine] Using JS Search
[DEBUG] 16:33:37.834 [AiEngine] Adaptive time: 500ms, depth: 4, reason: midgame, opening, tactical, emergency: false
[DEBUG] 16:33:37.834 [AiEngine] Using JS Search
[DEBUG] 16:33:38.095 [AiEngine] Adaptive time: 500ms, depth: 4, reason: midgame, opening, tactical, emergency: false
[DEBUG] 16:33:38.095 [AiEngine] Using JS Search
[DEBUG] 16:33:38.149 [AiEngine] Adaptive time: 500ms, depth: 4, reason: midgame, opening, tactical, emergency: false
[DEBUG] 16:33:38.149 [AiEngine] Using JS Search
[DEBUG] 16:33:38.237 [AiEngine] Adaptive time: 500ms, depth: 4, reason: midgame, opening, emergency: false
[DEBUG] 16:33:38.237 [AiEngine] Using JS Search
[DEBUG] 16:33:38.457 [AiEngine] Adaptive time: 500ms, depth: 4, reason: midgame, opening, tactical, emergency: false
[DEBUG] 16:33:38.457 [AiEngine] Using JS Search
[DEBUG] 16:33:38.527 [AiEngine] Adaptive time: 500ms, depth: 4, reason: midgame, opening, emergency: false
[DEBUG] 16:33:38.527 [AiEngine] Using JS Search
[DEBUG] 16:33:38.670 [AiEngine] Adaptive time: 500ms, depth: 4, reason: midgame, opening, tactical, emergency: false
[DEBUG] 16:33:38.670 [AiEngine] Using JS Search
[DEBUG] 16:33:38.748 [AiEngine] Adaptive time: 500ms, depth: 4, reason: midgame, opening, emergency: false
[DEBUG] 16:33:38.748 [AiEngine] Using JS Search
[DEBUG] 16:33:38.830 [AiEngine] Adaptive time: 500ms, depth: 4, reason: midgame, opening, tactical, emergency: false
[DEBUG] 16:33:38.830 [AiEngine] Using JS Search
[DEBUG] 16:33:38.929 [AiEngine] Adaptive time: 500ms, depth: 4, reason: midgame, opening, emergency: false
[DEBUG] 16:33:38.929 [AiEngine] Using JS Search
[DEBUG] 16:33:38.979 [AiEngine] Adaptive time: 500ms, depth: 4, reason: midgame, opening, emergency: false
[DEBUG] 16:33:38.979 [AiEngine] Using JS Search
[DEBUG] 16:33:39.056 [AiEngine] Adaptive time: 500ms, depth: 4, reason: midgame, opening, tactical, emergency: false
[DEBUG] 16:33:39.056 [AiEngine] Using JS Search
[DEBUG] 16:33:39.126 [AiEngine] Adaptive time: 500ms, depth: 4, reason: midgame, opening, in-check, emergency: false
[DEBUG] 16:33:39.126 [AiEngine] Using JS Search
[DEBUG] 16:33:39.148 [AiEngine] Adaptive time: 500ms, depth: 4, reason: midgame, opening, emergency: false
[DEBUG] 16:33:39.149 [AiEngine] Using JS Search
[DEBUG] 16:33:39.268 [AiEngine] Adaptive time: 3000ms, depth: 5, reason: midgame, tactical, emergency: false
[DEBUG] 16:33:39.268 [AiEngine] Using JS Search
[DEBUG] 16:33:39.551 [AiEngine] Adaptive time: 3000ms, depth: 5, reason: midgame, in-check, emergency: false
[DEBUG] 16:33:39.551 [AiEngine] Using JS Search
[DEBUG] 16:33:39.890 [AiEngine] Adaptive time: 3000ms, depth: 5, reason: midgame, emergency: false
[DEBUG] 16:33:39.890 [AiEngine] Using JS Search
[DEBUG] 16:33:40.141 [AiEngine] Adaptive time: 3000ms, depth: 5, reason: midgame, emergency: false
[DEBUG] 16:33:40.141 [AiEngine] Using JS Search
[DEBUG] 16:33:40.379 [AiEngine] Adaptive time: 3000ms, depth: 5, reason: midgame, tactical, emergency: false
[DEBUG] 16:33:40.379 [AiEngine] Using JS Search
[DEBUG] 16:33:40.540 [AiEngine] Adaptive time: 3000ms, depth: 5, reason: midgame, emergency: false
[DEBUG] 16:33:40.540 [AiEngine] Using JS Search
[DEBUG] 16:33:40.670 [AiEngine] Adaptive time: 3000ms, depth: 5, reason: midgame, tactical, emergency: false
[DEBUG] 16:33:40.670 [AiEngine] Using JS Search
[DEBUG] 16:33:41.013 [AiEngine] Adaptive time: 3000ms, depth: 5, reason: midgame, tactical, emergency: false
[DEBUG] 16:33:41.013 [AiEngine] Using JS Search
[DEBUG] 16:33:41.056 [AiEngine] Adaptive time: 3000ms, depth: 5, reason: midgame, tactical, emergency: false
[DEBUG] 16:33:41.056 [AiEngine] Using JS Search
[DEBUG] 16:33:41.243 [AiEngine] Adaptive time: 3000ms, depth: 5, reason: midgame, in-check, emergency: false
[DEBUG] 16:33:41.243 [AiEngine] Using JS Search
[DEBUG] 16:33:41.252 [AiEngine] Adaptive time: 3000ms, depth: 5, reason: midgame, tactical, emergency: false
[DEBUG] 16:33:41.252 [AiEngine] Using JS Search
[DEBUG] 16:33:41.432 [AiEngine] Adaptive time: 3000ms, depth: 5, reason: midgame, in-check, emergency: false
[DEBUG] 16:33:41.432 [AiEngine] Using JS Search
[DEBUG] 16:33:41.432 [AiEngine] Adaptive time: 3000ms, depth: 5, reason: midgame, tactical, emergency: false
[DEBUG] 16:33:41.432 [AiEngine] Using JS Search
[DEBUG] 16:33:41.433 [AiEngine] Adaptive time: 3000ms, depth: 5, reason: midgame, in-check, emergency: false
[DEBUG] 16:33:41.433 [AiEngine] Using JS Search
[DEBUG] 16:33:41.433 [AiEngine] Adaptive time: 500ms, depth: 4, reason: midgame, opening, emergency: false
[DEBUG] 16:33:41.433 [AiEngine] Using JS Search
[DEBUG] 16:33:41.513 [AiEngine] Adaptive time: 500ms, depth: 4, reason: midgame, opening, emergency: false
[DEBUG] 16:33:41.513 [AiEngine] Using JS Search
[DEBUG] 16:33:41.627 [AiEngine] Adaptive time: 500ms, depth: 4, reason: midgame, opening, emergency: false
[DEBUG] 16:33:41.627 [AiEngine] Using JS Search
[DEBUG] 16:33:41.838 [AiEngine] Adaptive time: 500ms, depth: 4, reason: midgame, opening, emergency: false
[DEBUG] 16:33:41.838 [AiEngine] Using JS Search
[DEBUG] 16:33:42.141 [AiEngine] Adaptive time: 500ms, depth: 4, reason: midgame, opening, tactical, emergency: false
[DEBUG] 16:33:42.141 [AiEngine] Using JS Search
[DEBUG] 16:33:42.840 [AiEngine] Adaptive time: 500ms, depth: 4, reason: midgame, opening, emergency: false
[DEBUG] 16:33:42.840 [AiEngine] Using JS Search
[DEBUG] 16:33:43.259 [AiEngine] Adaptive time: 500ms, depth: 4, reason: midgame, opening, tactical, emergency: false
[DEBUG] 16:33:43.259 [AiEngine] Using JS Search
[DEBUG] 16:33:43.735 [AiEngine] Adaptive time: 500ms, depth: 4, reason: midgame, opening, emergency: false
[DEBUG] 16:33:43.735 [AiEngine] Using JS Search
[DEBUG] 16:33:43.974 [AiEngine] Adaptive time: 500ms, depth: 4, reason: midgame, opening, tactical, emergency: false
[DEBUG] 16:33:43.974 [AiEngine] Using JS Search
[DEBUG] 16:33:44.123 [AiEngine] Adaptive time: 500ms, depth: 4, reason: midgame, opening, tactical, emergency: false
[DEBUG] 16:33:44.123 [AiEngine] Using JS Search
[DEBUG] 16:33:44.278 [AiEngine] Adaptive time: 500ms, depth: 4, reason: midgame, opening, emergency: false
[DEBUG] 16:33:44.278 [AiEngine] Using JS Search
[DEBUG] 16:33:44.493 [AiEngine] Adaptive time: 500ms, depth: 4, reason: midgame, opening, emergency: false
[DEBUG] 16:33:44.493 [AiEngine] Using JS Search
[DEBUG] 16:33:44.656 [AiEngine] Adaptive time: 500ms, depth: 4, reason: midgame, opening, tactical, emergency: false
[DEBUG] 16:33:44.656 [AiEngine] Using JS Search
[DEBUG] 16:33:45.080 [AiEngine] Adaptive time: 500ms, depth: 4, reason: midgame, opening, emergency: false
[DEBUG] 16:33:45.080 [AiEngine] Using JS Search
[DEBUG] 16:33:45.237 [AiEngine] Adaptive time: 500ms, depth: 4, reason: midgame, opening, tactical, emergency: false
[DEBUG] 16:33:45.237 [AiEngine] Using JS Search
[DEBUG] 16:33:45.477 [AiEngine] Adaptive time: 500ms, depth: 4, reason: midgame, opening, in-check, emergency: false
[DEBUG] 16:33:45.477 [AiEngine] Using JS Search
[DEBUG] 16:33:45.797 [AiEngine] Adaptive time: 500ms, depth: 4, reason: midgame, opening, tactical, emergency: false
[DEBUG] 16:33:45.797 [AiEngine] Using JS Search
[DEBUG] 16:33:46.022 [AiEngine] Adaptive time: 500ms, depth: 4, reason: midgame, opening, tactical, emergency: false
[DEBUG] 16:33:46.022 [AiEngine] Using JS Search
[DEBUG] 16:33:46.255 [AiEngine] Adaptive time: 500ms, depth: 4, reason: midgame, opening, tactical, emergency: false
[DEBUG] 16:33:46.255 [AiEngine] Using JS Search
[DEBUG] 16:33:46.437 [AiEngine] Adaptive time: 500ms, depth: 4, reason: midgame, opening, emergency: false
[DEBUG] 16:33:46.437 [AiEngine] Using JS Search
[DEBUG] 16:33:46.544 [AiEngine] Adaptive time: 500ms, depth: 4, reason: midgame, opening, emergency: false
[DEBUG] 16:33:46.544 [AiEngine] Using JS Search
[DEBUG] 16:33:46.586 [AiEngine] Adaptive time: 500ms, depth: 4, reason: midgame, opening, emergency: false
[DEBUG] 16:33:46.586 [AiEngine] Using JS Search
[DEBUG] 16:33:46.668 [AiEngine] Adaptive time: 500ms, depth: 4, reason: midgame, opening, emergency: false
[DEBUG] 16:33:46.668 [AiEngine] Using JS Search
[DEBUG] 16:33:46.703 [AiEngine] Adaptive time: 500ms, depth: 4, reason: midgame, opening, emergency: false
[DEBUG] 16:33:46.703 [AiEngine] Using JS Search
[DEBUG] 16:33:46.818 [AiEngine] Adaptive time: 500ms, depth: 4, reason: midgame, opening, emergency: false
[DEBUG] 16:33:46.818 [AiEngine] Using JS Search
[DEBUG] 16:33:46.857 [AiEngine] Adaptive time: 500ms, depth: 4, reason: midgame, opening, tactical, emergency: false
[DEBUG] 16:33:46.857 [AiEngine] Using JS Search
[DEBUG] 16:33:46.974 [AiEngine] Adaptive time: 500ms, depth: 4, reason: midgame, opening, in-check, emergency: false
[DEBUG] 16:33:46.974 [AiEngine] Using JS Search
[DEBUG] 16:33:46.978 [AiEngine] Adaptive time: 500ms, depth: 4, reason: midgame, opening, tactical, emergency: false
[DEBUG] 16:33:46.978 [AiEngine] Using JS Search
[DEBUG] 16:33:46.980 [AiEngine] Adaptive time: 500ms, depth: 4, reason: midgame, opening, emergency: false
[DEBUG] 16:33:46.980 [AiEngine] Using JS Search
[DEBUG] 16:33:47.086 [AiEngine] Adaptive time: 500ms, depth: 4, reason: midgame, opening, tactical, emergency: false
[DEBUG] 16:33:47.087 [AiEngine] Using JS Search
[DEBUG] 16:33:47.091 [AiEngine] Adaptive time: 500ms, depth: 4, reason: midgame, opening, in-check, emergency: false
[DEBUG] 16:33:47.091 [AiEngine] Using JS Search
[DEBUG] 16:33:47.119 [AiEngine] Adaptive time: 500ms, depth: 4, reason: midgame, opening, tactical, emergency: false
[DEBUG] 16:33:47.119 [AiEngine] Using JS Search
[DEBUG] 16:33:47.123 [AiEngine] Adaptive time: 500ms, depth: 4, reason: midgame, opening, in-check, emergency: false
[DEBUG] 16:33:47.123 [AiEngine] Using JS Search
[DEBUG] 16:33:47.140 [AiEngine] Adaptive time: 500ms, depth: 4, reason: midgame, opening, emergency: false
[DEBUG] 16:33:47.140 [AiEngine] Using JS Search
[DEBUG] 16:33:47.141 [AiEngine] Adaptive time: 500ms, depth: 4, reason: midgame, opening, emergency: false
[DEBUG] 16:33:47.141 [AiEngine] Using JS Search
[DEBUG] 16:33:47.226 [AiEngine] Adaptive time: 500ms, depth: 4, reason: midgame, opening, emergency: false
[DEBUG] 16:33:47.226 [AiEngine] Using JS Search
[DEBUG] 16:33:47.227 [AiEngine] Adaptive time: 500ms, depth: 4, reason: midgame, opening, emergency: false
[DEBUG] 16:33:47.227 [AiEngine] Using JS Search
[DEBUG] 16:33:47.357 [AiEngine] Adaptive time: 500ms, depth: 4, reason: midgame, opening, emergency: false
[DEBUG] 16:33:47.357 [AiEngine] Using JS Search
[DEBUG] 16:33:47.358 [AiEngine] Adaptive time: 500ms, depth: 4, reason: midgame, opening, emergency: false
[DEBUG] 16:33:47.358 [AiEngine] Using JS Search
[DEBUG] 16:33:47.503 [AiEngine] Adaptive time: 500ms, depth: 4, reason: midgame, opening, emergency: false
[DEBUG] 16:33:47.503 [AiEngine] Using JS Search
[DEBUG] 16:33:47.503 [AiEngine] Adaptive time: 3000ms, depth: 5, reason: midgame, emergency: false
[DEBUG] 16:33:47.504 [AiEngine] Using JS Search
[DEBUG] 16:33:47.815 [AiEngine] Adaptive time: 3000ms, depth: 5, reason: midgame, emergency: false
[DEBUG] 16:33:47.815 [AiEngine] Using JS Search
[DEBUG] 16:33:47.816 [AiEngine] Adaptive time: 3000ms, depth: 5, reason: midgame, emergency: false
[DEBUG] 16:33:47.816 [AiEngine] Using JS Search
[DEBUG] 16:33:47.922 [AiEngine] Adaptive time: 3000ms, depth: 5, reason: midgame, emergency: false
[DEBUG] 16:33:47.922 [AiEngine] Using JS Search
[DEBUG] 16:33:47.923 [AiEngine] Adaptive time: 3000ms, depth: 5, reason: midgame, emergency: false
[DEBUG] 16:33:47.924 [AiEngine] Using JS Search
[DEBUG] 16:33:48.347 [AiEngine] Adaptive time: 3000ms, depth: 5, reason: midgame, emergency: false
[DEBUG] 16:33:48.347 [AiEngine] Using JS Search
[DEBUG] 16:33:48.355 [AiEngine] Adaptive time: 3000ms, depth: 5, reason: midgame, emergency: false
[DEBUG] 16:33:48.355 [AiEngine] Using JS Search
[DEBUG] 16:33:48.605 [AiEngine] Adaptive time: 3000ms, depth: 5, reason: midgame, emergency: false
[DEBUG] 16:33:48.605 [AiEngine] Using JS Search
[DEBUG] 16:33:48.607 [AiEngine] Adaptive time: 3000ms, depth: 5, reason: midgame, emergency: false
[DEBUG] 16:33:48.607 [AiEngine] Using JS Search
[DEBUG] 16:33:48.911 [AiEngine] Adaptive time: 3000ms, depth: 5, reason: midgame, emergency: false
[DEBUG] 16:33:48.911 [AiEngine] Using JS Search
[DEBUG] 16:33:48.913 [AiEngine] Adaptive time: 3000ms, depth: 5, reason: midgame, emergency: false
[DEBUG] 16:33:48.913 [AiEngine] Using JS Search
[DEBUG] 16:33:49.216 [AiEngine] Adaptive time: 3000ms, depth: 5, reason: midgame, emergency: false
[DEBUG] 16:33:49.216 [AiEngine] Using JS Search
[DEBUG] 16:33:49.218 [AiEngine] Adaptive time: 3000ms, depth: 5, reason: midgame, emergency: false
[DEBUG] 16:33:49.218 [AiEngine] Using JS Search
[DEBUG] 16:33:49.402 [AiEngine] Adaptive time: 3000ms, depth: 5, reason: midgame, emergency: false
[DEBUG] 16:33:49.402 [AiEngine] Using JS Search
[DEBUG] 16:33:49.404 [AiEngine] Adaptive time: 3000ms, depth: 5, reason: midgame, emergency: false
[DEBUG] 16:33:49.404 [AiEngine] Using JS Search
[DEBUG] 16:33:49.547 [AiEngine] Adaptive time: 3000ms, depth: 5, reason: midgame, emergency: false
[DEBUG] 16:33:49.547 [AiEngine] Using JS Search
[DEBUG] 16:33:49.548 [AiEngine] Adaptive time: 3000ms, depth: 5, reason: midgame, emergency: false
[DEBUG] 16:33:49.548 [AiEngine] Using JS Search
[DEBUG] 16:33:49.857 [AiEngine] Adaptive time: 3000ms, depth: 5, reason: midgame, tactical, emergency: false
[DEBUG] 16:33:49.857 [AiEngine] Using JS Search
[DEBUG] 16:33:49.858 [AiEngine] Adaptive time: 3000ms, depth: 5, reason: midgame, emergency: false
[DEBUG] 16:33:49.858 [AiEngine] Using JS Search
[DEBUG] 16:33:50.199 [AiEngine] Adaptive time: 3000ms, depth: 5, reason: midgame, emergency: false
[DEBUG] 16:33:50.200 [AiEngine] Using JS Search
[DEBUG] 16:33:50.201 [AiEngine] Adaptive time: 3000ms, depth: 5, reason: midgame, tactical, emergency: false
[DEBUG] 16:33:50.201 [AiEngine] Using JS Search
[DEBUG] 16:33:50.413 [AiEngine] Adaptive time: 3000ms, depth: 5, reason: midgame, tactical, emergency: false
[DEBUG] 16:33:50.414 [AiEngine] Using JS Search
[DEBUG] 16:33:50.415 [AiEngine] Adaptive time: 3000ms, depth: 5, reason: midgame, tactical, emergency: false
[DEBUG] 16:33:50.415 [AiEngine] Using JS Search
[DEBUG] 16:33:50.763 [AiEngine] Adaptive time: 3000ms, depth: 5, reason: midgame, emergency: false
[DEBUG] 16:33:50.763 [AiEngine] Using JS Search
[DEBUG] 16:33:50.765 [AiEngine] Adaptive time: 3000ms, depth: 5, reason: midgame, tactical, emergency: false
[DEBUG] 16:33:50.765 [AiEngine] Using JS Search
[DEBUG] 16:33:51.150 [AiEngine] Adaptive time: 3000ms, depth: 5, reason: midgame, emergency: false
[DEBUG] 16:33:51.151 [AiEngine] Using JS Search
[DEBUG] 16:33:51.152 [AiEngine] Adaptive time: 3000ms, depth: 5, reason: midgame, tactical, emergency: false
[DEBUG] 16:33:51.152 [AiEngine] Using JS Search
[DEBUG] 16:33:51.337 [AiEngine] Adaptive time: 3000ms, depth: 5, reason: midgame, emergency: false
[DEBUG] 16:33:51.337 [AiEngine] Using JS Search
[DEBUG] 16:33:51.339 [AiEngine] Adaptive time: 3000ms, depth: 5, reason: midgame, tactical, emergency: false
[DEBUG] 16:33:51.339 [AiEngine] Using JS Search
[DEBUG] 16:33:51.406 [AiEngine] Adaptive time: 3000ms, depth: 5, reason: midgame, emergency: false
[DEBUG] 16:33:51.406 [AiEngine] Using JS Search
[DEBUG] 16:33:51.407 [AiEngine] Adaptive time: 3000ms, depth: 5, reason: midgame, tactical, emergency: false
[DEBUG] 16:33:51.407 [AiEngine] Using JS Search
[DEBUG] 16:33:51.594 [AiEngine] Adaptive time: 3000ms, depth: 5, reason: midgame, in-check, emergency: false
[DEBUG] 16:33:51.594 [AiEngine] Using JS Search
[DEBUG] 16:33:51.595 [AiEngine] Adaptive time: 3000ms, depth: 5, reason: midgame, tactical, emergency: false
[DEBUG] 16:33:51.595 [AiEngine] Using JS Search
[DEBUG] 16:33:51.647 [AiEngine] Adaptive time: 3000ms, depth: 5, reason: midgame, in-check, emergency: false
[DEBUG] 16:33:51.647 [AiEngine] Using JS Search
[DEBUG] 16:33:51.652 [AiEngine] Adaptive time: 3000ms, depth: 5, reason: midgame, emergency: false
[DEBUG] 16:33:51.652 [AiEngine] Using JS Search
[DEBUG] 16:33:51.733 [AiEngine] Adaptive time: 3000ms, depth: 5, reason: standard, emergency: false
[DEBUG] 16:33:51.733 [AiEngine] Using JS Search
[DEBUG] 16:33:51.734 [AiEngine] Adaptive time: 3000ms, depth: 5, reason: standard, emergency: false
[DEBUG] 16:33:51.734 [AiEngine] Using JS Search
[DEBUG] 16:33:51.769 [AiEngine] Adaptive time: 3000ms, depth: 5, reason: standard, emergency: false
[DEBUG] 16:33:51.769 [AiEngine] Using JS Search
[DEBUG] 16:33:51.773 [AiEngine] Adaptive time: 3000ms, depth: 5, reason: standard, emergency: false
[DEBUG] 16:33:51.773 [AiEngine] Using JS Search
[DEBUG] 16:33:51.803 [AiEngine] Adaptive time: 3000ms, depth: 5, reason: standard, emergency: false
[DEBUG] 16:33:51.803 [AiEngine] Using JS Search
[DEBUG] 16:33:51.812 [AiEngine] Adaptive time: 3000ms, depth: 5, reason: standard, emergency: false
[DEBUG] 16:33:51.812 [AiEngine] Using JS Search
[DEBUG] 16:33:51.835 [AiEngine] Adaptive time: 3000ms, depth: 5, reason: standard, emergency: false
[DEBUG] 16:33:51.835 [AiEngine] Using JS Search
[DEBUG] 16:33:51.894 [AiEngine] Adaptive time: 3000ms, depth: 5, reason: standard, emergency: false
[DEBUG] 16:33:51.894 [AiEngine] Using JS Search
[DEBUG] 16:33:51.911 [AiEngine] Adaptive time: 3000ms, depth: 5, reason: standard, emergency: false
[DEBUG] 16:33:51.911 [AiEngine] Using JS Search
[DEBUG] 16:33:52.065 [AiEngine] Adaptive time: 3000ms, depth: 5, reason: standard, emergency: false
[DEBUG] 16:33:52.065 [AiEngine] Using JS Search
[DEBUG] 16:33:52.079 [AiEngine] Adaptive time: 3000ms, depth: 5, reason: standard, emergency: false
[DEBUG] 16:33:52.079 [AiEngine] Using JS Search
[DEBUG] 16:33:52.160 [AiEngine] Adaptive time: 3000ms, depth: 5, reason: standard, emergency: false
[DEBUG] 16:33:52.160 [AiEngine] Using JS Search
[DEBUG] 16:33:52.172 [AiEngine] Adaptive time: 3000ms, depth: 5, reason: tactical, emergency: false
[DEBUG] 16:33:52.172 [AiEngine] Using JS Search
[DEBUG] 16:33:52.340 [AiEngine] Adaptive time: 3000ms, depth: 5, reason: in-check, emergency: false
[DEBUG] 16:33:52.340 [AiEngine] Using JS Search
[DEBUG] 16:33:52.352 [AiEngine] Adaptive time: 3000ms, depth: 5, reason: tactical, emergency: false
[DEBUG] 16:33:52.352 [AiEngine] Using JS Search
[DEBUG] 16:33:52.546 [AiEngine] Adaptive time: 3000ms, depth: 5, reason: standard, emergency: false
[DEBUG] 16:33:52.546 [AiEngine] Using JS Search
[DEBUG] 16:33:52.558 [AiEngine] Adaptive time: 3000ms, depth: 5, reason: tactical, emergency: false
[DEBUG] 16:33:52.558 [AiEngine] Using JS Search
[DEBUG] 16:33:52.609 [AiEngine] Adaptive time: 3000ms, depth: 5, reason: standard, emergency: false
[DEBUG] 16:33:52.609 [AiEngine] Using JS Search
[DEBUG] 16:33:52.609 [AiEngine] Adaptive time: 3000ms, depth: 5, reason: tactical, emergency: false
[DEBUG] 16:33:52.609 [AiEngine] Using JS Search
[DEBUG] 16:33:52.609 [AiEngine] Adaptive time: 3000ms, depth: 5, reason: in-check, emergency: false
[DEBUG] 16:33:52.609 [AiEngine] Using JS Search
[DEBUG] 16:33:52.610 [AiEngine] Adaptive time: 500ms, depth: 4, reason: midgame, opening, emergency: false
[DEBUG] 16:33:52.610 [AiEngine] Using JS Search
[DEBUG] 16:33:52.699 [AiEngine] Adaptive time: 500ms, depth: 4, reason: midgame, opening, emergency: false
[DEBUG] 16:33:52.699 [AiEngine] Using JS Search
[DEBUG] 16:33:52.793 [AiEngine] Adaptive time: 500ms, depth: 4, reason: midgame, opening, emergency: false
[DEBUG] 16:33:52.793 [AiEngine] Using JS Search
[DEBUG] 16:33:52.931 [AiEngine] Adaptive time: 500ms, depth: 4, reason: midgame, opening, emergency: false
[DEBUG] 16:33:52.931 [AiEngine] Using JS Search
[DEBUG] 16:33:53.176 [AiEngine] Adaptive time: 500ms, depth: 4, reason: midgame, opening, emergency: false
[DEBUG] 16:33:53.176 [AiEngine] Using JS Search
[DEBUG] 16:33:53.722 [AiEngine] Adaptive time: 500ms, depth: 4, reason: midgame, opening, emergency: false
[DEBUG] 16:33:53.722 [AiEngine] Using JS Search
[DEBUG] 16:33:53.991 [AiEngine] Adaptive time: 500ms, depth: 4, reason: midgame, opening, emergency: false
[DEBUG] 16:33:53.991 [AiEngine] Using JS Search
[DEBUG] 16:33:54.071 [AiEngine] Adaptive time: 500ms, depth: 4, reason: midgame, opening, tactical, emergency: false
[DEBUG] 16:33:54.071 [AiEngine] Using JS Search
[DEBUG] 16:33:54.507 [AiEngine] Adaptive time: 500ms, depth: 4, reason: midgame, opening, emergency: false
[DEBUG] 16:33:54.507 [AiEngine] Using JS Search
[DEBUG] 16:33:54.679 [AiEngine] Adaptive time: 500ms, depth: 4, reason: midgame, opening, tactical, emergency: false
[DEBUG] 16:33:54.679 [AiEngine] Using JS Search
[DEBUG] 16:33:54.754 [AiEngine] Adaptive time: 500ms, depth: 4, reason: midgame, opening, emergency: false
[DEBUG] 16:33:54.754 [AiEngine] Using JS Search
[DEBUG] 16:33:54.877 [AiEngine] Adaptive time: 500ms, depth: 4, reason: midgame, opening, tactical, emergency: false
[DEBUG] 16:33:54.877 [AiEngine] Using JS Search
[DEBUG] 16:33:55.018 [AiEngine] Adaptive time: 500ms, depth: 4, reason: midgame, opening, emergency: false
[DEBUG] 16:33:55.018 [AiEngine] Using JS Search
[DEBUG] 16:33:55.136 [AiEngine] Adaptive time: 500ms, depth: 4, reason: midgame, opening, tactical, emergency: false
[DEBUG] 16:33:55.136 [AiEngine] Using JS Search
[DEBUG] 16:33:55.175 [AiEngine] Adaptive time: 500ms, depth: 4, reason: midgame, opening, in-check, emergency: false
[DEBUG] 16:33:55.175 [AiEngine] Using JS Search
[DEBUG] 16:33:55.332 [AiEngine] Adaptive time: 500ms, depth: 4, reason: midgame, opening, tactical, emergency: false
[DEBUG] 16:33:55.332 [AiEngine] Using JS Search
[DEBUG] 16:33:55.406 [AiEngine] Adaptive time: 500ms, depth: 4, reason: midgame, opening, tactical, emergency: false
[DEBUG] 16:33:55.407 [AiEngine] Using JS Search
[DEBUG] 16:33:55.569 [AiEngine] Adaptive time: 500ms, depth: 4, reason: midgame, opening, emergency: false
[DEBUG] 16:33:55.569 [AiEngine] Using JS Search
[DEBUG] 16:33:55.920 [AiEngine] Adaptive time: 500ms, depth: 4, reason: midgame, opening, tactical, emergency: false
[DEBUG] 16:33:55.920 [AiEngine] Using JS Search
[DEBUG] 16:33:55.969 [AiEngine] Adaptive time: 500ms, depth: 4, reason: midgame, opening, tactical, emergency: false
[DEBUG] 16:33:55.969 [AiEngine] Using JS Search
[DEBUG] 16:33:56.282 [AiEngine] Adaptive time: 500ms, depth: 4, reason: midgame, opening, emergency: false
[DEBUG] 16:33:56.282 [AiEngine] Using JS Search
[DEBUG] 16:33:56.359 [AiEngine] Adaptive time: 500ms, depth: 4, reason: midgame, opening, tactical, emergency: false
[DEBUG] 16:33:56.359 [AiEngine] Using JS Search
[DEBUG] 16:33:56.631 [AiEngine] Adaptive time: 500ms, depth: 4, reason: midgame, opening, emergency: false
[DEBUG] 16:33:56.631 [AiEngine] Using JS Search
[DEBUG] 16:33:56.669 [AiEngine] Adaptive time: 500ms, depth: 4, reason: midgame, opening, tactical, emergency: false
[DEBUG] 16:33:56.669 [AiEngine] Using JS Search
[DEBUG] 16:33:56.801 [AiEngine] Adaptive time: 500ms, depth: 4, reason: midgame, opening, emergency: false
[DEBUG] 16:33:56.801 [AiEngine] Using JS Search
[DEBUG] 16:33:56.983 [AiEngine] Adaptive time: 500ms, depth: 4, reason: midgame, opening, tactical, emergency: false
[DEBUG] 16:33:56.983 [AiEngine] Using JS Search
[DEBUG] 16:33:56.985 [AiEngine] Adaptive time: 500ms, depth: 4, reason: midgame, opening, emergency: false
[DEBUG] 16:33:56.985 [AiEngine] Using JS Search
[DEBUG] 16:33:57.086 [AiEngine] Adaptive time: 500ms, depth: 4, reason: midgame, opening, emergency: false
[DEBUG] 16:33:57.087 [AiEngine] Using JS Search
[DEBUG] 16:33:57.174 [AiEngine] Adaptive time: 500ms, depth: 4, reason: midgame, opening, emergency: false
[DEBUG] 16:33:57.174 [AiEngine] Using JS Search
[DEBUG] 16:33:57.309 [AiEngine] Adaptive time: 500ms, depth: 4, reason: midgame, opening, emergency: false
[DEBUG] 16:33:57.309 [AiEngine] Using JS Search
[DEBUG] 16:33:57.429 [AiEngine] Adaptive time: 500ms, depth: 4, reason: midgame, opening, tactical, emergency: false
[DEBUG] 16:33:57.429 [AiEngine] Using JS Search
[DEBUG] 16:33:57.551 [AiEngine] Adaptive time: 500ms, depth: 4, reason: midgame, opening, tactical, emergency: false
[DEBUG] 16:33:57.551 [AiEngine] Using JS Search
[DEBUG] 16:33:57.637 [AiEngine] Adaptive time: 500ms, depth: 4, reason: midgame, opening, tactical, emergency: false
[DEBUG] 16:33:57.637 [AiEngine] Using JS Search
[DEBUG] 16:33:57.755 [AiEngine] Adaptive time: 500ms, depth: 4, reason: midgame, opening, tactical, emergency: false
[DEBUG] 16:33:57.755 [AiEngine] Using JS Search
[DEBUG] 16:33:57.811 [AiEngine] Adaptive time: 500ms, depth: 4, reason: midgame, opening, emergency: false
[DEBUG] 16:33:57.811 [AiEngine] Using JS Search
[DEBUG] 16:33:57.865 [AiEngine] Adaptive time: 500ms, depth: 4, reason: midgame, opening, tactical, emergency: false
[DEBUG] 16:33:57.865 [AiEngine] Using JS Search
[DEBUG] 16:33:58.000 [AiEngine] Adaptive time: 500ms, depth: 4, reason: midgame, opening, emergency: false
[DEBUG] 16:33:58.001 [AiEngine] Using JS Search
[DEBUG] 16:33:58.076 [AiEngine] Adaptive time: 500ms, depth: 4, reason: midgame, opening, tactical, emergency: false
[DEBUG] 16:33:58.076 [AiEngine] Using JS Search
[DEBUG] 16:33:58.139 [AiEngine] Adaptive time: 500ms, depth: 4, reason: midgame, opening, emergency: false
[DEBUG] 16:33:58.139 [AiEngine] Using JS Search
[DEBUG] 16:33:58.170 [AiEngine] Adaptive time: 500ms, depth: 4, reason: midgame, opening, emergency: false
[DEBUG] 16:33:58.170 [AiEngine] Using JS Search
[DEBUG] 16:33:58.259 [AiEngine] Adaptive time: 3000ms, depth: 5, reason: midgame, emergency: false
[DEBUG] 16:33:58.259 [AiEngine] Using JS Search
[DEBUG] 16:33:58.515 [AiEngine] Adaptive time: 3000ms, depth: 5, reason: midgame, tactical, emergency: false
[DEBUG] 16:33:58.516 [AiEngine] Using JS Search
[DEBUG] 16:33:58.659 [AiEngine] Adaptive time: 3000ms, depth: 5, reason: midgame, emergency: false
[DEBUG] 16:33:58.659 [AiEngine] Using JS Search
[DEBUG] 16:33:58.909 [AiEngine] Adaptive time: 3000ms, depth: 5, reason: midgame, tactical, emergency: false
[DEBUG] 16:33:58.909 [AiEngine] Using JS Search
[DEBUG] 16:33:59.032 [AiEngine] Adaptive time: 3000ms, depth: 5, reason: midgame, tactical, emergency: false
[DEBUG] 16:33:59.032 [AiEngine] Using JS Search
[DEBUG] 16:33:59.295 [AiEngine] Adaptive time: 3000ms, depth: 5, reason: midgame, tactical, emergency: false
[DEBUG] 16:33:59.295 [AiEngine] Using JS Search
[DEBUG] 16:33:59.429 [AiEngine] Adaptive time: 3000ms, depth: 5, reason: midgame, tactical, emergency: false
[DEBUG] 16:33:59.430 [AiEngine] Using JS Search
[DEBUG] 16:33:59.645 [AiEngine] Adaptive time: 3000ms, depth: 5, reason: midgame, tactical, emergency: false
[DEBUG] 16:33:59.645 [AiEngine] Using JS Search
[DEBUG] 16:33:59.776 [AiEngine] Adaptive time: 3000ms, depth: 5, reason: midgame, tactical, emergency: false
[DEBUG] 16:33:59.776 [AiEngine] Using JS Search
[DEBUG] 16:33:59.955 [AiEngine] Adaptive time: 3000ms, depth: 5, reason: midgame, tactical, emergency: false
[DEBUG] 16:33:59.956 [AiEngine] Using JS Search
[DEBUG] 16:34:00.044 [AiEngine] Adaptive time: 3000ms, depth: 5, reason: midgame, in-check, emergency: false
[DEBUG] 16:34:00.044 [AiEngine] Using JS Search
[DEBUG] 16:34:00.687 [AiEngine] Adaptive time: 3000ms, depth: 5, reason: midgame, tactical, emergency: false
[DEBUG] 16:34:00.687 [AiEngine] Using JS Search
[DEBUG] 16:34:00.850 [AiEngine] Adaptive time: 3000ms, depth: 5, reason: midgame, tactical, emergency: false
[DEBUG] 16:34:00.850 [AiEngine] Using JS Search
[DEBUG] 16:34:01.141 [AiEngine] Adaptive time: 3000ms, depth: 5, reason: midgame, emergency: false
[DEBUG] 16:34:01.141 [AiEngine] Using JS Search
[DEBUG] 16:34:01.194 [AiEngine] Adaptive time: 3000ms, depth: 5, reason: midgame, tactical, emergency: false
[DEBUG] 16:34:01.194 [AiEngine] Using JS Search
[DEBUG] 16:34:01.347 [AiEngine] Adaptive time: 3000ms, depth: 5, reason: tactical, emergency: false
[DEBUG] 16:34:01.347 [AiEngine] Using JS Search
[DEBUG] 16:34:01.442 [AiEngine] Adaptive time: 3000ms, depth: 5, reason: in-check, emergency: false
[DEBUG] 16:34:01.442 [AiEngine] Using JS Search
[DEBUG] 16:34:01.791 [AiEngine] Adaptive time: 3000ms, depth: 5, reason: standard, emergency: false
[DEBUG] 16:34:01.791 [AiEngine] Using JS Search
[DEBUG] 16:34:01.864 [AiEngine] Adaptive time: 3000ms, depth: 5, reason: standard, emergency: false
[DEBUG] 16:34:01.864 [AiEngine] Using JS Search
[DEBUG] 16:34:02.194 [AiEngine] Adaptive time: 3000ms, depth: 5, reason: in-check, emergency: false
[DEBUG] 16:34:02.194 [AiEngine] Using JS Search
[DEBUG] 16:34:02.227 [AiEngine] Adaptive time: 3000ms, depth: 5, reason: tactical, emergency: false
[DEBUG] 16:34:02.227 [AiEngine] Using JS Search
[DEBUG] 16:34:02.616 [AiEngine] Adaptive time: 3000ms, depth: 5, reason: standard, emergency: false
[DEBUG] 16:34:02.616 [AiEngine] Using JS Search
[DEBUG] 16:34:02.735 [AiEngine] Adaptive time: 3000ms, depth: 5, reason: standard, emergency: false
[DEBUG] 16:34:02.735 [AiEngine] Using JS Search
[DEBUG] 16:34:03.171 [AiEngine] Adaptive time: 3000ms, depth: 5, reason: standard, emergency: false
[DEBUG] 16:34:03.171 [AiEngine] Using JS Search
[DEBUG] 16:34:03.220 [AiEngine] Adaptive time: 3000ms, depth: 5, reason: tactical, emergency: false
[DEBUG] 16:34:03.220 [AiEngine] Using JS Search
[DEBUG] 16:34:03.354 [AiEngine] Adaptive time: 3000ms, depth: 5, reason: standard, emergency: false
[DEBUG] 16:34:03.355 [AiEngine] Using JS Search
[DEBUG] 16:34:03.509 [AiEngine] Adaptive time: 3000ms, depth: 5, reason: tactical, emergency: false
[DEBUG] 16:34:03.509 [AiEngine] Using JS Search
[DEBUG] 16:34:04.051 [AiEngine] Adaptive time: 3000ms, depth: 5, reason: standard, emergency: false
[DEBUG] 16:34:04.051 [AiEngine] Using JS Search
[DEBUG] 16:34:04.189 [AiEngine] Adaptive time: 3000ms, depth: 5, reason: standard, emergency: false
[DEBUG] 16:34:04.189 [AiEngine] Using JS Search
[DEBUG] 16:34:04.312 [AiEngine] Adaptive time: 3000ms, depth: 5, reason: standard, emergency: false
[DEBUG] 16:34:04.312 [AiEngine] Using JS Search
[DEBUG] 16:34:04.391 [AiEngine] Adaptive time: 3000ms, depth: 5, reason: standard, emergency: false
[DEBUG] 16:34:04.391 [AiEngine] Using JS Search
[DEBUG] 16:34:04.589 [AiEngine] Adaptive time: 3000ms, depth: 5, reason: standard, emergency: false
[DEBUG] 16:34:04.590 [AiEngine] Using JS Search
[DEBUG] 16:34:04.654 [AiEngine] Adaptive time: 3000ms, depth: 5, reason: standard, emergency: false
[DEBUG] 16:34:04.654 [AiEngine] Using JS Search
[DEBUG] 16:34:04.875 [AiEngine] Adaptive time: 3000ms, depth: 5, reason: tactical, emergency: false
[DEBUG] 16:34:04.875 [AiEngine] Using JS Search
[DEBUG] 16:34:04.954 [AiEngine] Adaptive time: 3000ms, depth: 5, reason: in-check, emergency: false
[DEBUG] 16:34:04.954 [AiEngine] Using JS Search
[DEBUG] 16:34:05.265 [AiEngine] Adaptive time: 3000ms, depth: 5, reason: tactical, emergency: false
[DEBUG] 16:34:05.265 [AiEngine] Using JS Search
[DEBUG] 16:34:05.345 [AiEngine] Adaptive time: 3000ms, depth: 5, reason: tactical, emergency: false
[DEBUG] 16:34:05.345 [AiEngine] Using JS Search
[DEBUG] 16:34:05.383 [AiEngine] Adaptive time: 3000ms, depth: 5, reason: endgame, emergency: false
[DEBUG] 16:34:05.383 [AiEngine] Using JS Search
[DEBUG] 16:34:05.430 [AiEngine] Adaptive time: 3000ms, depth: 5, reason: endgame, tactical, emergency: false
[DEBUG] 16:34:05.430 [AiEngine] Using JS Search
[DEBUG] 16:34:05.536 [AiEngine] Adaptive time: 3000ms, depth: 5, reason: endgame, emergency: false
[DEBUG] 16:34:05.536 [AiEngine] Using JS Search
[DEBUG] 16:34:05.668 [AiEngine] Adaptive time: 3000ms, depth: 5, reason: endgame, tactical, emergency: false
[DEBUG] 16:34:05.668 [AiEngine] Using JS Search
[DEBUG] 16:34:05.750 [AiEngine] Adaptive time: 3000ms, depth: 5, reason: endgame, in-check, emergency: false
[DEBUG] 16:34:05.750 [AiEngine] Using JS Search
[DEBUG] 16:34:05.855 [AiEngine] Adaptive time: 500ms, depth: 4, reason: midgame, opening, emergency: false
[DEBUG] 16:34:05.856 [AiEngine] Using JS Search
[DEBUG] 16:34:05.973 [AiEngine] Adaptive time: 500ms, depth: 4, reason: midgame, opening, emergency: false
[DEBUG] 16:34:05.973 [AiEngine] Using JS Search
[DEBUG] 16:34:06.119 [AiEngine] Adaptive time: 500ms, depth: 4, reason: midgame, opening, emergency: false
[DEBUG] 16:34:06.119 [AiEngine] Using JS Search
[DEBUG] 16:34:06.438 [AiEngine] Adaptive time: 500ms, depth: 4, reason: midgame, opening, emergency: false
[DEBUG] 16:34:06.438 [AiEngine] Using JS Search
[DEBUG] 16:34:06.706 [AiEngine] Adaptive time: 500ms, depth: 4, reason: midgame, opening, emergency: false
[DEBUG] 16:34:06.706 [AiEngine] Using JS Search
[DEBUG] 16:34:07.000 [AiEngine] Adaptive time: 500ms, depth: 4, reason: midgame, opening, emergency: false
[DEBUG] 16:34:07.000 [AiEngine] Using JS Search
[DEBUG] 16:34:07.185 [AiEngine] Adaptive time: 500ms, depth: 4, reason: midgame, opening, emergency: false
[DEBUG] 16:34:07.185 [AiEngine] Using JS Search
[DEBUG] 16:34:07.633 [AiEngine] Adaptive time: 500ms, depth: 4, reason: midgame, opening, emergency: false
[DEBUG] 16:34:07.633 [AiEngine] Using JS Search
[DEBUG] 16:34:07.924 [AiEngine] Adaptive time: 500ms, depth: 4, reason: midgame, opening, emergency: false
[DEBUG] 16:34:07.925 [AiEngine] Using JS Search
[DEBUG] 16:34:08.350 [AiEngine] Adaptive time: 500ms, depth: 4, reason: midgame, opening, tactical, emergency: false
[DEBUG] 16:34:08.350 [AiEngine] Using JS Search
[DEBUG] 16:34:08.558 [AiEngine] Adaptive time: 500ms, depth: 4, reason: midgame, opening, tactical, emergency: false
[DEBUG] 16:34:08.558 [AiEngine] Using JS Search
[DEBUG] 16:34:09.695 [AiEngine] Adaptive time: 500ms, depth: 4, reason: midgame, opening, emergency: false
[DEBUG] 16:34:09.695 [AiEngine] Using JS Search
[DEBUG] 16:34:09.775 [AiEngine] Adaptive time: 500ms, depth: 4, reason: midgame, opening, tactical, emergency: false
[DEBUG] 16:34:09.775 [AiEngine] Using JS Search
[DEBUG] 16:34:09.776 [AiEngine] Adaptive time: 500ms, depth: 4, reason: midgame, opening, emergency: false
[DEBUG] 16:34:09.776 [AiEngine] Using JS Search
[DEBUG] 16:34:09.982 [AiEngine] Adaptive time: 500ms, depth: 4, reason: midgame, opening, tactical, emergency: false
[DEBUG] 16:34:09.982 [AiEngine] Using JS Search
[DEBUG] 16:34:09.984 [AiEngine] Adaptive time: 500ms, depth: 4, reason: midgame, opening, emergency: false
[DEBUG] 16:34:09.984 [AiEngine] Using JS Search
[DEBUG] 16:34:10.214 [AiEngine] Adaptive time: 500ms, depth: 4, reason: midgame, opening, tactical, emergency: false
[DEBUG] 16:34:10.214 [AiEngine] Using JS Search
[DEBUG] 16:34:10.562 [AiEngine] Adaptive time: 500ms, depth: 4, reason: midgame, opening, emergency: false
[DEBUG] 16:34:10.562 [AiEngine] Using JS Search
[DEBUG] 16:34:10.754 [AiEngine] Adaptive time: 500ms, depth: 4, reason: midgame, opening, tactical, emergency: false
[DEBUG] 16:34:10.754 [AiEngine] Using JS Search
[DEBUG] 16:34:11.138 [AiEngine] Adaptive time: 500ms, depth: 4, reason: midgame, opening, emergency: false
[DEBUG] 16:34:11.138 [AiEngine] Using JS Search
[DEBUG] 16:34:11.189 [AiEngine] Adaptive time: 500ms, depth: 4, reason: midgame, opening, tactical, emergency: false
[DEBUG] 16:34:11.189 [AiEngine] Using JS Search
[DEBUG] 16:34:11.483 [AiEngine] Adaptive time: 500ms, depth: 4, reason: midgame, opening, emergency: false
[DEBUG] 16:34:11.483 [AiEngine] Using JS Search
[DEBUG] 16:34:11.551 [AiEngine] Adaptive time: 500ms, depth: 4, reason: midgame, opening, tactical, emergency: false
[DEBUG] 16:34:11.551 [AiEngine] Using JS Search
[DEBUG] 16:34:11.614 [AiEngine] Adaptive time: 500ms, depth: 4, reason: midgame, opening, emergency: false
[DEBUG] 16:34:11.614 [AiEngine] Using JS Search
[DEBUG] 16:34:11.730 [AiEngine] Adaptive time: 500ms, depth: 4, reason: midgame, opening, tactical, emergency: false
[DEBUG] 16:34:11.730 [AiEngine] Using JS Search
[DEBUG] 16:34:12.376 [AiEngine] Adaptive time: 500ms, depth: 4, reason: midgame, opening, emergency: false
[DEBUG] 16:34:12.376 [AiEngine] Using JS Search
[DEBUG] 16:34:12.614 [AiEngine] Adaptive time: 500ms, depth: 4, reason: midgame, opening, emergency: false
[DEBUG] 16:34:12.614 [AiEngine] Using JS Search
[DEBUG] 16:34:12.890 [AiEngine] Adaptive time: 500ms, depth: 4, reason: midgame, opening, tactical, emergency: false
[DEBUG] 16:34:12.890 [AiEngine] Using JS Search
[DEBUG] 16:34:13.043 [AiEngine] Adaptive time: 500ms, depth: 4, reason: midgame, opening, emergency: false
[DEBUG] 16:34:13.043 [AiEngine] Using JS Search
[DEBUG] 16:34:13.596 [AiEngine] Adaptive time: 500ms, depth: 4, reason: midgame, opening, emergency: false
[DEBUG] 16:34:13.596 [AiEngine] Using JS Search
[DEBUG] 16:34:13.814 [AiEngine] Adaptive time: 500ms, depth: 4, reason: midgame, opening, emergency: false
[DEBUG] 16:34:13.814 [AiEngine] Using JS Search
[DEBUG] 16:34:14.097 [AiEngine] Adaptive time: 500ms, depth: 4, reason: midgame, opening, emergency: false
[DEBUG] 16:34:14.097 [AiEngine] Using JS Search
[DEBUG] 16:34:14.198 [AiEngine] Adaptive time: 500ms, depth: 4, reason: midgame, opening, emergency: false
[DEBUG] 16:34:14.198 [AiEngine] Using JS Search
[DEBUG] 16:34:14.582 [AiEngine] Adaptive time: 500ms, depth: 4, reason: midgame, opening, emergency: false
[DEBUG] 16:34:14.582 [AiEngine] Using JS Search
[DEBUG] 16:34:14.814 [AiEngine] Adaptive time: 500ms, depth: 4, reason: midgame, opening, emergency: false
[DEBUG] 16:34:14.815 [AiEngine] Using JS Search
[DEBUG] 16:34:14.977 [AiEngine] Adaptive time: 500ms, depth: 4, reason: midgame, opening, emergency: false
[DEBUG] 16:34:14.977 [AiEngine] Using JS Search
[DEBUG] 16:34:15.245 [AiEngine] Adaptive time: 500ms, depth: 4, reason: midgame, opening, emergency: false
[DEBUG] 16:34:15.245 [AiEngine] Using JS Search
[DEBUG] 16:34:15.507 [AiEngine] Adaptive time: 500ms, depth: 4, reason: midgame, opening, emergency: false
[DEBUG] 16:34:15.507 [AiEngine] Using JS Search
[DEBUG] 16:34:15.744 [AiEngine] Adaptive time: 500ms, depth: 4, reason: midgame, opening, emergency: false
[DEBUG] 16:34:15.744 [AiEngine] Using JS Search
[DEBUG] 16:34:15.846 [AiEngine] Adaptive time: 500ms, depth: 4, reason: midgame, opening, emergency: false
[DEBUG] 16:34:15.846 [AiEngine] Using JS Search
[DEBUG] 16:34:16.055 [AiEngine] Adaptive time: 3000ms, depth: 5, reason: midgame, tactical, emergency: false
[DEBUG] 16:34:16.055 [AiEngine] Using JS Search
[DEBUG] 16:34:16.613 [AiEngine] Adaptive time: 3000ms, depth: 5, reason: midgame, emergency: false
[DEBUG] 16:34:16.614 [AiEngine] Using JS Search
[DEBUG] 16:34:16.923 [AiEngine] Adaptive time: 3000ms, depth: 5, reason: midgame, tactical, emergency: false
[DEBUG] 16:34:16.923 [AiEngine] Using JS Search
[DEBUG] 16:34:17.537 [AiEngine] Adaptive time: 3000ms, depth: 5, reason: midgame, emergency: false
[DEBUG] 16:34:17.537 [AiEngine] Using JS Search
[DEBUG] 16:34:18.079 [AiEngine] Adaptive time: 3000ms, depth: 5, reason: midgame, tactical, emergency: false
[DEBUG] 16:34:18.079 [AiEngine] Using JS Search
[DEBUG] 16:34:18.621 [AiEngine] Adaptive time: 3000ms, depth: 5, reason: midgame, tactical, emergency: false
[DEBUG] 16:34:18.621 [AiEngine] Using JS Search
[DEBUG] 16:34:18.894 [AiEngine] Adaptive time: 500ms, depth: 4, reason: midgame, opening, emergency: false
[DEBUG] 16:34:18.894 [AiEngine] Using JS Search
[DEBUG] 16:34:18.981 [AiEngine] Adaptive time: 500ms, depth: 4, reason: midgame, opening, emergency: false
[DEBUG] 16:34:18.981 [AiEngine] Using JS Search
[DEBUG] 16:34:19.144 [AiEngine] Adaptive time: 500ms, depth: 4, reason: midgame, opening, emergency: false
[DEBUG] 16:34:19.144 [AiEngine] Using JS Search
[DEBUG] 16:34:19.314 [AiEngine] Adaptive time: 500ms, depth: 4, reason: midgame, opening, emergency: false
[DEBUG] 16:34:19.314 [AiEngine] Using JS Search
[DEBUG] 16:34:19.518 [AiEngine] Adaptive time: 500ms, depth: 4, reason: midgame, opening, emergency: false
[DEBUG] 16:34:19.518 [AiEngine] Using JS Search
[DEBUG] 16:34:20.052 [AiEngine] Adaptive time: 500ms, depth: 4, reason: midgame, opening, emergency: false
[DEBUG] 16:34:20.052 [AiEngine] Using JS Search
[DEBUG] 16:34:20.419 [AiEngine] Adaptive time: 500ms, depth: 4, reason: midgame, opening, emergency: false
[DEBUG] 16:34:20.419 [AiEngine] Using JS Search
[DEBUG] 16:34:20.584 [AiEngine] Adaptive time: 500ms, depth: 4, reason: midgame, opening, emergency: false
[DEBUG] 16:34:20.584 [AiEngine] Using JS Search
[DEBUG] 16:34:20.691 [AiEngine] Adaptive time: 500ms, depth: 4, reason: midgame, opening, emergency: false
[DEBUG] 16:34:20.691 [AiEngine] Using JS Search
[DEBUG] 16:34:20.899 [AiEngine] Adaptive time: 500ms, depth: 4, reason: midgame, opening, emergency: false
[DEBUG] 16:34:20.899 [AiEngine] Using JS Search
[DEBUG] 16:34:21.039 [AiEngine] Adaptive time: 500ms, depth: 4, reason: midgame, opening, emergency: false
[DEBUG] 16:34:21.039 [AiEngine] Using JS Search
[DEBUG] 16:34:21.353 [AiEngine] Adaptive time: 500ms, depth: 4, reason: midgame, opening, emergency: false
[DEBUG] 16:34:21.353 [AiEngine] Using JS Search
[DEBUG] 16:34:21.494 [AiEngine] Adaptive time: 500ms, depth: 4, reason: midgame, opening, tactical, emergency: false
[DEBUG] 16:34:21.494 [AiEngine] Using JS Search
[DEBUG] 16:34:21.673 [AiEngine] Adaptive time: 500ms, depth: 4, reason: midgame, opening, tactical, emergency: false
[DEBUG] 16:34:21.673 [AiEngine] Using JS Search
[DEBUG] 16:34:21.673 [AiEngine] Adaptive time: 500ms, depth: 4, reason: midgame, opening, tactical, emergency: false
[DEBUG] 16:34:21.673 [AiEngine] Using JS Search
[DEBUG] 16:34:21.674 [AiEngine] Adaptive time: 500ms, depth: 4, reason: midgame, opening, in-check, emergency: false
[DEBUG] 16:34:21.674 [AiEngine] Using JS Search
[DEBUG] 16:34:21.674 [AiEngine] Adaptive time: 500ms, depth: 4, reason: midgame, opening, emergency: false
[DEBUG] 16:34:21.674 [AiEngine] Using JS Search
[DEBUG] 16:34:21.734 [AiEngine] Adaptive time: 500ms, depth: 4, reason: midgame, opening, emergency: false
[DEBUG] 16:34:21.734 [AiEngine] Using JS Search
[DEBUG] 16:34:21.925 [AiEngine] Adaptive time: 500ms, depth: 4, reason: midgame, opening, emergency: false
[DEBUG] 16:34:21.925 [AiEngine] Using JS Search
[DEBUG] 16:34:22.235 [AiEngine] Adaptive time: 500ms, depth: 4, reason: midgame, opening, emergency: false
[DEBUG] 16:34:22.235 [AiEngine] Using JS Search
[DEBUG] 16:34:22.724 [AiEngine] Adaptive time: 500ms, depth: 4, reason: midgame, opening, emergency: false
[DEBUG] 16:34:22.724 [AiEngine] Using JS Search
[DEBUG] 16:34:22.894 [AiEngine] Adaptive time: 500ms, depth: 4, reason: midgame, opening, emergency: false
[DEBUG] 16:34:22.894 [AiEngine] Using JS Search
[DEBUG] 16:34:23.064 [AiEngine] Adaptive time: 500ms, depth: 4, reason: midgame, opening, tactical, emergency: false
[DEBUG] 16:34:23.064 [AiEngine] Using JS Search
[DEBUG] 16:34:23.139 [AiEngine] Adaptive time: 500ms, depth: 4, reason: midgame, opening, emergency: false
[DEBUG] 16:34:23.139 [AiEngine] Using JS Search
[DEBUG] 16:34:23.296 [AiEngine] Adaptive time: 500ms, depth: 4, reason: midgame, opening, emergency: false
[DEBUG] 16:34:23.296 [AiEngine] Using JS Search
[DEBUG] 16:34:23.451 [AiEngine] Adaptive time: 500ms, depth: 4, reason: midgame, opening, emergency: false
[DEBUG] 16:34:23.451 [AiEngine] Using JS Search
[DEBUG] 16:34:23.667 [AiEngine] Adaptive time: 500ms, depth: 4, reason: midgame, opening, emergency: false
[DEBUG] 16:34:23.667 [AiEngine] Using JS Search
[DEBUG] 16:34:23.924 [AiEngine] Adaptive time: 500ms, depth: 4, reason: midgame, opening, emergency: false
[DEBUG] 16:34:23.924 [AiEngine] Using JS Search
[DEBUG] 16:34:24.124 [AiEngine] Adaptive time: 500ms, depth: 4, reason: midgame, opening, emergency: false
[DEBUG] 16:34:24.124 [AiEngine] Using JS Search
[DEBUG] 16:34:24.332 [AiEngine] Adaptive time: 500ms, depth: 4, reason: midgame, opening, emergency: false
[DEBUG] 16:34:24.332 [AiEngine] Using JS Search
[DEBUG] 16:34:24.394 [AiEngine] Adaptive time: 500ms, depth: 4, reason: midgame, opening, emergency: false
[DEBUG] 16:34:24.394 [AiEngine] Using JS Search
[DEBUG] 16:34:24.509 [AiEngine] Adaptive time: 500ms, depth: 4, reason: midgame, opening, tactical, emergency: false
[DEBUG] 16:34:24.509 [AiEngine] Using JS Search
[DEBUG] 16:34:24.695 [AiEngine] Adaptive time: 500ms, depth: 4, reason: midgame, opening, emergency: false
[DEBUG] 16:34:24.695 [AiEngine] Using JS Search
[DEBUG] 16:34:24.938 [AiEngine] Adaptive time: 500ms, depth: 4, reason: midgame, opening, tactical, emergency: false
[DEBUG] 16:34:24.938 [AiEngine] Using JS Search
[DEBUG] 16:34:25.058 [AiEngine] Adaptive time: 500ms, depth: 4, reason: midgame, opening, emergency: false
[DEBUG] 16:34:25.058 [AiEngine] Using JS Search
[DEBUG] 16:34:25.260 [AiEngine] Adaptive time: 500ms, depth: 4, reason: midgame, opening, tactical, emergency: false
[DEBUG] 16:34:25.260 [AiEngine] Using JS Search
[DEBUG] 16:34:25.342 [AiEngine] Adaptive time: 500ms, depth: 4, reason: midgame, opening, emergency: false
[DEBUG] 16:34:25.342 [AiEngine] Using JS Search
[DEBUG] 16:34:25.421 [AiEngine] Adaptive time: 500ms, depth: 4, reason: midgame, opening, tactical, emergency: false
[DEBUG] 16:34:25.421 [AiEngine] Using JS Search
[DEBUG] 16:34:25.493 [AiEngine] Adaptive time: 500ms, depth: 4, reason: midgame, opening, tactical, emergency: false
[DEBUG] 16:34:25.493 [AiEngine] Using JS Search
[DEBUG] 16:34:25.601 [AiEngine] Adaptive time: 500ms, depth: 4, reason: midgame, opening, tactical, emergency: false
[DEBUG] 16:34:25.601 [AiEngine] Using JS Search
[DEBUG] 16:34:25.657 [AiEngine] Adaptive time: 500ms, depth: 4, reason: midgame, opening, tactical, emergency: false
[DEBUG] 16:34:25.657 [AiEngine] Using JS Search
[DEBUG] 16:34:26.121 [AiEngine] Adaptive time: 500ms, depth: 4, reason: midgame, opening, emergency: false
[DEBUG] 16:34:26.121 [AiEngine] Using JS Search
[DEBUG] 16:34:26.196 [AiEngine] Adaptive time: 500ms, depth: 4, reason: midgame, opening, tactical, emergency: false
[DEBUG] 16:34:26.197 [AiEngine] Using JS Search
[DEBUG] 16:34:26.508 [AiEngine] Adaptive time: 500ms, depth: 4, reason: midgame, opening, emergency: false
[DEBUG] 16:34:26.508 [AiEngine] Using JS Search
[DEBUG] 16:34:26.584 [AiEngine] Adaptive time: 500ms, depth: 4, reason: midgame, opening, tactical, emergency: false
[DEBUG] 16:34:26.584 [AiEngine] Using JS Search
[DEBUG] 16:34:26.827 [AiEngine] Adaptive time: 500ms, depth: 4, reason: midgame, opening, tactical, emergency: false
[DEBUG] 16:34:26.827 [AiEngine] Using JS Search
[DEBUG] 16:34:26.930 [AiEngine] Adaptive time: 500ms, depth: 4, reason: midgame, opening, tactical, emergency: false
[DEBUG] 16:34:26.930 [AiEngine] Using JS Search
[DEBUG] 16:34:27.120 [AiEngine] Adaptive time: 500ms, depth: 4, reason: midgame, opening, tactical, emergency: false
[DEBUG] 16:34:27.120 [AiEngine] Using JS Search
[DEBUG] 16:34:27.296 [AiEngine] Adaptive time: 500ms, depth: 4, reason: midgame, opening, tactical, emergency: false
[DEBUG] 16:34:27.297 [AiEngine] Using JS Search
[DEBUG] 16:34:27.445 [AiEngine] Adaptive time: 500ms, depth: 4, reason: midgame, opening, tactical, emergency: false
[DEBUG] 16:34:27.445 [AiEngine] Using JS Search
[DEBUG] 16:34:27.575 [AiEngine] Adaptive time: 500ms, depth: 4, reason: midgame, opening, tactical, emergency: false
[DEBUG] 16:34:27.575 [AiEngine] Using JS Search
[DEBUG] 16:34:27.876 [AiEngine] Adaptive time: 500ms, depth: 4, reason: midgame, opening, tactical, emergency: false
[DEBUG] 16:34:27.877 [AiEngine] Using JS Search
[DEBUG] 16:34:28.067 [AiEngine] Adaptive time: 500ms, depth: 4, reason: midgame, opening, emergency: false
[DEBUG] 16:34:28.067 [AiEngine] Using JS Search
[DEBUG] 16:34:28.198 [AiEngine] Adaptive time: 500ms, depth: 4, reason: midgame, opening, tactical, emergency: false
[DEBUG] 16:34:28.198 [AiEngine] Using JS Search
[DEBUG] 16:34:28.352 [AiEngine] Adaptive time: 500ms, depth: 4, reason: midgame, opening, tactical, emergency: false
[DEBUG] 16:34:28.352 [AiEngine] Using JS Search
[DEBUG] 16:34:28.474 [AiEngine] Adaptive time: 500ms, depth: 4, reason: midgame, opening, tactical, emergency: false
[DEBUG] 16:34:28.474 [AiEngine] Using JS Search
[DEBUG] 16:34:28.606 [AiEngine] Adaptive time: 3000ms, depth: 5, reason: midgame, tactical, emergency: false
[DEBUG] 16:34:28.606 [AiEngine] Using JS Search
[DEBUG] 16:34:29.100 [AiEngine] Adaptive time: 3000ms, depth: 5, reason: midgame, tactical, emergency: false
[DEBUG] 16:34:29.100 [AiEngine] Using JS Search
[DEBUG] 16:34:29.537 [AiEngine] Adaptive time: 3000ms, depth: 5, reason: midgame, tactical, emergency: false
[DEBUG] 16:34:29.537 [AiEngine] Using JS Search
[DEBUG] 16:34:30.218 [AiEngine] Adaptive time: 3000ms, depth: 5, reason: midgame, emergency: false
[DEBUG] 16:34:30.218 [AiEngine] Using JS Search
[DEBUG] 16:34:30.443 [AiEngine] Adaptive time: 3000ms, depth: 5, reason: midgame, tactical, emergency: false
[DEBUG] 16:34:30.444 [AiEngine] Using JS Search
[DEBUG] 16:34:30.616 [AiEngine] Adaptive time: 3000ms, depth: 5, reason: midgame, emergency: false
[DEBUG] 16:34:30.616 [AiEngine] Using JS Search
[DEBUG] 16:34:30.792 [AiEngine] Adaptive time: 3000ms, depth: 5, reason: midgame, tactical, emergency: false
[DEBUG] 16:34:30.792 [AiEngine] Using JS Search
[DEBUG] 16:34:31.522 [AiEngine] Adaptive time: 3000ms, depth: 5, reason: midgame, emergency: false
[DEBUG] 16:34:31.522 [AiEngine] Using JS Search
[DEBUG] 16:34:31.835 [AiEngine] Adaptive time: 3000ms, depth: 5, reason: midgame, tactical, emergency: false
[DEBUG] 16:34:31.835 [AiEngine] Using JS Search
[DEBUG] 16:34:32.964 [AiEngine] Adaptive time: 3000ms, depth: 5, reason: midgame, emergency: false
[DEBUG] 16:34:32.964 [AiEngine] Using JS Search
[DEBUG] 16:34:33.264 [AiEngine] Adaptive time: 3000ms, depth: 5, reason: midgame, tactical, emergency: false
[DEBUG] 16:34:33.264 [AiEngine] Using JS Search
[DEBUG] 16:34:33.648 [AiEngine] Adaptive time: 3000ms, depth: 5, reason: midgame, tactical, emergency: false
[DEBUG] 16:34:33.648 [AiEngine] Using JS Search
[DEBUG] 16:34:33.931 [AiEngine] Adaptive time: 3000ms, depth: 5, reason: midgame, in-check, emergency: false
[DEBUG] 16:34:33.931 [AiEngine] Using JS Search
[DEBUG] 16:34:34.799 [AiEngine] Adaptive time: 3000ms, depth: 5, reason: midgame, emergency: false
[DEBUG] 16:34:34.799 [AiEngine] Using JS Search
[DEBUG] 16:34:35.097 [AiEngine] Adaptive time: 500ms, depth: 4, reason: midgame, opening, emergency: false
[DEBUG] 16:34:35.097 [AiEngine] Using JS Search
[DEBUG] 16:34:35.215 [AiEngine] Adaptive time: 500ms, depth: 4, reason: midgame, opening, emergency: false
[DEBUG] 16:34:35.215 [AiEngine] Using JS Search
[DEBUG] 16:34:35.346 [AiEngine] Adaptive time: 500ms, depth: 4, reason: midgame, opening, emergency: false
[DEBUG] 16:34:35.346 [AiEngine] Using JS Search
[DEBUG] 16:34:35.724 [AiEngine] Adaptive time: 500ms, depth: 4, reason: midgame, opening, emergency: false
[DEBUG] 16:34:35.724 [AiEngine] Using JS Search
[DEBUG] 16:34:35.932 [AiEngine] Adaptive time: 500ms, depth: 4, reason: midgame, opening, emergency: false
[DEBUG] 16:34:35.932 [AiEngine] Using JS Search
[DEBUG] 16:34:36.254 [AiEngine] Adaptive time: 500ms, depth: 4, reason: midgame, opening, emergency: false
[DEBUG] 16:34:36.254 [AiEngine] Using JS Search
[DEBUG] 16:34:36.542 [AiEngine] Adaptive time: 500ms, depth: 4, reason: midgame, opening, tactical, emergency: false
[DEBUG] 16:34:36.543 [AiEngine] Using JS Search
[DEBUG] 16:34:36.775 [AiEngine] Adaptive time: 500ms, depth: 4, reason: midgame, opening, emergency: false
[DEBUG] 16:34:36.775 [AiEngine] Using JS Search
[DEBUG] 16:34:37.097 [AiEngine] Adaptive time: 500ms, depth: 4, reason: midgame, opening, tactical, emergency: false
[DEBUG] 16:34:37.098 [AiEngine] Using JS Search
[DEBUG] 16:34:37.451 [AiEngine] Adaptive time: 500ms, depth: 4, reason: midgame, opening, emergency: false
[DEBUG] 16:34:37.451 [AiEngine] Using JS Search
[DEBUG] 16:34:37.838 [AiEngine] Adaptive time: 500ms, depth: 4, reason: midgame, opening, emergency: false
[DEBUG] 16:34:37.838 [AiEngine] Using JS Search
[DEBUG] 16:34:39.016 [AiEngine] Adaptive time: 500ms, depth: 4, reason: midgame, opening, tactical, emergency: false
[DEBUG] 16:34:39.016 [AiEngine] Using JS Search
[DEBUG] 16:34:39.159 [AiEngine] Adaptive time: 500ms, depth: 4, reason: midgame, opening, in-check, emergency: false
[DEBUG] 16:34:39.159 [AiEngine] Using JS Search
[DEBUG] 16:34:39.203 [AiEngine] Adaptive time: 500ms, depth: 4, reason: midgame, opening, tactical, emergency: false
[DEBUG] 16:34:39.203 [AiEngine] Using JS Search
[DEBUG] 16:34:39.254 [AiEngine] Adaptive time: 500ms, depth: 4, reason: midgame, opening, tactical, emergency: false
[DEBUG] 16:34:39.254 [AiEngine] Using JS Search
[DEBUG] 16:34:39.353 [AiEngine] Adaptive time: 500ms, depth: 4, reason: midgame, opening, emergency: false
[DEBUG] 16:34:39.353 [AiEngine] Using JS Search
[DEBUG] 16:34:39.549 [AiEngine] Adaptive time: 500ms, depth: 4, reason: midgame, opening, tactical, emergency: false
[DEBUG] 16:34:39.549 [AiEngine] Using JS Search
[DEBUG] 16:34:39.932 [AiEngine] Adaptive time: 500ms, depth: 4, reason: midgame, opening, emergency: false
[DEBUG] 16:34:39.932 [AiEngine] Using JS Search
[DEBUG] 16:34:40.003 [AiEngine] Adaptive time: 500ms, depth: 4, reason: midgame, opening, tactical, emergency: false
[DEBUG] 16:34:40.003 [AiEngine] Using JS Search
[DEBUG] 16:34:40.045 [AiEngine] Adaptive time: 500ms, depth: 4, reason: midgame, opening, emergency: false
[DEBUG] 16:34:40.045 [AiEngine] Using JS Search
[DEBUG] 16:34:40.124 [AiEngine] Adaptive time: 500ms, depth: 4, reason: midgame, opening, emergency: false
[DEBUG] 16:34:40.124 [AiEngine] Using JS Search
[DEBUG] 16:34:40.332 [AiEngine] Adaptive time: 500ms, depth: 4, reason: midgame, opening, tactical, emergency: false
[DEBUG] 16:34:40.332 [AiEngine] Using JS Search
[DEBUG] 16:34:40.412 [AiEngine] Adaptive time: 500ms, depth: 4, reason: midgame, opening, emergency: false
[DEBUG] 16:34:40.412 [AiEngine] Using JS Search
[DEBUG] 16:34:40.957 [AiEngine] Adaptive time: 500ms, depth: 4, reason: midgame, opening, tactical, emergency: false
[DEBUG] 16:34:40.957 [AiEngine] Using JS Search
[DEBUG] 16:34:41.011 [AiEngine] Adaptive time: 500ms, depth: 4, reason: midgame, opening, tactical, emergency: false
[DEBUG] 16:34:41.011 [AiEngine] Using JS Search
[DEBUG] 16:34:41.122 [AiEngine] Adaptive time: 500ms, depth: 4, reason: midgame, opening, in-check, emergency: false
[DEBUG] 16:34:41.122 [AiEngine] Using JS Search
[DEBUG] 16:34:41.237 [AiEngine] Adaptive time: 500ms, depth: 4, reason: midgame, opening, tactical, emergency: false
[DEBUG] 16:34:41.237 [AiEngine] Using JS Search
[DEBUG] 16:34:41.325 [AiEngine] Adaptive time: 500ms, depth: 4, reason: midgame, opening, in-check, emergency: false
[DEBUG] 16:34:41.325 [AiEngine] Using JS Search
[DEBUG] 16:34:41.351 [AiEngine] Adaptive time: 500ms, depth: 4, reason: midgame, opening, tactical, emergency: false
[DEBUG] 16:34:41.351 [AiEngine] Using JS Search
[DEBUG] 16:34:41.450 [AiEngine] Adaptive time: 500ms, depth: 4, reason: midgame, opening, emergency: false
[DEBUG] 16:34:41.450 [AiEngine] Using JS Search
[DEBUG] 16:34:41.450 [AiEngine] Adaptive time: 500ms, depth: 4, reason: midgame, opening, tactical, emergency: false
[DEBUG] 16:34:41.450 [AiEngine] Using JS Search
[DEBUG] 16:34:41.451 [AiEngine] Adaptive time: 500ms, depth: 4, reason: midgame, opening, in-check, emergency: false
[DEBUG] 16:34:41.451 [AiEngine] Using JS Search
[DEBUG] 16:34:41.451 [AiEngine] Adaptive time: 500ms, depth: 4, reason: midgame, opening, emergency: false
[DEBUG] 16:34:41.451 [AiEngine] Using JS Search
[DEBUG] 16:34:41.493 [AiEngine] Adaptive time: 500ms, depth: 4, reason: midgame, opening, emergency: false
[DEBUG] 16:34:41.493 [AiEngine] Using JS Search
[DEBUG] 16:34:41.652 [AiEngine] Adaptive time: 500ms, depth: 4, reason: midgame, opening, emergency: false
[DEBUG] 16:34:41.652 [AiEngine] Using JS Search
[DEBUG] 16:34:41.806 [AiEngine] Adaptive time: 500ms, depth: 4, reason: midgame, opening, emergency: false
[DEBUG] 16:34:41.806 [AiEngine] Using JS Search
[DEBUG] 16:34:42.086 [AiEngine] Adaptive time: 500ms, depth: 4, reason: midgame, opening, emergency: false
[DEBUG] 16:34:42.086 [AiEngine] Using JS Search
[DEBUG] 16:34:42.459 [AiEngine] Adaptive time: 500ms, depth: 4, reason: midgame, opening, tactical, emergency: false
[DEBUG] 16:34:42.459 [AiEngine] Using JS Search
[DEBUG] 16:34:42.705 [AiEngine] Adaptive time: 500ms, depth: 4, reason: midgame, opening, emergency: false
[DEBUG] 16:34:42.705 [AiEngine] Using JS Search
[DEBUG] 16:34:42.947 [AiEngine] Adaptive time: 500ms, depth: 4, reason: midgame, opening, tactical, emergency: false
[DEBUG] 16:34:42.947 [AiEngine] Using JS Search
[DEBUG] 16:34:43.039 [AiEngine] Adaptive time: 500ms, depth: 4, reason: midgame, opening, emergency: false
[DEBUG] 16:34:43.039 [AiEngine] Using JS Search
[DEBUG] 16:34:43.520 [AiEngine] Adaptive time: 500ms, depth: 4, reason: midgame, opening, tactical, emergency: false
[DEBUG] 16:34:43.520 [AiEngine] Using JS Search
[DEBUG] 16:34:43.821 [AiEngine] Adaptive time: 500ms, depth: 4, reason: midgame, opening, emergency: false
[DEBUG] 16:34:43.821 [AiEngine] Using JS Search
[DEBUG] 16:34:44.073 [AiEngine] Adaptive time: 500ms, depth: 4, reason: midgame, opening, tactical, emergency: false
[DEBUG] 16:34:44.073 [AiEngine] Using JS Search
[DEBUG] 16:34:44.298 [AiEngine] Adaptive time: 500ms, depth: 4, reason: midgame, opening, tactical, emergency: false
[DEBUG] 16:34:44.298 [AiEngine] Using JS Search
[DEBUG] 16:34:44.581 [AiEngine] Adaptive time: 500ms, depth: 4, reason: midgame, opening, tactical, emergency: false
[DEBUG] 16:34:44.581 [AiEngine] Using JS Search
[DEBUG] 16:34:44.703 [AiEngine] Adaptive time: 500ms, depth: 4, reason: midgame, opening, tactical, emergency: false
[DEBUG] 16:34:44.703 [AiEngine] Using JS Search
[DEBUG] 16:34:44.960 [AiEngine] Adaptive time: 500ms, depth: 4, reason: midgame, opening, tactical, emergency: false
[DEBUG] 16:34:44.960 [AiEngine] Using JS Search
[DEBUG] 16:34:45.130 [AiEngine] Adaptive time: 500ms, depth: 4, reason: midgame, opening, emergency: false
[DEBUG] 16:34:45.130 [AiEngine] Using JS Search
[DEBUG] 16:34:45.339 [AiEngine] Adaptive time: 500ms, depth: 4, reason: midgame, opening, tactical, emergency: false
[DEBUG] 16:34:45.339 [AiEngine] Using JS Search
[DEBUG] 16:34:45.452 [AiEngine] Adaptive time: 500ms, depth: 4, reason: midgame, opening, in-check, emergency: false
[DEBUG] 16:34:45.452 [AiEngine] Using JS Search
[DEBUG] 16:34:45.472 [AiEngine] Adaptive time: 500ms, depth: 4, reason: midgame, opening, emergency: false
[DEBUG] 16:34:45.472 [AiEngine] Using JS Search
[DEBUG] 16:34:45.572 [AiEngine] Adaptive time: 500ms, depth: 4, reason: midgame, opening, in-check, emergency: false
[DEBUG] 16:34:45.572 [AiEngine] Using JS Search
[DEBUG] 16:34:45.582 [AiEngine] Adaptive time: 500ms, depth: 4, reason: midgame, opening, tactical, emergency: false
[DEBUG] 16:34:45.582 [AiEngine] Using JS Search
[DEBUG] 16:34:45.616 [AiEngine] Adaptive time: 500ms, depth: 4, reason: midgame, opening, in-check, emergency: false
[DEBUG] 16:34:45.616 [AiEngine] Using JS Search
[DEBUG] 16:34:45.830 [AiEngine] Adaptive time: 500ms, depth: 4, reason: midgame, opening, tactical, emergency: false
[DEBUG] 16:34:45.830 [AiEngine] Using JS Search
[DEBUG] 16:34:45.843 [AiEngine] Adaptive time: 500ms, depth: 4, reason: midgame, opening, emergency: false
[DEBUG] 16:34:45.843 [AiEngine] Using JS Search
[DEBUG] 16:34:45.976 [AiEngine] Adaptive time: 500ms, depth: 4, reason: midgame, opening, emergency: false
[DEBUG] 16:34:45.976 [AiEngine] Using JS Search
[DEBUG] 16:34:46.034 [AiEngine] Adaptive time: 500ms, depth: 4, reason: midgame, opening, tactical, emergency: false
[DEBUG] 16:34:46.034 [AiEngine] Using JS Search
[DEBUG] 16:34:46.095 [AiEngine] Adaptive time: 500ms, depth: 4, reason: midgame, opening, emergency: false
[DEBUG] 16:34:46.095 [AiEngine] Using JS Search
[DEBUG] 16:34:46.145 [AiEngine] Adaptive time: 500ms, depth: 4, reason: midgame, opening, tactical, emergency: false
[DEBUG] 16:34:46.145 [AiEngine] Using JS Search
[DEBUG] 16:34:46.264 [AiEngine] Adaptive time: 500ms, depth: 4, reason: midgame, opening, tactical, emergency: false
[DEBUG] 16:34:46.264 [AiEngine] Using JS Search
[DEBUG] 16:34:46.330 [AiEngine] Adaptive time: 500ms, depth: 4, reason: midgame, opening, tactical, emergency: false
[DEBUG] 16:34:46.330 [AiEngine] Using JS Search
[DEBUG] 16:34:46.551 [AiEngine] Adaptive time: 500ms, depth: 4, reason: midgame, opening, emergency: false
[DEBUG] 16:34:46.551 [AiEngine] Using JS Search
[DEBUG] 16:34:46.590 [AiEngine] Adaptive time: 500ms, depth: 4, reason: midgame, opening, tactical, emergency: false
[DEBUG] 16:34:46.590 [AiEngine] Using JS Search
[DEBUG] 16:34:46.807 [AiEngine] Adaptive time: 500ms, depth: 4, reason: midgame, opening, emergency: false
[DEBUG] 16:34:46.807 [AiEngine] Using JS Search
[DEBUG] 16:34:46.891 [AiEngine] Adaptive time: 500ms, depth: 4, reason: midgame, opening, tactical, emergency: false
[DEBUG] 16:34:46.891 [AiEngine] Using JS Search
[DEBUG] 16:34:47.007 [AiEngine] Adaptive time: 500ms, depth: 4, reason: midgame, opening, emergency: false
[DEBUG] 16:34:47.007 [AiEngine] Using JS Search
[DEBUG] 16:34:47.143 [AiEngine] Adaptive time: 500ms, depth: 4, reason: midgame, opening, tactical, emergency: false
[DEBUG] 16:34:47.143 [AiEngine] Using JS Search
[DEBUG] 16:34:47.384 [AiEngine] Adaptive time: 500ms, depth: 4, reason: midgame, opening, emergency: false
[DEBUG] 16:34:47.384 [AiEngine] Using JS Search
[DEBUG] 16:34:47.495 [AiEngine] Adaptive time: 500ms, depth: 4, reason: midgame, opening, tactical, emergency: false
[DEBUG] 16:34:47.495 [AiEngine] Using JS Search
[DEBUG] 16:34:47.815 [AiEngine] Adaptive time: 500ms, depth: 4, reason: midgame, opening, emergency: false
[DEBUG] 16:34:47.815 [AiEngine] Using JS Search
[DEBUG] 16:34:47.894 [AiEngine] Adaptive time: 3000ms, depth: 5, reason: midgame, tactical, emergency: false
[DEBUG] 16:34:47.894 [AiEngine] Using JS Search
[DEBUG] 16:34:48.279 [AiEngine] Adaptive time: 3000ms, depth: 5, reason: midgame, tactical, emergency: false
[DEBUG] 16:34:48.279 [AiEngine] Using JS Search
[DEBUG] 16:34:48.424 [AiEngine] Adaptive time: 3000ms, depth: 5, reason: midgame, tactical, emergency: false
[DEBUG] 16:34:48.424 [AiEngine] Using JS Search
[DEBUG] 16:34:48.982 [AiEngine] Adaptive time: 3000ms, depth: 5, reason: midgame, in-check, emergency: false
[DEBUG] 16:34:48.982 [AiEngine] Using JS Search
[DEBUG] 16:34:49.164 [AiEngine] Adaptive time: 3000ms, depth: 5, reason: midgame, tactical, emergency: false
[DEBUG] 16:34:49.164 [AiEngine] Using JS Search
[DEBUG] 16:34:49.329 [AiEngine] Adaptive time: 3000ms, depth: 5, reason: midgame, in-check, emergency: false
[DEBUG] 16:34:49.329 [AiEngine] Using JS Search
[DEBUG] 16:34:49.352 [AiEngine] Adaptive time: 3000ms, depth: 5, reason: midgame, tactical, emergency: false
[DEBUG] 16:34:49.352 [AiEngine] Using JS Search
[DEBUG] 16:34:49.626 [AiEngine] Adaptive time: 3000ms, depth: 5, reason: midgame, emergency: false
[DEBUG] 16:34:49.626 [AiEngine] Using JS Search
[DEBUG] 16:34:49.745 [AiEngine] Adaptive time: 3000ms, depth: 5, reason: midgame, tactical, emergency: false
[DEBUG] 16:34:49.745 [AiEngine] Using JS Search
[DEBUG] 16:34:49.930 [AiEngine] Adaptive time: 3000ms, depth: 5, reason: midgame, emergency: false
[DEBUG] 16:34:49.930 [AiEngine] Using JS Search
[DEBUG] 16:34:49.984 [AiEngine] Adaptive time: 3000ms, depth: 5, reason: midgame, tactical, emergency: false
[DEBUG] 16:34:49.984 [AiEngine] Using JS Search
[DEBUG] 16:34:50.419 [AiEngine] Adaptive time: 3000ms, depth: 5, reason: midgame, emergency: false
[DEBUG] 16:34:50.419 [AiEngine] Using JS Search
[DEBUG] 16:34:50.520 [AiEngine] Adaptive time: 3000ms, depth: 5, reason: midgame, tactical, emergency: false
[DEBUG] 16:34:50.520 [AiEngine] Using JS Search
[DEBUG] 16:34:50.638 [AiEngine] Adaptive time: 3000ms, depth: 5, reason: midgame, emergency: false
[DEBUG] 16:34:50.638 [AiEngine] Using JS Search
[DEBUG] 16:34:50.709 [AiEngine] Adaptive time: 3000ms, depth: 5, reason: midgame, tactical, emergency: false
[DEBUG] 16:34:50.709 [AiEngine] Using JS Search
[DEBUG] 16:34:50.955 [AiEngine] Adaptive time: 3000ms, depth: 5, reason: midgame, emergency: false
[DEBUG] 16:34:50.955 [AiEngine] Using JS Search
[DEBUG] 16:34:51.091 [AiEngine] Adaptive time: 3000ms, depth: 5, reason: midgame, emergency: false
[DEBUG] 16:34:51.091 [AiEngine] Using JS Search
[DEBUG] 16:34:51.306 [AiEngine] Adaptive time: 3000ms, depth: 5, reason: midgame, emergency: false
[DEBUG] 16:34:51.306 [AiEngine] Using JS Search
[DEBUG] 16:34:51.445 [AiEngine] Adaptive time: 3000ms, depth: 5, reason: midgame, emergency: false
[DEBUG] 16:34:51.445 [AiEngine] Using JS Search
[DEBUG] 16:34:51.621 [AiEngine] Adaptive time: 3000ms, depth: 5, reason: midgame, emergency: false
[DEBUG] 16:34:51.621 [AiEngine] Using JS Search
[DEBUG] 16:34:51.693 [AiEngine] Adaptive time: 3000ms, depth: 5, reason: midgame, emergency: false
[DEBUG] 16:34:51.693 [AiEngine] Using JS Search
[DEBUG] 16:34:51.860 [AiEngine] Adaptive time: 3000ms, depth: 5, reason: midgame, emergency: false
[DEBUG] 16:34:51.860 [AiEngine] Using JS Search
[DEBUG] 16:34:51.929 [AiEngine] Adaptive time: 3000ms, depth: 5, reason: midgame, emergency: false
[DEBUG] 16:34:51.929 [AiEngine] Using JS Search
[DEBUG] 16:34:52.023 [AiEngine] Adaptive time: 3000ms, depth: 5, reason: midgame, tactical, emergency: false
[DEBUG] 16:34:52.023 [AiEngine] Using JS Search
[DEBUG] 16:34:52.107 [AiEngine] Adaptive time: 3000ms, depth: 5, reason: midgame, emergency: false
[DEBUG] 16:34:52.107 [AiEngine] Using JS Search
[DEBUG] 16:34:52.627 [AiEngine] Adaptive time: 3000ms, depth: 5, reason: midgame, tactical, emergency: false
[DEBUG] 16:34:52.627 [AiEngine] Using JS Search
[DEBUG] 16:34:52.802 [AiEngine] Adaptive time: 3000ms, depth: 5, reason: midgame, emergency: false
[DEBUG] 16:34:52.802 [AiEngine] Using JS Search
[DEBUG] 16:34:53.009 [AiEngine] Adaptive time: 3000ms, depth: 5, reason: midgame, tactical, emergency: false
[DEBUG] 16:34:53.009 [AiEngine] Using JS Search
[DEBUG] 16:34:53.165 [AiEngine] Adaptive time: 3000ms, depth: 5, reason: midgame, emergency: false
[DEBUG] 16:34:53.165 [AiEngine] Using JS Search
[DEBUG] 16:34:53.578 [AiEngine] Adaptive time: 3000ms, depth: 5, reason: midgame, tactical, emergency: false
[DEBUG] 16:34:53.578 [AiEngine] Using JS Search
[DEBUG] 16:34:53.747 [AiEngine] Adaptive time: 500ms, depth: 4, reason: midgame, opening, emergency: false
[DEBUG] 16:34:53.747 [AiEngine] Using JS Search
[DEBUG] 16:34:53.775 [AiEngine] Adaptive time: 500ms, depth: 4, reason: midgame, opening, emergency: false
[DEBUG] 16:34:53.775 [AiEngine] Using JS Search
[DEBUG] 16:34:53.863 [AiEngine] Adaptive time: 500ms, depth: 4, reason: midgame, opening, emergency: false
[DEBUG] 16:34:53.863 [AiEngine] Using JS Search
[DEBUG] 16:34:54.029 [AiEngine] Adaptive time: 500ms, depth: 4, reason: midgame, opening, emergency: false
[DEBUG] 16:34:54.029 [AiEngine] Using JS Search
[DEBUG] 16:34:54.305 [AiEngine] Adaptive time: 500ms, depth: 4, reason: midgame, opening, emergency: false
[DEBUG] 16:34:54.305 [AiEngine] Using JS Search
[DEBUG] 16:34:54.429 [AiEngine] Adaptive time: 500ms, depth: 4, reason: midgame, opening, emergency: false
[DEBUG] 16:34:54.429 [AiEngine] Using JS Search
[DEBUG] 16:34:54.583 [AiEngine] Adaptive time: 500ms, depth: 4, reason: midgame, opening, emergency: false
[DEBUG] 16:34:54.583 [AiEngine] Using JS Search
[DEBUG] 16:34:54.678 [AiEngine] Adaptive time: 500ms, depth: 4, reason: midgame, opening, emergency: false
[DEBUG] 16:34:54.678 [AiEngine] Using JS Search
[DEBUG] 16:34:54.721 [AiEngine] Adaptive time: 500ms, depth: 4, reason: midgame, opening, emergency: false
[DEBUG] 16:34:54.721 [AiEngine] Using JS Search
[DEBUG] 16:34:54.882 [AiEngine] Adaptive time: 500ms, depth: 4, reason: midgame, opening, emergency: false
[DEBUG] 16:34:54.882 [AiEngine] Using JS Search
[DEBUG] 16:34:55.260 [AiEngine] Adaptive time: 500ms, depth: 4, reason: midgame, opening, emergency: false
[DEBUG] 16:34:55.260 [AiEngine] Using JS Search
[DEBUG] 16:34:55.401 [AiEngine] Adaptive time: 500ms, depth: 4, reason: midgame, opening, emergency: false
[DEBUG] 16:34:55.401 [AiEngine] Using JS Search
[DEBUG] 16:34:55.483 [AiEngine] Adaptive time: 500ms, depth: 4, reason: midgame, opening, tactical, emergency: false
[DEBUG] 16:34:55.483 [AiEngine] Using JS Search
[DEBUG] 16:34:55.697 [AiEngine] Adaptive time: 500ms, depth: 4, reason: midgame, opening, emergency: false
[DEBUG] 16:34:55.698 [AiEngine] Using JS Search
[DEBUG] 16:34:55.736 [AiEngine] Adaptive time: 500ms, depth: 4, reason: midgame, opening, tactical, emergency: false
[DEBUG] 16:34:55.736 [AiEngine] Using JS Search
[DEBUG] 16:34:55.853 [AiEngine] Adaptive time: 500ms, depth: 4, reason: midgame, opening, emergency: false
[DEBUG] 16:34:55.853 [AiEngine] Using JS Search
[DEBUG] 16:34:55.968 [AiEngine] Adaptive time: 500ms, depth: 4, reason: midgame, opening, emergency: false
[DEBUG] 16:34:55.968 [AiEngine] Using JS Search
[DEBUG] 16:34:56.307 [AiEngine] Adaptive time: 500ms, depth: 4, reason: midgame, opening, emergency: false
[DEBUG] 16:34:56.307 [AiEngine] Using JS Search
[DEBUG] 16:34:56.452 [AiEngine] Adaptive time: 500ms, depth: 4, reason: midgame, opening, tactical, emergency: false
[DEBUG] 16:34:56.452 [AiEngine] Using JS Search
[DEBUG] 16:34:56.484 [AiEngine] Adaptive time: 500ms, depth: 4, reason: midgame, opening, emergency: false
[DEBUG] 16:34:56.484 [AiEngine] Using JS Search
[DEBUG] 16:34:56.677 [AiEngine] Adaptive time: 500ms, depth: 4, reason: midgame, opening, emergency: false
[DEBUG] 16:34:56.677 [AiEngine] Using JS Search
[DEBUG] 16:34:56.705 [AiEngine] Adaptive time: 500ms, depth: 4, reason: midgame, opening, tactical, emergency: false
[DEBUG] 16:34:56.706 [AiEngine] Using JS Search
[DEBUG] 16:34:56.863 [AiEngine] Adaptive time: 500ms, depth: 4, reason: midgame, opening, tactical, emergency: false
[DEBUG] 16:34:56.863 [AiEngine] Using JS Search
[DEBUG] 16:34:56.903 [AiEngine] Adaptive time: 500ms, depth: 4, reason: midgame, opening, tactical, emergency: false
[DEBUG] 16:34:56.903 [AiEngine] Using JS Search
[DEBUG] 16:34:57.019 [AiEngine] Adaptive time: 500ms, depth: 4, reason: midgame, opening, emergency: false
[DEBUG] 16:34:57.019 [AiEngine] Using JS Search
[DEBUG] 16:34:57.047 [AiEngine] Adaptive time: 500ms, depth: 4, reason: midgame, opening, tactical, emergency: false
[DEBUG] 16:34:57.047 [AiEngine] Using JS Search
[DEBUG] 16:34:57.622 [AiEngine] Adaptive time: 500ms, depth: 4, reason: midgame, opening, emergency: false
[DEBUG] 16:34:57.622 [AiEngine] Using JS Search
[DEBUG] 16:34:57.658 [AiEngine] Adaptive time: 500ms, depth: 4, reason: midgame, opening, tactical, emergency: false
[DEBUG] 16:34:57.658 [AiEngine] Using JS Search
[DEBUG] 16:34:58.174 [AiEngine] Adaptive time: 500ms, depth: 4, reason: midgame, opening, emergency: false
[DEBUG] 16:34:58.174 [AiEngine] Using JS Search
[DEBUG] 16:34:58.210 [AiEngine] Adaptive time: 500ms, depth: 4, reason: midgame, opening, emergency: false
[DEBUG] 16:34:58.210 [AiEngine] Using JS Search
[DEBUG] 16:34:58.340 [AiEngine] Adaptive time: 500ms, depth: 4, reason: midgame, opening, emergency: false
[DEBUG] 16:34:58.340 [AiEngine] Using JS Search
[DEBUG] 16:34:58.362 [AiEngine] Adaptive time: 500ms, depth: 4, reason: midgame, opening, tactical, emergency: false
[DEBUG] 16:34:58.362 [AiEngine] Using JS Search
[DEBUG] 16:34:58.416 [AiEngine] Adaptive time: 500ms, depth: 4, reason: midgame, opening, in-check, emergency: false
[DEBUG] 16:34:58.416 [AiEngine] Using JS Search
[DEBUG] 16:34:58.420 [AiEngine] Adaptive time: 500ms, depth: 4, reason: midgame, opening, tactical, emergency: false
[DEBUG] 16:34:58.420 [AiEngine] Using JS Search
[DEBUG] 16:34:58.422 [AiEngine] Adaptive time: 500ms, depth: 4, reason: midgame, opening, emergency: false
[DEBUG] 16:34:58.422 [AiEngine] Using JS Search
[DEBUG] 16:34:58.536 [AiEngine] Adaptive time: 500ms, depth: 4, reason: midgame, opening, tactical, emergency: false
[DEBUG] 16:34:58.536 [AiEngine] Using JS Search
[DEBUG] 16:34:58.537 [AiEngine] Adaptive time: 500ms, depth: 4, reason: midgame, opening, emergency: false
[DEBUG] 16:34:58.537 [AiEngine] Using JS Search
[DEBUG] 16:34:58.586 [AiEngine] Adaptive time: 500ms, depth: 4, reason: midgame, opening, emergency: false
[DEBUG] 16:34:58.586 [AiEngine] Using JS Search
[DEBUG] 16:34:58.587 [AiEngine] Adaptive time: 500ms, depth: 4, reason: midgame, opening, emergency: false
[DEBUG] 16:34:58.587 [AiEngine] Using JS Search
[DEBUG] 16:34:58.658 [AiEngine] Adaptive time: 500ms, depth: 4, reason: midgame, opening, emergency: false
[DEBUG] 16:34:58.658 [AiEngine] Using JS Search
[DEBUG] 16:34:58.659 [AiEngine] Adaptive time: 3000ms, depth: 5, reason: standard, emergency: false
[DEBUG] 16:34:58.659 [AiEngine] Using JS Search
[DEBUG] 16:34:58.847 [AiEngine] Adaptive time: 3000ms, depth: 5, reason: standard, emergency: false
[DEBUG] 16:34:58.847 [AiEngine] Using JS Search
[DEBUG] 16:34:58.945 [AiEngine] Adaptive time: 3000ms, depth: 5, reason: standard, emergency: false
[DEBUG] 16:34:58.945 [AiEngine] Using JS Search
[DEBUG] 16:34:59.099 [AiEngine] Adaptive time: 3000ms, depth: 5, reason: standard, emergency: false
[DEBUG] 16:34:59.099 [AiEngine] Using JS Search
[DEBUG] 16:34:59.236 [AiEngine] Adaptive time: 3000ms, depth: 5, reason: standard, emergency: false
[DEBUG] 16:34:59.236 [AiEngine] Using JS Search
[DEBUG] 16:34:59.440 [AiEngine] Adaptive time: 3000ms, depth: 5, reason: standard, emergency: false
[DEBUG] 16:34:59.441 [AiEngine] Using JS Search
[DEBUG] 16:34:59.609 [AiEngine] Adaptive time: 3000ms, depth: 5, reason: standard, emergency: false
[DEBUG] 16:34:59.609 [AiEngine] Using JS Search
[DEBUG] 16:34:59.717 [AiEngine] Adaptive time: 3000ms, depth: 5, reason: standard, emergency: false
[DEBUG] 16:34:59.718 [AiEngine] Using JS Search
[DEBUG] 16:34:59.798 [AiEngine] Adaptive time: 3000ms, depth: 5, reason: in-check, emergency: false
[DEBUG] 16:34:59.799 [AiEngine] Using JS Search
[DEBUG] 16:34:59.953 [AiEngine] Adaptive time: 3000ms, depth: 5, reason: standard, emergency: false
[DEBUG] 16:34:59.953 [AiEngine] Using JS Search
[DEBUG] 16:35:00.071 [AiEngine] Adaptive time: 3000ms, depth: 5, reason: standard, emergency: false
[DEBUG] 16:35:00.071 [AiEngine] Using JS Search
[DEBUG] 16:35:00.139 [AiEngine] Adaptive time: 3000ms, depth: 5, reason: standard, emergency: false
[DEBUG] 16:35:00.139 [AiEngine] Using JS Search
[DEBUG] 16:35:00.242 [AiEngine] Adaptive time: 3000ms, depth: 5, reason: standard, emergency: false
[DEBUG] 16:35:00.242 [AiEngine] Using JS Search
[DEBUG] 16:35:00.305 [AiEngine] Adaptive time: 3000ms, depth: 5, reason: standard, emergency: false
[DEBUG] 16:35:00.305 [AiEngine] Using JS Search
[DEBUG] 16:35:00.334 [AiEngine] Adaptive time: 3000ms, depth: 5, reason: endgame, emergency: false
[DEBUG] 16:35:00.334 [AiEngine] Using JS Search
[DEBUG] 16:35:00.353 [AiEngine] Adaptive time: 3000ms, depth: 5, reason: endgame, tactical, emergency: false
[DEBUG] 16:35:00.353 [AiEngine] Using JS Search
[DEBUG] 16:35:00.359 [AiEngine] Adaptive time: 3000ms, depth: 5, reason: endgame, in-check, emergency: false
[DEBUG] 16:35:00.359 [AiEngine] Using JS Search
[DEBUG] 16:35:00.379 [AiEngine] Adaptive time: 3000ms, depth: 5, reason: endgame, tactical, emergency: false
[DEBUG] 16:35:00.379 [AiEngine] Using JS Search
[DEBUG] 16:35:00.385 [AiEngine] Adaptive time: 3000ms, depth: 5, reason: endgame, emergency: false
[DEBUG] 16:35:00.385 [AiEngine] Using JS Search
[DEBUG] 16:35:00.399 [AiEngine] Adaptive time: 3000ms, depth: 5, reason: endgame, emergency: false
[DEBUG] 16:35:00.399 [AiEngine] Using JS Search
[DEBUG] 16:35:00.439 [AiEngine] Adaptive time: 3000ms, depth: 5, reason: endgame, emergency: false
[DEBUG] 16:35:00.439 [AiEngine] Using JS Search
[DEBUG] 16:35:00.456 [AiEngine] Adaptive time: 3000ms, depth: 5, reason: endgame, emergency: false
[DEBUG] 16:35:00.456 [AiEngine] Using JS Search
[DEBUG] 16:35:00.513 [AiEngine] Adaptive time: 3000ms, depth: 5, reason: endgame, emergency: false
[DEBUG] 16:35:00.513 [AiEngine] Using JS Search
[DEBUG] 16:35:00.531 [AiEngine] Adaptive time: 3000ms, depth: 5, reason: endgame, tactical, emergency: false
[DEBUG] 16:35:00.531 [AiEngine] Using JS Search
[DEBUG] 16:35:00.538 [AiEngine] Adaptive time: 3000ms, depth: 5, reason: endgame, emergency: false
[DEBUG] 16:35:00.538 [AiEngine] Using JS Search
[DEBUG] 16:35:00.550 [AiEngine] Adaptive time: 3000ms, depth: 5, reason: endgame, tactical, emergency: false
[DEBUG] 16:35:00.550 [AiEngine] Using JS Search
[DEBUG] 16:35:00.562 [AiEngine] Adaptive time: 3000ms, depth: 5, reason: endgame, emergency: false
[DEBUG] 16:35:00.562 [AiEngine] Using JS Search
[DEBUG] 16:35:00.574 [AiEngine] Adaptive time: 3000ms, depth: 5, reason: endgame, tactical, emergency: false
[DEBUG] 16:35:00.574 [AiEngine] Using JS Search
[DEBUG] 16:35:00.578 [AiEngine] Adaptive time: 3000ms, depth: 5, reason: endgame, in-check, emergency: false
[DEBUG] 16:35:00.578 [AiEngine] Using JS Search
[DEBUG] 16:35:00.585 [AiEngine] Adaptive time: 3000ms, depth: 5, reason: endgame, tactical, emergency: false
[DEBUG] 16:35:00.585 [AiEngine] Using JS Search
[DEBUG] 16:35:00.587 [AiEngine] Adaptive time: 3000ms, depth: 5, reason: endgame, emergency: false
[DEBUG] 16:35:00.587 [AiEngine] Using JS Search
[DEBUG] 16:35:00.592 [AiEngine] Adaptive time: 3000ms, depth: 5, reason: endgame, tactical, emergency: false
[DEBUG] 16:35:00.593 [AiEngine] Using JS Search
[DEBUG] 16:35:00.600 [AiEngine] Adaptive time: 3000ms, depth: 5, reason: endgame, emergency: false
[DEBUG] 16:35:00.600 [AiEngine] Using JS Search
[DEBUG] 16:35:00.606 [AiEngine] Adaptive time: 3000ms, depth: 5, reason: endgame, tactical, emergency: false
[DEBUG] 16:35:00.606 [AiEngine] Using JS Search
[DEBUG] 16:35:00.635 [AiEngine] Adaptive time: 3000ms, depth: 5, reason: endgame, emergency: false
[DEBUG] 16:35:00.635 [AiEngine] Using JS Search
[DEBUG] 16:35:00.641 [AiEngine] Adaptive time: 3000ms, depth: 5, reason: endgame, tactical, emergency: false
[DEBUG] 16:35:00.641 [AiEngine] Using JS Search
[DEBUG] 16:35:00.686 [AiEngine] Adaptive time: 3000ms, depth: 5, reason: endgame, emergency: false
[DEBUG] 16:35:00.686 [AiEngine] Using JS Search
[DEBUG] 16:35:00.694 [AiEngine] Adaptive time: 3000ms, depth: 5, reason: endgame, tactical, emergency: false
[DEBUG] 16:35:00.694 [AiEngine] Using JS Search
[DEBUG] 16:35:00.716 [AiEngine] Adaptive time: 3000ms, depth: 5, reason: endgame, emergency: false
[DEBUG] 16:35:00.716 [AiEngine] Using JS Search
[DEBUG] 16:35:00.726 [AiEngine] Adaptive time: 3000ms, depth: 5, reason: endgame, tactical, emergency: false
[DEBUG] 16:35:00.726 [AiEngine] Using JS Search
[DEBUG] 16:35:00.789 [AiEngine] Adaptive time: 3000ms, depth: 5, reason: endgame, emergency: false
[DEBUG] 16:35:00.789 [AiEngine] Using JS Search
[DEBUG] 16:35:00.796 [AiEngine] Adaptive time: 3000ms, depth: 5, reason: endgame, tactical, emergency: false
[DEBUG] 16:35:00.796 [AiEngine] Using JS Search
[DEBUG] 16:35:00.837 [AiEngine] Adaptive time: 3000ms, depth: 5, reason: endgame, emergency: false
[DEBUG] 16:35:00.837 [AiEngine] Using JS Search
[DEBUG] 16:35:00.845 [AiEngine] Adaptive time: 3000ms, depth: 5, reason: endgame, tactical, emergency: false
[DEBUG] 16:35:00.845 [AiEngine] Using JS Search
[DEBUG] 16:35:00.914 [AiEngine] Adaptive time: 3000ms, depth: 5, reason: endgame, emergency: false
[DEBUG] 16:35:00.914 [AiEngine] Using JS Search
[DEBUG] 16:35:00.923 [AiEngine] Adaptive time: 3000ms, depth: 5, reason: endgame, tactical, emergency: false
[DEBUG] 16:35:00.923 [AiEngine] Using JS Search
[DEBUG] 16:35:01.035 [AiEngine] Adaptive time: 3000ms, depth: 5, reason: endgame, emergency: false
[DEBUG] 16:35:01.035 [AiEngine] Using JS Search
[DEBUG] 16:35:01.041 [AiEngine] Adaptive time: 3000ms, depth: 5, reason: endgame, emergency: false
[DEBUG] 16:35:01.041 [AiEngine] Using JS Search
[DEBUG] 16:35:01.182 [AiEngine] Adaptive time: 3000ms, depth: 5, reason: endgame, emergency: false
[DEBUG] 16:35:01.182 [AiEngine] Using JS Search
[DEBUG] 16:35:01.190 [AiEngine] Adaptive time: 3000ms, depth: 5, reason: endgame, emergency: false
[DEBUG] 16:35:01.190 [AiEngine] Using JS Search
[DEBUG] 16:35:01.272 [AiEngine] Adaptive time: 3000ms, depth: 5, reason: endgame, emergency: false
[DEBUG] 16:35:01.272 [AiEngine] Using JS Search
[DEBUG] 16:35:01.277 [AiEngine] Adaptive time: 3000ms, depth: 5, reason: endgame, emergency: false
[DEBUG] 16:35:01.277 [AiEngine] Using JS Search
[DEBUG] 16:35:01.454 [AiEngine] Adaptive time: 3000ms, depth: 5, reason: endgame, emergency: false
[DEBUG] 16:35:01.454 [AiEngine] Using JS Search
[DEBUG] 16:35:01.461 [AiEngine] Adaptive time: 3000ms, depth: 5, reason: endgame, emergency: false
[DEBUG] 16:35:01.461 [AiEngine] Using JS Search
[DEBUG] 16:35:01.585 [AiEngine] Adaptive time: 3000ms, depth: 5, reason: endgame, emergency: false
[DEBUG] 16:35:01.585 [AiEngine] Using JS Search
[DEBUG] 16:35:01.591 [AiEngine] Adaptive time: 3000ms, depth: 5, reason: endgame, tactical, emergency: false
[DEBUG] 16:35:01.591 [AiEngine] Using JS Search
[DEBUG] 16:35:01.732 [AiEngine] Adaptive time: 3000ms, depth: 5, reason: endgame, emergency: false
[DEBUG] 16:35:01.732 [AiEngine] Using JS Search
[DEBUG] 16:35:01.740 [AiEngine] Adaptive time: 3000ms, depth: 5, reason: endgame, emergency: false
[DEBUG] 16:35:01.741 [AiEngine] Using JS Search
[DEBUG] 16:35:01.864 [AiEngine] Adaptive time: 3000ms, depth: 5, reason: endgame, emergency: false
[DEBUG] 16:35:01.864 [AiEngine] Using JS Search
[DEBUG] 16:35:01.872 [AiEngine] Adaptive time: 3000ms, depth: 5, reason: endgame, emergency: false
[DEBUG] 16:35:01.872 [AiEngine] Using JS Search
[DEBUG] 16:35:02.006 [AiEngine] Adaptive time: 500ms, depth: 4, reason: midgame, opening, emergency: false
[DEBUG] 16:35:02.007 [AiEngine] Using JS Search
[DEBUG] 16:35:02.025 [AiEngine] Adaptive time: 500ms, depth: 4, reason: midgame, opening, emergency: false
[DEBUG] 16:35:02.025 [AiEngine] Using JS Search
[DEBUG] 16:35:02.150 [AiEngine] Adaptive time: 500ms, depth: 4, reason: midgame, opening, emergency: false
[DEBUG] 16:35:02.150 [AiEngine] Using JS Search
[DEBUG] 16:35:02.315 [AiEngine] Adaptive time: 500ms, depth: 4, reason: midgame, opening, emergency: false
[DEBUG] 16:35:02.315 [AiEngine] Using JS Search
[DEBUG] 16:35:02.470 [AiEngine] Adaptive time: 500ms, depth: 4, reason: midgame, opening, emergency: false
[DEBUG] 16:35:02.470 [AiEngine] Using JS Search
[DEBUG] 16:35:02.755 [AiEngine] Adaptive time: 500ms, depth: 4, reason: midgame, opening, emergency: false
[DEBUG] 16:35:02.755 [AiEngine] Using JS Search
[DEBUG] 16:35:02.974 [AiEngine] Adaptive time: 500ms, depth: 4, reason: midgame, opening, tactical, emergency: false
[DEBUG] 16:35:02.974 [AiEngine] Using JS Search
[DEBUG] 16:35:03.137 [AiEngine] Adaptive time: 500ms, depth: 4, reason: midgame, opening, emergency: false
[DEBUG] 16:35:03.137 [AiEngine] Using JS Search
[DEBUG] 16:35:03.208 [AiEngine] Adaptive time: 500ms, depth: 4, reason: midgame, opening, tactical, emergency: false
[DEBUG] 16:35:03.208 [AiEngine] Using JS Search
[DEBUG] 16:35:03.569 [AiEngine] Adaptive time: 500ms, depth: 4, reason: midgame, opening, emergency: false
[DEBUG] 16:35:03.569 [AiEngine] Using JS Search
[DEBUG] 16:35:03.650 [AiEngine] Adaptive time: 500ms, depth: 4, reason: midgame, opening, tactical, emergency: false
[DEBUG] 16:35:03.651 [AiEngine] Using JS Search
[DEBUG] 16:35:03.683 [AiEngine] Adaptive time: 500ms, depth: 4, reason: midgame, opening, emergency: false
[DEBUG] 16:35:03.683 [AiEngine] Using JS Search
[DEBUG] 16:35:03.962 [AiEngine] Adaptive time: 500ms, depth: 4, reason: midgame, opening, emergency: false
[DEBUG] 16:35:03.962 [AiEngine] Using JS Search
[DEBUG] 16:35:04.191 [AiEngine] Adaptive time: 500ms, depth: 4, reason: midgame, opening, emergency: false
[DEBUG] 16:35:04.191 [AiEngine] Using JS Search
[DEBUG] 16:35:04.353 [AiEngine] Adaptive time: 500ms, depth: 4, reason: midgame, opening, tactical, emergency: false
[DEBUG] 16:35:04.353 [AiEngine] Using JS Search
[DEBUG] 16:35:04.555 [AiEngine] Adaptive time: 500ms, depth: 4, reason: midgame, opening, emergency: false
[DEBUG] 16:35:04.555 [AiEngine] Using JS Search
[DEBUG] 16:35:04.698 [AiEngine] Adaptive time: 500ms, depth: 4, reason: midgame, opening, tactical, emergency: false
[DEBUG] 16:35:04.698 [AiEngine] Using JS Search
[DEBUG] 16:35:04.839 [AiEngine] Adaptive time: 500ms, depth: 4, reason: midgame, opening, emergency: false
[DEBUG] 16:35:04.839 [AiEngine] Using JS Search
[DEBUG] 16:35:04.946 [AiEngine] Adaptive time: 500ms, depth: 4, reason: midgame, opening, emergency: false
[DEBUG] 16:35:04.946 [AiEngine] Using JS Search
[DEBUG] 16:35:05.227 [AiEngine] Adaptive time: 500ms, depth: 4, reason: midgame, opening, emergency: false
[DEBUG] 16:35:05.227 [AiEngine] Using JS Search
[DEBUG] 16:35:05.325 [AiEngine] Adaptive time: 500ms, depth: 4, reason: midgame, opening, emergency: false
[DEBUG] 16:35:05.325 [AiEngine] Using JS Search
[DEBUG] 16:35:05.406 [AiEngine] Adaptive time: 500ms, depth: 4, reason: midgame, opening, tactical, emergency: false
[DEBUG] 16:35:05.406 [AiEngine] Using JS Search
[DEBUG] 16:35:05.508 [AiEngine] Adaptive time: 500ms, depth: 4, reason: midgame, opening, emergency: false
[DEBUG] 16:35:05.508 [AiEngine] Using JS Search
[DEBUG] 16:35:05.582 [AiEngine] Adaptive time: 500ms, depth: 4, reason: midgame, opening, tactical, emergency: false
[DEBUG] 16:35:05.582 [AiEngine] Using JS Search
[DEBUG] 16:35:05.710 [AiEngine] Adaptive time: 500ms, depth: 4, reason: midgame, opening, emergency: false
[DEBUG] 16:35:05.710 [AiEngine] Using JS Search
[DEBUG] 16:35:05.870 [AiEngine] Adaptive time: 500ms, depth: 4, reason: midgame, opening, tactical, emergency: false
[DEBUG] 16:35:05.870 [AiEngine] Using JS Search
[DEBUG] 16:35:06.106 [AiEngine] Adaptive time: 500ms, depth: 4, reason: midgame, opening, emergency: false
[DEBUG] 16:35:06.106 [AiEngine] Using JS Search
[DEBUG] 16:35:06.509 [AiEngine] Adaptive time: 500ms, depth: 4, reason: midgame, opening, tactical, emergency: false
[DEBUG] 16:35:06.509 [AiEngine] Using JS Search
[DEBUG] 16:35:06.769 [AiEngine] Adaptive time: 500ms, depth: 4, reason: midgame, opening, emergency: false
[DEBUG] 16:35:06.769 [AiEngine] Using JS Search
[DEBUG] 16:35:06.820 [AiEngine] Adaptive time: 500ms, depth: 4, reason: midgame, opening, tactical, emergency: false
[DEBUG] 16:35:06.820 [AiEngine] Using JS Search
[DEBUG] 16:35:06.942 [AiEngine] Adaptive time: 500ms, depth: 4, reason: midgame, opening, emergency: false
[DEBUG] 16:35:06.942 [AiEngine] Using JS Search
[DEBUG] 16:35:06.981 [AiEngine] Adaptive time: 500ms, depth: 4, reason: midgame, opening, tactical, emergency: false
[DEBUG] 16:35:06.981 [AiEngine] Using JS Search
[DEBUG] 16:35:07.030 [AiEngine] Adaptive time: 500ms, depth: 4, reason: midgame, opening, emergency: false
[DEBUG] 16:35:07.031 [AiEngine] Using JS Search
[DEBUG] 16:35:07.192 [AiEngine] Adaptive time: 500ms, depth: 4, reason: midgame, opening, tactical, emergency: false
[DEBUG] 16:35:07.192 [AiEngine] Using JS Search
[DEBUG] 16:35:07.193 [AiEngine] Adaptive time: 500ms, depth: 4, reason: midgame, opening, tactical, emergency: false
[DEBUG] 16:35:07.193 [AiEngine] Using JS Search
[DEBUG] 16:35:07.310 [AiEngine] Adaptive time: 500ms, depth: 4, reason: midgame, opening, tactical, emergency: false
[DEBUG] 16:35:07.311 [AiEngine] Using JS Search
[DEBUG] 16:35:07.312 [AiEngine] Adaptive time: 500ms, depth: 4, reason: midgame, opening, emergency: false
[DEBUG] 16:35:07.312 [AiEngine] Using JS Search
[DEBUG] 16:35:07.498 [AiEngine] Adaptive time: 500ms, depth: 4, reason: midgame, opening, tactical, emergency: false
[DEBUG] 16:35:07.498 [AiEngine] Using JS Search
[DEBUG] 16:35:07.578 [AiEngine] Adaptive time: 500ms, depth: 4, reason: midgame, opening, in-check, emergency: false
[DEBUG] 16:35:07.578 [AiEngine] Using JS Search
[DEBUG] 16:35:07.592 [AiEngine] Adaptive time: 500ms, depth: 4, reason: midgame, opening, tactical, emergency: false
[DEBUG] 16:35:07.592 [AiEngine] Using JS Search
[DEBUG] 16:35:07.628 [AiEngine] Adaptive time: 3000ms, depth: 5, reason: midgame, in-check, emergency: false
[DEBUG] 16:35:07.628 [AiEngine] Using JS Search
[DEBUG] 16:35:07.690 [AiEngine] Adaptive time: 3000ms, depth: 5, reason: midgame, tactical, emergency: false
[DEBUG] 16:35:07.690 [AiEngine] Using JS Search
[DEBUG] 16:35:07.798 [AiEngine] Adaptive time: 3000ms, depth: 5, reason: midgame, tactical, emergency: false
[DEBUG] 16:35:07.798 [AiEngine] Using JS Search
[DEBUG] 16:35:07.995 [AiEngine] Adaptive time: 3000ms, depth: 5, reason: midgame, emergency: false
[DEBUG] 16:35:07.995 [AiEngine] Using JS Search
[DEBUG] 16:35:08.025 [AiEngine] Adaptive time: 3000ms, depth: 5, reason: midgame, tactical, emergency: false
[DEBUG] 16:35:08.025 [AiEngine] Using JS Search
[DEBUG] 16:35:08.284 [AiEngine] Adaptive time: 3000ms, depth: 5, reason: midgame, emergency: false
[DEBUG] 16:35:08.284 [AiEngine] Using JS Search
[DEBUG] 16:35:08.411 [AiEngine] Adaptive time: 3000ms, depth: 5, reason: midgame, tactical, emergency: false
[DEBUG] 16:35:08.411 [AiEngine] Using JS Search
[DEBUG] 16:35:08.576 [AiEngine] Adaptive time: 3000ms, depth: 5, reason: midgame, emergency: false
[DEBUG] 16:35:08.576 [AiEngine] Using JS Search
[DEBUG] 16:35:08.723 [AiEngine] Adaptive time: 3000ms, depth: 5, reason: tactical, emergency: false
[DEBUG] 16:35:08.723 [AiEngine] Using JS Search
[DEBUG] 16:35:08.933 [AiEngine] Adaptive time: 3000ms, depth: 5, reason: standard, emergency: false
[DEBUG] 16:35:08.933 [AiEngine] Using JS Search
[DEBUG] 16:35:09.074 [AiEngine] Adaptive time: 3000ms, depth: 5, reason: standard, emergency: false
[DEBUG] 16:35:09.074 [AiEngine] Using JS Search
[DEBUG] 16:35:09.438 [AiEngine] Adaptive time: 3000ms, depth: 5, reason: standard, emergency: false
[DEBUG] 16:35:09.438 [AiEngine] Using JS Search
[DEBUG] 16:35:09.592 [AiEngine] Adaptive time: 3000ms, depth: 5, reason: in-check, emergency: false
[DEBUG] 16:35:09.592 [AiEngine] Using JS Search
[DEBUG] 16:35:09.815 [AiEngine] Adaptive time: 3000ms, depth: 5, reason: tactical, emergency: false
[DEBUG] 16:35:09.815 [AiEngine] Using JS Search
[DEBUG] 16:35:09.964 [AiEngine] Adaptive time: 3000ms, depth: 5, reason: in-check, emergency: false
[DEBUG] 16:35:09.964 [AiEngine] Using JS Search
[DEBUG] 16:35:10.618 [AiEngine] Adaptive time: 3000ms, depth: 5, reason: tactical, emergency: false
[DEBUG] 16:35:10.618 [AiEngine] Using JS Search
[DEBUG] 16:35:10.680 [AiEngine] Adaptive time: 3000ms, depth: 5, reason: standard, emergency: false
[DEBUG] 16:35:10.680 [AiEngine] Using JS Search
[DEBUG] 16:35:10.991 [AiEngine] Adaptive time: 3000ms, depth: 5, reason: standard, emergency: false
[DEBUG] 16:35:10.991 [AiEngine] Using JS Search
[DEBUG] 16:35:11.026 [AiEngine] Adaptive time: 3000ms, depth: 5, reason: standard, emergency: false
[DEBUG] 16:35:11.026 [AiEngine] Using JS Search
[DEBUG] 16:35:11.194 [AiEngine] Adaptive time: 3000ms, depth: 5, reason: standard, emergency: false
[DEBUG] 16:35:11.194 [AiEngine] Using JS Search
[DEBUG] 16:35:11.255 [AiEngine] Adaptive time: 3000ms, depth: 5, reason: tactical, emergency: false
[DEBUG] 16:35:11.255 [AiEngine] Using JS Search
[DEBUG] 16:35:11.325 [AiEngine] Adaptive time: 3000ms, depth: 5, reason: in-check, emergency: false
[DEBUG] 16:35:11.325 [AiEngine] Using JS Search
[DEBUG] 16:35:11.443 [AiEngine] Adaptive time: 3000ms, depth: 5, reason: standard, emergency: false
[DEBUG] 16:35:11.443 [AiEngine] Using JS Search
[DEBUG] 16:35:11.563 [AiEngine] Adaptive time: 3000ms, depth: 5, reason: standard, emergency: false
[DEBUG] 16:35:11.563 [AiEngine] Using JS Search
[DEBUG] 16:35:11.644 [AiEngine] Adaptive time: 3000ms, depth: 5, reason: standard, emergency: false
[DEBUG] 16:35:11.644 [AiEngine] Using JS Search
[DEBUG] 16:35:11.735 [AiEngine] Adaptive time: 3000ms, depth: 5, reason: standard, emergency: false
[DEBUG] 16:35:11.735 [AiEngine] Using JS Search
[DEBUG] 16:35:11.911 [AiEngine] Adaptive time: 3000ms, depth: 5, reason: standard, emergency: false
[DEBUG] 16:35:11.911 [AiEngine] Using JS Search
[DEBUG] 16:35:12.044 [AiEngine] Adaptive time: 3000ms, depth: 5, reason: standard, emergency: false
[DEBUG] 16:35:12.044 [AiEngine] Using JS Search
[DEBUG] 16:35:12.071 [AiEngine] Adaptive time: 3000ms, depth: 5, reason: standard, emergency: false
[DEBUG] 16:35:12.071 [AiEngine] Using JS Search
[DEBUG] 16:35:12.145 [AiEngine] Adaptive time: 3000ms, depth: 5, reason: endgame, emergency: false
[DEBUG] 16:35:12.145 [AiEngine] Using JS Search
[DEBUG] 16:35:12.346 [AiEngine] Adaptive time: 3000ms, depth: 5, reason: endgame, tactical, emergency: false
[DEBUG] 16:35:12.346 [AiEngine] Using JS Search
[DEBUG] 16:35:12.472 [AiEngine] Adaptive time: 3000ms, depth: 5, reason: endgame, in-check, emergency: false
[DEBUG] 16:35:12.472 [AiEngine] Using JS Search
[DEBUG] 16:35:12.489 [AiEngine] Adaptive time: 3000ms, depth: 5, reason: endgame, tactical, emergency: false
[DEBUG] 16:35:12.489 [AiEngine] Using JS Search
[DEBUG] 16:35:12.724 [AiEngine] Adaptive time: 3000ms, depth: 5, reason: endgame, emergency: false
[DEBUG] 16:35:12.724 [AiEngine] Using JS Search
[DEBUG] 16:35:12.839 [AiEngine] Adaptive time: 3000ms, depth: 5, reason: endgame, tactical, emergency: false
[DEBUG] 16:35:12.840 [AiEngine] Using JS Search
[DEBUG] 16:35:12.922 [AiEngine] Adaptive time: 3000ms, depth: 5, reason: endgame, emergency: false
[DEBUG] 16:35:12.922 [AiEngine] Using JS Search
[DEBUG] 16:35:12.964 [AiEngine] Adaptive time: 3000ms, depth: 5, reason: endgame, tactical, emergency: false
[DEBUG] 16:35:12.964 [AiEngine] Using JS Search
[DEBUG] 16:35:13.106 [AiEngine] Adaptive time: 3000ms, depth: 5, reason: endgame, emergency: false
[DEBUG] 16:35:13.106 [AiEngine] Using JS Search
[DEBUG] 16:35:13.242 [AiEngine] Adaptive time: 3000ms, depth: 5, reason: endgame, emergency: false
[DEBUG] 16:35:13.243 [AiEngine] Using JS Search
[DEBUG] 16:35:13.362 [AiEngine] Adaptive time: 3000ms, depth: 5, reason: endgame, in-check, emergency: false
[DEBUG] 16:35:13.362 [AiEngine] Using JS Search
[DEBUG] 16:35:13.379 [AiEngine] Adaptive time: 3000ms, depth: 5, reason: endgame, emergency: false
[DEBUG] 16:35:13.379 [AiEngine] Using JS Search
[DEBUG] 16:35:13.436 [AiEngine] Adaptive time: 3000ms, depth: 5, reason: endgame, in-check, emergency: false
[DEBUG] 16:35:13.436 [AiEngine] Using JS Search
[DEBUG] 16:35:13.503 [AiEngine] Adaptive time: 3000ms, depth: 5, reason: endgame, tactical, emergency: false
[DEBUG] 16:35:13.503 [AiEngine] Using JS Search
[DEBUG] 16:35:13.531 [AiEngine] Adaptive time: 3000ms, depth: 5, reason: endgame, emergency: false
[DEBUG] 16:35:13.531 [AiEngine] Using JS Search
[DEBUG] 16:35:13.612 [AiEngine] Adaptive time: 3000ms, depth: 5, reason: endgame, tactical, emergency: false
[DEBUG] 16:35:13.612 [AiEngine] Using JS Search
[DEBUG] 16:35:13.677 [AiEngine] Adaptive time: 3000ms, depth: 5, reason: endgame, emergency: false
[DEBUG] 16:35:13.677 [AiEngine] Using JS Search
[DEBUG] 16:35:13.758 [AiEngine] Adaptive time: 3000ms, depth: 5, reason: endgame, tactical, emergency: false
[DEBUG] 16:35:13.758 [AiEngine] Using JS Search
[DEBUG] 16:35:13.940 [AiEngine] Adaptive time: 3000ms, depth: 5, reason: endgame, emergency: false
[DEBUG] 16:35:13.940 [AiEngine] Using JS Search
[DEBUG] 16:35:13.951 [AiEngine] Adaptive time: 3000ms, depth: 5, reason: endgame, emergency: false
[DEBUG] 16:35:13.951 [AiEngine] Using JS Search
[DEBUG] 16:35:14.086 [AiEngine] Adaptive time: 3000ms, depth: 5, reason: endgame, emergency: false
[DEBUG] 16:35:14.086 [AiEngine] Using JS Search
[DEBUG] 16:35:14.103 [AiEngine] Adaptive time: 3000ms, depth: 5, reason: endgame, tactical, emergency: false
[DEBUG] 16:35:14.103 [AiEngine] Using JS Search
[DEBUG] 16:35:14.180 [AiEngine] Adaptive time: 3000ms, depth: 5, reason: endgame, emergency: false
[DEBUG] 16:35:14.180 [AiEngine] Using JS Search
[DEBUG] 16:35:14.202 [AiEngine] Adaptive time: 3000ms, depth: 5, reason: endgame, emergency: false
[DEBUG] 16:35:14.202 [AiEngine] Using JS Search
[DEBUG] 16:35:14.267 [AiEngine] Adaptive time: 3000ms, depth: 5, reason: endgame, emergency: false
[DEBUG] 16:35:14.267 [AiEngine] Using JS Search
[DEBUG] 16:35:14.280 [AiEngine] Adaptive time: 3000ms, depth: 5, reason: endgame, tactical, emergency: false
[DEBUG] 16:35:14.280 [AiEngine] Using JS Search
[DEBUG] 16:35:14.291 [AiEngine] Adaptive time: 3000ms, depth: 5, reason: endgame, in-check, emergency: false
[DEBUG] 16:35:14.291 [AiEngine] Using JS Search
[DEBUG] 16:35:14.300 [AiEngine] Adaptive time: 3000ms, depth: 5, reason: endgame, emergency: false
[DEBUG] 16:35:14.300 [AiEngine] Using JS Search
[DEBUG] 16:35:14.309 [AiEngine] Adaptive time: 3000ms, depth: 5, reason: endgame, emergency: false
[DEBUG] 16:35:14.309 [AiEngine] Using JS Search
[DEBUG] 16:35:14.317 [AiEngine] Adaptive time: 3000ms, depth: 5, reason: endgame, emergency: false
[DEBUG] 16:35:14.317 [AiEngine] Using JS Search
[DEBUG] 16:35:14.323 [AiEngine] Adaptive time: 3000ms, depth: 5, reason: endgame, emergency: false
[DEBUG] 16:35:14.323 [AiEngine] Using JS Search
[DEBUG] 16:35:14.328 [AiEngine] Adaptive time: 500ms, depth: 4, reason: midgame, opening, emergency: false
[DEBUG] 16:35:14.328 [AiEngine] Using JS Search
[DEBUG] 16:35:14.439 [AiEngine] Adaptive time: 500ms, depth: 4, reason: midgame, opening, emergency: false
[DEBUG] 16:35:14.439 [AiEngine] Using JS Search
[DEBUG] 16:35:14.735 [AiEngine] Adaptive time: 500ms, depth: 4, reason: midgame, opening, emergency: false
[DEBUG] 16:35:14.735 [AiEngine] Using JS Search
[DEBUG] 16:35:14.938 [AiEngine] Adaptive time: 500ms, depth: 4, reason: midgame, opening, emergency: false
[DEBUG] 16:35:14.939 [AiEngine] Using JS Search
[DEBUG] 16:35:15.102 [AiEngine] Adaptive time: 500ms, depth: 4, reason: midgame, opening, emergency: false
[DEBUG] 16:35:15.102 [AiEngine] Using JS Search
[DEBUG] 16:35:15.568 [AiEngine] Adaptive time: 500ms, depth: 4, reason: midgame, opening, emergency: false
[DEBUG] 16:35:15.568 [AiEngine] Using JS Search
[DEBUG] 16:35:15.899 [AiEngine] Adaptive time: 500ms, depth: 4, reason: midgame, opening, emergency: false
[DEBUG] 16:35:15.899 [AiEngine] Using JS Search
[DEBUG] 16:35:16.135 [AiEngine] Adaptive time: 500ms, depth: 4, reason: midgame, opening, tactical, emergency: false
[DEBUG] 16:35:16.135 [AiEngine] Using JS Search
[DEBUG] 16:35:16.375 [AiEngine] Adaptive time: 500ms, depth: 4, reason: midgame, opening, emergency: false
[DEBUG] 16:35:16.376 [AiEngine] Using JS Search
[DEBUG] 16:35:16.575 [AiEngine] Adaptive time: 500ms, depth: 4, reason: midgame, opening, tactical, emergency: false
[DEBUG] 16:35:16.575 [AiEngine] Using JS Search
[DEBUG] 16:35:17.069 [AiEngine] Adaptive time: 500ms, depth: 4, reason: midgame, opening, tactical, emergency: false
[DEBUG] 16:35:17.069 [AiEngine] Using JS Search
[DEBUG] 16:35:17.195 [AiEngine] Adaptive time: 500ms, depth: 4, reason: midgame, opening, tactical, emergency: false
[DEBUG] 16:35:17.195 [AiEngine] Using JS Search
[DEBUG] 16:35:17.419 [AiEngine] Adaptive time: 500ms, depth: 4, reason: midgame, opening, emergency: false
[DEBUG] 16:35:17.419 [AiEngine] Using JS Search
[DEBUG] 16:35:18.047 [AiEngine] Adaptive time: 500ms, depth: 4, reason: midgame, opening, tactical, emergency: false
[DEBUG] 16:35:18.047 [AiEngine] Using JS Search
[DEBUG] 16:35:18.300 [AiEngine] Adaptive time: 500ms, depth: 4, reason: midgame, opening, emergency: false
[DEBUG] 16:35:18.300 [AiEngine] Using JS Search
[DEBUG] 16:35:18.810 [AiEngine] Adaptive time: 500ms, depth: 4, reason: midgame, opening, tactical, emergency: false
[DEBUG] 16:35:18.810 [AiEngine] Using JS Search
[DEBUG] 16:35:19.052 [AiEngine] Adaptive time: 500ms, depth: 4, reason: midgame, opening, tactical, emergency: false
[DEBUG] 16:35:19.052 [AiEngine] Using JS Search
[DEBUG] 16:35:19.658 [AiEngine] Adaptive time: 500ms, depth: 4, reason: midgame, opening, tactical, emergency: false
[DEBUG] 16:35:19.658 [AiEngine] Using JS Search
[DEBUG] 16:35:19.870 [AiEngine] Adaptive time: 500ms, depth: 4, reason: midgame, opening, tactical, emergency: false
[DEBUG] 16:35:19.870 [AiEngine] Using JS Search
[DEBUG] 16:35:19.959 [AiEngine] Adaptive time: 500ms, depth: 4, reason: midgame, opening, tactical, emergency: false
[DEBUG] 16:35:19.959 [AiEngine] Using JS Search
[DEBUG] 16:35:20.177 [AiEngine] Adaptive time: 500ms, depth: 4, reason: midgame, opening, emergency: false
[DEBUG] 16:35:20.177 [AiEngine] Using JS Search
[DEBUG] 16:35:20.253 [AiEngine] Adaptive time: 500ms, depth: 4, reason: midgame, opening, tactical, emergency: false
[DEBUG] 16:35:20.253 [AiEngine] Using JS Search
[DEBUG] 16:35:20.254 [AiEngine] Adaptive time: 500ms, depth: 4, reason: midgame, opening, emergency: false
[DEBUG] 16:35:20.254 [AiEngine] Using JS Search
[DEBUG] 16:35:20.333 [AiEngine] Adaptive time: 500ms, depth: 4, reason: midgame, opening, tactical, emergency: false
[DEBUG] 16:35:20.333 [AiEngine] Using JS Search
[DEBUG] 16:35:20.461 [AiEngine] Adaptive time: 500ms, depth: 4, reason: midgame, opening, in-check, emergency: false
[DEBUG] 16:35:20.461 [AiEngine] Using JS Search
[DEBUG] 16:35:20.490 [AiEngine] Adaptive time: 500ms, depth: 4, reason: midgame, opening, tactical, emergency: false
[DEBUG] 16:35:20.491 [AiEngine] Using JS Search
[DEBUG] 16:35:20.659 [AiEngine] Adaptive time: 500ms, depth: 4, reason: midgame, opening, emergency: false
[DEBUG] 16:35:20.659 [AiEngine] Using JS Search
[DEBUG] 16:35:20.743 [AiEngine] Adaptive time: 500ms, depth: 4, reason: midgame, opening, tactical, emergency: false
[DEBUG] 16:35:20.743 [AiEngine] Using JS Search
[DEBUG] 16:35:20.744 [AiEngine] Adaptive time: 500ms, depth: 4, reason: midgame, opening, emergency: false
[DEBUG] 16:35:20.744 [AiEngine] Using JS Search
[DEBUG] 16:35:20.839 [AiEngine] Adaptive time: 500ms, depth: 4, reason: midgame, opening, tactical, emergency: false
[DEBUG] 16:35:20.839 [AiEngine] Using JS Search
[DEBUG] 16:35:20.843 [AiEngine] Adaptive time: 500ms, depth: 4, reason: midgame, opening, in-check, emergency: false
[DEBUG] 16:35:20.843 [AiEngine] Using JS Search
[DEBUG] 16:35:20.883 [AiEngine] Adaptive time: 500ms, depth: 4, reason: midgame, opening, tactical, emergency: false
[DEBUG] 16:35:20.883 [AiEngine] Using JS Search
[DEBUG] 16:35:20.884 [AiEngine] Adaptive time: 500ms, depth: 4, reason: midgame, opening, emergency: false
[DEBUG] 16:35:20.884 [AiEngine] Using JS Search
[DEBUG] 16:35:21.029 [AiEngine] Adaptive time: 500ms, depth: 4, reason: midgame, opening, tactical, emergency: false
[DEBUG] 16:35:21.029 [AiEngine] Using JS Search
[DEBUG] 16:35:21.033 [AiEngine] Adaptive time: 500ms, depth: 4, reason: midgame, opening, in-check, emergency: false
[DEBUG] 16:35:21.033 [AiEngine] Using JS Search
[DEBUG] 16:35:21.075 [AiEngine] Adaptive time: 500ms, depth: 4, reason: midgame, opening, emergency: false
[DEBUG] 16:35:21.075 [AiEngine] Using JS Search
[DEBUG] 16:35:21.076 [AiEngine] Adaptive time: 500ms, depth: 4, reason: midgame, opening, emergency: false
[DEBUG] 16:35:21.076 [AiEngine] Using JS Search
[DEBUG] 16:35:21.286 [AiEngine] Adaptive time: 500ms, depth: 4, reason: midgame, opening, tactical, emergency: false
[DEBUG] 16:35:21.286 [AiEngine] Using JS Search
[DEBUG] 16:35:21.300 [AiEngine] Adaptive time: 500ms, depth: 4, reason: midgame, opening, emergency: false
[DEBUG] 16:35:21.300 [AiEngine] Using JS Search
[DEBUG] 16:35:21.485 [AiEngine] Adaptive time: 500ms, depth: 4, reason: midgame, opening, tactical, emergency: false
[DEBUG] 16:35:21.485 [AiEngine] Using JS Search
[DEBUG] 16:35:21.552 [AiEngine] Adaptive time: 3000ms, depth: 5, reason: midgame, emergency: false
[DEBUG] 16:35:21.552 [AiEngine] Using JS Search
[DEBUG] 16:35:21.955 [AiEngine] Adaptive time: 3000ms, depth: 5, reason: midgame, tactical, emergency: false
[DEBUG] 16:35:21.955 [AiEngine] Using JS Search
[DEBUG] 16:35:22.048 [AiEngine] Adaptive time: 3000ms, depth: 5, reason: midgame, emergency: false
[DEBUG] 16:35:22.048 [AiEngine] Using JS Search
[DEBUG] 16:35:22.551 [AiEngine] Adaptive time: 3000ms, depth: 5, reason: midgame, tactical, emergency: false
[DEBUG] 16:35:22.551 [AiEngine] Using JS Search
[DEBUG] 16:35:22.745 [AiEngine] Adaptive time: 3000ms, depth: 5, reason: midgame, emergency: false
[DEBUG] 16:35:22.745 [AiEngine] Using JS Search
[DEBUG] 16:35:22.995 [AiEngine] Adaptive time: 3000ms, depth: 5, reason: midgame, emergency: false
[DEBUG] 16:35:22.996 [AiEngine] Using JS Search
[DEBUG] 16:35:23.034 [AiEngine] Adaptive time: 3000ms, depth: 5, reason: midgame, tactical, emergency: false
[DEBUG] 16:35:23.034 [AiEngine] Using JS Search
[DEBUG] 16:35:23.134 [AiEngine] Adaptive time: 3000ms, depth: 5, reason: midgame, emergency: false
[DEBUG] 16:35:23.134 [AiEngine] Using JS Search
[DEBUG] 16:35:23.191 [AiEngine] Adaptive time: 3000ms, depth: 5, reason: midgame, emergency: false
[DEBUG] 16:35:23.191 [AiEngine] Using JS Search
[DEBUG] 16:35:23.283 [AiEngine] Adaptive time: 3000ms, depth: 5, reason: standard, emergency: false
[DEBUG] 16:35:23.283 [AiEngine] Using JS Search
[DEBUG] 16:35:23.354 [AiEngine] Adaptive time: 3000ms, depth: 5, reason: standard, emergency: false
[DEBUG] 16:35:23.355 [AiEngine] Using JS Search
[DEBUG] 16:35:23.639 [AiEngine] Adaptive time: 3000ms, depth: 5, reason: standard, emergency: false
[DEBUG] 16:35:23.639 [AiEngine] Using JS Search
[DEBUG] 16:35:23.773 [AiEngine] Adaptive time: 3000ms, depth: 5, reason: tactical, emergency: false
[DEBUG] 16:35:23.773 [AiEngine] Using JS Search
[DEBUG] 16:35:23.922 [AiEngine] Adaptive time: 3000ms, depth: 5, reason: standard, emergency: false
[DEBUG] 16:35:23.922 [AiEngine] Using JS Search
[DEBUG] 16:35:24.269 [AiEngine] Adaptive time: 3000ms, depth: 5, reason: tactical, emergency: false
[DEBUG] 16:35:24.269 [AiEngine] Using JS Search
[DEBUG] 16:35:24.437 [AiEngine] Adaptive time: 3000ms, depth: 5, reason: standard, emergency: false
[DEBUG] 16:35:24.437 [AiEngine] Using JS Search
[DEBUG] 16:35:24.516 [AiEngine] Adaptive time: 3000ms, depth: 5, reason: standard, emergency: false
[DEBUG] 16:35:24.516 [AiEngine] Using JS Search
[DEBUG] 16:35:24.847 [AiEngine] Adaptive time: 3000ms, depth: 5, reason: standard, emergency: false
[DEBUG] 16:35:24.847 [AiEngine] Using JS Search
[DEBUG] 16:35:24.876 [AiEngine] Adaptive time: 3000ms, depth: 5, reason: tactical, emergency: false
[DEBUG] 16:35:24.876 [AiEngine] Using JS Search
[DEBUG] 16:35:25.021 [AiEngine] Adaptive time: 3000ms, depth: 5, reason: in-check, emergency: false
[DEBUG] 16:35:25.021 [AiEngine] Using JS Search
[DEBUG] 16:35:25.037 [AiEngine] Adaptive time: 3000ms, depth: 5, reason: tactical, emergency: false
[DEBUG] 16:35:25.037 [AiEngine] Using JS Search
[DEBUG] 16:35:25.149 [AiEngine] Adaptive time: 3000ms, depth: 5, reason: standard, emergency: false
[DEBUG] 16:35:25.149 [AiEngine] Using JS Search
[DEBUG] 16:35:25.178 [AiEngine] Adaptive time: 3000ms, depth: 5, reason: tactical, emergency: false
[DEBUG] 16:35:25.178 [AiEngine] Using JS Search
[DEBUG] 16:35:25.191 [AiEngine] Adaptive time: 3000ms, depth: 5, reason: standard, emergency: false
[DEBUG] 16:35:25.191 [AiEngine] Using JS Search
[DEBUG] 16:35:25.209 [AiEngine] Adaptive time: 3000ms, depth: 5, reason: tactical, emergency: false
[DEBUG] 16:35:25.209 [AiEngine] Using JS Search
[DEBUG] 16:35:25.336 [AiEngine] Adaptive time: 3000ms, depth: 5, reason: endgame, emergency: false
[DEBUG] 16:35:25.336 [AiEngine] Using JS Search
[DEBUG] 16:35:25.351 [AiEngine] Adaptive time: 3000ms, depth: 5, reason: endgame, tactical, emergency: false
[DEBUG] 16:35:25.351 [AiEngine] Using JS Search
[DEBUG] 16:35:25.568 [AiEngine] Adaptive time: 3000ms, depth: 5, reason: endgame, emergency: false
[DEBUG] 16:35:25.568 [AiEngine] Using JS Search
[DEBUG] 16:35:25.583 [AiEngine] Adaptive time: 3000ms, depth: 5, reason: endgame, tactical, emergency: false
[DEBUG] 16:35:25.583 [AiEngine] Using JS Search
[DEBUG] 16:35:25.855 [AiEngine] Adaptive time: 3000ms, depth: 5, reason: endgame, emergency: false
[DEBUG] 16:35:25.855 [AiEngine] Using JS Search
[DEBUG] 16:35:25.868 [AiEngine] Adaptive time: 3000ms, depth: 5, reason: endgame, tactical, emergency: false
[DEBUG] 16:35:25.868 [AiEngine] Using JS Search
[DEBUG] 16:35:25.988 [AiEngine] Adaptive time: 3000ms, depth: 5, reason: endgame, emergency: false
[DEBUG] 16:35:25.988 [AiEngine] Using JS Search
[DEBUG] 16:35:25.998 [AiEngine] Adaptive time: 3000ms, depth: 5, reason: endgame, tactical, emergency: false
[DEBUG] 16:35:25.998 [AiEngine] Using JS Search
[DEBUG] 16:35:26.138 [AiEngine] Adaptive time: 3000ms, depth: 5, reason: endgame, emergency: false
[DEBUG] 16:35:26.138 [AiEngine] Using JS Search
[DEBUG] 16:35:26.148 [AiEngine] Adaptive time: 3000ms, depth: 5, reason: endgame, tactical, emergency: false
[DEBUG] 16:35:26.148 [AiEngine] Using JS Search
[DEBUG] 16:35:26.260 [AiEngine] Adaptive time: 3000ms, depth: 5, reason: endgame, emergency: false
[DEBUG] 16:35:26.260 [AiEngine] Using JS Search
[DEBUG] 16:35:26.270 [AiEngine] Adaptive time: 3000ms, depth: 5, reason: endgame, tactical, emergency: false
[DEBUG] 16:35:26.270 [AiEngine] Using JS Search
[DEBUG] 16:35:26.400 [AiEngine] Adaptive time: 3000ms, depth: 5, reason: endgame, emergency: false
[DEBUG] 16:35:26.400 [AiEngine] Using JS Search
[DEBUG] 16:35:26.429 [AiEngine] Adaptive time: 3000ms, depth: 5, reason: endgame, tactical, emergency: false
[DEBUG] 16:35:26.429 [AiEngine] Using JS Search
[DEBUG] 16:35:26.434 [AiEngine] Adaptive time: 3000ms, depth: 5, reason: endgame, emergency: false
[DEBUG] 16:35:26.434 [AiEngine] Using JS Search
[DEBUG] 16:35:26.446 [AiEngine] Adaptive time: 3000ms, depth: 5, reason: endgame, tactical, emergency: false
[DEBUG] 16:35:26.446 [AiEngine] Using JS Search
[DEBUG] 16:35:26.450 [AiEngine] Adaptive time: 3000ms, depth: 5, reason: endgame, emergency: false
[DEBUG] 16:35:26.450 [AiEngine] Using JS Search
[DEBUG] 16:35:26.458 [AiEngine] Adaptive time: 3000ms, depth: 5, reason: endgame, emergency: false
[DEBUG] 16:35:26.458 [AiEngine] Using JS Search
[DEBUG] 16:35:26.474 [AiEngine] Adaptive time: 3000ms, depth: 5, reason: endgame, emergency: false
[DEBUG] 16:35:26.474 [AiEngine] Using JS Search
[DEBUG] 16:35:26.479 [AiEngine] Adaptive time: 3000ms, depth: 5, reason: endgame, emergency: false
[DEBUG] 16:35:26.480 [AiEngine] Using JS Search
[DEBUG] 16:35:26.604 [AiEngine] Adaptive time: 3000ms, depth: 5, reason: endgame, emergency: false
[DEBUG] 16:35:26.604 [AiEngine] Using JS Search
[DEBUG] 16:35:26.609 [AiEngine] Adaptive time: 3000ms, depth: 5, reason: endgame, emergency: false
[DEBUG] 16:35:26.609 [AiEngine] Using JS Search
[DEBUG] 16:35:26.672 [AiEngine] Adaptive time: 3000ms, depth: 5, reason: endgame, emergency: false
[DEBUG] 16:35:26.672 [AiEngine] Using JS Search
[DEBUG] 16:35:26.677 [AiEngine] Adaptive time: 500ms, depth: 4, reason: midgame, opening, emergency: false
[DEBUG] 16:35:26.677 [AiEngine] Using JS Search
[DEBUG] 16:35:26.694 [AiEngine] Adaptive time: 500ms, depth: 4, reason: midgame, opening, emergency: false
[DEBUG] 16:35:26.694 [AiEngine] Using JS Search
[DEBUG] 16:35:26.846 [AiEngine] Adaptive time: 500ms, depth: 4, reason: midgame, opening, emergency: false
[DEBUG] 16:35:26.846 [AiEngine] Using JS Search
[DEBUG] 16:35:27.103 [AiEngine] Adaptive time: 500ms, depth: 4, reason: midgame, opening, emergency: false
[DEBUG] 16:35:27.103 [AiEngine] Using JS Search
[DEBUG] 16:35:27.223 [AiEngine] Adaptive time: 500ms, depth: 4, reason: midgame, opening, emergency: false
[DEBUG] 16:35:27.223 [AiEngine] Using JS Search
[DEBUG] 16:35:27.757 [AiEngine] Adaptive time: 500ms, depth: 4, reason: midgame, opening, emergency: false
[DEBUG] 16:35:27.757 [AiEngine] Using JS Search
[DEBUG] 16:35:28.148 [AiEngine] Adaptive time: 500ms, depth: 4, reason: midgame, opening, emergency: false
[DEBUG] 16:35:28.148 [AiEngine] Using JS Search
[DEBUG] 16:35:28.519 [AiEngine] Adaptive time: 500ms, depth: 4, reason: midgame, opening, emergency: false
[DEBUG] 16:35:28.519 [AiEngine] Using JS Search
[DEBUG] 16:35:28.739 [AiEngine] Adaptive time: 500ms, depth: 4, reason: midgame, opening, emergency: false
[DEBUG] 16:35:28.739 [AiEngine] Using JS Search
[DEBUG] 16:35:28.881 [AiEngine] Adaptive time: 500ms, depth: 4, reason: midgame, opening, tactical, emergency: false
[DEBUG] 16:35:28.881 [AiEngine] Using JS Search
[DEBUG] 16:35:29.081 [AiEngine] Adaptive time: 500ms, depth: 4, reason: midgame, opening, emergency: false
[DEBUG] 16:35:29.081 [AiEngine] Using JS Search
[DEBUG] 16:35:29.157 [AiEngine] Adaptive time: 500ms, depth: 4, reason: midgame, opening, tactical, emergency: false
[DEBUG] 16:35:29.157 [AiEngine] Using JS Search
[DEBUG] 16:35:29.264 [AiEngine] Adaptive time: 500ms, depth: 4, reason: midgame, opening, emergency: false
[DEBUG] 16:35:29.264 [AiEngine] Using JS Search
[DEBUG] 16:35:29.370 [AiEngine] Adaptive time: 500ms, depth: 4, reason: midgame, opening, tactical, emergency: false
[DEBUG] 16:35:29.370 [AiEngine] Using JS Search
[DEBUG] 16:35:29.485 [AiEngine] Adaptive time: 500ms, depth: 4, reason: midgame, opening, emergency: false
[DEBUG] 16:35:29.485 [AiEngine] Using JS Search
[DEBUG] 16:35:29.548 [AiEngine] Adaptive time: 500ms, depth: 4, reason: midgame, opening, tactical, emergency: false
[DEBUG] 16:35:29.548 [AiEngine] Using JS Search
[DEBUG] 16:35:29.680 [AiEngine] Adaptive time: 500ms, depth: 4, reason: midgame, opening, emergency: false
[DEBUG] 16:35:29.680 [AiEngine] Using JS Search
[DEBUG] 16:35:29.864 [AiEngine] Adaptive time: 500ms, depth: 4, reason: midgame, opening, emergency: false
[DEBUG] 16:35:29.864 [AiEngine] Using JS Search
[DEBUG] 16:35:30.120 [AiEngine] Adaptive time: 500ms, depth: 4, reason: midgame, opening, emergency: false
[DEBUG] 16:35:30.120 [AiEngine] Using JS Search
[DEBUG] 16:35:30.420 [AiEngine] Adaptive time: 500ms, depth: 4, reason: midgame, opening, emergency: false
[DEBUG] 16:35:30.420 [AiEngine] Using JS Search
[DEBUG] 16:35:30.501 [AiEngine] Adaptive time: 500ms, depth: 4, reason: midgame, opening, emergency: false
[DEBUG] 16:35:30.501 [AiEngine] Using JS Search
[DEBUG] 16:35:31.157 [AiEngine] Adaptive time: 500ms, depth: 4, reason: midgame, opening, in-check, emergency: false
[DEBUG] 16:35:31.157 [AiEngine] Using JS Search
[DEBUG] 16:35:31.415 [AiEngine] Adaptive time: 500ms, depth: 4, reason: midgame, opening, emergency: false
[DEBUG] 16:35:31.415 [AiEngine] Using JS Search
[DEBUG] 16:35:31.793 [AiEngine] Adaptive time: 500ms, depth: 4, reason: midgame, opening, emergency: false
[DEBUG] 16:35:31.793 [AiEngine] Using JS Search
[DEBUG] 16:35:32.122 [AiEngine] Adaptive time: 500ms, depth: 4, reason: midgame, opening, tactical, emergency: false
[DEBUG] 16:35:32.122 [AiEngine] Using JS Search
[DEBUG] 16:35:32.442 [AiEngine] Adaptive time: 500ms, depth: 4, reason: midgame, opening, in-check, emergency: false
[DEBUG] 16:35:32.442 [AiEngine] Using JS Search
[DEBUG] 16:35:32.536 [AiEngine] Adaptive time: 500ms, depth: 4, reason: midgame, opening, tactical, emergency: false
[DEBUG] 16:35:32.536 [AiEngine] Using JS Search
[DEBUG] 16:35:32.624 [AiEngine] Adaptive time: 500ms, depth: 4, reason: midgame, opening, in-check, emergency: false
[DEBUG] 16:35:32.624 [AiEngine] Using JS Search
[DEBUG] 16:35:32.658 [AiEngine] Adaptive time: 500ms, depth: 4, reason: midgame, opening, tactical, emergency: false
[DEBUG] 16:35:32.658 [AiEngine] Using JS Search
[DEBUG] 16:35:32.789 [AiEngine] Adaptive time: 500ms, depth: 4, reason: midgame, opening, emergency: false
[DEBUG] 16:35:32.789 [AiEngine] Using JS Search
[DEBUG] 16:35:33.099 [AiEngine] Adaptive time: 500ms, depth: 4, reason: midgame, opening, tactical, emergency: false
[DEBUG] 16:35:33.099 [AiEngine] Using JS Search
[DEBUG] 16:35:33.230 [AiEngine] Adaptive time: 500ms, depth: 4, reason: midgame, opening, emergency: false
[DEBUG] 16:35:33.230 [AiEngine] Using JS Search
[DEBUG] 16:35:33.441 [AiEngine] Adaptive time: 500ms, depth: 4, reason: midgame, opening, emergency: false
[DEBUG] 16:35:33.441 [AiEngine] Using JS Search
[DEBUG] 16:35:33.725 [AiEngine] Adaptive time: 500ms, depth: 4, reason: midgame, opening, emergency: false
[DEBUG] 16:35:33.725 [AiEngine] Using JS Search
[DEBUG] 16:35:33.819 [AiEngine] Adaptive time: 500ms, depth: 4, reason: midgame, opening, tactical, emergency: false
[DEBUG] 16:35:33.819 [AiEngine] Using JS Search
[DEBUG] 16:35:34.075 [AiEngine] Adaptive time: 500ms, depth: 4, reason: midgame, opening, emergency: false
[DEBUG] 16:35:34.075 [AiEngine] Using JS Search
[DEBUG] 16:35:34.175 [AiEngine] Adaptive time: 500ms, depth: 4, reason: midgame, opening, tactical, emergency: false
[DEBUG] 16:35:34.175 [AiEngine] Using JS Search
[DEBUG] 16:35:34.582 [AiEngine] Adaptive time: 500ms, depth: 4, reason: midgame, opening, emergency: false
[DEBUG] 16:35:34.582 [AiEngine] Using JS Search
[DEBUG] 16:35:34.748 [AiEngine] Adaptive time: 500ms, depth: 4, reason: midgame, opening, tactical, emergency: false
[DEBUG] 16:35:34.749 [AiEngine] Using JS Search
[DEBUG] 16:35:34.773 [AiEngine] Adaptive time: 500ms, depth: 4, reason: midgame, opening, emergency: false
[DEBUG] 16:35:34.773 [AiEngine] Using JS Search
[DEBUG] 16:35:35.035 [AiEngine] Adaptive time: 3000ms, depth: 5, reason: midgame, emergency: false
[DEBUG] 16:35:35.035 [AiEngine] Using JS Search
[DEBUG] 16:35:35.940 [AiEngine] Adaptive time: 3000ms, depth: 5, reason: midgame, emergency: false
[DEBUG] 16:35:35.940 [AiEngine] Using JS Search
[DEBUG] 16:35:36.369 [AiEngine] Adaptive time: 3000ms, depth: 5, reason: midgame, emergency: false
[DEBUG] 16:35:36.369 [AiEngine] Using JS Search
[DEBUG] 16:35:37.009 [AiEngine] Adaptive time: 3000ms, depth: 5, reason: midgame, emergency: false
[DEBUG] 16:35:37.009 [AiEngine] Using JS Search
[DEBUG] 16:35:37.159 [AiEngine] Adaptive time: 3000ms, depth: 5, reason: midgame, tactical, emergency: false
[DEBUG] 16:35:37.159 [AiEngine] Using JS Search
[DEBUG] 16:35:37.333 [AiEngine] Adaptive time: 3000ms, depth: 5, reason: midgame, in-check, emergency: false
[DEBUG] 16:35:37.333 [AiEngine] Using JS Search
[DEBUG] 16:35:37.514 [AiEngine] Adaptive time: 3000ms, depth: 5, reason: midgame, tactical, emergency: false
[DEBUG] 16:35:37.514 [AiEngine] Using JS Search
[DEBUG] 16:35:37.742 [AiEngine] Adaptive time: 3000ms, depth: 5, reason: midgame, in-check, emergency: false
[DEBUG] 16:35:37.742 [AiEngine] Using JS Search
[DEBUG] 16:35:37.824 [AiEngine] Adaptive time: 3000ms, depth: 5, reason: midgame, emergency: false
[DEBUG] 16:35:37.825 [AiEngine] Using JS Search
[DEBUG] 16:35:38.052 [AiEngine] Adaptive time: 3000ms, depth: 5, reason: midgame, emergency: false
[DEBUG] 16:35:38.052 [AiEngine] Using JS Search
[DEBUG] 16:35:38.161 [AiEngine] Adaptive time: 3000ms, depth: 5, reason: midgame, emergency: false
[DEBUG] 16:35:38.161 [AiEngine] Using JS Search
[DEBUG] 16:35:38.303 [AiEngine] Adaptive time: 3000ms, depth: 5, reason: midgame, tactical, emergency: false
[DEBUG] 16:35:38.303 [AiEngine] Using JS Search
[DEBUG] 16:35:38.654 [AiEngine] Adaptive time: 3000ms, depth: 5, reason: midgame, emergency: false
[DEBUG] 16:35:38.654 [AiEngine] Using JS Search
[DEBUG] 16:35:38.844 [AiEngine] Adaptive time: 3000ms, depth: 5, reason: midgame, tactical, emergency: false
[DEBUG] 16:35:38.844 [AiEngine] Using JS Search
[DEBUG] 16:35:39.014 [AiEngine] Adaptive time: 3000ms, depth: 5, reason: midgame, in-check, emergency: false
[DEBUG] 16:35:39.014 [AiEngine] Using JS Search
[DEBUG] 16:35:39.328 [AiEngine] Adaptive time: 3000ms, depth: 5, reason: midgame, tactical, emergency: false
[DEBUG] 16:35:39.328 [AiEngine] Using JS Search
[DEBUG] 16:35:39.548 [AiEngine] Adaptive time: 3000ms, depth: 5, reason: midgame, emergency: false
[DEBUG] 16:35:39.548 [AiEngine] Using JS Search
[DEBUG] 16:35:39.728 [AiEngine] Adaptive time: 3000ms, depth: 5, reason: midgame, tactical, emergency: false
[DEBUG] 16:35:39.728 [AiEngine] Using JS Search
[DEBUG] 16:35:39.730 [AiEngine] Adaptive time: 3000ms, depth: 5, reason: midgame, emergency: false
[DEBUG] 16:35:39.730 [AiEngine] Using JS Search
[DEBUG] 16:35:39.923 [AiEngine] Adaptive time: 3000ms, depth: 5, reason: midgame, tactical, emergency: false
[DEBUG] 16:35:39.923 [AiEngine] Using JS Search
[DEBUG] 16:35:39.924 [AiEngine] Adaptive time: 3000ms, depth: 5, reason: midgame, emergency: false
[DEBUG] 16:35:39.924 [AiEngine] Using JS Search
[DEBUG] 16:35:40.428 [AiEngine] Adaptive time: 3000ms, depth: 5, reason: midgame, tactical, emergency: false
[DEBUG] 16:35:40.428 [AiEngine] Using JS Search
[DEBUG] 16:35:40.429 [AiEngine] Adaptive time: 500ms, depth: 4, reason: midgame, opening, emergency: false
[DEBUG] 16:35:40.429 [AiEngine] Using JS Search
[DEBUG] 16:35:40.446 [AiEngine] Adaptive time: 500ms, depth: 4, reason: midgame, opening, emergency: false
[DEBUG] 16:35:40.446 [AiEngine] Using JS Search
[DEBUG] 16:35:40.660 [AiEngine] Adaptive time: 500ms, depth: 4, reason: midgame, opening, emergency: false
[DEBUG] 16:35:40.660 [AiEngine] Using JS Search
[DEBUG] 16:35:41.004 [AiEngine] Adaptive time: 500ms, depth: 4, reason: midgame, opening, emergency: false
[DEBUG] 16:35:41.004 [AiEngine] Using JS Search
[DEBUG] 16:35:41.277 [AiEngine] Adaptive time: 500ms, depth: 4, reason: midgame, opening, emergency: false
[DEBUG] 16:35:41.277 [AiEngine] Using JS Search
[DEBUG] 16:35:41.368 [AiEngine] Adaptive time: 500ms, depth: 4, reason: midgame, opening, emergency: false
[DEBUG] 16:35:41.368 [AiEngine] Using JS Search
[DEBUG] 16:35:41.480 [AiEngine] Adaptive time: 500ms, depth: 4, reason: midgame, opening, emergency: false
[DEBUG] 16:35:41.480 [AiEngine] Using JS Search
[DEBUG] 16:35:41.631 [AiEngine] Adaptive time: 500ms, depth: 4, reason: midgame, opening, emergency: false
[DEBUG] 16:35:41.631 [AiEngine] Using JS Search
[DEBUG] 16:35:41.761 [AiEngine] Adaptive time: 500ms, depth: 4, reason: midgame, opening, emergency: false
[DEBUG] 16:35:41.761 [AiEngine] Using JS Search
[DEBUG] 16:35:42.021 [AiEngine] Adaptive time: 500ms, depth: 4, reason: midgame, opening, emergency: false
[DEBUG] 16:35:42.021 [AiEngine] Using JS Search
[DEBUG] 16:35:42.127 [AiEngine] Adaptive time: 500ms, depth: 4, reason: midgame, opening, emergency: false
[DEBUG] 16:35:42.127 [AiEngine] Using JS Search
[DEBUG] 16:35:42.352 [AiEngine] Adaptive time: 500ms, depth: 4, reason: midgame, opening, emergency: false
[DEBUG] 16:35:42.352 [AiEngine] Using JS Search
[DEBUG] 16:35:42.634 [AiEngine] Adaptive time: 500ms, depth: 4, reason: midgame, opening, emergency: false
[DEBUG] 16:35:42.634 [AiEngine] Using JS Search
[DEBUG] 16:35:43.076 [AiEngine] Adaptive time: 500ms, depth: 4, reason: midgame, opening, emergency: false
[DEBUG] 16:35:43.076 [AiEngine] Using JS Search
[DEBUG] 16:35:43.339 [AiEngine] Adaptive time: 500ms, depth: 4, reason: midgame, opening, emergency: false
[DEBUG] 16:35:43.339 [AiEngine] Using JS Search
[DEBUG] 16:35:43.383 [AiEngine] Adaptive time: 500ms, depth: 4, reason: midgame, opening, tactical, emergency: false
[DEBUG] 16:35:43.383 [AiEngine] Using JS Search
[DEBUG] 16:35:43.780 [AiEngine] Adaptive time: 500ms, depth: 4, reason: midgame, opening, emergency: false
[DEBUG] 16:35:43.780 [AiEngine] Using JS Search
[DEBUG] 16:35:44.052 [AiEngine] Adaptive time: 500ms, depth: 4, reason: midgame, opening, tactical, emergency: false
[DEBUG] 16:35:44.052 [AiEngine] Using JS Search
[DEBUG] 16:35:44.493 [AiEngine] Adaptive time: 500ms, depth: 4, reason: midgame, opening, emergency: false
[DEBUG] 16:35:44.493 [AiEngine] Using JS Search
[DEBUG] 16:35:44.550 [AiEngine] Adaptive time: 500ms, depth: 4, reason: midgame, opening, tactical, emergency: false
[DEBUG] 16:35:44.550 [AiEngine] Using JS Search
[DEBUG] 16:35:44.770 [AiEngine] Adaptive time: 500ms, depth: 4, reason: midgame, opening, emergency: false
[DEBUG] 16:35:44.770 [AiEngine] Using JS Search
[DEBUG] 16:35:44.818 [AiEngine] Adaptive time: 500ms, depth: 4, reason: midgame, opening, tactical, emergency: false
[DEBUG] 16:35:44.818 [AiEngine] Using JS Search
[DEBUG] 16:35:45.001 [AiEngine] Adaptive time: 500ms, depth: 4, reason: midgame, opening, emergency: false
[DEBUG] 16:35:45.001 [AiEngine] Using JS Search
[DEBUG] 16:35:45.024 [AiEngine] Adaptive time: 500ms, depth: 4, reason: midgame, opening, tactical, emergency: false
[DEBUG] 16:35:45.025 [AiEngine] Using JS Search
[DEBUG] 16:35:45.208 [AiEngine] Adaptive time: 500ms, depth: 4, reason: midgame, opening, emergency: false
[DEBUG] 16:35:45.208 [AiEngine] Using JS Search
[DEBUG] 16:35:45.230 [AiEngine] Adaptive time: 500ms, depth: 4, reason: midgame, opening, tactical, emergency: false
[DEBUG] 16:35:45.230 [AiEngine] Using JS Search
[DEBUG] 16:35:45.246 [AiEngine] Adaptive time: 500ms, depth: 4, reason: midgame, opening, emergency: false
[DEBUG] 16:35:45.246 [AiEngine] Using JS Search
[DEBUG] 16:35:45.285 [AiEngine] Adaptive time: 500ms, depth: 4, reason: midgame, opening, tactical, emergency: false
[DEBUG] 16:35:45.285 [AiEngine] Using JS Search
[DEBUG] 16:35:45.286 [AiEngine] Adaptive time: 500ms, depth: 4, reason: midgame, opening, emergency: false
[DEBUG] 16:35:45.287 [AiEngine] Using JS Search
[DEBUG] 16:35:45.364 [AiEngine] Adaptive time: 500ms, depth: 4, reason: midgame, opening, tactical, emergency: false
[DEBUG] 16:35:45.364 [AiEngine] Using JS Search
[DEBUG] 16:35:45.365 [AiEngine] Adaptive time: 500ms, depth: 4, reason: midgame, opening, emergency: false
[DEBUG] 16:35:45.365 [AiEngine] Using JS Search
[DEBUG] 16:35:45.462 [AiEngine] Adaptive time: 500ms, depth: 4, reason: midgame, opening, tactical, emergency: false
[DEBUG] 16:35:45.462 [AiEngine] Using JS Search
[DEBUG] 16:35:45.463 [AiEngine] Adaptive time: 500ms, depth: 4, reason: midgame, opening, emergency: false
[DEBUG] 16:35:45.463 [AiEngine] Using JS Search
[DEBUG] 16:35:45.511 [AiEngine] Adaptive time: 500ms, depth: 4, reason: midgame, opening, tactical, emergency: false
[DEBUG] 16:35:45.511 [AiEngine] Using JS Search
[DEBUG] 16:35:45.512 [AiEngine] Adaptive time: 500ms, depth: 4, reason: midgame, opening, emergency: false
[DEBUG] 16:35:45.512 [AiEngine] Using JS Search
[DEBUG] 16:35:45.648 [AiEngine] Adaptive time: 500ms, depth: 4, reason: midgame, opening, tactical, emergency: false
[DEBUG] 16:35:45.648 [AiEngine] Using JS Search
[DEBUG] 16:35:45.649 [AiEngine] Adaptive time: 500ms, depth: 4, reason: midgame, opening, emergency: false
[DEBUG] 16:35:45.649 [AiEngine] Using JS Search
[DEBUG] 16:35:45.740 [AiEngine] Adaptive time: 500ms, depth: 4, reason: midgame, opening, tactical, emergency: false
[DEBUG] 16:35:45.740 [AiEngine] Using JS Search
[DEBUG] 16:35:45.741 [AiEngine] Adaptive time: 500ms, depth: 4, reason: midgame, opening, emergency: false
[DEBUG] 16:35:45.741 [AiEngine] Using JS Search
[DEBUG] 16:35:45.793 [AiEngine] Adaptive time: 500ms, depth: 4, reason: midgame, opening, tactical, emergency: false
[DEBUG] 16:35:45.793 [AiEngine] Using JS Search
[DEBUG] 16:35:45.794 [AiEngine] Adaptive time: 3000ms, depth: 5, reason: midgame, emergency: false
[DEBUG] 16:35:45.794 [AiEngine] Using JS Search
[DEBUG] 16:35:46.047 [AiEngine] Adaptive time: 3000ms, depth: 5, reason: midgame, emergency: false
[DEBUG] 16:35:46.047 [AiEngine] Using JS Search
[DEBUG] 16:35:46.048 [AiEngine] Adaptive time: 3000ms, depth: 5, reason: midgame, emergency: false
[DEBUG] 16:35:46.048 [AiEngine] Using JS Search
[DEBUG] 16:35:46.138 [AiEngine] Adaptive time: 3000ms, depth: 5, reason: midgame, tactical, emergency: false
[DEBUG] 16:35:46.138 [AiEngine] Using JS Search
[DEBUG] 16:35:46.139 [AiEngine] Adaptive time: 3000ms, depth: 5, reason: midgame, emergency: false
[DEBUG] 16:35:46.139 [AiEngine] Using JS Search
[DEBUG] 16:35:46.192 [AiEngine] Adaptive time: 3000ms, depth: 5, reason: tactical, emergency: false
[DEBUG] 16:35:46.192 [AiEngine] Using JS Search
[DEBUG] 16:35:46.192 [AiEngine] Adaptive time: 3000ms, depth: 5, reason: in-check, emergency: false
[DEBUG] 16:35:46.192 [AiEngine] Using JS Search
[DEBUG] 16:35:46.192 [AiEngine] Adaptive time: 500ms, depth: 4, reason: midgame, opening, emergency: false
[DEBUG] 16:35:46.192 [AiEngine] Using JS Search
[DEBUG] 16:35:46.361 [AiEngine] Adaptive time: 500ms, depth: 4, reason: midgame, opening, emergency: false
[DEBUG] 16:35:46.361 [AiEngine] Using JS Search
[DEBUG] 16:35:46.557 [AiEngine] Adaptive time: 500ms, depth: 4, reason: midgame, opening, emergency: false
[DEBUG] 16:35:46.558 [AiEngine] Using JS Search
[DEBUG] 16:35:46.717 [AiEngine] Adaptive time: 500ms, depth: 4, reason: midgame, opening, emergency: false
[DEBUG] 16:35:46.717 [AiEngine] Using JS Search
[DEBUG] 16:35:46.931 [AiEngine] Adaptive time: 500ms, depth: 4, reason: midgame, opening, tactical, emergency: false
[DEBUG] 16:35:46.931 [AiEngine] Using JS Search
[DEBUG] 16:35:47.157 [AiEngine] Adaptive time: 500ms, depth: 4, reason: midgame, opening, emergency: false
[DEBUG] 16:35:47.157 [AiEngine] Using JS Search
[DEBUG] 16:35:47.323 [AiEngine] Adaptive time: 500ms, depth: 4, reason: midgame, opening, emergency: false
[DEBUG] 16:35:47.323 [AiEngine] Using JS Search
[DEBUG] 16:35:47.768 [AiEngine] Adaptive time: 500ms, depth: 4, reason: midgame, opening, emergency: false
[DEBUG] 16:35:47.768 [AiEngine] Using JS Search
[DEBUG] 16:35:48.045 [AiEngine] Adaptive time: 500ms, depth: 4, reason: midgame, opening, tactical, emergency: false
[DEBUG] 16:35:48.045 [AiEngine] Using JS Search
[DEBUG] 16:35:48.386 [AiEngine] Adaptive time: 500ms, depth: 4, reason: midgame, opening, tactical, emergency: false
[DEBUG] 16:35:48.386 [AiEngine] Using JS Search
[DEBUG] 16:35:48.645 [AiEngine] Adaptive time: 500ms, depth: 4, reason: midgame, opening, emergency: false
[DEBUG] 16:35:48.645 [AiEngine] Using JS Search
[DEBUG] 16:35:49.126 [AiEngine] Adaptive time: 500ms, depth: 4, reason: midgame, opening, tactical, emergency: false
[DEBUG] 16:35:49.126 [AiEngine] Using JS Search
[DEBUG] 16:35:49.231 [AiEngine] Adaptive time: 500ms, depth: 4, reason: midgame, opening, emergency: false
[DEBUG] 16:35:49.231 [AiEngine] Using JS Search
[DEBUG] 16:35:49.649 [AiEngine] Adaptive time: 500ms, depth: 4, reason: midgame, opening, tactical, emergency: false
[DEBUG] 16:35:49.649 [AiEngine] Using JS Search
[DEBUG] 16:35:49.849 [AiEngine] Adaptive time: 500ms, depth: 4, reason: midgame, opening, tactical, emergency: false
[DEBUG] 16:35:49.849 [AiEngine] Using JS Search
[DEBUG] 16:35:50.178 [AiEngine] Adaptive time: 500ms, depth: 4, reason: midgame, opening, tactical, emergency: false
[DEBUG] 16:35:50.179 [AiEngine] Using JS Search
[DEBUG] 16:35:50.451 [AiEngine] Adaptive time: 500ms, depth: 4, reason: midgame, opening, tactical, emergency: false
[DEBUG] 16:35:50.451 [AiEngine] Using JS Search
[DEBUG] 16:35:50.936 [AiEngine] Adaptive time: 500ms, depth: 4, reason: midgame, opening, tactical, emergency: false
[DEBUG] 16:35:50.936 [AiEngine] Using JS Search
[DEBUG] 16:35:50.999 [AiEngine] Adaptive time: 500ms, depth: 4, reason: midgame, opening, tactical, emergency: false
[DEBUG] 16:35:50.999 [AiEngine] Using JS Search
[DEBUG] 16:35:51.257 [AiEngine] Adaptive time: 500ms, depth: 4, reason: midgame, opening, emergency: false
[DEBUG] 16:35:51.257 [AiEngine] Using JS Search
[DEBUG] 16:35:51.300 [AiEngine] Adaptive time: 500ms, depth: 4, reason: midgame, opening, tactical, emergency: false
[DEBUG] 16:35:51.300 [AiEngine] Using JS Search
[DEBUG] 16:35:51.301 [AiEngine] Adaptive time: 500ms, depth: 4, reason: midgame, opening, tactical, emergency: false
[DEBUG] 16:35:51.301 [AiEngine] Using JS Search
[DEBUG] 16:35:51.375 [AiEngine] Adaptive time: 500ms, depth: 4, reason: midgame, opening, tactical, emergency: false
[DEBUG] 16:35:51.375 [AiEngine] Using JS Search
[DEBUG] 16:35:51.376 [AiEngine] Adaptive time: 500ms, depth: 4, reason: midgame, opening, tactical, emergency: false
[DEBUG] 16:35:51.376 [AiEngine] Using JS Search
[DEBUG] 16:35:51.463 [AiEngine] Adaptive time: 500ms, depth: 4, reason: midgame, opening, emergency: false
[DEBUG] 16:35:51.463 [AiEngine] Using JS Search
[DEBUG] 16:35:51.538 [AiEngine] Adaptive time: 500ms, depth: 4, reason: midgame, opening, in-check, emergency: false
[DEBUG] 16:35:51.538 [AiEngine] Using JS Search
[DEBUG] 16:35:51.543 [AiEngine] Adaptive time: 500ms, depth: 4, reason: midgame, opening, emergency: false
[DEBUG] 16:35:51.543 [AiEngine] Using JS Search
[DEBUG] 16:35:51.548 [AiEngine] Adaptive time: 500ms, depth: 4, reason: midgame, opening, in-check, emergency: false
[DEBUG] 16:35:51.548 [AiEngine] Using JS Search
[DEBUG] 16:35:51.549 [AiEngine] Adaptive time: 500ms, depth: 4, reason: midgame, opening, emergency: false
[DEBUG] 16:35:51.549 [AiEngine] Using JS Search
[DEBUG] 16:35:51.550 [AiEngine] Adaptive time: 500ms, depth: 4, reason: midgame, opening, emergency: false
[DEBUG] 16:35:51.550 [AiEngine] Using JS Search
[DEBUG] 16:35:51.659 [AiEngine] Adaptive time: 500ms, depth: 4, reason: midgame, opening, emergency: false
[DEBUG] 16:35:51.659 [AiEngine] Using JS Search
[DEBUG] 16:35:51.660 [AiEngine] Adaptive time: 500ms, depth: 4, reason: midgame, opening, emergency: false
[DEBUG] 16:35:51.660 [AiEngine] Using JS Search
[DEBUG] 16:35:51.856 [AiEngine] Adaptive time: 500ms, depth: 4, reason: midgame, opening, emergency: false
[DEBUG] 16:35:51.856 [AiEngine] Using JS Search
[DEBUG] 16:35:51.857 [AiEngine] Adaptive time: 500ms, depth: 4, reason: midgame, opening, emergency: false
[DEBUG] 16:35:51.857 [AiEngine] Using JS Search
[DEBUG] 16:35:51.936 [AiEngine] Adaptive time: 500ms, depth: 4, reason: midgame, opening, emergency: false
[DEBUG] 16:35:51.936 [AiEngine] Using JS Search
[DEBUG] 16:35:51.940 [AiEngine] Adaptive time: 500ms, depth: 4, reason: midgame, opening, emergency: false
[DEBUG] 16:35:51.940 [AiEngine] Using JS Search
[DEBUG] 16:35:51.975 [AiEngine] Adaptive time: 500ms, depth: 4, reason: midgame, opening, tactical, emergency: false
[DEBUG] 16:35:51.975 [AiEngine] Using JS Search
[DEBUG] 16:35:51.984 [AiEngine] Adaptive time: 500ms, depth: 4, reason: midgame, opening, emergency: false
[DEBUG] 16:35:51.984 [AiEngine] Using JS Search
[DEBUG] 16:35:51.996 [AiEngine] Adaptive time: 500ms, depth: 4, reason: midgame, opening, tactical, emergency: false
[DEBUG] 16:35:51.996 [AiEngine] Using JS Search
[DEBUG] 16:35:52.012 [AiEngine] Adaptive time: 500ms, depth: 4, reason: midgame, opening, emergency: false
[DEBUG] 16:35:52.012 [AiEngine] Using JS Search
[DEBUG] 16:35:52.022 [AiEngine] Adaptive time: 3000ms, depth: 5, reason: midgame, tactical, emergency: false
[DEBUG] 16:35:52.022 [AiEngine] Using JS Search
[DEBUG] 16:35:52.039 [AiEngine] Adaptive time: 3000ms, depth: 5, reason: in-check, emergency: false
[DEBUG] 16:35:52.039 [AiEngine] Using JS Search
[DEBUG] 16:35:52.045 [AiEngine] Adaptive time: 3000ms, depth: 5, reason: standard, emergency: false
[DEBUG] 16:35:52.045 [AiEngine] Using JS Search
[DEBUG] 16:35:52.174 [AiEngine] Adaptive time: 3000ms, depth: 5, reason: standard, emergency: false
[DEBUG] 16:35:52.174 [AiEngine] Using JS Search
[DEBUG] 16:35:52.198 [AiEngine] Adaptive time: 3000ms, depth: 5, reason: standard, emergency: false
[DEBUG] 16:35:52.198 [AiEngine] Using JS Search
[DEBUG] 16:35:52.486 [AiEngine] Adaptive time: 3000ms, depth: 5, reason: standard, emergency: false
[DEBUG] 16:35:52.486 [AiEngine] Using JS Search
[DEBUG] 16:35:52.517 [AiEngine] Adaptive time: 3000ms, depth: 5, reason: standard, emergency: false
[DEBUG] 16:35:52.517 [AiEngine] Using JS Search
[DEBUG] 16:35:52.820 [AiEngine] Adaptive time: 3000ms, depth: 5, reason: standard, emergency: false
[DEBUG] 16:35:52.820 [AiEngine] Using JS Search
[DEBUG] 16:35:52.858 [AiEngine] Adaptive time: 3000ms, depth: 5, reason: tactical, emergency: false
[DEBUG] 16:35:52.858 [AiEngine] Using JS Search
[DEBUG] 16:35:52.935 [AiEngine] Adaptive time: 3000ms, depth: 5, reason: standard, emergency: false
[DEBUG] 16:35:52.935 [AiEngine] Using JS Search
[DEBUG] 16:35:52.968 [AiEngine] Adaptive time: 3000ms, depth: 5, reason: standard, emergency: false
[DEBUG] 16:35:52.968 [AiEngine] Using JS Search
[DEBUG] 16:35:53.165 [AiEngine] Adaptive time: 3000ms, depth: 5, reason: standard, emergency: false
[DEBUG] 16:35:53.165 [AiEngine] Using JS Search
[DEBUG] 16:35:53.186 [AiEngine] Adaptive time: 3000ms, depth: 5, reason: tactical, emergency: false
[DEBUG] 16:35:53.186 [AiEngine] Using JS Search
[DEBUG] 16:35:53.322 [AiEngine] Adaptive time: 3000ms, depth: 5, reason: standard, emergency: false
[DEBUG] 16:35:53.322 [AiEngine] Using JS Search
[DEBUG] 16:35:53.341 [AiEngine] Adaptive time: 3000ms, depth: 5, reason: tactical, emergency: false
[DEBUG] 16:35:53.341 [AiEngine] Using JS Search
[DEBUG] 16:35:53.366 [AiEngine] Adaptive time: 3000ms, depth: 5, reason: endgame, in-check, emergency: false
[DEBUG] 16:35:53.366 [AiEngine] Using JS Search
[DEBUG] 16:35:53.387 [AiEngine] Adaptive time: 3000ms, depth: 5, reason: endgame, tactical, emergency: false
[DEBUG] 16:35:53.387 [AiEngine] Using JS Search
[DEBUG] 16:35:53.465 [AiEngine] Adaptive time: 3000ms, depth: 5, reason: endgame, emergency: false
[DEBUG] 16:35:53.465 [AiEngine] Using JS Search
[DEBUG] 16:35:53.481 [AiEngine] Adaptive time: 3000ms, depth: 5, reason: endgame, tactical, emergency: false
[DEBUG] 16:35:53.481 [AiEngine] Using JS Search
[DEBUG] 16:35:53.494 [AiEngine] Adaptive time: 3000ms, depth: 5, reason: endgame, in-check, emergency: false
[DEBUG] 16:35:53.495 [AiEngine] Using JS Search
[DEBUG] 16:35:53.505 [AiEngine] Adaptive time: 3000ms, depth: 5, reason: endgame, tactical, emergency: false
[DEBUG] 16:35:53.505 [AiEngine] Using JS Search
[DEBUG] 16:35:53.543 [AiEngine] Adaptive time: 3000ms, depth: 5, reason: endgame, emergency: false
[DEBUG] 16:35:53.543 [AiEngine] Using JS Search
[DEBUG] 16:35:53.561 [AiEngine] Adaptive time: 3000ms, depth: 5, reason: endgame, tactical, emergency: false
[DEBUG] 16:35:53.561 [AiEngine] Using JS Search
[DEBUG] 16:35:53.648 [AiEngine] Adaptive time: 3000ms, depth: 5, reason: endgame, emergency: false
[DEBUG] 16:35:53.648 [AiEngine] Using JS Search
[DEBUG] 16:35:53.660 [AiEngine] Adaptive time: 3000ms, depth: 5, reason: endgame, emergency: false
[DEBUG] 16:35:53.660 [AiEngine] Using JS Search
[DEBUG] 16:35:53.694 [AiEngine] Adaptive time: 3000ms, depth: 5, reason: endgame, emergency: false
[DEBUG] 16:35:53.694 [AiEngine] Using JS Search
[DEBUG] 16:35:53.705 [AiEngine] Adaptive time: 3000ms, depth: 5, reason: endgame, emergency: false
[DEBUG] 16:35:53.706 [AiEngine] Using JS Search
[DEBUG] 16:35:53.771 [AiEngine] Adaptive time: 3000ms, depth: 5, reason: endgame, emergency: false
[DEBUG] 16:35:53.771 [AiEngine] Using JS Search
[DEBUG] 16:35:53.781 [AiEngine] Adaptive time: 3000ms, depth: 5, reason: endgame, emergency: false
[DEBUG] 16:35:53.781 [AiEngine] Using JS Search
[DEBUG] 16:35:53.788 [AiEngine] Adaptive time: 3000ms, depth: 5, reason: endgame, emergency: false
[DEBUG] 16:35:53.788 [AiEngine] Using JS Search
[DEBUG] 16:35:53.796 [AiEngine] Adaptive time: 3000ms, depth: 5, reason: endgame, emergency: false
[DEBUG] 16:35:53.796 [AiEngine] Using JS Search
[DEBUG] 16:35:53.801 [AiEngine] Adaptive time: 3000ms, depth: 5, reason: endgame, emergency: false
[DEBUG] 16:35:53.801 [AiEngine] Using JS Search
[DEBUG] 16:35:53.809 [AiEngine] Adaptive time: 3000ms, depth: 5, reason: endgame, emergency: false
[DEBUG] 16:35:53.809 [AiEngine] Using JS Search
[DEBUG] 16:35:53.813 [AiEngine] Adaptive time: 3000ms, depth: 5, reason: endgame, emergency: false
[DEBUG] 16:35:53.813 [AiEngine] Using JS Search
[DEBUG] 16:35:53.819 [AiEngine] Adaptive time: 3000ms, depth: 5, reason: endgame, emergency: false
[DEBUG] 16:35:53.819 [AiEngine] Using JS Search
[DEBUG] 16:35:53.885 [AiEngine] Adaptive time: 3000ms, depth: 5, reason: endgame, emergency: false
[DEBUG] 16:35:53.885 [AiEngine] Using JS Search
[DEBUG] 16:35:53.890 [AiEngine] Adaptive time: 3000ms, depth: 5, reason: endgame, emergency: false
[DEBUG] 16:35:53.890 [AiEngine] Using JS Search
[DEBUG] 16:35:53.924 [AiEngine] Adaptive time: 3000ms, depth: 5, reason: endgame, emergency: false
[DEBUG] 16:35:53.924 [AiEngine] Using JS Search
[DEBUG] 16:35:53.931 [AiEngine] Adaptive time: 3000ms, depth: 5, reason: endgame, emergency: false
[DEBUG] 16:35:53.931 [AiEngine] Using JS Search
[DEBUG] 16:35:53.943 [AiEngine] Adaptive time: 3000ms, depth: 5, reason: endgame, emergency: false
[DEBUG] 16:35:53.943 [AiEngine] Using JS Search
[DEBUG] 16:35:53.953 [AiEngine] Adaptive time: 3000ms, depth: 5, reason: endgame, emergency: false
[DEBUG] 16:35:53.953 [AiEngine] Using JS Search
[DEBUG] 16:35:53.955 [AiEngine] Adaptive time: 3000ms, depth: 5, reason: endgame, emergency: false
[DEBUG] 16:35:53.955 [AiEngine] Using JS Search
[DEBUG] 16:35:53.961 [AiEngine] Adaptive time: 3000ms, depth: 5, reason: endgame, emergency: false
[DEBUG] 16:35:53.961 [AiEngine] Using JS Search
[DEBUG] 16:35:53.962 [AiEngine] Adaptive time: 3000ms, depth: 5, reason: endgame, emergency: false
[DEBUG] 16:35:53.962 [AiEngine] Using JS Search
[DEBUG] 16:35:53.966 [AiEngine] Adaptive time: 3000ms, depth: 5, reason: endgame, emergency: false
[DEBUG] 16:35:53.966 [AiEngine] Using JS Search
[DEBUG] 16:35:53.993 [AiEngine] Adaptive time: 3000ms, depth: 5, reason: endgame, emergency: false
[DEBUG] 16:35:53.993 [AiEngine] Using JS Search
[DEBUG] 16:35:53.997 [AiEngine] Adaptive time: 3000ms, depth: 5, reason: endgame, emergency: false
[DEBUG] 16:35:53.997 [AiEngine] Using JS Search
[DEBUG] 16:35:54.015 [AiEngine] Adaptive time: 3000ms, depth: 5, reason: endgame, emergency: false
[DEBUG] 16:35:54.015 [AiEngine] Using JS Search
[DEBUG] 16:35:54.020 [AiEngine] Adaptive time: 3000ms, depth: 5, reason: endgame, emergency: false
[DEBUG] 16:35:54.020 [AiEngine] Using JS Search
[DEBUG] 16:35:54.022 [AiEngine] Adaptive time: 3000ms, depth: 5, reason: endgame, emergency: false
[DEBUG] 16:35:54.022 [AiEngine] Using JS Search
[DEBUG] 16:35:54.026 [AiEngine] Adaptive time: 3000ms, depth: 5, reason: endgame, emergency: false
[DEBUG] 16:35:54.026 [AiEngine] Using JS Search
[DEBUG] 16:35:54.033 [AiEngine] Adaptive time: 3000ms, depth: 5, reason: endgame, emergency: false
[DEBUG] 16:35:54.033 [AiEngine] Using JS Search
[DEBUG] 16:35:54.037 [AiEngine] Adaptive time: 3000ms, depth: 5, reason: endgame, emergency: false
[DEBUG] 16:35:54.037 [AiEngine] Using JS Search
[DEBUG] 16:35:54.039 [AiEngine] Adaptive time: 3000ms, depth: 5, reason: endgame, emergency: false
[DEBUG] 16:35:54.039 [AiEngine] Using JS Search
[DEBUG] 16:35:54.042 [AiEngine] Adaptive time: 3000ms, depth: 5, reason: endgame, tactical, emergency: false
[DEBUG] 16:35:54.042 [AiEngine] Using JS Search
[DEBUG] 16:35:54.052 [AiEngine] Adaptive time: 3000ms, depth: 5, reason: endgame, in-check, emergency: false
[DEBUG] 16:35:54.052 [AiEngine] Using JS Search
[DEBUG] 16:35:54.060 [AiEngine] Adaptive time: 3000ms, depth: 5, reason: endgame, emergency: false
[DEBUG] 16:35:54.060 [AiEngine] Using JS Search
[DEBUG] 16:35:54.062 [AiEngine] Adaptive time: 3000ms, depth: 5, reason: endgame, emergency: false
[DEBUG] 16:35:54.062 [AiEngine] Using JS Search
[DEBUG] 16:35:54.066 [AiEngine] Adaptive time: 3000ms, depth: 5, reason: endgame, emergency: false
[DEBUG] 16:35:54.066 [AiEngine] Using JS Search
[DEBUG] 16:35:54.071 [AiEngine] Adaptive time: 3000ms, depth: 5, reason: endgame, emergency: false
[DEBUG] 16:35:54.072 [AiEngine] Using JS Search
[DEBUG] 16:35:54.075 [AiEngine] Adaptive time: 500ms, depth: 4, reason: midgame, opening, emergency: false
[DEBUG] 16:35:54.075 [AiEngine] Using JS Search
[DEBUG] 16:35:54.130 [AiEngine] Adaptive time: 500ms, depth: 4, reason: midgame, opening, emergency: false
[DEBUG] 16:35:54.130 [AiEngine] Using JS Search
[DEBUG] 16:35:54.248 [AiEngine] Adaptive time: 500ms, depth: 4, reason: midgame, opening, emergency: false
[DEBUG] 16:35:54.248 [AiEngine] Using JS Search
[DEBUG] 16:35:54.464 [AiEngine] Adaptive time: 500ms, depth: 4, reason: midgame, opening, emergency: false
[DEBUG] 16:35:54.464 [AiEngine] Using JS Search
[DEBUG] 16:35:54.661 [AiEngine] Adaptive time: 500ms, depth: 4, reason: midgame, opening, emergency: false
[DEBUG] 16:35:54.661 [AiEngine] Using JS Search
[DEBUG] 16:35:55.140 [AiEngine] Adaptive time: 500ms, depth: 4, reason: midgame, opening, emergency: false
[DEBUG] 16:35:55.140 [AiEngine] Using JS Search
[DEBUG] 16:35:55.342 [AiEngine] Adaptive time: 500ms, depth: 4, reason: midgame, opening, emergency: false
[DEBUG] 16:35:55.343 [AiEngine] Using JS Search
[DEBUG] 16:35:55.945 [AiEngine] Adaptive time: 500ms, depth: 4, reason: midgame, opening, emergency: false
[DEBUG] 16:35:55.945 [AiEngine] Using JS Search
[DEBUG] 16:35:56.365 [AiEngine] Adaptive time: 500ms, depth: 4, reason: midgame, opening, tactical, emergency: false
[DEBUG] 16:35:56.366 [AiEngine] Using JS Search
[DEBUG] 16:35:56.704 [AiEngine] Adaptive time: 500ms, depth: 4, reason: midgame, opening, emergency: false
[DEBUG] 16:35:56.704 [AiEngine] Using JS Search
[DEBUG] 16:35:56.800 [AiEngine] Adaptive time: 500ms, depth: 4, reason: midgame, opening, tactical, emergency: false
[DEBUG] 16:35:56.800 [AiEngine] Using JS Search
[DEBUG] 16:35:56.929 [AiEngine] Adaptive time: 500ms, depth: 4, reason: midgame, opening, emergency: false
[DEBUG] 16:35:56.929 [AiEngine] Using JS Search
[DEBUG] 16:35:57.042 [AiEngine] Adaptive time: 500ms, depth: 4, reason: midgame, opening, tactical, emergency: false
[DEBUG] 16:35:57.042 [AiEngine] Using JS Search
[DEBUG] 16:35:57.593 [AiEngine] Adaptive time: 500ms, depth: 4, reason: midgame, opening, emergency: false
[DEBUG] 16:35:57.593 [AiEngine] Using JS Search
[DEBUG] 16:35:57.822 [AiEngine] Adaptive time: 500ms, depth: 4, reason: midgame, opening, tactical, emergency: false
[DEBUG] 16:35:57.822 [AiEngine] Using JS Search
[DEBUG] 16:35:58.327 [AiEngine] Adaptive time: 500ms, depth: 4, reason: midgame, opening, emergency: false
[DEBUG] 16:35:58.327 [AiEngine] Using JS Search
[DEBUG] 16:35:58.505 [AiEngine] Adaptive time: 500ms, depth: 4, reason: midgame, opening, tactical, emergency: false
[DEBUG] 16:35:58.505 [AiEngine] Using JS Search
[DEBUG] 16:35:58.754 [AiEngine] Adaptive time: 500ms, depth: 4, reason: midgame, opening, emergency: false
[DEBUG] 16:35:58.754 [AiEngine] Using JS Search
[DEBUG] 16:35:58.927 [AiEngine] Adaptive time: 500ms, depth: 4, reason: midgame, opening, tactical, emergency: false
[DEBUG] 16:35:58.927 [AiEngine] Using JS Search
[DEBUG] 16:35:59.358 [AiEngine] Adaptive time: 500ms, depth: 4, reason: midgame, opening, emergency: false
[DEBUG] 16:35:59.358 [AiEngine] Using JS Search
[DEBUG] 16:35:59.669 [AiEngine] Adaptive time: 500ms, depth: 4, reason: midgame, opening, tactical, emergency: false
[DEBUG] 16:35:59.669 [AiEngine] Using JS Search
[DEBUG] 16:36:00.131 [AiEngine] Adaptive time: 500ms, depth: 4, reason: midgame, opening, emergency: false
[DEBUG] 16:36:00.131 [AiEngine] Using JS Search
[DEBUG] 16:36:00.267 [AiEngine] Adaptive time: 500ms, depth: 4, reason: midgame, opening, tactical, emergency: false
[DEBUG] 16:36:00.267 [AiEngine] Using JS Search
[DEBUG] 16:36:00.536 [AiEngine] Adaptive time: 500ms, depth: 4, reason: midgame, opening, in-check, emergency: false
[DEBUG] 16:36:00.536 [AiEngine] Using JS Search
[DEBUG] 16:36:01.199 [AiEngine] Adaptive time: 500ms, depth: 4, reason: midgame, opening, tactical, emergency: false
[DEBUG] 16:36:01.199 [AiEngine] Using JS Search
[DEBUG] 16:36:01.236 [AiEngine] Adaptive time: 500ms, depth: 4, reason: midgame, opening, tactical, emergency: false
[DEBUG] 16:36:01.236 [AiEngine] Using JS Search
[DEBUG] 16:36:01.623 [AiEngine] Adaptive time: 500ms, depth: 4, reason: midgame, opening, tactical, emergency: false
[DEBUG] 16:36:01.623 [AiEngine] Using JS Search
[DEBUG] 16:36:01.754 [AiEngine] Adaptive time: 500ms, depth: 4, reason: midgame, opening, tactical, emergency: false
[DEBUG] 16:36:01.755 [AiEngine] Using JS Search
[DEBUG] 16:36:01.918 [AiEngine] Adaptive time: 500ms, depth: 4, reason: midgame, opening, tactical, emergency: false
[DEBUG] 16:36:01.918 [AiEngine] Using JS Search
[DEBUG] 16:36:02.133 [AiEngine] Adaptive time: 500ms, depth: 4, reason: midgame, opening, tactical, emergency: false
[DEBUG] 16:36:02.133 [AiEngine] Using JS Search
[DEBUG] 16:36:02.416 [AiEngine] Adaptive time: 500ms, depth: 4, reason: midgame, opening, tactical, emergency: false
[DEBUG] 16:36:02.416 [AiEngine] Using JS Search
[DEBUG] 16:36:02.521 [AiEngine] Adaptive time: 500ms, depth: 4, reason: midgame, opening, tactical, emergency: false
[DEBUG] 16:36:02.521 [AiEngine] Using JS Search
[DEBUG] 16:36:02.740 [AiEngine] Adaptive time: 500ms, depth: 4, reason: midgame, opening, tactical, emergency: false
[DEBUG] 16:36:02.740 [AiEngine] Using JS Search
[DEBUG] 16:36:02.983 [AiEngine] Adaptive time: 500ms, depth: 4, reason: midgame, opening, tactical, emergency: false
[DEBUG] 16:36:02.983 [AiEngine] Using JS Search
[DEBUG] 16:36:03.131 [AiEngine] Adaptive time: 500ms, depth: 4, reason: midgame, opening, emergency: false
[DEBUG] 16:36:03.131 [AiEngine] Using JS Search
[DEBUG] 16:36:03.385 [AiEngine] Adaptive time: 500ms, depth: 4, reason: midgame, opening, tactical, emergency: false
[DEBUG] 16:36:03.385 [AiEngine] Using JS Search
[DEBUG] 16:36:03.390 [AiEngine] Adaptive time: 500ms, depth: 4, reason: midgame, opening, in-check, emergency: false
[DEBUG] 16:36:03.390 [AiEngine] Using JS Search
[DEBUG] 16:36:03.401 [AiEngine] Adaptive time: 500ms, depth: 4, reason: midgame, opening, tactical, emergency: false
[DEBUG] 16:36:03.401 [AiEngine] Using JS Search
[DEBUG] 16:36:03.402 [AiEngine] Adaptive time: 500ms, depth: 4, reason: midgame, opening, emergency: false
[DEBUG] 16:36:03.402 [AiEngine] Using JS Search
[DEBUG] 16:36:03.514 [AiEngine] Adaptive time: 500ms, depth: 4, reason: midgame, opening, emergency: false
[DEBUG] 16:36:03.514 [AiEngine] Using JS Search
[DEBUG] 16:36:03.515 [AiEngine] Adaptive time: 3000ms, depth: 5, reason: midgame, tactical, emergency: false
[DEBUG] 16:36:03.515 [AiEngine] Using JS Search
[DEBUG] 16:36:03.833 [AiEngine] Adaptive time: 3000ms, depth: 5, reason: midgame, emergency: false
[DEBUG] 16:36:03.833 [AiEngine] Using JS Search
[DEBUG] 16:36:04.125 [AiEngine] Adaptive time: 3000ms, depth: 5, reason: midgame, tactical, emergency: false
[DEBUG] 16:36:04.125 [AiEngine] Using JS Search
[DEBUG] 16:36:04.935 [AiEngine] Adaptive time: 3000ms, depth: 5, reason: midgame, emergency: false
[DEBUG] 16:36:04.935 [AiEngine] Using JS Search
[DEBUG] 16:36:05.068 [AiEngine] Adaptive time: 3000ms, depth: 5, reason: midgame, tactical, emergency: false
[DEBUG] 16:36:05.068 [AiEngine] Using JS Search
[DEBUG] 16:36:05.685 [AiEngine] Adaptive time: 3000ms, depth: 5, reason: midgame, in-check, emergency: false
[DEBUG] 16:36:05.685 [AiEngine] Using JS Search
[DEBUG] 16:36:05.907 [AiEngine] Adaptive time: 3000ms, depth: 5, reason: midgame, tactical, emergency: false
[DEBUG] 16:36:05.907 [AiEngine] Using JS Search
[DEBUG] 16:36:06.525 [AiEngine] Adaptive time: 3000ms, depth: 5, reason: midgame, emergency: false
[DEBUG] 16:36:06.525 [AiEngine] Using JS Search
[DEBUG] 16:36:06.971 [AiEngine] Adaptive time: 3000ms, depth: 5, reason: midgame, tactical, emergency: false
[DEBUG] 16:36:06.971 [AiEngine] Using JS Search
[DEBUG] 16:36:07.304 [AiEngine] Adaptive time: 3000ms, depth: 5, reason: midgame, emergency: false
[DEBUG] 16:36:07.304 [AiEngine] Using JS Search
[DEBUG] 16:36:07.479 [AiEngine] Adaptive time: 500ms, depth: 4, reason: midgame, opening, emergency: false
[DEBUG] 16:36:07.479 [AiEngine] Using JS Search
[DEBUG] 16:36:07.541 [AiEngine] Adaptive time: 500ms, depth: 4, reason: midgame, opening, emergency: false
[DEBUG] 16:36:07.541 [AiEngine] Using JS Search
[DEBUG] 16:36:07.708 [AiEngine] Adaptive time: 500ms, depth: 4, reason: midgame, opening, emergency: false
[DEBUG] 16:36:07.708 [AiEngine] Using JS Search
[DEBUG] 16:36:08.003 [AiEngine] Adaptive time: 500ms, depth: 4, reason: midgame, opening, emergency: false
[DEBUG] 16:36:08.003 [AiEngine] Using JS Search
[DEBUG] 16:36:08.193 [AiEngine] Adaptive time: 500ms, depth: 4, reason: midgame, opening, emergency: false
[DEBUG] 16:36:08.193 [AiEngine] Using JS Search
[DEBUG] 16:36:08.475 [AiEngine] Adaptive time: 500ms, depth: 4, reason: midgame, opening, emergency: false
[DEBUG] 16:36:08.475 [AiEngine] Using JS Search
[DEBUG] 16:36:08.760 [AiEngine] Adaptive time: 500ms, depth: 4, reason: midgame, opening, emergency: false
[DEBUG] 16:36:08.760 [AiEngine] Using JS Search
[DEBUG] 16:36:08.925 [AiEngine] Adaptive time: 500ms, depth: 4, reason: midgame, opening, emergency: false
[DEBUG] 16:36:08.925 [AiEngine] Using JS Search
[DEBUG] 16:36:09.082 [AiEngine] Adaptive time: 500ms, depth: 4, reason: midgame, opening, emergency: false
[DEBUG] 16:36:09.083 [AiEngine] Using JS Search
[DEBUG] 16:36:09.160 [AiEngine] Adaptive time: 500ms, depth: 4, reason: midgame, opening, tactical, emergency: false
[DEBUG] 16:36:09.160 [AiEngine] Using JS Search
[DEBUG] 16:36:09.442 [AiEngine] Adaptive time: 500ms, depth: 4, reason: midgame, opening, emergency: false
[DEBUG] 16:36:09.442 [AiEngine] Using JS Search
[DEBUG] 16:36:09.444 [AiEngine] Adaptive time: 500ms, depth: 4, reason: midgame, opening, tactical, emergency: false
[DEBUG] 16:36:09.444 [AiEngine] Using JS Search
[DEBUG] 16:36:09.445 [AiEngine] Adaptive time: 500ms, depth: 4, reason: midgame, opening, in-check, emergency: false
[DEBUG] 16:36:09.445 [AiEngine] Using JS Search
[DEBUG] 16:36:09.445 [AiEngine] Adaptive time: 500ms, depth: 4, reason: midgame, opening, emergency: false
[DEBUG] 16:36:09.445 [AiEngine] Using JS Search
[DEBUG] 16:36:09.492 [AiEngine] Adaptive time: 500ms, depth: 4, reason: midgame, opening, emergency: false
[DEBUG] 16:36:09.492 [AiEngine] Using JS Search
[DEBUG] 16:36:09.716 [AiEngine] Adaptive time: 500ms, depth: 4, reason: midgame, opening, emergency: false
[DEBUG] 16:36:09.716 [AiEngine] Using JS Search
[DEBUG] 16:36:09.977 [AiEngine] Adaptive time: 500ms, depth: 4, reason: midgame, opening, emergency: false
[DEBUG] 16:36:09.977 [AiEngine] Using JS Search
[DEBUG] 16:36:10.141 [AiEngine] Adaptive time: 500ms, depth: 4, reason: midgame, opening, emergency: false
[DEBUG] 16:36:10.141 [AiEngine] Using JS Search
[DEBUG] 16:36:10.349 [AiEngine] Adaptive time: 500ms, depth: 4, reason: midgame, opening, emergency: false
[DEBUG] 16:36:10.349 [AiEngine] Using JS Search
[DEBUG] 16:36:10.503 [AiEngine] Adaptive time: 500ms, depth: 4, reason: midgame, opening, emergency: false
[DEBUG] 16:36:10.503 [AiEngine] Using JS Search
[DEBUG] 16:36:10.703 [AiEngine] Adaptive time: 500ms, depth: 4, reason: midgame, opening, emergency: false
[DEBUG] 16:36:10.703 [AiEngine] Using JS Search
[DEBUG] 16:36:10.927 [AiEngine] Adaptive time: 500ms, depth: 4, reason: midgame, opening, tactical, emergency: false
[DEBUG] 16:36:10.927 [AiEngine] Using JS Search
[DEBUG] 16:36:11.119 [AiEngine] Adaptive time: 500ms, depth: 4, reason: midgame, opening, emergency: false
[DEBUG] 16:36:11.119 [AiEngine] Using JS Search
[DEBUG] 16:36:11.362 [AiEngine] Adaptive time: 500ms, depth: 4, reason: midgame, opening, tactical, emergency: false
[DEBUG] 16:36:11.362 [AiEngine] Using JS Search
[DEBUG] 16:36:11.543 [AiEngine] Adaptive time: 500ms, depth: 4, reason: midgame, opening, emergency: false
[DEBUG] 16:36:11.543 [AiEngine] Using JS Search
[DEBUG] 16:36:11.755 [AiEngine] Adaptive time: 500ms, depth: 4, reason: midgame, opening, tactical, emergency: false
[DEBUG] 16:36:11.755 [AiEngine] Using JS Search
[DEBUG] 16:36:12.087 [AiEngine] Adaptive time: 500ms, depth: 4, reason: midgame, opening, tactical, emergency: false
[DEBUG] 16:36:12.087 [AiEngine] Using JS Search
[DEBUG] 16:36:12.153 [AiEngine] Adaptive time: 500ms, depth: 4, reason: midgame, opening, tactical, emergency: false
[DEBUG] 16:36:12.153 [AiEngine] Using JS Search
[DEBUG] 16:36:12.435 [AiEngine] Adaptive time: 500ms, depth: 4, reason: midgame, opening, emergency: false
[DEBUG] 16:36:12.435 [AiEngine] Using JS Search
[DEBUG] 16:36:12.694 [AiEngine] Adaptive time: 500ms, depth: 4, reason: midgame, opening, tactical, emergency: false
[DEBUG] 16:36:12.694 [AiEngine] Using JS Search
[DEBUG] 16:36:13.195 [AiEngine] Adaptive time: 500ms, depth: 4, reason: midgame, opening, emergency: false
[DEBUG] 16:36:13.195 [AiEngine] Using JS Search
[DEBUG] 16:36:13.346 [AiEngine] Adaptive time: 500ms, depth: 4, reason: midgame, opening, tactical, emergency: false
[DEBUG] 16:36:13.346 [AiEngine] Using JS Search
[DEBUG] 16:36:13.496 [AiEngine] Adaptive time: 500ms, depth: 4, reason: midgame, opening, emergency: false
[DEBUG] 16:36:13.496 [AiEngine] Using JS Search
[DEBUG] 16:36:13.720 [AiEngine] Adaptive time: 500ms, depth: 4, reason: midgame, opening, in-check, emergency: false
[DEBUG] 16:36:13.720 [AiEngine] Using JS Search
[DEBUG] 16:36:14.414 [AiEngine] Adaptive time: 500ms, depth: 4, reason: midgame, opening, tactical, emergency: false
[DEBUG] 16:36:14.414 [AiEngine] Using JS Search
[DEBUG] 16:36:14.596 [AiEngine] Adaptive time: 500ms, depth: 4, reason: midgame, opening, tactical, emergency: false
[DEBUG] 16:36:14.597 [AiEngine] Using JS Search
[DEBUG] 16:36:14.954 [AiEngine] Adaptive time: 500ms, depth: 4, reason: midgame, opening, tactical, emergency: false
[DEBUG] 16:36:14.954 [AiEngine] Using JS Search
[DEBUG] 16:36:15.335 [AiEngine] Adaptive time: 500ms, depth: 4, reason: midgame, opening, tactical, emergency: false
[DEBUG] 16:36:15.335 [AiEngine] Using JS Search
[DEBUG] 16:36:15.661 [AiEngine] Adaptive time: 500ms, depth: 4, reason: midgame, opening, tactical, emergency: false
[DEBUG] 16:36:15.661 [AiEngine] Using JS Search
[DEBUG] 16:36:15.941 [AiEngine] Adaptive time: 500ms, depth: 4, reason: midgame, opening, tactical, emergency: false
[DEBUG] 16:36:15.941 [AiEngine] Using JS Search
[DEBUG] 16:36:16.396 [AiEngine] Adaptive time: 500ms, depth: 4, reason: midgame, opening, tactical, emergency: false
[DEBUG] 16:36:16.396 [AiEngine] Using JS Search
[DEBUG] 16:36:16.584 [AiEngine] Adaptive time: 500ms, depth: 4, reason: midgame, opening, tactical, emergency: false
[DEBUG] 16:36:16.584 [AiEngine] Using JS Search
[DEBUG] 16:36:16.802 [AiEngine] Adaptive time: 500ms, depth: 4, reason: midgame, opening, in-check, emergency: false
[DEBUG] 16:36:16.802 [AiEngine] Using JS Search
[DEBUG] 16:36:16.812 [AiEngine] Adaptive time: 500ms, depth: 4, reason: midgame, opening, tactical, emergency: false
[DEBUG] 16:36:16.813 [AiEngine] Using JS Search
[DEBUG] 16:36:17.239 [AiEngine] Adaptive time: 500ms, depth: 4, reason: midgame, opening, in-check, tactical, emergency: false
[DEBUG] 16:36:17.239 [AiEngine] Using JS Search
[DEBUG] 16:36:17.643 [AiEngine] Adaptive time: 500ms, depth: 4, reason: midgame, opening, emergency: false
[DEBUG] 16:36:17.643 [AiEngine] Using JS Search
[DEBUG] 16:36:17.644 [AiEngine] Adaptive time: 500ms, depth: 4, reason: midgame, opening, tactical, emergency: false
[DEBUG] 16:36:17.644 [AiEngine] Using JS Search
[DEBUG] 16:36:17.716 [AiEngine] Adaptive time: 500ms, depth: 4, reason: midgame, opening, tactical, emergency: false
[DEBUG] 16:36:17.716 [AiEngine] Using JS Search
[DEBUG] 16:36:17.717 [AiEngine] Adaptive time: 500ms, depth: 4, reason: midgame, opening, emergency: false
[DEBUG] 16:36:17.717 [AiEngine] Using JS Search
[DEBUG] 16:36:17.799 [AiEngine] Adaptive time: 500ms, depth: 4, reason: midgame, opening, tactical, emergency: false
[DEBUG] 16:36:17.799 [AiEngine] Using JS Search
[DEBUG] 16:36:17.872 [AiEngine] Adaptive time: 500ms, depth: 4, reason: midgame, opening, emergency: false
[DEBUG] 16:36:17.872 [AiEngine] Using JS Search
[DEBUG] 16:36:18.171 [AiEngine] Adaptive time: 500ms, depth: 4, reason: midgame, opening, tactical, emergency: false
[DEBUG] 16:36:18.171 [AiEngine] Using JS Search
[DEBUG] 16:36:18.248 [AiEngine] Adaptive time: 500ms, depth: 4, reason: midgame, opening, emergency: false
[DEBUG] 16:36:18.248 [AiEngine] Using JS Search
[DEBUG] 16:36:18.357 [AiEngine] Adaptive time: 3000ms, depth: 5, reason: midgame, tactical, emergency: false
[DEBUG] 16:36:18.357 [AiEngine] Using JS Search
[DEBUG] 16:36:18.359 [AiEngine] Adaptive time: 3000ms, depth: 5, reason: midgame, emergency: false
[DEBUG] 16:36:18.359 [AiEngine] Using JS Search
[DEBUG] 16:36:18.819 [AiEngine] Adaptive time: 3000ms, depth: 5, reason: midgame, emergency: false
[DEBUG] 16:36:18.819 [AiEngine] Using JS Search
[DEBUG] 16:36:19.305 [AiEngine] Adaptive time: 3000ms, depth: 5, reason: midgame, tactical, emergency: false
[DEBUG] 16:36:19.305 [AiEngine] Using JS Search
[DEBUG] 16:36:19.652 [AiEngine] Adaptive time: 3000ms, depth: 5, reason: midgame, emergency: false
[DEBUG] 16:36:19.652 [AiEngine] Using JS Search
[DEBUG] 16:36:20.207 [AiEngine] Adaptive time: 3000ms, depth: 5, reason: midgame, tactical, emergency: false
[DEBUG] 16:36:20.207 [AiEngine] Using JS Search
[DEBUG] 16:36:20.330 [AiEngine] Adaptive time: 3000ms, depth: 5, reason: midgame, emergency: false
[DEBUG] 16:36:20.330 [AiEngine] Using JS Search
[DEBUG] 16:36:21.200 [AiEngine] Adaptive time: 3000ms, depth: 5, reason: midgame, tactical, emergency: false
[DEBUG] 16:36:21.201 [AiEngine] Using JS Search
[DEBUG] 16:36:21.484 [AiEngine] Adaptive time: 3000ms, depth: 5, reason: midgame, tactical, emergency: false
[DEBUG] 16:36:21.484 [AiEngine] Using JS Search
[DEBUG] 16:36:22.147 [AiEngine] Adaptive time: 3000ms, depth: 5, reason: midgame, tactical, emergency: false
[DEBUG] 16:36:22.147 [AiEngine] Using JS Search
[DEBUG] 16:36:22.580 [AiEngine] Adaptive time: 3000ms, depth: 5, reason: midgame, tactical, emergency: false
[DEBUG] 16:36:22.580 [AiEngine] Using JS Search
[DEBUG] 16:36:22.763 [AiEngine] Adaptive time: 3000ms, depth: 5, reason: midgame, tactical, emergency: false
[DEBUG] 16:36:22.763 [AiEngine] Using JS Search
[DEBUG] 16:36:23.086 [AiEngine] Adaptive time: 3000ms, depth: 5, reason: midgame, tactical, emergency: false
[DEBUG] 16:36:23.086 [AiEngine] Using JS Search
[DEBUG] 16:36:23.785 [AiEngine] Adaptive time: 3000ms, depth: 5, reason: midgame, emergency: false
[DEBUG] 16:36:23.785 [AiEngine] Using JS Search
[DEBUG] 16:36:24.377 [AiEngine] Adaptive time: 500ms, depth: 4, reason: midgame, opening, emergency: false
[DEBUG] 16:36:24.377 [AiEngine] Using JS Search
[DEBUG] 16:36:24.393 [AiEngine] Adaptive time: 500ms, depth: 4, reason: midgame, opening, emergency: false
[DEBUG] 16:36:24.393 [AiEngine] Using JS Search
[DEBUG] 16:36:24.550 [AiEngine] Adaptive time: 500ms, depth: 4, reason: midgame, opening, emergency: false
[DEBUG] 16:36:24.550 [AiEngine] Using JS Search
[DEBUG] 16:36:24.778 [AiEngine] Adaptive time: 500ms, depth: 4, reason: midgame, opening, emergency: false
[DEBUG] 16:36:24.778 [AiEngine] Using JS Search
[DEBUG] 16:36:24.977 [AiEngine] Adaptive time: 500ms, depth: 4, reason: midgame, opening, emergency: false
[DEBUG] 16:36:24.978 [AiEngine] Using JS Search
[DEBUG] 16:36:25.421 [AiEngine] Adaptive time: 500ms, depth: 4, reason: midgame, opening, emergency: false
[DEBUG] 16:36:25.421 [AiEngine] Using JS Search
[DEBUG] 16:36:25.585 [AiEngine] Adaptive time: 500ms, depth: 4, reason: midgame, opening, emergency: false
[DEBUG] 16:36:25.585 [AiEngine] Using JS Search
[DEBUG] 16:36:25.919 [AiEngine] Adaptive time: 500ms, depth: 4, reason: midgame, opening, emergency: false
[DEBUG] 16:36:25.919 [AiEngine] Using JS Search
[DEBUG] 16:36:26.119 [AiEngine] Adaptive time: 500ms, depth: 4, reason: midgame, opening, tactical, emergency: false
[DEBUG] 16:36:26.119 [AiEngine] Using JS Search
[DEBUG] 16:36:26.293 [AiEngine] Adaptive time: 500ms, depth: 4, reason: midgame, opening, emergency: false
[DEBUG] 16:36:26.293 [AiEngine] Using JS Search
[DEBUG] 16:36:26.610 [AiEngine] Adaptive time: 500ms, depth: 4, reason: midgame, opening, tactical, emergency: false
[DEBUG] 16:36:26.610 [AiEngine] Using JS Search
[DEBUG] 16:36:26.775 [AiEngine] Adaptive time: 500ms, depth: 4, reason: midgame, opening, emergency: false
[DEBUG] 16:36:26.775 [AiEngine] Using JS Search
[DEBUG] 16:36:26.919 [AiEngine] Adaptive time: 500ms, depth: 4, reason: midgame, opening, tactical, emergency: false
[DEBUG] 16:36:26.919 [AiEngine] Using JS Search
[DEBUG] 16:36:27.069 [AiEngine] Adaptive time: 500ms, depth: 4, reason: midgame, opening, emergency: false
[DEBUG] 16:36:27.069 [AiEngine] Using JS Search
[DEBUG] 16:36:27.191 [AiEngine] Adaptive time: 500ms, depth: 4, reason: midgame, opening, tactical, emergency: false
[DEBUG] 16:36:27.191 [AiEngine] Using JS Search
[DEBUG] 16:36:27.331 [AiEngine] Adaptive time: 500ms, depth: 4, reason: midgame, opening, emergency: false
[DEBUG] 16:36:27.331 [AiEngine] Using JS Search
[DEBUG] 16:36:27.366 [AiEngine] Adaptive time: 500ms, depth: 4, reason: midgame, opening, tactical, emergency: false
[DEBUG] 16:36:27.366 [AiEngine] Using JS Search
[DEBUG] 16:36:27.556 [AiEngine] Adaptive time: 500ms, depth: 4, reason: midgame, opening, emergency: false
[DEBUG] 16:36:27.556 [AiEngine] Using JS Search
[DEBUG] 16:36:27.603 [AiEngine] Adaptive time: 500ms, depth: 4, reason: midgame, opening, tactical, emergency: false
[DEBUG] 16:36:27.603 [AiEngine] Using JS Search
[DEBUG] 16:36:27.655 [AiEngine] Adaptive time: 500ms, depth: 4, reason: midgame, opening, tactical, emergency: false
[DEBUG] 16:36:27.655 [AiEngine] Using JS Search
[DEBUG] 16:36:27.996 [AiEngine] Adaptive time: 500ms, depth: 4, reason: midgame, opening, emergency: false
[DEBUG] 16:36:27.996 [AiEngine] Using JS Search
[DEBUG] 16:36:28.204 [AiEngine] Adaptive time: 500ms, depth: 4, reason: midgame, opening, emergency: false
[DEBUG] 16:36:28.204 [AiEngine] Using JS Search
[DEBUG] 16:36:28.401 [AiEngine] Adaptive time: 500ms, depth: 4, reason: midgame, opening, emergency: false
[DEBUG] 16:36:28.401 [AiEngine] Using JS Search
[DEBUG] 16:36:28.534 [AiEngine] Adaptive time: 500ms, depth: 4, reason: midgame, opening, emergency: false
[DEBUG] 16:36:28.534 [AiEngine] Using JS Search
[DEBUG] 16:36:28.570 [AiEngine] Adaptive time: 500ms, depth: 4, reason: midgame, opening, tactical, emergency: false
[DEBUG] 16:36:28.570 [AiEngine] Using JS Search
[DEBUG] 16:36:28.620 [AiEngine] Adaptive time: 500ms, depth: 4, reason: midgame, opening, tactical, emergency: false
[DEBUG] 16:36:28.620 [AiEngine] Using JS Search
[DEBUG] 16:36:28.905 [AiEngine] Adaptive time: 500ms, depth: 4, reason: midgame, opening, emergency: false
[DEBUG] 16:36:28.905 [AiEngine] Using JS Search
[DEBUG] 16:36:29.390 [AiEngine] Adaptive time: 500ms, depth: 4, reason: midgame, opening, emergency: false
[DEBUG] 16:36:29.390 [AiEngine] Using JS Search
[DEBUG] 16:36:29.584 [AiEngine] Adaptive time: 500ms, depth: 4, reason: midgame, opening, emergency: false
[DEBUG] 16:36:29.584 [AiEngine] Using JS Search
[DEBUG] 16:36:29.665 [AiEngine] Adaptive time: 500ms, depth: 4, reason: midgame, opening, emergency: false
[DEBUG] 16:36:29.665 [AiEngine] Using JS Search
[DEBUG] 16:36:29.760 [AiEngine] Adaptive time: 500ms, depth: 4, reason: midgame, opening, emergency: false
[DEBUG] 16:36:29.760 [AiEngine] Using JS Search
[DEBUG] 16:36:29.978 [AiEngine] Adaptive time: 500ms, depth: 4, reason: midgame, opening, tactical, emergency: false
[DEBUG] 16:36:29.978 [AiEngine] Using JS Search
[DEBUG] 16:36:30.045 [AiEngine] Adaptive time: 500ms, depth: 4, reason: midgame, opening, emergency: false
[DEBUG] 16:36:30.045 [AiEngine] Using JS Search
[DEBUG] 16:36:30.233 [AiEngine] Adaptive time: 500ms, depth: 4, reason: midgame, opening, emergency: false
[DEBUG] 16:36:30.233 [AiEngine] Using JS Search
[DEBUG] 16:36:30.295 [AiEngine] Adaptive time: 500ms, depth: 4, reason: midgame, opening, in-check, emergency: false
[DEBUG] 16:36:30.295 [AiEngine] Using JS Search
[DEBUG] 16:36:30.300 [AiEngine] Adaptive time: 500ms, depth: 4, reason: midgame, opening, emergency: false
[DEBUG] 16:36:30.300 [AiEngine] Using JS Search
[DEBUG] 16:36:30.352 [AiEngine] Adaptive time: 500ms, depth: 4, reason: midgame, opening, tactical, emergency: false
[DEBUG] 16:36:30.352 [AiEngine] Using JS Search
[DEBUG] 16:36:30.354 [AiEngine] Adaptive time: 500ms, depth: 4, reason: midgame, opening, emergency: false
[DEBUG] 16:36:30.354 [AiEngine] Using JS Search
[DEBUG] 16:36:30.405 [AiEngine] Adaptive time: 500ms, depth: 4, reason: midgame, opening, tactical, emergency: false
[DEBUG] 16:36:30.405 [AiEngine] Using JS Search
[DEBUG] 16:36:30.406 [AiEngine] Adaptive time: 500ms, depth: 4, reason: midgame, opening, emergency: false
[DEBUG] 16:36:30.406 [AiEngine] Using JS Search
[DEBUG] 16:36:30.493 [AiEngine] Adaptive time: 3000ms, depth: 5, reason: midgame, tactical, emergency: false
[DEBUG] 16:36:30.493 [AiEngine] Using JS Search
[DEBUG] 16:36:30.495 [AiEngine] Adaptive time: 3000ms, depth: 5, reason: midgame, tactical, emergency: false
[DEBUG] 16:36:30.495 [AiEngine] Using JS Search
[DEBUG] 16:36:30.608 [AiEngine] Adaptive time: 3000ms, depth: 5, reason: midgame, in-check, emergency: false
[DEBUG] 16:36:30.608 [AiEngine] Using JS Search
[DEBUG] 16:36:30.609 [AiEngine] Adaptive time: 3000ms, depth: 5, reason: midgame, emergency: false
[DEBUG] 16:36:30.609 [AiEngine] Using JS Search
[DEBUG] 16:36:30.910 [AiEngine] Adaptive time: 3000ms, depth: 5, reason: midgame, emergency: false
[DEBUG] 16:36:30.911 [AiEngine] Using JS Search
[DEBUG] 16:36:30.912 [AiEngine] Adaptive time: 3000ms, depth: 5, reason: midgame, tactical, emergency: false
[DEBUG] 16:36:30.912 [AiEngine] Using JS Search
[DEBUG] 16:36:31.094 [AiEngine] Adaptive time: 3000ms, depth: 5, reason: midgame, emergency: false
[DEBUG] 16:36:31.094 [AiEngine] Using JS Search
[DEBUG] 16:36:31.096 [AiEngine] Adaptive time: 3000ms, depth: 5, reason: midgame, tactical, emergency: false
[DEBUG] 16:36:31.096 [AiEngine] Using JS Search
[DEBUG] 16:36:31.443 [AiEngine] Adaptive time: 3000ms, depth: 5, reason: midgame, emergency: false
[DEBUG] 16:36:31.443 [AiEngine] Using JS Search
[DEBUG] 16:36:31.444 [AiEngine] Adaptive time: 3000ms, depth: 5, reason: midgame, tactical, emergency: false
[DEBUG] 16:36:31.444 [AiEngine] Using JS Search
[DEBUG] 16:36:31.497 [AiEngine] Adaptive time: 3000ms, depth: 5, reason: midgame, emergency: false
[DEBUG] 16:36:31.497 [AiEngine] Using JS Search
[DEBUG] 16:36:31.498 [AiEngine] Adaptive time: 3000ms, depth: 5, reason: midgame, tactical, emergency: false
[DEBUG] 16:36:31.498 [AiEngine] Using JS Search
[DEBUG] 16:36:31.598 [AiEngine] Adaptive time: 3000ms, depth: 5, reason: midgame, emergency: false
[DEBUG] 16:36:31.598 [AiEngine] Using JS Search
[DEBUG] 16:36:31.599 [AiEngine] Adaptive time: 3000ms, depth: 5, reason: midgame, tactical, emergency: false
[DEBUG] 16:36:31.599 [AiEngine] Using JS Search
[DEBUG] 16:36:31.654 [AiEngine] Adaptive time: 3000ms, depth: 5, reason: midgame, in-check, emergency: false
[DEBUG] 16:36:31.654 [AiEngine] Using JS Search
[DEBUG] 16:36:31.656 [AiEngine] Adaptive time: 3000ms, depth: 5, reason: midgame, tactical, emergency: false
[DEBUG] 16:36:31.656 [AiEngine] Using JS Search
[DEBUG] 16:36:31.711 [AiEngine] Adaptive time: 3000ms, depth: 5, reason: midgame, in-check, emergency: false
[DEBUG] 16:36:31.711 [AiEngine] Using JS Search
[DEBUG] 16:36:31.713 [AiEngine] Adaptive time: 3000ms, depth: 5, reason: midgame, tactical, emergency: false
[DEBUG] 16:36:31.713 [AiEngine] Using JS Search
[DEBUG] 16:36:32.171 [AiEngine] Adaptive time: 3000ms, depth: 5, reason: midgame, emergency: false
[DEBUG] 16:36:32.171 [AiEngine] Using JS Search
[DEBUG] 16:36:32.172 [AiEngine] Adaptive time: 3000ms, depth: 5, reason: midgame, tactical, emergency: false
[DEBUG] 16:36:32.172 [AiEngine] Using JS Search
[DEBUG] 16:36:32.262 [AiEngine] Adaptive time: 3000ms, depth: 5, reason: standard, emergency: false
[DEBUG] 16:36:32.262 [AiEngine] Using JS Search
[DEBUG] 16:36:32.263 [AiEngine] Adaptive time: 3000ms, depth: 5, reason: standard, emergency: false
[DEBUG] 16:36:32.263 [AiEngine] Using JS Search
[DEBUG] 16:36:32.452 [AiEngine] Adaptive time: 3000ms, depth: 5, reason: standard, emergency: false
[DEBUG] 16:36:32.452 [AiEngine] Using JS Search
[DEBUG] 16:36:32.453 [AiEngine] Adaptive time: 3000ms, depth: 5, reason: standard, emergency: false
[DEBUG] 16:36:32.453 [AiEngine] Using JS Search
[DEBUG] 16:36:32.507 [AiEngine] Adaptive time: 3000ms, depth: 5, reason: standard, emergency: false
[DEBUG] 16:36:32.507 [AiEngine] Using JS Search
[DEBUG] 16:36:32.703 [AiEngine] Adaptive time: 3000ms, depth: 5, reason: standard, emergency: false
[DEBUG] 16:36:32.703 [AiEngine] Using JS Search
[DEBUG] 16:36:32.743 [AiEngine] Adaptive time: 3000ms, depth: 5, reason: standard, emergency: false
[DEBUG] 16:36:32.743 [AiEngine] Using JS Search
[DEBUG] 16:36:32.911 [AiEngine] Adaptive time: 3000ms, depth: 5, reason: standard, emergency: false
[DEBUG] 16:36:32.911 [AiEngine] Using JS Search
[DEBUG] 16:36:32.940 [AiEngine] Adaptive time: 3000ms, depth: 5, reason: in-check, emergency: false
[DEBUG] 16:36:32.941 [AiEngine] Using JS Search
[DEBUG] 16:36:32.971 [AiEngine] Adaptive time: 3000ms, depth: 5, reason: standard, emergency: false
[DEBUG] 16:36:32.971 [AiEngine] Using JS Search
[DEBUG] 16:36:33.027 [AiEngine] Adaptive time: 3000ms, depth: 5, reason: in-check, emergency: false
[DEBUG] 16:36:33.027 [AiEngine] Using JS Search
[DEBUG] 16:36:33.028 [AiEngine] Adaptive time: 3000ms, depth: 5, reason: endgame, emergency: false
[DEBUG] 16:36:33.028 [AiEngine] Using JS Search
[DEBUG] 16:36:33.063 [AiEngine] Adaptive time: 3000ms, depth: 5, reason: endgame, emergency: false
[DEBUG] 16:36:33.064 [AiEngine] Using JS Search
[DEBUG] 16:36:33.065 [AiEngine] Adaptive time: 3000ms, depth: 5, reason: endgame, emergency: false
[DEBUG] 16:36:33.065 [AiEngine] Using JS Search
[DEBUG] 16:36:33.072 [AiEngine] Adaptive time: 3000ms, depth: 5, reason: endgame, emergency: false
[DEBUG] 16:36:33.073 [AiEngine] Using JS Search
[DEBUG] 16:36:33.077 [AiEngine] Adaptive time: 3000ms, depth: 5, reason: endgame, emergency: false
[DEBUG] 16:36:33.077 [AiEngine] Using JS Search
[DEBUG] 16:36:33.086 [AiEngine] Adaptive time: 3000ms, depth: 5, reason: endgame, emergency: false
[DEBUG] 16:36:33.086 [AiEngine] Using JS Search
[DEBUG] 16:36:33.089 [AiEngine] Adaptive time: 3000ms, depth: 5, reason: endgame, emergency: false
[DEBUG] 16:36:33.089 [AiEngine] Using JS Search
[DEBUG] 16:36:33.096 [AiEngine] Adaptive time: 3000ms, depth: 5, reason: endgame, emergency: false
[DEBUG] 16:36:33.096 [AiEngine] Using JS Search
[DEBUG] 16:36:33.099 [AiEngine] Adaptive time: 3000ms, depth: 5, reason: endgame, emergency: false
[DEBUG] 16:36:33.099 [AiEngine] Using JS Search
[DEBUG] 16:36:33.140 [AiEngine] Adaptive time: 3000ms, depth: 5, reason: endgame, emergency: false
[DEBUG] 16:36:33.140 [AiEngine] Using JS Search
[DEBUG] 16:36:33.142 [AiEngine] Adaptive time: 3000ms, depth: 5, reason: endgame, emergency: false
[DEBUG] 16:36:33.142 [AiEngine] Using JS Search
[DEBUG] 16:36:33.156 [AiEngine] Adaptive time: 3000ms, depth: 5, reason: endgame, emergency: false
[DEBUG] 16:36:33.156 [AiEngine] Using JS Search
[DEBUG] 16:36:33.157 [AiEngine] Adaptive time: 3000ms, depth: 5, reason: endgame, emergency: false
[DEBUG] 16:36:33.157 [AiEngine] Using JS Search
[DEBUG] 16:36:33.190 [AiEngine] Adaptive time: 3000ms, depth: 5, reason: endgame, emergency: false
[DEBUG] 16:36:33.190 [AiEngine] Using JS Search
[DEBUG] 16:36:33.192 [AiEngine] Adaptive time: 3000ms, depth: 5, reason: endgame, emergency: false
[DEBUG] 16:36:33.192 [AiEngine] Using JS Search
[DEBUG] 16:36:33.198 [AiEngine] Adaptive time: 3000ms, depth: 5, reason: endgame, emergency: false
[DEBUG] 16:36:33.198 [AiEngine] Using JS Search
[DEBUG] 16:36:33.202 [AiEngine] Adaptive time: 3000ms, depth: 5, reason: endgame, emergency: false
[DEBUG] 16:36:33.202 [AiEngine] Using JS Search
[DEBUG] 16:36:33.210 [AiEngine] Adaptive time: 3000ms, depth: 5, reason: endgame, emergency: false
[DEBUG] 16:36:33.210 [AiEngine] Using JS Search
[DEBUG] 16:36:33.212 [AiEngine] Adaptive time: 3000ms, depth: 5, reason: endgame, emergency: false
[DEBUG] 16:36:33.212 [AiEngine] Using JS Search
[DEBUG] 16:36:33.218 [AiEngine] Adaptive time: 3000ms, depth: 5, reason: endgame, emergency: false
[DEBUG] 16:36:33.218 [AiEngine] Using JS Search
[DEBUG] 16:36:33.221 [AiEngine] Adaptive time: 3000ms, depth: 5, reason: endgame, emergency: false
[DEBUG] 16:36:33.221 [AiEngine] Using JS Search
[DEBUG] 16:36:33.227 [AiEngine] Adaptive time: 3000ms, depth: 5, reason: endgame, emergency: false
[DEBUG] 16:36:33.227 [AiEngine] Using JS Search
[DEBUG] 16:36:33.229 [AiEngine] Adaptive time: 3000ms, depth: 5, reason: endgame, emergency: false
[DEBUG] 16:36:33.229 [AiEngine] Using JS Search
[DEBUG] 16:36:33.240 [AiEngine] Adaptive time: 3000ms, depth: 5, reason: endgame, emergency: false
[DEBUG] 16:36:33.240 [AiEngine] Using JS Search
[DEBUG] 16:36:33.242 [AiEngine] Adaptive time: 3000ms, depth: 5, reason: endgame, emergency: false
[DEBUG] 16:36:33.242 [AiEngine] Using JS Search
[DEBUG] 16:36:33.263 [AiEngine] Adaptive time: 3000ms, depth: 5, reason: endgame, emergency: false
[DEBUG] 16:36:33.263 [AiEngine] Using JS Search
[DEBUG] 16:36:33.264 [AiEngine] Adaptive time: 3000ms, depth: 5, reason: endgame, emergency: false
[DEBUG] 16:36:33.264 [AiEngine] Using JS Search
[DEBUG] 16:36:33.280 [AiEngine] Adaptive time: 3000ms, depth: 5, reason: endgame, emergency: false
[DEBUG] 16:36:33.280 [AiEngine] Using JS Search
[DEBUG] 16:36:33.284 [AiEngine] Adaptive time: 3000ms, depth: 5, reason: endgame, emergency: false
[DEBUG] 16:36:33.284 [AiEngine] Using JS Search
[DEBUG] 16:36:33.307 [AiEngine] Adaptive time: 500ms, depth: 4, reason: midgame, opening, emergency: false
[DEBUG] 16:36:33.307 [AiEngine] Using JS Search
[DEBUG] 16:36:33.325 [AiEngine] Adaptive time: 500ms, depth: 4, reason: midgame, opening, emergency: false
[DEBUG] 16:36:33.325 [AiEngine] Using JS Search
[DEBUG] 16:36:33.379 [AiEngine] Adaptive time: 500ms, depth: 4, reason: midgame, opening, emergency: false
[DEBUG] 16:36:33.379 [AiEngine] Using JS Search
[DEBUG] 16:36:33.575 [AiEngine] Adaptive time: 500ms, depth: 4, reason: midgame, opening, emergency: false
[DEBUG] 16:36:33.575 [AiEngine] Using JS Search
[DEBUG] 16:36:33.785 [AiEngine] Adaptive time: 500ms, depth: 4, reason: midgame, opening, emergency: false
[DEBUG] 16:36:33.785 [AiEngine] Using JS Search
[DEBUG] 16:36:34.102 [AiEngine] Adaptive time: 500ms, depth: 4, reason: midgame, opening, emergency: false
[DEBUG] 16:36:34.102 [AiEngine] Using JS Search
[DEBUG] 16:36:34.362 [AiEngine] Adaptive time: 500ms, depth: 4, reason: midgame, opening, emergency: false
[DEBUG] 16:36:34.363 [AiEngine] Using JS Search
[DEBUG] 16:36:34.645 [AiEngine] Adaptive time: 500ms, depth: 4, reason: midgame, opening, emergency: false
[DEBUG] 16:36:34.645 [AiEngine] Using JS Search
[DEBUG] 16:36:34.954 [AiEngine] Adaptive time: 500ms, depth: 4, reason: midgame, opening, tactical, emergency: false
[DEBUG] 16:36:34.954 [AiEngine] Using JS Search
[DEBUG] 16:36:35.290 [AiEngine] Adaptive time: 500ms, depth: 4, reason: midgame, opening, tactical, emergency: false
[DEBUG] 16:36:35.290 [AiEngine] Using JS Search
[DEBUG] 16:36:35.750 [AiEngine] Adaptive time: 500ms, depth: 4, reason: midgame, opening, tactical, emergency: false
[DEBUG] 16:36:35.750 [AiEngine] Using JS Search
[DEBUG] 16:36:35.861 [AiEngine] Adaptive time: 500ms, depth: 4, reason: midgame, opening, emergency: false
[DEBUG] 16:36:35.861 [AiEngine] Using JS Search
[DEBUG] 16:36:36.187 [AiEngine] Adaptive time: 500ms, depth: 4, reason: midgame, opening, emergency: false
[DEBUG] 16:36:36.187 [AiEngine] Using JS Search
[DEBUG] 16:36:36.304 [AiEngine] Adaptive time: 500ms, depth: 4, reason: midgame, opening, tactical, emergency: false
[DEBUG] 16:36:36.304 [AiEngine] Using JS Search
[DEBUG] 16:36:36.645 [AiEngine] Adaptive time: 500ms, depth: 4, reason: midgame, opening, emergency: false
[DEBUG] 16:36:36.645 [AiEngine] Using JS Search
[DEBUG] 16:36:36.714 [AiEngine] Adaptive time: 500ms, depth: 4, reason: midgame, opening, tactical, emergency: false
[DEBUG] 16:36:36.714 [AiEngine] Using JS Search
[DEBUG] 16:36:37.211 [AiEngine] Adaptive time: 500ms, depth: 4, reason: midgame, opening, emergency: false
[DEBUG] 16:36:37.211 [AiEngine] Using JS Search
[DEBUG] 16:36:37.288 [AiEngine] Adaptive time: 500ms, depth: 4, reason: midgame, opening, tactical, emergency: false
[DEBUG] 16:36:37.288 [AiEngine] Using JS Search
[DEBUG] 16:36:37.371 [AiEngine] Adaptive time: 500ms, depth: 4, reason: midgame, opening, emergency: false
[DEBUG] 16:36:37.371 [AiEngine] Using JS Search
[DEBUG] 16:36:37.531 [AiEngine] Adaptive time: 500ms, depth: 4, reason: midgame, opening, emergency: false
[DEBUG] 16:36:37.531 [AiEngine] Using JS Search
[DEBUG] 16:36:37.930 [AiEngine] Adaptive time: 500ms, depth: 4, reason: midgame, opening, emergency: false
[DEBUG] 16:36:37.930 [AiEngine] Using JS Search
[DEBUG] 16:36:37.981 [AiEngine] Adaptive time: 500ms, depth: 4, reason: midgame, opening, tactical, emergency: false
[DEBUG] 16:36:37.981 [AiEngine] Using JS Search
[DEBUG] 16:36:38.175 [AiEngine] Adaptive time: 500ms, depth: 4, reason: midgame, opening, emergency: false
[DEBUG] 16:36:38.175 [AiEngine] Using JS Search
[DEBUG] 16:36:38.205 [AiEngine] Adaptive time: 500ms, depth: 4, reason: midgame, opening, emergency: false
[DEBUG] 16:36:38.205 [AiEngine] Using JS Search
[DEBUG] 16:36:38.450 [AiEngine] Adaptive time: 500ms, depth: 4, reason: midgame, opening, emergency: false
[DEBUG] 16:36:38.450 [AiEngine] Using JS Search
[DEBUG] 16:36:38.495 [AiEngine] Adaptive time: 500ms, depth: 4, reason: midgame, opening, tactical, emergency: false
[DEBUG] 16:36:38.495 [AiEngine] Using JS Search
[DEBUG] 16:36:38.547 [AiEngine] Adaptive time: 500ms, depth: 4, reason: midgame, opening, emergency: false
[DEBUG] 16:36:38.547 [AiEngine] Using JS Search
[DEBUG] 16:36:38.587 [AiEngine] Adaptive time: 500ms, depth: 4, reason: midgame, opening, tactical, emergency: false
[DEBUG] 16:36:38.587 [AiEngine] Using JS Search
[DEBUG] 16:36:38.766 [AiEngine] Adaptive time: 500ms, depth: 4, reason: midgame, opening, emergency: false
[DEBUG] 16:36:38.767 [AiEngine] Using JS Search
[DEBUG] 16:36:38.797 [AiEngine] Adaptive time: 500ms, depth: 4, reason: midgame, opening, tactical, emergency: false
[DEBUG] 16:36:38.798 [AiEngine] Using JS Search
[DEBUG] 16:36:38.799 [AiEngine] Adaptive time: 500ms, depth: 4, reason: midgame, opening, emergency: false
[DEBUG] 16:36:38.799 [AiEngine] Using JS Search
[DEBUG] 16:36:38.926 [AiEngine] Adaptive time: 500ms, depth: 4, reason: midgame, opening, tactical, emergency: false
[DEBUG] 16:36:38.926 [AiEngine] Using JS Search
[DEBUG] 16:36:38.928 [AiEngine] Adaptive time: 500ms, depth: 4, reason: midgame, opening, emergency: false
[DEBUG] 16:36:38.928 [AiEngine] Using JS Search
[DEBUG] 16:36:39.013 [AiEngine] Adaptive time: 500ms, depth: 4, reason: midgame, opening, tactical, emergency: false
[DEBUG] 16:36:39.013 [AiEngine] Using JS Search
[DEBUG] 16:36:39.015 [AiEngine] Adaptive time: 500ms, depth: 4, reason: midgame, opening, tactical, emergency: false
[DEBUG] 16:36:39.015 [AiEngine] Using JS Search
[DEBUG] 16:36:39.100 [AiEngine] Adaptive time: 500ms, depth: 4, reason: midgame, opening, tactical, emergency: false
[DEBUG] 16:36:39.100 [AiEngine] Using JS Search
[DEBUG] 16:36:39.104 [AiEngine] Adaptive time: 500ms, depth: 4, reason: midgame, opening, in-check, emergency: false
[DEBUG] 16:36:39.104 [AiEngine] Using JS Search
[DEBUG] 16:36:39.146 [AiEngine] Adaptive time: 500ms, depth: 4, reason: midgame, opening, tactical, emergency: false
[DEBUG] 16:36:39.146 [AiEngine] Using JS Search
[DEBUG] 16:36:39.154 [AiEngine] Adaptive time: 500ms, depth: 4, reason: midgame, opening, in-check, emergency: false
[DEBUG] 16:36:39.154 [AiEngine] Using JS Search
[DEBUG] 16:36:39.162 [AiEngine] Adaptive time: 500ms, depth: 4, reason: midgame, opening, tactical, emergency: false
[DEBUG] 16:36:39.162 [AiEngine] Using JS Search
[DEBUG] 16:36:39.163 [AiEngine] Adaptive time: 3000ms, depth: 5, reason: midgame, emergency: false
[DEBUG] 16:36:39.163 [AiEngine] Using JS Search
[DEBUG] 16:36:39.625 [AiEngine] Adaptive time: 3000ms, depth: 5, reason: midgame, tactical, emergency: false
[DEBUG] 16:36:39.625 [AiEngine] Using JS Search
[DEBUG] 16:36:39.627 [AiEngine] Adaptive time: 3000ms, depth: 5, reason: midgame, tactical, emergency: false
[DEBUG] 16:36:39.627 [AiEngine] Using JS Search
[DEBUG] 16:36:40.072 [AiEngine] Adaptive time: 3000ms, depth: 5, reason: midgame, tactical, emergency: false
[DEBUG] 16:36:40.072 [AiEngine] Using JS Search
[DEBUG] 16:36:40.074 [AiEngine] Adaptive time: 3000ms, depth: 5, reason: midgame, tactical, emergency: false
[DEBUG] 16:36:40.074 [AiEngine] Using JS Search
[DEBUG] 16:36:40.517 [AiEngine] Adaptive time: 3000ms, depth: 5, reason: midgame, tactical, emergency: false
[DEBUG] 16:36:40.517 [AiEngine] Using JS Search
[DEBUG] 16:36:40.519 [AiEngine] Adaptive time: 3000ms, depth: 5, reason: midgame, tactical, emergency: false
[DEBUG] 16:36:40.519 [AiEngine] Using JS Search
[DEBUG] 16:36:40.721 [AiEngine] Adaptive time: 3000ms, depth: 5, reason: midgame, tactical, emergency: false
[DEBUG] 16:36:40.721 [AiEngine] Using JS Search
[DEBUG] 16:36:40.727 [AiEngine] Adaptive time: 3000ms, depth: 5, reason: midgame, emergency: false
[DEBUG] 16:36:40.727 [AiEngine] Using JS Search
[DEBUG] 16:36:40.960 [AiEngine] Adaptive time: 3000ms, depth: 5, reason: midgame, emergency: false
[DEBUG] 16:36:40.960 [AiEngine] Using JS Search
[DEBUG] 16:36:40.961 [AiEngine] Adaptive time: 3000ms, depth: 5, reason: midgame, emergency: false
[DEBUG] 16:36:40.961 [AiEngine] Using JS Search
[DEBUG] 16:36:41.177 [AiEngine] Adaptive time: 3000ms, depth: 5, reason: midgame, emergency: false
[DEBUG] 16:36:41.177 [AiEngine] Using JS Search
[DEBUG] 16:36:41.178 [AiEngine] Adaptive time: 3000ms, depth: 5, reason: standard, emergency: false
[DEBUG] 16:36:41.178 [AiEngine] Using JS Search
[DEBUG] 16:36:41.299 [AiEngine] Adaptive time: 3000ms, depth: 5, reason: standard, emergency: false
[DEBUG] 16:36:41.300 [AiEngine] Using JS Search
[DEBUG] 16:36:41.301 [AiEngine] Adaptive time: 3000ms, depth: 5, reason: standard, emergency: false
[DEBUG] 16:36:41.301 [AiEngine] Using JS Search
[DEBUG] 16:36:41.455 [AiEngine] Adaptive time: 3000ms, depth: 5, reason: standard, emergency: false
[DEBUG] 16:36:41.455 [AiEngine] Using JS Search
[DEBUG] 16:36:41.457 [AiEngine] Adaptive time: 3000ms, depth: 5, reason: standard, emergency: false
[DEBUG] 16:36:41.457 [AiEngine] Using JS Search
[DEBUG] 16:36:41.779 [AiEngine] Adaptive time: 3000ms, depth: 5, reason: in-check, emergency: false
[DEBUG] 16:36:41.779 [AiEngine] Using JS Search
[DEBUG] 16:36:41.881 [AiEngine] Adaptive time: 3000ms, depth: 5, reason: standard, emergency: false
[DEBUG] 16:36:41.881 [AiEngine] Using JS Search
[DEBUG] 16:36:41.926 [AiEngine] Adaptive time: 3000ms, depth: 5, reason: standard, emergency: false
[DEBUG] 16:36:41.926 [AiEngine] Using JS Search
[DEBUG] 16:36:41.947 [AiEngine] Adaptive time: 3000ms, depth: 5, reason: standard, emergency: false
[DEBUG] 16:36:41.947 [AiEngine] Using JS Search
[DEBUG] 16:36:42.021 [AiEngine] Adaptive time: 3000ms, depth: 5, reason: standard, emergency: false
[DEBUG] 16:36:42.021 [AiEngine] Using JS Search
[DEBUG] 16:36:42.022 [AiEngine] Adaptive time: 3000ms, depth: 5, reason: standard, emergency: false
[DEBUG] 16:36:42.022 [AiEngine] Using JS Search
[DEBUG] 16:36:42.075 [AiEngine] Adaptive time: 3000ms, depth: 5, reason: standard, emergency: false
[DEBUG] 16:36:42.075 [AiEngine] Using JS Search
[DEBUG] 16:36:42.076 [AiEngine] Adaptive time: 3000ms, depth: 5, reason: standard, emergency: false
[DEBUG] 16:36:42.076 [AiEngine] Using JS Search
[DEBUG] 16:36:42.157 [AiEngine] Adaptive time: 3000ms, depth: 5, reason: standard, emergency: false
[DEBUG] 16:36:42.158 [AiEngine] Using JS Search
[DEBUG] 16:36:42.289 [AiEngine] Adaptive time: 3000ms, depth: 5, reason: standard, emergency: false
[DEBUG] 16:36:42.289 [AiEngine] Using JS Search
[DEBUG] 16:36:42.310 [AiEngine] Adaptive time: 3000ms, depth: 5, reason: standard, emergency: false
[DEBUG] 16:36:42.310 [AiEngine] Using JS Search
[DEBUG] 16:36:42.311 [AiEngine] Adaptive time: 3000ms, depth: 5, reason: standard, emergency: false
[DEBUG] 16:36:42.311 [AiEngine] Using JS Search
[DEBUG] 16:36:42.411 [AiEngine] Adaptive time: 3000ms, depth: 5, reason: standard, emergency: false
[DEBUG] 16:36:42.412 [AiEngine] Using JS Search
[DEBUG] 16:36:42.413 [AiEngine] Adaptive time: 3000ms, depth: 5, reason: standard, emergency: false
[DEBUG] 16:36:42.413 [AiEngine] Using JS Search
[DEBUG] 16:36:42.479 [AiEngine] Adaptive time: 3000ms, depth: 5, reason: standard, emergency: false
[DEBUG] 16:36:42.479 [AiEngine] Using JS Search
[DEBUG] 16:36:42.480 [AiEngine] Adaptive time: 3000ms, depth: 5, reason: standard, emergency: false
[DEBUG] 16:36:42.480 [AiEngine] Using JS Search
[DEBUG] 16:36:42.527 [AiEngine] Adaptive time: 3000ms, depth: 5, reason: standard, emergency: false
[DEBUG] 16:36:42.527 [AiEngine] Using JS Search
[DEBUG] 16:36:42.529 [AiEngine] Adaptive time: 3000ms, depth: 5, reason: standard, emergency: false
[DEBUG] 16:36:42.529 [AiEngine] Using JS Search
[DEBUG] 16:36:42.601 [AiEngine] Adaptive time: 3000ms, depth: 5, reason: standard, emergency: false
[DEBUG] 16:36:42.601 [AiEngine] Using JS Search
[DEBUG] 16:36:42.602 [AiEngine] Adaptive time: 3000ms, depth: 5, reason: standard, emergency: false
[DEBUG] 16:36:42.602 [AiEngine] Using JS Search
[DEBUG] 16:36:42.663 [AiEngine] Adaptive time: 3000ms, depth: 5, reason: standard, emergency: false
[DEBUG] 16:36:42.663 [AiEngine] Using JS Search
[DEBUG] 16:36:42.664 [AiEngine] Adaptive time: 3000ms, depth: 5, reason: standard, emergency: false
[DEBUG] 16:36:42.664 [AiEngine] Using JS Search
[DEBUG] 16:36:42.722 [AiEngine] Adaptive time: 3000ms, depth: 5, reason: standard, emergency: false
[DEBUG] 16:36:42.722 [AiEngine] Using JS Search
[DEBUG] 16:36:42.723 [AiEngine] Adaptive time: 3000ms, depth: 5, reason: standard, emergency: false
[DEBUG] 16:36:42.723 [AiEngine] Using JS Search
[DEBUG] 16:36:42.782 [AiEngine] Adaptive time: 3000ms, depth: 5, reason: standard, emergency: false
[DEBUG] 16:36:42.782 [AiEngine] Using JS Search
[DEBUG] 16:36:42.783 [AiEngine] Adaptive time: 3000ms, depth: 5, reason: standard, emergency: false
[DEBUG] 16:36:42.783 [AiEngine] Using JS Search
[DEBUG] 16:36:42.844 [AiEngine] Adaptive time: 3000ms, depth: 5, reason: standard, emergency: false
[DEBUG] 16:36:42.844 [AiEngine] Using JS Search
[DEBUG] 16:36:42.845 [AiEngine] Adaptive time: 3000ms, depth: 5, reason: standard, emergency: false
[DEBUG] 16:36:42.845 [AiEngine] Using JS Search
[DEBUG] 16:36:42.872 [AiEngine] Adaptive time: 3000ms, depth: 5, reason: standard, emergency: false
[DEBUG] 16:36:42.872 [AiEngine] Using JS Search
[DEBUG] 16:36:42.872 [AiEngine] Adaptive time: 3000ms, depth: 5, reason: endgame, emergency: false
[DEBUG] 16:36:42.872 [AiEngine] Using JS Search
[DEBUG] 16:36:42.958 [AiEngine] Adaptive time: 3000ms, depth: 5, reason: endgame, emergency: false
[DEBUG] 16:36:42.958 [AiEngine] Using JS Search
[DEBUG] 16:36:42.965 [AiEngine] Adaptive time: 3000ms, depth: 5, reason: endgame, emergency: false
[DEBUG] 16:36:42.965 [AiEngine] Using JS Search
[DEBUG] 16:36:42.994 [AiEngine] Adaptive time: 3000ms, depth: 5, reason: endgame, tactical, emergency: false
[DEBUG] 16:36:42.994 [AiEngine] Using JS Search
[DEBUG] 16:36:43.000 [AiEngine] Adaptive time: 3000ms, depth: 5, reason: endgame, emergency: false
[DEBUG] 16:36:43.000 [AiEngine] Using JS Search
[DEBUG] 16:36:43.016 [AiEngine] Adaptive time: 3000ms, depth: 5, reason: endgame, tactical, emergency: false
[DEBUG] 16:36:43.016 [AiEngine] Using JS Search
[DEBUG] 16:36:43.021 [AiEngine] Adaptive time: 3000ms, depth: 5, reason: endgame, emergency: false
[DEBUG] 16:36:43.021 [AiEngine] Using JS Search
[DEBUG] 16:36:43.043 [AiEngine] Adaptive time: 3000ms, depth: 5, reason: endgame, emergency: false
[DEBUG] 16:36:43.043 [AiEngine] Using JS Search
[DEBUG] 16:36:43.050 [AiEngine] Adaptive time: 3000ms, depth: 5, reason: endgame, emergency: false
[DEBUG] 16:36:43.050 [AiEngine] Using JS Search
[DEBUG] 16:36:43.071 [AiEngine] Adaptive time: 3000ms, depth: 5, reason: endgame, tactical, emergency: false
[DEBUG] 16:36:43.071 [AiEngine] Using JS Search
[DEBUG] 16:36:43.076 [AiEngine] Adaptive time: 3000ms, depth: 5, reason: endgame, emergency: false
[DEBUG] 16:36:43.076 [AiEngine] Using JS Search
[DEBUG] 16:36:43.092 [AiEngine] Adaptive time: 3000ms, depth: 5, reason: endgame, tactical, emergency: false
[DEBUG] 16:36:43.092 [AiEngine] Using JS Search
[DEBUG] 16:36:43.096 [AiEngine] Adaptive time: 3000ms, depth: 5, reason: endgame, emergency: false
[DEBUG] 16:36:43.096 [AiEngine] Using JS Search
[DEBUG] 16:36:43.108 [AiEngine] Adaptive time: 3000ms, depth: 5, reason: endgame, tactical, emergency: false
[DEBUG] 16:36:43.108 [AiEngine] Using JS Search
[DEBUG] 16:36:43.114 [AiEngine] Adaptive time: 500ms, depth: 4, reason: midgame, opening, emergency: false
[DEBUG] 16:36:43.114 [AiEngine] Using JS Search
[DEBUG] 16:36:43.129 [AiEngine] Adaptive time: 500ms, depth: 4, reason: midgame, opening, emergency: false
[DEBUG] 16:36:43.129 [AiEngine] Using JS Search
[DEBUG] 16:36:43.184 [AiEngine] Adaptive time: 500ms, depth: 4, reason: midgame, opening, emergency: false
[DEBUG] 16:36:43.184 [AiEngine] Using JS Search
[DEBUG] 16:36:43.396 [AiEngine] Adaptive time: 500ms, depth: 4, reason: midgame, opening, emergency: false
[DEBUG] 16:36:43.396 [AiEngine] Using JS Search
[DEBUG] 16:36:43.678 [AiEngine] Adaptive time: 500ms, depth: 4, reason: midgame, opening, emergency: false
[DEBUG] 16:36:43.678 [AiEngine] Using JS Search
[DEBUG] 16:36:44.377 [AiEngine] Adaptive time: 500ms, depth: 4, reason: midgame, opening, emergency: false
[DEBUG] 16:36:44.377 [AiEngine] Using JS Search
[DEBUG] 16:36:44.537 [AiEngine] Adaptive time: 500ms, depth: 4, reason: midgame, opening, emergency: false
[DEBUG] 16:36:44.537 [AiEngine] Using JS Search
[DEBUG] 16:36:44.811 [AiEngine] Adaptive time: 500ms, depth: 4, reason: midgame, opening, emergency: false
[DEBUG] 16:36:44.811 [AiEngine] Using JS Search
[DEBUG] 16:36:44.945 [AiEngine] Adaptive time: 500ms, depth: 4, reason: midgame, opening, tactical, emergency: false
[DEBUG] 16:36:44.945 [AiEngine] Using JS Search
[DEBUG] 16:36:44.987 [AiEngine] Adaptive time: 500ms, depth: 4, reason: midgame, opening, emergency: false
[DEBUG] 16:36:44.987 [AiEngine] Using JS Search
[DEBUG] 16:36:45.036 [AiEngine] Adaptive time: 500ms, depth: 4, reason: midgame, opening, emergency: false
[DEBUG] 16:36:45.036 [AiEngine] Using JS Search
[DEBUG] 16:36:45.254 [AiEngine] Adaptive time: 500ms, depth: 4, reason: midgame, opening, tactical, emergency: false
[DEBUG] 16:36:45.254 [AiEngine] Using JS Search
[DEBUG] 16:36:45.279 [AiEngine] Adaptive time: 500ms, depth: 4, reason: midgame, opening, emergency: false
[DEBUG] 16:36:45.279 [AiEngine] Using JS Search
[DEBUG] 16:36:45.588 [AiEngine] Adaptive time: 500ms, depth: 4, reason: midgame, opening, in-check, emergency: false
[DEBUG] 16:36:45.588 [AiEngine] Using JS Search
[DEBUG] 16:36:45.806 [AiEngine] Adaptive time: 500ms, depth: 4, reason: midgame, opening, tactical, emergency: false
[DEBUG] 16:36:45.806 [AiEngine] Using JS Search
[DEBUG] 16:36:46.062 [AiEngine] Adaptive time: 500ms, depth: 4, reason: midgame, opening, tactical, emergency: false
[DEBUG] 16:36:46.063 [AiEngine] Using JS Search
[DEBUG] 16:36:46.143 [AiEngine] Adaptive time: 500ms, depth: 4, reason: midgame, opening, tactical, emergency: false
[DEBUG] 16:36:46.143 [AiEngine] Using JS Search
[DEBUG] 16:36:46.184 [AiEngine] Adaptive time: 500ms, depth: 4, reason: midgame, opening, tactical, emergency: false
[DEBUG] 16:36:46.184 [AiEngine] Using JS Search
[DEBUG] 16:36:46.209 [AiEngine] Adaptive time: 500ms, depth: 4, reason: midgame, opening, in-check, emergency: false
[DEBUG] 16:36:46.209 [AiEngine] Using JS Search
[DEBUG] 16:36:46.209 [AiEngine] Adaptive time: 500ms, depth: 4, reason: midgame, opening, emergency: false
[DEBUG] 16:36:46.209 [AiEngine] Using JS Search
[DEBUG] 16:36:46.222 [AiEngine] Adaptive time: 500ms, depth: 4, reason: midgame, opening, emergency: false
[DEBUG] 16:36:46.222 [AiEngine] Using JS Search
[DEBUG] 16:36:46.322 [AiEngine] Adaptive time: 500ms, depth: 4, reason: midgame, opening, emergency: false
[DEBUG] 16:36:46.322 [AiEngine] Using JS Search
[DEBUG] 16:36:46.513 [AiEngine] Adaptive time: 500ms, depth: 4, reason: midgame, opening, emergency: false
[DEBUG] 16:36:46.513 [AiEngine] Using JS Search
[DEBUG] 16:36:46.812 [AiEngine] Adaptive time: 500ms, depth: 4, reason: midgame, opening, emergency: false
[DEBUG] 16:36:46.812 [AiEngine] Using JS Search
[DEBUG] 16:36:47.316 [AiEngine] Adaptive time: 500ms, depth: 4, reason: midgame, opening, emergency: false
[DEBUG] 16:36:47.316 [AiEngine] Using JS Search
[DEBUG] 16:36:47.543 [AiEngine] Adaptive time: 500ms, depth: 4, reason: midgame, opening, tactical, emergency: false
[DEBUG] 16:36:47.543 [AiEngine] Using JS Search
[DEBUG] 16:36:47.929 [AiEngine] Adaptive time: 500ms, depth: 4, reason: midgame, opening, emergency: false
[DEBUG] 16:36:47.929 [AiEngine] Using JS Search
[DEBUG] 16:36:48.084 [AiEngine] Adaptive time: 500ms, depth: 4, reason: midgame, opening, emergency: false
[DEBUG] 16:36:48.084 [AiEngine] Using JS Search
[DEBUG] 16:36:48.681 [AiEngine] Adaptive time: 500ms, depth: 4, reason: midgame, opening, emergency: false
[DEBUG] 16:36:48.681 [AiEngine] Using JS Search
[DEBUG] 16:36:48.845 [AiEngine] Adaptive time: 500ms, depth: 4, reason: midgame, opening, tactical, emergency: false
[DEBUG] 16:36:48.846 [AiEngine] Using JS Search
[DEBUG] 16:36:49.232 [AiEngine] Adaptive time: 500ms, depth: 4, reason: midgame, opening, emergency: false
[DEBUG] 16:36:49.232 [AiEngine] Using JS Search
[DEBUG] 16:36:49.394 [AiEngine] Adaptive time: 500ms, depth: 4, reason: midgame, opening, tactical, emergency: false
[DEBUG] 16:36:49.395 [AiEngine] Using JS Search
[DEBUG] 16:36:49.638 [AiEngine] Adaptive time: 500ms, depth: 4, reason: midgame, opening, emergency: false
[DEBUG] 16:36:49.638 [AiEngine] Using JS Search
[DEBUG] 16:36:50.023 [AiEngine] Adaptive time: 500ms, depth: 4, reason: midgame, opening, tactical, emergency: false
[DEBUG] 16:36:50.023 [AiEngine] Using JS Search
[DEBUG] 16:36:50.569 [AiEngine] Adaptive time: 500ms, depth: 4, reason: midgame, opening, emergency: false
[DEBUG] 16:36:50.569 [AiEngine] Using JS Search
[DEBUG] 16:36:50.920 [AiEngine] Adaptive time: 500ms, depth: 4, reason: midgame, opening, tactical, emergency: false
[DEBUG] 16:36:50.920 [AiEngine] Using JS Search
[DEBUG] 16:36:51.428 [AiEngine] Adaptive time: 500ms, depth: 4, reason: midgame, opening, emergency: false
[DEBUG] 16:36:51.429 [AiEngine] Using JS Search
[DEBUG] 16:36:51.829 [AiEngine] Adaptive time: 500ms, depth: 4, reason: midgame, opening, tactical, emergency: false
[DEBUG] 16:36:51.829 [AiEngine] Using JS Search
[DEBUG] 16:36:52.154 [AiEngine] Adaptive time: 500ms, depth: 4, reason: midgame, opening, emergency: false
[DEBUG] 16:36:52.154 [AiEngine] Using JS Search
[DEBUG] 16:36:52.252 [AiEngine] Adaptive time: 500ms, depth: 4, reason: midgame, opening, tactical, emergency: false
[DEBUG] 16:36:52.252 [AiEngine] Using JS Search
[DEBUG] 16:36:52.465 [AiEngine] Adaptive time: 500ms, depth: 4, reason: midgame, opening, emergency: false
[DEBUG] 16:36:52.465 [AiEngine] Using JS Search
[DEBUG] 16:36:52.553 [AiEngine] Adaptive time: 500ms, depth: 4, reason: midgame, opening, tactical, emergency: false
[DEBUG] 16:36:52.553 [AiEngine] Using JS Search
[DEBUG] 16:36:52.723 [AiEngine] Adaptive time: 500ms, depth: 4, reason: midgame, opening, emergency: false
[DEBUG] 16:36:52.723 [AiEngine] Using JS Search
[DEBUG] 16:36:52.813 [AiEngine] Adaptive time: 500ms, depth: 4, reason: midgame, opening, tactical, emergency: false
[DEBUG] 16:36:52.813 [AiEngine] Using JS Search
[DEBUG] 16:36:53.015 [AiEngine] Adaptive time: 500ms, depth: 4, reason: midgame, opening, emergency: false
[DEBUG] 16:36:53.015 [AiEngine] Using JS Search
[DEBUG] 16:36:53.161 [AiEngine] Adaptive time: 500ms, depth: 4, reason: midgame, opening, tactical, emergency: false
[DEBUG] 16:36:53.162 [AiEngine] Using JS Search
[DEBUG] 16:36:53.205 [AiEngine] Adaptive time: 500ms, depth: 4, reason: midgame, opening, emergency: false
[DEBUG] 16:36:53.205 [AiEngine] Using JS Search
[DEBUG] 16:36:53.236 [AiEngine] Adaptive time: 500ms, depth: 4, reason: midgame, opening, tactical, emergency: false
[DEBUG] 16:36:53.236 [AiEngine] Using JS Search
[DEBUG] 16:36:53.265 [AiEngine] Adaptive time: 500ms, depth: 4, reason: midgame, opening, in-check, emergency: false
[DEBUG] 16:36:53.265 [AiEngine] Using JS Search
[DEBUG] 16:36:53.269 [AiEngine] Adaptive time: 500ms, depth: 4, reason: midgame, opening, tactical, emergency: false
[DEBUG] 16:36:53.269 [AiEngine] Using JS Search
[DEBUG] 16:36:53.404 [AiEngine] Adaptive time: 500ms, depth: 4, reason: midgame, opening, emergency: false
[DEBUG] 16:36:53.404 [AiEngine] Using JS Search
[DEBUG] 16:36:53.436 [AiEngine] Adaptive time: 500ms, depth: 4, reason: midgame, opening, tactical, emergency: false
[DEBUG] 16:36:53.436 [AiEngine] Using JS Search
[DEBUG] 16:36:53.465 [AiEngine] Adaptive time: 500ms, depth: 4, reason: midgame, opening, in-check, emergency: false
[DEBUG] 16:36:53.465 [AiEngine] Using JS Search
[DEBUG] 16:36:53.468 [AiEngine] Adaptive time: 500ms, depth: 4, reason: midgame, opening, tactical, emergency: false
[DEBUG] 16:36:53.468 [AiEngine] Using JS Search
[DEBUG] 16:36:53.470 [AiEngine] Adaptive time: 500ms, depth: 4, reason: midgame, opening, in-check, emergency: false
[DEBUG] 16:36:53.470 [AiEngine] Using JS Search
[DEBUG] 16:36:53.472 [AiEngine] Adaptive time: 500ms, depth: 4, reason: midgame, opening, tactical, emergency: false
[DEBUG] 16:36:53.472 [AiEngine] Using JS Search
[DEBUG] 16:36:53.473 [AiEngine] Adaptive time: 500ms, depth: 4, reason: midgame, opening, emergency: false
[DEBUG] 16:36:53.473 [AiEngine] Using JS Search
[DEBUG] 16:36:53.661 [AiEngine] Adaptive time: 500ms, depth: 4, reason: midgame, opening, tactical, emergency: false
[DEBUG] 16:36:53.661 [AiEngine] Using JS Search
[DEBUG] 16:36:53.662 [AiEngine] Adaptive time: 500ms, depth: 4, reason: midgame, opening, emergency: false
[DEBUG] 16:36:53.662 [AiEngine] Using JS Search
[DEBUG] 16:36:53.846 [AiEngine] Adaptive time: 3000ms, depth: 5, reason: midgame, emergency: false
[DEBUG] 16:36:53.846 [AiEngine] Using JS Search
[DEBUG] 16:36:53.847 [AiEngine] Adaptive time: 3000ms, depth: 5, reason: midgame, emergency: false
[DEBUG] 16:36:53.847 [AiEngine] Using JS Search
[DEBUG] 16:36:54.359 [AiEngine] Adaptive time: 3000ms, depth: 5, reason: midgame, emergency: false
[DEBUG] 16:36:54.359 [AiEngine] Using JS Search
[DEBUG] 16:36:54.360 [AiEngine] Adaptive time: 3000ms, depth: 5, reason: midgame, emergency: false
[DEBUG] 16:36:54.360 [AiEngine] Using JS Search
[DEBUG] 16:36:54.738 [AiEngine] Adaptive time: 3000ms, depth: 5, reason: midgame, emergency: false
[DEBUG] 16:36:54.738 [AiEngine] Using JS Search
[DEBUG] 16:36:54.740 [AiEngine] Adaptive time: 3000ms, depth: 5, reason: midgame, emergency: false
[DEBUG] 16:36:54.740 [AiEngine] Using JS Search
[DEBUG] 16:36:55.188 [AiEngine] Adaptive time: 3000ms, depth: 5, reason: midgame, emergency: false
[DEBUG] 16:36:55.188 [AiEngine] Using JS Search
[DEBUG] 16:36:55.630 [AiEngine] Adaptive time: 3000ms, depth: 5, reason: midgame, emergency: false
[DEBUG] 16:36:55.630 [AiEngine] Using JS Search
[DEBUG] 16:36:55.709 [AiEngine] Adaptive time: 3000ms, depth: 5, reason: midgame, tactical, emergency: false
[DEBUG] 16:36:55.709 [AiEngine] Using JS Search
[DEBUG] 16:36:55.959 [AiEngine] Adaptive time: 3000ms, depth: 5, reason: midgame, in-check, emergency: false
[DEBUG] 16:36:55.959 [AiEngine] Using JS Search
[DEBUG] 16:36:55.959 [AiEngine] Adaptive time: 3000ms, depth: 5, reason: midgame, tactical, emergency: false
[DEBUG] 16:36:55.959 [AiEngine] Using JS Search
[DEBUG] 16:36:55.959 [AiEngine] Adaptive time: 3000ms, depth: 5, reason: midgame, in-check, emergency: false
[DEBUG] 16:36:55.959 [AiEngine] Using JS Search
MATCH balanced@e2500@d5-d5-vs-aggressive@e2500 | balanced@d2500 vs aggressive@d2500 | GAMES=40 W=7 B=23 D=10 | avgMoves=32.7 avgMaxDepth=4.8 avgNps=9993 | blunders=0 mistakes=0 | eloDiff(W over B)=-147
