[DEBUG] 17:03:31.108 [AiEngine] Adaptive time: 500ms, depth: 4, reason: midgame, opening, emergency: false
[DEBUG] 17:03:31.115 [AiEngine] Using JS Search
[DEBUG] 17:03:31.601 [AiEngine] Adaptive time: 500ms, depth: 4, reason: midgame, opening, emergency: false
[DEBUG] 17:03:31.601 [AiEngine] Using JS Search
[DEBUG] 17:03:31.972 [AiEngine] Adaptive time: 500ms, depth: 4, reason: midgame, opening, emergency: false
[DEBUG] 17:03:31.972 [AiEngine] Using JS Search
[DEBUG] 17:03:32.246 [AiEngine] Adaptive time: 500ms, depth: 4, reason: midgame, opening, emergency: false
[DEBUG] 17:03:32.247 [AiEngine] Using JS Search
[DEBUG] 17:03:32.471 [AiEngine] Adaptive time: 500ms, depth: 4, reason: midgame, opening, emergency: false
[DEBUG] 17:03:32.471 [AiEngine] Using JS Search
[DEBUG] 17:03:32.641 [AiEngine] Adaptive time: 500ms, depth: 4, reason: midgame, opening, emergency: false
[DEBUG] 17:03:32.641 [AiEngine] Using JS Search
[DEBUG] 17:03:33.044 [AiEngine] Adaptive time: 500ms, depth: 4, reason: midgame, opening, tactical, emergency: false
[DEBUG] 17:03:33.044 [AiEngine] Using JS Search
[DEBUG] 17:03:33.316 [AiEngine] Adaptive time: 500ms, depth: 4, reason: midgame, opening, emergency: false
[DEBUG] 17:03:33.316 [AiEngine] Using JS Search
[DEBUG] 17:03:33.977 [AiEngine] Adaptive time: 500ms, depth: 4, reason: midgame, opening, emergency: false
[DEBUG] 17:03:33.977 [AiEngine] Using JS Search
[DEBUG] 17:03:34.174 [AiEngine] Adaptive time: 500ms, depth: 4, reason: midgame, opening, tactical, emergency: false
[DEBUG] 17:03:34.174 [AiEngine] Using JS Search
[DEBUG] 17:03:34.402 [AiEngine] Adaptive time: 500ms, depth: 4, reason: midgame, opening, tactical, emergency: false
[DEBUG] 17:03:34.402 [AiEngine] Using JS Search
[DEBUG] 17:03:34.791 [AiEngine] Adaptive time: 500ms, depth: 4, reason: midgame, opening, tactical, emergency: false
[DEBUG] 17:03:34.791 [AiEngine] Using JS Search
[DEBUG] 17:03:34.995 [AiEngine] Adaptive time: 500ms, depth: 4, reason: midgame, opening, tactical, emergency: false
[DEBUG] 17:03:34.995 [AiEngine] Using JS Search
[DEBUG] 17:03:35.180 [AiEngine] Adaptive time: 500ms, depth: 4, reason: midgame, opening, tactical, emergency: false
[DEBUG] 17:03:35.180 [AiEngine] Using JS Search
[DEBUG] 17:03:35.373 [AiEngine] Adaptive time: 500ms, depth: 4, reason: midgame, opening, tactical, emergency: false
[DEBUG] 17:03:35.373 [AiEngine] Using JS Search
[DEBUG] 17:03:35.656 [AiEngine] Adaptive time: 500ms, depth: 4, reason: midgame, opening, tactical, emergency: false
[DEBUG] 17:03:35.656 [AiEngine] Using JS Search
[DEBUG] 17:03:35.838 [AiEngine] Adaptive time: 500ms, depth: 4, reason: midgame, opening, tactical, emergency: false
[DEBUG] 17:03:35.838 [AiEngine] Using JS Search
[DEBUG] 17:03:36.500 [AiEngine] Adaptive time: 500ms, depth: 4, reason: midgame, opening, tactical, emergency: false
[DEBUG] 17:03:36.500 [AiEngine] Using JS Search
[DEBUG] 17:03:36.737 [AiEngine] Adaptive time: 500ms, depth: 4, reason: midgame, opening, tactical, emergency: false
[DEBUG] 17:03:36.737 [AiEngine] Using JS Search
[DEBUG] 17:03:37.312 [AiEngine] Adaptive time: 500ms, depth: 4, reason: midgame, opening, tactical, emergency: false
[DEBUG] 17:03:37.312 [AiEngine] Using JS Search
[DEBUG] 17:03:37.898 [AiEngine] Adaptive time: 500ms, depth: 4, reason: midgame, opening, tactical, emergency: false
[DEBUG] 17:03:37.898 [AiEngine] Using JS Search
[DEBUG] 17:03:38.019 [AiEngine] Adaptive time: 500ms, depth: 4, reason: midgame, opening, tactical, emergency: false
[DEBUG] 17:03:38.019 [AiEngine] Using JS Search
[DEBUG] 17:03:38.305 [AiEngine] Adaptive time: 500ms, depth: 4, reason: midgame, opening, tactical, emergency: false
[DEBUG] 17:03:38.305 [AiEngine] Using JS Search
[DEBUG] 17:03:38.670 [AiEngine] Adaptive time: 500ms, depth: 4, reason: midgame, opening, tactical, emergency: false
[DEBUG] 17:03:38.670 [AiEngine] Using JS Search
[DEBUG] 17:03:38.953 [AiEngine] Adaptive time: 500ms, depth: 4, reason: midgame, opening, tactical, emergency: false
[DEBUG] 17:03:38.953 [AiEngine] Using JS Search
[DEBUG] 17:03:39.334 [AiEngine] Adaptive time: 500ms, depth: 4, reason: midgame, opening, tactical, emergency: false
[DEBUG] 17:03:39.334 [AiEngine] Using JS Search
[DEBUG] 17:03:39.898 [AiEngine] Adaptive time: 500ms, depth: 4, reason: midgame, opening, tactical, emergency: false
[DEBUG] 17:03:39.898 [AiEngine] Using JS Search
[DEBUG] 17:03:40.150 [AiEngine] Adaptive time: 500ms, depth: 4, reason: midgame, opening, tactical, emergency: false
[DEBUG] 17:03:40.150 [AiEngine] Using JS Search
[DEBUG] 17:03:40.347 [AiEngine] Adaptive time: 500ms, depth: 4, reason: midgame, opening, in-check, emergency: false
[DEBUG] 17:03:40.347 [AiEngine] Using JS Search
[DEBUG] 17:03:40.505 [AiEngine] Adaptive time: 500ms, depth: 4, reason: midgame, opening, tactical, emergency: false
[DEBUG] 17:03:40.506 [AiEngine] Using JS Search
[DEBUG] 17:03:40.678 [AiEngine] Adaptive time: 500ms, depth: 4, reason: midgame, opening, in-check, emergency: false
[DEBUG] 17:03:40.679 [AiEngine] Using JS Search
[DEBUG] 17:03:40.681 [AiEngine] Adaptive time: 500ms, depth: 4, reason: midgame, opening, tactical, emergency: false
[DEBUG] 17:03:40.681 [AiEngine] Using JS Search
[DEBUG] 17:03:40.682 [AiEngine] Adaptive time: 500ms, depth: 4, reason: midgame, opening, tactical, emergency: false
[DEBUG] 17:03:40.683 [AiEngine] Using JS Search
[DEBUG] 17:03:40.959 [AiEngine] Adaptive time: 500ms, depth: 4, reason: midgame, opening, tactical, emergency: false
[DEBUG] 17:03:40.959 [AiEngine] Using JS Search
[DEBUG] 17:03:40.960 [AiEngine] Adaptive time: 500ms, depth: 4, reason: midgame, opening, tactical, emergency: false
[DEBUG] 17:03:40.960 [AiEngine] Using JS Search
[DEBUG] 17:03:41.166 [AiEngine] Adaptive time: 500ms, depth: 4, reason: midgame, opening, tactical, emergency: false
[DEBUG] 17:03:41.166 [AiEngine] Using JS Search
[DEBUG] 17:03:41.167 [AiEngine] Adaptive time: 500ms, depth: 4, reason: midgame, opening, tactical, emergency: false
[DEBUG] 17:03:41.167 [AiEngine] Using JS Search
[DEBUG] 17:03:41.351 [AiEngine] Adaptive time: 500ms, depth: 4, reason: midgame, opening, tactical, emergency: false
[DEBUG] 17:03:41.352 [AiEngine] Using JS Search
[DEBUG] 17:03:41.354 [AiEngine] Adaptive time: 500ms, depth: 4, reason: midgame, opening, tactical, emergency: false
[DEBUG] 17:03:41.354 [AiEngine] Using JS Search
[DEBUG] 17:03:41.552 [AiEngine] Adaptive time: 500ms, depth: 4, reason: midgame, opening, tactical, emergency: false
[DEBUG] 17:03:41.552 [AiEngine] Using JS Search
[DEBUG] 17:03:41.553 [AiEngine] Adaptive time: 3000ms, depth: 4, reason: midgame, emergency: false
[DEBUG] 17:03:41.553 [AiEngine] Using JS Search
[DEBUG] 17:03:41.627 [AiEngine] Adaptive time: 3000ms, depth: 4, reason: midgame, tactical, emergency: false
[DEBUG] 17:03:41.627 [AiEngine] Using JS Search
[DEBUG] 17:03:41.628 [AiEngine] Adaptive time: 3000ms, depth: 4, reason: midgame, tactical, emergency: false
[DEBUG] 17:03:41.628 [AiEngine] Using JS Search
[DEBUG] 17:03:41.785 [AiEngine] Adaptive time: 3000ms, depth: 4, reason: midgame, tactical, emergency: false
[DEBUG] 17:03:41.785 [AiEngine] Using JS Search
[DEBUG] 17:03:41.786 [AiEngine] Adaptive time: 3000ms, depth: 4, reason: midgame, tactical, emergency: false
[DEBUG] 17:03:41.787 [AiEngine] Using JS Search
[DEBUG] 17:03:41.987 [AiEngine] Adaptive time: 3000ms, depth: 4, reason: midgame, tactical, emergency: false
[DEBUG] 17:03:41.987 [AiEngine] Using JS Search
[DEBUG] 17:03:41.988 [AiEngine] Adaptive time: 3000ms, depth: 4, reason: midgame, tactical, emergency: false
[DEBUG] 17:03:41.988 [AiEngine] Using JS Search
[DEBUG] 17:03:42.284 [AiEngine] Adaptive time: 3000ms, depth: 4, reason: midgame, tactical, emergency: false
[DEBUG] 17:03:42.284 [AiEngine] Using JS Search
[DEBUG] 17:03:42.619 [AiEngine] Adaptive time: 3000ms, depth: 4, reason: midgame, tactical, emergency: false
[DEBUG] 17:03:42.619 [AiEngine] Using JS Search
[DEBUG] 17:03:42.702 [AiEngine] Adaptive time: 3000ms, depth: 4, reason: midgame, tactical, emergency: false
[DEBUG] 17:03:42.702 [AiEngine] Using JS Search
[DEBUG] 17:03:42.703 [AiEngine] Adaptive time: 3000ms, depth: 4, reason: midgame, emergency: false
[DEBUG] 17:03:42.703 [AiEngine] Using JS Search
[DEBUG] 17:03:42.863 [AiEngine] Adaptive time: 3000ms, depth: 4, reason: midgame, tactical, emergency: false
[DEBUG] 17:03:42.863 [AiEngine] Using JS Search
[DEBUG] 17:03:42.869 [AiEngine] Adaptive time: 3000ms, depth: 4, reason: midgame, in-check, emergency: false
[DEBUG] 17:03:42.869 [AiEngine] Using JS Search
[DEBUG] 17:03:43.013 [AiEngine] Adaptive time: 3000ms, depth: 4, reason: midgame, emergency: false
[DEBUG] 17:03:43.013 [AiEngine] Using JS Search
[DEBUG] 17:03:43.014 [AiEngine] Adaptive time: 3000ms, depth: 4, reason: midgame, emergency: false
[DEBUG] 17:03:43.014 [AiEngine] Using JS Search
[DEBUG] 17:03:43.274 [AiEngine] Adaptive time: 3000ms, depth: 4, reason: midgame, emergency: false
[DEBUG] 17:03:43.274 [AiEngine] Using JS Search
[DEBUG] 17:03:43.275 [AiEngine] Adaptive time: 3000ms, depth: 4, reason: midgame, emergency: false
[DEBUG] 17:03:43.275 [AiEngine] Using JS Search
[DEBUG] 17:03:43.528 [AiEngine] Adaptive time: 3000ms, depth: 4, reason: midgame, emergency: false
[DEBUG] 17:03:43.528 [AiEngine] Using JS Search
[DEBUG] 17:03:43.529 [AiEngine] Adaptive time: 3000ms, depth: 4, reason: midgame, emergency: false
[DEBUG] 17:03:43.529 [AiEngine] Using JS Search
[DEBUG] 17:03:43.578 [AiEngine] Adaptive time: 3000ms, depth: 4, reason: midgame, emergency: false
[DEBUG] 17:03:43.578 [AiEngine] Using JS Search
[DEBUG] 17:03:43.698 [AiEngine] Adaptive time: 3000ms, depth: 4, reason: midgame, emergency: false
[DEBUG] 17:03:43.698 [AiEngine] Using JS Search
[DEBUG] 17:03:43.735 [AiEngine] Adaptive time: 3000ms, depth: 4, reason: midgame, tactical, emergency: false
[DEBUG] 17:03:43.735 [AiEngine] Using JS Search
[DEBUG] 17:03:43.736 [AiEngine] Adaptive time: 3000ms, depth: 4, reason: midgame, emergency: false
[DEBUG] 17:03:43.736 [AiEngine] Using JS Search
[DEBUG] 17:03:43.837 [AiEngine] Adaptive time: 3000ms, depth: 4, reason: midgame, emergency: false
[DEBUG] 17:03:43.837 [AiEngine] Using JS Search
[DEBUG] 17:03:43.838 [AiEngine] Adaptive time: 3000ms, depth: 4, reason: midgame, emergency: false
[DEBUG] 17:03:43.838 [AiEngine] Using JS Search
[DEBUG] 17:03:43.962 [AiEngine] Adaptive time: 3000ms, depth: 4, reason: midgame, emergency: false
[DEBUG] 17:03:43.962 [AiEngine] Using JS Search
[DEBUG] 17:03:43.996 [AiEngine] Adaptive time: 3000ms, depth: 4, reason: midgame, tactical, emergency: false
[DEBUG] 17:03:43.996 [AiEngine] Using JS Search
[DEBUG] 17:03:44.150 [AiEngine] Adaptive time: 3000ms, depth: 4, reason: midgame, emergency: false
[DEBUG] 17:03:44.151 [AiEngine] Using JS Search
[DEBUG] 17:03:44.220 [AiEngine] Adaptive time: 3000ms, depth: 4, reason: midgame, tactical, emergency: false
[DEBUG] 17:03:44.220 [AiEngine] Using JS Search
[DEBUG] 17:03:44.259 [AiEngine] Adaptive time: 3000ms, depth: 4, reason: midgame, tactical, emergency: false
[DEBUG] 17:03:44.259 [AiEngine] Using JS Search
[DEBUG] 17:03:44.316 [AiEngine] Adaptive time: 3000ms, depth: 4, reason: midgame, emergency: false
[DEBUG] 17:03:44.316 [AiEngine] Using JS Search
[DEBUG] 17:03:44.358 [AiEngine] Adaptive time: 3000ms, depth: 4, reason: tactical, emergency: false
[DEBUG] 17:03:44.358 [AiEngine] Using JS Search
[DEBUG] 17:03:44.359 [AiEngine] Adaptive time: 3000ms, depth: 4, reason: standard, emergency: false
[DEBUG] 17:03:44.359 [AiEngine] Using JS Search
[DEBUG] 17:03:44.453 [AiEngine] Adaptive time: 3000ms, depth: 4, reason: tactical, emergency: false
[DEBUG] 17:03:44.453 [AiEngine] Using JS Search
[DEBUG] 17:03:44.457 [AiEngine] Adaptive time: 3000ms, depth: 4, reason: in-check, emergency: false
[DEBUG] 17:03:44.457 [AiEngine] Using JS Search
[DEBUG] 17:03:44.532 [AiEngine] Adaptive time: 3000ms, depth: 4, reason: standard, emergency: false
[DEBUG] 17:03:44.532 [AiEngine] Using JS Search
[DEBUG] 17:03:44.574 [AiEngine] Adaptive time: 3000ms, depth: 4, reason: standard, emergency: false
[DEBUG] 17:03:44.574 [AiEngine] Using JS Search
[DEBUG] 17:03:44.620 [AiEngine] Adaptive time: 3000ms, depth: 4, reason: standard, emergency: false
[DEBUG] 17:03:44.620 [AiEngine] Using JS Search
[DEBUG] 17:03:44.671 [AiEngine] Adaptive time: 500ms, depth: 4, reason: midgame, opening, emergency: false
[DEBUG] 17:03:44.671 [AiEngine] Using JS Search
[DEBUG] 17:03:44.871 [AiEngine] Adaptive time: 500ms, depth: 4, reason: midgame, opening, emergency: false
[DEBUG] 17:03:44.871 [AiEngine] Using JS Search
[DEBUG] 17:03:45.102 [AiEngine] Adaptive time: 500ms, depth: 4, reason: midgame, opening, emergency: false
[DEBUG] 17:03:45.102 [AiEngine] Using JS Search
[DEBUG] 17:03:45.333 [AiEngine] Adaptive time: 500ms, depth: 4, reason: midgame, opening, emergency: false
[DEBUG] 17:03:45.333 [AiEngine] Using JS Search
[DEBUG] 17:03:45.964 [AiEngine] Adaptive time: 500ms, depth: 4, reason: midgame, opening, emergency: false
[DEBUG] 17:03:45.964 [AiEngine] Using JS Search
[DEBUG] 17:03:46.187 [AiEngine] Adaptive time: 500ms, depth: 4, reason: midgame, opening, emergency: false
[DEBUG] 17:03:46.187 [AiEngine] Using JS Search
[DEBUG] 17:03:46.790 [AiEngine] Adaptive time: 500ms, depth: 4, reason: midgame, opening, emergency: false
[DEBUG] 17:03:46.790 [AiEngine] Using JS Search
[DEBUG] 17:03:47.591 [AiEngine] Adaptive time: 500ms, depth: 4, reason: midgame, opening, emergency: false
[DEBUG] 17:03:47.591 [AiEngine] Using JS Search
[DEBUG] 17:03:47.934 [AiEngine] Adaptive time: 500ms, depth: 4, reason: midgame, opening, emergency: false
[DEBUG] 17:03:47.934 [AiEngine] Using JS Search
[DEBUG] 17:03:48.118 [AiEngine] Adaptive time: 500ms, depth: 4, reason: midgame, opening, tactical, emergency: false
[DEBUG] 17:03:48.119 [AiEngine] Using JS Search
[DEBUG] 17:03:48.336 [AiEngine] Adaptive time: 500ms, depth: 4, reason: midgame, opening, emergency: false
[DEBUG] 17:03:48.337 [AiEngine] Using JS Search
[DEBUG] 17:03:48.943 [AiEngine] Adaptive time: 500ms, depth: 4, reason: midgame, opening, emergency: false
[DEBUG] 17:03:48.943 [AiEngine] Using JS Search
[DEBUG] 17:03:48.964 [AiEngine] Adaptive time: 500ms, depth: 4, reason: midgame, opening, tactical, emergency: false
[DEBUG] 17:03:48.965 [AiEngine] Using JS Search
[DEBUG] 17:03:49.668 [AiEngine] Adaptive time: 500ms, depth: 4, reason: midgame, opening, emergency: false
[DEBUG] 17:03:49.668 [AiEngine] Using JS Search
[DEBUG] 17:03:49.764 [AiEngine] Adaptive time: 500ms, depth: 4, reason: midgame, opening, tactical, emergency: false
[DEBUG] 17:03:49.764 [AiEngine] Using JS Search
[DEBUG] 17:03:49.815 [AiEngine] Adaptive time: 500ms, depth: 4, reason: midgame, opening, emergency: false
[DEBUG] 17:03:49.815 [AiEngine] Using JS Search
[DEBUG] 17:03:49.953 [AiEngine] Adaptive time: 500ms, depth: 4, reason: midgame, opening, emergency: false
[DEBUG] 17:03:49.953 [AiEngine] Using JS Search
[DEBUG] 17:03:50.123 [AiEngine] Adaptive time: 500ms, depth: 4, reason: midgame, opening, emergency: false
[DEBUG] 17:03:50.123 [AiEngine] Using JS Search
[DEBUG] 17:03:50.198 [AiEngine] Adaptive time: 500ms, depth: 4, reason: midgame, opening, emergency: false
[DEBUG] 17:03:50.198 [AiEngine] Using JS Search
[DEBUG] 17:03:50.393 [AiEngine] Adaptive time: 500ms, depth: 4, reason: midgame, opening, emergency: false
[DEBUG] 17:03:50.393 [AiEngine] Using JS Search
[DEBUG] 17:03:50.540 [AiEngine] Adaptive time: 500ms, depth: 4, reason: midgame, opening, tactical, emergency: false
[DEBUG] 17:03:50.540 [AiEngine] Using JS Search
[DEBUG] 17:03:50.966 [AiEngine] Adaptive time: 500ms, depth: 4, reason: midgame, opening, emergency: false
[DEBUG] 17:03:50.966 [AiEngine] Using JS Search
[DEBUG] 17:03:51.112 [AiEngine] Adaptive time: 500ms, depth: 4, reason: midgame, opening, tactical, emergency: false
[DEBUG] 17:03:51.112 [AiEngine] Using JS Search
[DEBUG] 17:03:51.153 [AiEngine] Adaptive time: 500ms, depth: 4, reason: midgame, opening, emergency: false
[DEBUG] 17:03:51.153 [AiEngine] Using JS Search
[DEBUG] 17:03:51.335 [AiEngine] Adaptive time: 500ms, depth: 4, reason: midgame, opening, emergency: false
[DEBUG] 17:03:51.335 [AiEngine] Using JS Search
[DEBUG] 17:03:51.513 [AiEngine] Adaptive time: 500ms, depth: 4, reason: midgame, opening, emergency: false
[DEBUG] 17:03:51.513 [AiEngine] Using JS Search
[DEBUG] 17:03:51.686 [AiEngine] Adaptive time: 500ms, depth: 4, reason: midgame, opening, emergency: false
[DEBUG] 17:03:51.686 [AiEngine] Using JS Search
[DEBUG] 17:03:51.832 [AiEngine] Adaptive time: 500ms, depth: 4, reason: midgame, opening, emergency: false
[DEBUG] 17:03:51.833 [AiEngine] Using JS Search
[DEBUG] 17:03:51.954 [AiEngine] Adaptive time: 500ms, depth: 4, reason: midgame, opening, emergency: false
[DEBUG] 17:03:51.954 [AiEngine] Using JS Search
[DEBUG] 17:03:52.172 [AiEngine] Adaptive time: 500ms, depth: 4, reason: midgame, opening, emergency: false
[DEBUG] 17:03:52.172 [AiEngine] Using JS Search
[DEBUG] 17:03:52.260 [AiEngine] Adaptive time: 500ms, depth: 4, reason: midgame, opening, emergency: false
[DEBUG] 17:03:52.260 [AiEngine] Using JS Search
[DEBUG] 17:03:52.427 [AiEngine] Adaptive time: 500ms, depth: 4, reason: midgame, opening, emergency: false
[DEBUG] 17:03:52.427 [AiEngine] Using JS Search
[DEBUG] 17:03:52.515 [AiEngine] Adaptive time: 500ms, depth: 4, reason: midgame, opening, emergency: false
[DEBUG] 17:03:52.515 [AiEngine] Using JS Search
[DEBUG] 17:03:52.656 [AiEngine] Adaptive time: 500ms, depth: 4, reason: midgame, opening, emergency: false
[DEBUG] 17:03:52.657 [AiEngine] Using JS Search
[DEBUG] 17:03:52.745 [AiEngine] Adaptive time: 500ms, depth: 4, reason: midgame, opening, emergency: false
[DEBUG] 17:03:52.745 [AiEngine] Using JS Search
[DEBUG] 17:03:52.888 [AiEngine] Adaptive time: 500ms, depth: 4, reason: midgame, opening, emergency: false
[DEBUG] 17:03:52.888 [AiEngine] Using JS Search
[DEBUG] 17:03:52.971 [AiEngine] Adaptive time: 500ms, depth: 4, reason: midgame, opening, emergency: false
[DEBUG] 17:03:52.971 [AiEngine] Using JS Search
[DEBUG] 17:03:53.108 [AiEngine] Adaptive time: 500ms, depth: 4, reason: midgame, opening, emergency: false
[DEBUG] 17:03:53.108 [AiEngine] Using JS Search
[DEBUG] 17:03:53.190 [AiEngine] Adaptive time: 500ms, depth: 4, reason: midgame, opening, emergency: false
[DEBUG] 17:03:53.190 [AiEngine] Using JS Search
[DEBUG] 17:03:53.377 [AiEngine] Adaptive time: 500ms, depth: 4, reason: midgame, opening, emergency: false
[DEBUG] 17:03:53.377 [AiEngine] Using JS Search
[DEBUG] 17:03:53.445 [AiEngine] Adaptive time: 3000ms, depth: 4, reason: midgame, emergency: false
[DEBUG] 17:03:53.446 [AiEngine] Using JS Search
[DEBUG] 17:03:53.576 [AiEngine] Adaptive time: 3000ms, depth: 4, reason: midgame, emergency: false
[DEBUG] 17:03:53.577 [AiEngine] Using JS Search
[DEBUG] 17:03:53.640 [AiEngine] Adaptive time: 3000ms, depth: 4, reason: midgame, emergency: false
[DEBUG] 17:03:53.640 [AiEngine] Using JS Search
[DEBUG] 17:03:53.786 [AiEngine] Adaptive time: 3000ms, depth: 4, reason: midgame, emergency: false
[DEBUG] 17:03:53.786 [AiEngine] Using JS Search
[DEBUG] 17:03:53.854 [AiEngine] Adaptive time: 3000ms, depth: 4, reason: midgame, emergency: false
[DEBUG] 17:03:53.854 [AiEngine] Using JS Search
[DEBUG] 17:03:54.012 [AiEngine] Adaptive time: 3000ms, depth: 4, reason: midgame, emergency: false
[DEBUG] 17:03:54.012 [AiEngine] Using JS Search
[DEBUG] 17:03:54.067 [AiEngine] Adaptive time: 3000ms, depth: 4, reason: midgame, emergency: false
[DEBUG] 17:03:54.067 [AiEngine] Using JS Search
[DEBUG] 17:03:54.305 [AiEngine] Adaptive time: 3000ms, depth: 4, reason: midgame, emergency: false
[DEBUG] 17:03:54.305 [AiEngine] Using JS Search
[DEBUG] 17:03:54.377 [AiEngine] Adaptive time: 3000ms, depth: 4, reason: midgame, tactical, emergency: false
[DEBUG] 17:03:54.377 [AiEngine] Using JS Search
[DEBUG] 17:03:54.502 [AiEngine] Adaptive time: 3000ms, depth: 4, reason: midgame, emergency: false
[DEBUG] 17:03:54.502 [AiEngine] Using JS Search
[DEBUG] 17:03:54.591 [AiEngine] Adaptive time: 3000ms, depth: 4, reason: midgame, tactical, emergency: false
[DEBUG] 17:03:54.591 [AiEngine] Using JS Search
[DEBUG] 17:03:54.765 [AiEngine] Adaptive time: 3000ms, depth: 4, reason: midgame, in-check, emergency: false
[DEBUG] 17:03:54.765 [AiEngine] Using JS Search
[DEBUG] 17:03:54.863 [AiEngine] Adaptive time: 3000ms, depth: 4, reason: midgame, tactical, emergency: false
[DEBUG] 17:03:54.863 [AiEngine] Using JS Search
[DEBUG] 17:03:55.029 [AiEngine] Adaptive time: 3000ms, depth: 4, reason: midgame, emergency: false
[DEBUG] 17:03:55.029 [AiEngine] Using JS Search
[DEBUG] 17:03:55.099 [AiEngine] Adaptive time: 3000ms, depth: 4, reason: midgame, tactical, emergency: false
[DEBUG] 17:03:55.099 [AiEngine] Using JS Search
[DEBUG] 17:03:55.192 [AiEngine] Adaptive time: 3000ms, depth: 4, reason: midgame, emergency: false
[DEBUG] 17:03:55.192 [AiEngine] Using JS Search
[DEBUG] 17:03:55.253 [AiEngine] Adaptive time: 3000ms, depth: 4, reason: midgame, tactical, emergency: false
[DEBUG] 17:03:55.253 [AiEngine] Using JS Search
[DEBUG] 17:03:55.350 [AiEngine] Adaptive time: 3000ms, depth: 4, reason: midgame, emergency: false
[DEBUG] 17:03:55.350 [AiEngine] Using JS Search
[DEBUG] 17:03:55.414 [AiEngine] Adaptive time: 3000ms, depth: 4, reason: midgame, tactical, emergency: false
[DEBUG] 17:03:55.414 [AiEngine] Using JS Search
[DEBUG] 17:03:55.513 [AiEngine] Adaptive time: 3000ms, depth: 4, reason: midgame, emergency: false
[DEBUG] 17:03:55.514 [AiEngine] Using JS Search
[DEBUG] 17:03:55.575 [AiEngine] Adaptive time: 3000ms, depth: 4, reason: midgame, tactical, emergency: false
[DEBUG] 17:03:55.575 [AiEngine] Using JS Search
[DEBUG] 17:03:55.666 [AiEngine] Adaptive time: 3000ms, depth: 4, reason: midgame, emergency: false
[DEBUG] 17:03:55.667 [AiEngine] Using JS Search
[DEBUG] 17:03:55.738 [AiEngine] Adaptive time: 3000ms, depth: 4, reason: midgame, tactical, emergency: false
[DEBUG] 17:03:55.738 [AiEngine] Using JS Search
[DEBUG] 17:03:55.889 [AiEngine] Adaptive time: 3000ms, depth: 4, reason: midgame, emergency: false
[DEBUG] 17:03:55.889 [AiEngine] Using JS Search
[DEBUG] 17:03:55.934 [AiEngine] Adaptive time: 3000ms, depth: 4, reason: midgame, tactical, emergency: false
[DEBUG] 17:03:55.934 [AiEngine] Using JS Search
[DEBUG] 17:03:56.223 [AiEngine] Adaptive time: 3000ms, depth: 4, reason: midgame, tactical, emergency: false
[DEBUG] 17:03:56.223 [AiEngine] Using JS Search
[DEBUG] 17:03:56.285 [AiEngine] Adaptive time: 3000ms, depth: 4, reason: midgame, tactical, emergency: false
[DEBUG] 17:03:56.285 [AiEngine] Using JS Search
[DEBUG] 17:03:56.362 [AiEngine] Adaptive time: 3000ms, depth: 4, reason: midgame, emergency: false
[DEBUG] 17:03:56.362 [AiEngine] Using JS Search
[DEBUG] 17:03:56.363 [AiEngine] Adaptive time: 3000ms, depth: 4, reason: midgame, tactical, emergency: false
[DEBUG] 17:03:56.363 [AiEngine] Using JS Search
[DEBUG] 17:03:56.363 [AiEngine] Adaptive time: 3000ms, depth: 4, reason: midgame, tactical, emergency: false
[DEBUG] 17:03:56.363 [AiEngine] Using JS Search
[DEBUG] 17:03:56.376 [AiEngine] Adaptive time: 3000ms, depth: 4, reason: midgame, in-check, emergency: false
[DEBUG] 17:03:56.376 [AiEngine] Using JS Search
[DEBUG] 17:03:56.556 [AiEngine] Adaptive time: 3000ms, depth: 4, reason: midgame, tactical, emergency: false
[DEBUG] 17:03:56.557 [AiEngine] Using JS Search
[DEBUG] 17:03:56.614 [AiEngine] Adaptive time: 3000ms, depth: 4, reason: midgame, emergency: false
[DEBUG] 17:03:56.614 [AiEngine] Using JS Search
[DEBUG] 17:03:56.727 [AiEngine] Adaptive time: 3000ms, depth: 4, reason: midgame, tactical, emergency: false
[DEBUG] 17:03:56.727 [AiEngine] Using JS Search
[DEBUG] 17:03:56.819 [AiEngine] Adaptive time: 3000ms, depth: 4, reason: midgame, tactical, emergency: false
[DEBUG] 17:03:56.819 [AiEngine] Using JS Search
[DEBUG] 17:03:56.922 [AiEngine] Adaptive time: 3000ms, depth: 4, reason: midgame, tactical, emergency: false
[DEBUG] 17:03:56.922 [AiEngine] Using JS Search
[DEBUG] 17:03:57.002 [AiEngine] Adaptive time: 3000ms, depth: 4, reason: midgame, tactical, emergency: false
[DEBUG] 17:03:57.002 [AiEngine] Using JS Search
[DEBUG] 17:03:57.126 [AiEngine] Adaptive time: 3000ms, depth: 4, reason: midgame, emergency: false
[DEBUG] 17:03:57.127 [AiEngine] Using JS Search
[DEBUG] 17:03:57.195 [AiEngine] Adaptive time: 3000ms, depth: 4, reason: midgame, tactical, emergency: false
[DEBUG] 17:03:57.195 [AiEngine] Using JS Search
[DEBUG] 17:03:57.339 [AiEngine] Adaptive time: 3000ms, depth: 4, reason: midgame, tactical, emergency: false
[DEBUG] 17:03:57.340 [AiEngine] Using JS Search
[DEBUG] 17:03:57.372 [AiEngine] Adaptive time: 3000ms, depth: 4, reason: midgame, in-check, emergency: false
[DEBUG] 17:03:57.373 [AiEngine] Using JS Search
[DEBUG] 17:03:57.585 [AiEngine] Adaptive time: 3000ms, depth: 4, reason: midgame, tactical, emergency: false
[DEBUG] 17:03:57.585 [AiEngine] Using JS Search
[DEBUG] 17:03:57.625 [AiEngine] Adaptive time: 500ms, depth: 4, reason: midgame, opening, emergency: false
[DEBUG] 17:03:57.625 [AiEngine] Using JS Search
[DEBUG] 17:03:57.710 [AiEngine] Adaptive time: 500ms, depth: 4, reason: midgame, opening, emergency: false
[DEBUG] 17:03:57.710 [AiEngine] Using JS Search
[DEBUG] 17:03:57.985 [AiEngine] Adaptive time: 500ms, depth: 4, reason: midgame, opening, tactical, emergency: false
[DEBUG] 17:03:57.985 [AiEngine] Using JS Search
[DEBUG] 17:03:58.211 [AiEngine] Adaptive time: 500ms, depth: 4, reason: midgame, opening, emergency: false
[DEBUG] 17:03:58.211 [AiEngine] Using JS Search
[DEBUG] 17:03:58.395 [AiEngine] Adaptive time: 500ms, depth: 4, reason: midgame, opening, tactical, emergency: false
[DEBUG] 17:03:58.395 [AiEngine] Using JS Search
[DEBUG] 17:03:58.941 [AiEngine] Adaptive time: 500ms, depth: 4, reason: midgame, opening, emergency: false
[DEBUG] 17:03:58.941 [AiEngine] Using JS Search
[DEBUG] 17:03:59.167 [AiEngine] Adaptive time: 500ms, depth: 4, reason: midgame, opening, tactical, emergency: false
[DEBUG] 17:03:59.167 [AiEngine] Using JS Search
[DEBUG] 17:03:59.480 [AiEngine] Adaptive time: 500ms, depth: 4, reason: midgame, opening, emergency: false
[DEBUG] 17:03:59.480 [AiEngine] Using JS Search
[DEBUG] 17:03:59.616 [AiEngine] Adaptive time: 500ms, depth: 4, reason: midgame, opening, tactical, emergency: false
[DEBUG] 17:03:59.617 [AiEngine] Using JS Search
[DEBUG] 17:03:59.710 [AiEngine] Adaptive time: 500ms, depth: 4, reason: midgame, opening, emergency: false
[DEBUG] 17:03:59.710 [AiEngine] Using JS Search
[DEBUG] 17:03:59.796 [AiEngine] Adaptive time: 500ms, depth: 4, reason: midgame, opening, tactical, emergency: false
[DEBUG] 17:03:59.797 [AiEngine] Using JS Search
[DEBUG] 17:03:59.982 [AiEngine] Adaptive time: 500ms, depth: 4, reason: midgame, opening, tactical, emergency: false
[DEBUG] 17:03:59.982 [AiEngine] Using JS Search
[DEBUG] 17:04:00.239 [AiEngine] Adaptive time: 500ms, depth: 4, reason: midgame, opening, emergency: false
[DEBUG] 17:04:00.239 [AiEngine] Using JS Search
[DEBUG] 17:04:00.423 [AiEngine] Adaptive time: 500ms, depth: 4, reason: midgame, opening, emergency: false
[DEBUG] 17:04:00.423 [AiEngine] Using JS Search
[DEBUG] 17:04:00.723 [AiEngine] Adaptive time: 500ms, depth: 4, reason: midgame, opening, emergency: false
[DEBUG] 17:04:00.723 [AiEngine] Using JS Search
[DEBUG] 17:04:00.818 [AiEngine] Adaptive time: 500ms, depth: 4, reason: midgame, opening, tactical, emergency: false
[DEBUG] 17:04:00.818 [AiEngine] Using JS Search
[DEBUG] 17:04:00.936 [AiEngine] Adaptive time: 500ms, depth: 4, reason: midgame, opening, in-check, emergency: false
[DEBUG] 17:04:00.936 [AiEngine] Using JS Search
[DEBUG] 17:04:00.963 [AiEngine] Adaptive time: 500ms, depth: 4, reason: midgame, opening, tactical, emergency: false
[DEBUG] 17:04:00.963 [AiEngine] Using JS Search
[DEBUG] 17:04:00.982 [AiEngine] Adaptive time: 500ms, depth: 4, reason: midgame, opening, emergency: false
[DEBUG] 17:04:00.982 [AiEngine] Using JS Search
[DEBUG] 17:04:01.118 [AiEngine] Adaptive time: 500ms, depth: 4, reason: midgame, opening, tactical, emergency: false
[DEBUG] 17:04:01.118 [AiEngine] Using JS Search
[DEBUG] 17:04:01.182 [AiEngine] Adaptive time: 500ms, depth: 4, reason: midgame, opening, in-check, emergency: false
[DEBUG] 17:04:01.182 [AiEngine] Using JS Search
[DEBUG] 17:04:01.193 [AiEngine] Adaptive time: 500ms, depth: 4, reason: midgame, opening, tactical, emergency: false
[DEBUG] 17:04:01.193 [AiEngine] Using JS Search
[DEBUG] 17:04:01.195 [AiEngine] Adaptive time: 500ms, depth: 4, reason: midgame, opening, in-check, emergency: false
[DEBUG] 17:04:01.195 [AiEngine] Using JS Search
[DEBUG] 17:04:01.197 [AiEngine] Adaptive time: 500ms, depth: 4, reason: midgame, opening, emergency: false
[DEBUG] 17:04:01.197 [AiEngine] Using JS Search
[DEBUG] 17:04:01.198 [AiEngine] Adaptive time: 500ms, depth: 4, reason: midgame, opening, emergency: false
[DEBUG] 17:04:01.198 [AiEngine] Using JS Search
[DEBUG] 17:04:01.369 [AiEngine] Adaptive time: 500ms, depth: 4, reason: midgame, opening, emergency: false
[DEBUG] 17:04:01.369 [AiEngine] Using JS Search
[DEBUG] 17:04:01.370 [AiEngine] Adaptive time: 500ms, depth: 4, reason: midgame, opening, emergency: false
[DEBUG] 17:04:01.370 [AiEngine] Using JS Search
[DEBUG] 17:04:01.398 [AiEngine] Adaptive time: 500ms, depth: 4, reason: midgame, opening, emergency: false
[DEBUG] 17:04:01.398 [AiEngine] Using JS Search
[DEBUG] 17:04:01.399 [AiEngine] Adaptive time: 500ms, depth: 4, reason: midgame, opening, emergency: false
[DEBUG] 17:04:01.399 [AiEngine] Using JS Search
[DEBUG] 17:04:01.518 [AiEngine] Adaptive time: 500ms, depth: 4, reason: midgame, opening, emergency: false
[DEBUG] 17:04:01.518 [AiEngine] Using JS Search
[DEBUG] 17:04:01.519 [AiEngine] Adaptive time: 500ms, depth: 4, reason: midgame, opening, emergency: false
[DEBUG] 17:04:01.519 [AiEngine] Using JS Search
[DEBUG] 17:04:01.660 [AiEngine] Adaptive time: 500ms, depth: 4, reason: midgame, opening, emergency: false
[DEBUG] 17:04:01.660 [AiEngine] Using JS Search
[DEBUG] 17:04:01.661 [AiEngine] Adaptive time: 500ms, depth: 4, reason: midgame, opening, emergency: false
[DEBUG] 17:04:01.661 [AiEngine] Using JS Search
[DEBUG] 17:04:01.749 [AiEngine] Adaptive time: 500ms, depth: 4, reason: midgame, opening, emergency: false
[DEBUG] 17:04:01.749 [AiEngine] Using JS Search
[DEBUG] 17:04:01.750 [AiEngine] Adaptive time: 500ms, depth: 4, reason: midgame, opening, emergency: false
[DEBUG] 17:04:01.750 [AiEngine] Using JS Search
[DEBUG] 17:04:01.865 [AiEngine] Adaptive time: 500ms, depth: 4, reason: midgame, opening, tactical, emergency: false
[DEBUG] 17:04:01.865 [AiEngine] Using JS Search
[DEBUG] 17:04:01.866 [AiEngine] Adaptive time: 500ms, depth: 4, reason: midgame, opening, emergency: false
[DEBUG] 17:04:01.866 [AiEngine] Using JS Search
[DEBUG] 17:04:02.234 [AiEngine] Adaptive time: 500ms, depth: 4, reason: midgame, opening, tactical, emergency: false
[DEBUG] 17:04:02.234 [AiEngine] Using JS Search
[DEBUG] 17:04:02.235 [AiEngine] Adaptive time: 500ms, depth: 4, reason: midgame, opening, emergency: false
[DEBUG] 17:04:02.235 [AiEngine] Using JS Search
[DEBUG] 17:04:02.329 [AiEngine] Adaptive time: 500ms, depth: 4, reason: midgame, opening, tactical, emergency: false
[DEBUG] 17:04:02.330 [AiEngine] Using JS Search
[DEBUG] 17:04:02.331 [AiEngine] Adaptive time: 3000ms, depth: 4, reason: midgame, tactical, emergency: false
[DEBUG] 17:04:02.331 [AiEngine] Using JS Search
[DEBUG] 17:04:02.548 [AiEngine] Adaptive time: 3000ms, depth: 4, reason: midgame, tactical, emergency: false
[DEBUG] 17:04:02.548 [AiEngine] Using JS Search
[DEBUG] 17:04:02.611 [AiEngine] Adaptive time: 3000ms, depth: 4, reason: midgame, emergency: false
[DEBUG] 17:04:02.611 [AiEngine] Using JS Search
[DEBUG] 17:04:02.654 [AiEngine] Adaptive time: 3000ms, depth: 4, reason: midgame, emergency: false
[DEBUG] 17:04:02.654 [AiEngine] Using JS Search
[DEBUG] 17:04:02.704 [AiEngine] Adaptive time: 3000ms, depth: 4, reason: midgame, emergency: false
[DEBUG] 17:04:02.704 [AiEngine] Using JS Search
[DEBUG] 17:04:02.732 [AiEngine] Adaptive time: 3000ms, depth: 4, reason: midgame, emergency: false
[DEBUG] 17:04:02.732 [AiEngine] Using JS Search
[DEBUG] 17:04:02.845 [AiEngine] Adaptive time: 3000ms, depth: 4, reason: midgame, emergency: false
[DEBUG] 17:04:02.845 [AiEngine] Using JS Search
[DEBUG] 17:04:02.879 [AiEngine] Adaptive time: 3000ms, depth: 4, reason: midgame, emergency: false
[DEBUG] 17:04:02.879 [AiEngine] Using JS Search
[DEBUG] 17:04:03.052 [AiEngine] Adaptive time: 3000ms, depth: 4, reason: midgame, emergency: false
[DEBUG] 17:04:03.052 [AiEngine] Using JS Search
[DEBUG] 17:04:03.091 [AiEngine] Adaptive time: 3000ms, depth: 4, reason: midgame, emergency: false
[DEBUG] 17:04:03.091 [AiEngine] Using JS Search
[DEBUG] 17:04:03.188 [AiEngine] Adaptive time: 3000ms, depth: 4, reason: midgame, emergency: false
[DEBUG] 17:04:03.188 [AiEngine] Using JS Search
[DEBUG] 17:04:03.227 [AiEngine] Adaptive time: 3000ms, depth: 4, reason: midgame, emergency: false
[DEBUG] 17:04:03.227 [AiEngine] Using JS Search
[DEBUG] 17:04:03.403 [AiEngine] Adaptive time: 3000ms, depth: 4, reason: midgame, emergency: false
[DEBUG] 17:04:03.403 [AiEngine] Using JS Search
[DEBUG] 17:04:03.441 [AiEngine] Adaptive time: 3000ms, depth: 4, reason: midgame, emergency: false
[DEBUG] 17:04:03.441 [AiEngine] Using JS Search
[DEBUG] 17:04:03.525 [AiEngine] Adaptive time: 3000ms, depth: 4, reason: midgame, emergency: false
[DEBUG] 17:04:03.525 [AiEngine] Using JS Search
[DEBUG] 17:04:03.561 [AiEngine] Adaptive time: 3000ms, depth: 4, reason: midgame, tactical, emergency: false
[DEBUG] 17:04:03.561 [AiEngine] Using JS Search
[DEBUG] 17:04:03.619 [AiEngine] Adaptive time: 3000ms, depth: 4, reason: midgame, emergency: false
[DEBUG] 17:04:03.619 [AiEngine] Using JS Search
[DEBUG] 17:04:03.695 [AiEngine] Adaptive time: 3000ms, depth: 4, reason: midgame, emergency: false
[DEBUG] 17:04:03.695 [AiEngine] Using JS Search
[DEBUG] 17:04:03.696 [AiEngine] Adaptive time: 3000ms, depth: 4, reason: midgame, emergency: false
[DEBUG] 17:04:03.696 [AiEngine] Using JS Search
[DEBUG] 17:04:03.827 [AiEngine] Adaptive time: 3000ms, depth: 4, reason: midgame, emergency: false
[DEBUG] 17:04:03.827 [AiEngine] Using JS Search
[DEBUG] 17:04:03.828 [AiEngine] Adaptive time: 3000ms, depth: 4, reason: midgame, emergency: false
[DEBUG] 17:04:03.828 [AiEngine] Using JS Search
[DEBUG] 17:04:03.935 [AiEngine] Adaptive time: 3000ms, depth: 4, reason: midgame, emergency: false
[DEBUG] 17:04:03.935 [AiEngine] Using JS Search
[DEBUG] 17:04:03.936 [AiEngine] Adaptive time: 3000ms, depth: 4, reason: midgame, emergency: false
[DEBUG] 17:04:03.936 [AiEngine] Using JS Search
[DEBUG] 17:04:04.050 [AiEngine] Adaptive time: 3000ms, depth: 4, reason: midgame, emergency: false
[DEBUG] 17:04:04.051 [AiEngine] Using JS Search
[DEBUG] 17:04:04.055 [AiEngine] Adaptive time: 3000ms, depth: 4, reason: midgame, emergency: false
[DEBUG] 17:04:04.055 [AiEngine] Using JS Search
[DEBUG] 17:04:04.177 [AiEngine] Adaptive time: 3000ms, depth: 4, reason: midgame, emergency: false
[DEBUG] 17:04:04.177 [AiEngine] Using JS Search
[DEBUG] 17:04:04.179 [AiEngine] Adaptive time: 3000ms, depth: 4, reason: midgame, emergency: false
[DEBUG] 17:04:04.179 [AiEngine] Using JS Search
[DEBUG] 17:04:04.254 [AiEngine] Adaptive time: 3000ms, depth: 4, reason: midgame, emergency: false
[DEBUG] 17:04:04.254 [AiEngine] Using JS Search
[DEBUG] 17:04:04.255 [AiEngine] Adaptive time: 3000ms, depth: 4, reason: midgame, emergency: false
[DEBUG] 17:04:04.255 [AiEngine] Using JS Search
[DEBUG] 17:04:04.374 [AiEngine] Adaptive time: 3000ms, depth: 4, reason: midgame, emergency: false
[DEBUG] 17:04:04.375 [AiEngine] Using JS Search
[DEBUG] 17:04:04.375 [AiEngine] Adaptive time: 3000ms, depth: 4, reason: midgame, emergency: false
[DEBUG] 17:04:04.375 [AiEngine] Using JS Search
[DEBUG] 17:04:04.413 [AiEngine] Adaptive time: 3000ms, depth: 4, reason: midgame, emergency: false
[DEBUG] 17:04:04.413 [AiEngine] Using JS Search
[DEBUG] 17:04:04.414 [AiEngine] Adaptive time: 3000ms, depth: 4, reason: standard, emergency: false
[DEBUG] 17:04:04.414 [AiEngine] Using JS Search
[DEBUG] 17:04:04.476 [AiEngine] Adaptive time: 3000ms, depth: 4, reason: standard, emergency: false
[DEBUG] 17:04:04.476 [AiEngine] Using JS Search
[DEBUG] 17:04:04.477 [AiEngine] Adaptive time: 3000ms, depth: 4, reason: tactical, emergency: false
[DEBUG] 17:04:04.478 [AiEngine] Using JS Search
[DEBUG] 17:04:04.543 [AiEngine] Adaptive time: 3000ms, depth: 4, reason: standard, emergency: false
[DEBUG] 17:04:04.543 [AiEngine] Using JS Search
[DEBUG] 17:04:04.544 [AiEngine] Adaptive time: 3000ms, depth: 4, reason: standard, emergency: false
[DEBUG] 17:04:04.544 [AiEngine] Using JS Search
[DEBUG] 17:04:04.600 [AiEngine] Adaptive time: 3000ms, depth: 4, reason: in-check, emergency: false
[DEBUG] 17:04:04.600 [AiEngine] Using JS Search
[DEBUG] 17:04:04.601 [AiEngine] Adaptive time: 3000ms, depth: 4, reason: standard, emergency: false
[DEBUG] 17:04:04.601 [AiEngine] Using JS Search
[DEBUG] 17:04:04.628 [AiEngine] Adaptive time: 3000ms, depth: 4, reason: standard, emergency: false
[DEBUG] 17:04:04.628 [AiEngine] Using JS Search
[DEBUG] 17:04:04.629 [AiEngine] Adaptive time: 3000ms, depth: 4, reason: standard, emergency: false
[DEBUG] 17:04:04.629 [AiEngine] Using JS Search
[DEBUG] 17:04:04.688 [AiEngine] Adaptive time: 3000ms, depth: 4, reason: standard, emergency: false
[DEBUG] 17:04:04.688 [AiEngine] Using JS Search
[DEBUG] 17:04:04.696 [AiEngine] Adaptive time: 3000ms, depth: 4, reason: standard, emergency: false
[DEBUG] 17:04:04.696 [AiEngine] Using JS Search
[DEBUG] 17:04:04.749 [AiEngine] Adaptive time: 3000ms, depth: 4, reason: standard, emergency: false
[DEBUG] 17:04:04.749 [AiEngine] Using JS Search
[DEBUG] 17:04:04.750 [AiEngine] Adaptive time: 3000ms, depth: 4, reason: standard, emergency: false
[DEBUG] 17:04:04.750 [AiEngine] Using JS Search
[DEBUG] 17:04:04.786 [AiEngine] Adaptive time: 3000ms, depth: 4, reason: standard, emergency: false
[DEBUG] 17:04:04.786 [AiEngine] Using JS Search
[DEBUG] 17:04:04.787 [AiEngine] Adaptive time: 3000ms, depth: 4, reason: standard, emergency: false
[DEBUG] 17:04:04.787 [AiEngine] Using JS Search
[DEBUG] 17:04:04.809 [AiEngine] Adaptive time: 3000ms, depth: 4, reason: standard, emergency: false
[DEBUG] 17:04:04.809 [AiEngine] Using JS Search
[DEBUG] 17:04:04.809 [AiEngine] Adaptive time: 3000ms, depth: 4, reason: standard, emergency: false
[DEBUG] 17:04:04.809 [AiEngine] Using JS Search
[DEBUG] 17:04:04.841 [AiEngine] Adaptive time: 3000ms, depth: 4, reason: standard, emergency: false
[DEBUG] 17:04:04.841 [AiEngine] Using JS Search
[DEBUG] 17:04:04.841 [AiEngine] Adaptive time: 3000ms, depth: 4, reason: tactical, emergency: false
[DEBUG] 17:04:04.842 [AiEngine] Using JS Search
[DEBUG] 17:04:04.872 [AiEngine] Adaptive time: 3000ms, depth: 4, reason: standard, emergency: false
[DEBUG] 17:04:04.873 [AiEngine] Using JS Search
[DEBUG] 17:04:04.873 [AiEngine] Adaptive time: 3000ms, depth: 4, reason: tactical, emergency: false
[DEBUG] 17:04:04.873 [AiEngine] Using JS Search
[DEBUG] 17:04:04.899 [AiEngine] Adaptive time: 3000ms, depth: 4, reason: tactical, emergency: false
[DEBUG] 17:04:04.899 [AiEngine] Using JS Search
[DEBUG] 17:04:04.900 [AiEngine] Adaptive time: 3000ms, depth: 4, reason: standard, emergency: false
[DEBUG] 17:04:04.900 [AiEngine] Using JS Search
[DEBUG] 17:04:04.940 [AiEngine] Adaptive time: 3000ms, depth: 4, reason: standard, emergency: false
[DEBUG] 17:04:04.940 [AiEngine] Using JS Search
[DEBUG] 17:04:04.941 [AiEngine] Adaptive time: 3000ms, depth: 4, reason: tactical, emergency: false
[DEBUG] 17:04:04.941 [AiEngine] Using JS Search
[DEBUG] 17:04:04.975 [AiEngine] Adaptive time: 3000ms, depth: 4, reason: standard, emergency: false
[DEBUG] 17:04:04.975 [AiEngine] Using JS Search
[DEBUG] 17:04:04.976 [AiEngine] Adaptive time: 3000ms, depth: 4, reason: standard, emergency: false
[DEBUG] 17:04:04.976 [AiEngine] Using JS Search
[DEBUG] 17:04:05.006 [AiEngine] Adaptive time: 3000ms, depth: 4, reason: endgame, emergency: false
[DEBUG] 17:04:05.006 [AiEngine] Using JS Search
[DEBUG] 17:04:05.007 [AiEngine] Adaptive time: 500ms, depth: 4, reason: midgame, opening, emergency: false
[DEBUG] 17:04:05.007 [AiEngine] Using JS Search
[DEBUG] 17:04:05.202 [AiEngine] Adaptive time: 500ms, depth: 4, reason: midgame, opening, emergency: false
[DEBUG] 17:04:05.202 [AiEngine] Using JS Search
[DEBUG] 17:04:05.298 [AiEngine] Adaptive time: 500ms, depth: 4, reason: midgame, opening, emergency: false
[DEBUG] 17:04:05.298 [AiEngine] Using JS Search
[DEBUG] 17:04:05.530 [AiEngine] Adaptive time: 500ms, depth: 4, reason: midgame, opening, emergency: false
[DEBUG] 17:04:05.530 [AiEngine] Using JS Search
[DEBUG] 17:04:05.695 [AiEngine] Adaptive time: 500ms, depth: 4, reason: midgame, opening, emergency: false
[DEBUG] 17:04:05.695 [AiEngine] Using JS Search
[DEBUG] 17:04:05.967 [AiEngine] Adaptive time: 500ms, depth: 4, reason: midgame, opening, emergency: false
[DEBUG] 17:04:05.967 [AiEngine] Using JS Search
[DEBUG] 17:04:06.314 [AiEngine] Adaptive time: 500ms, depth: 4, reason: midgame, opening, emergency: false
[DEBUG] 17:04:06.315 [AiEngine] Using JS Search
[DEBUG] 17:04:06.599 [AiEngine] Adaptive time: 500ms, depth: 4, reason: midgame, opening, emergency: false
[DEBUG] 17:04:06.599 [AiEngine] Using JS Search
[DEBUG] 17:04:06.790 [AiEngine] Adaptive time: 500ms, depth: 4, reason: midgame, opening, tactical, emergency: false
[DEBUG] 17:04:06.790 [AiEngine] Using JS Search
[DEBUG] 17:04:07.081 [AiEngine] Adaptive time: 500ms, depth: 4, reason: midgame, opening, tactical, emergency: false
[DEBUG] 17:04:07.081 [AiEngine] Using JS Search
[DEBUG] 17:04:07.422 [AiEngine] Adaptive time: 500ms, depth: 4, reason: midgame, opening, emergency: false
[DEBUG] 17:04:07.423 [AiEngine] Using JS Search
[DEBUG] 17:04:07.800 [AiEngine] Adaptive time: 500ms, depth: 4, reason: midgame, opening, emergency: false
[DEBUG] 17:04:07.800 [AiEngine] Using JS Search
[DEBUG] 17:04:07.965 [AiEngine] Adaptive time: 500ms, depth: 4, reason: midgame, opening, tactical, emergency: false
[DEBUG] 17:04:07.965 [AiEngine] Using JS Search
[DEBUG] 17:04:08.076 [AiEngine] Adaptive time: 500ms, depth: 4, reason: midgame, opening, tactical, emergency: false
[DEBUG] 17:04:08.076 [AiEngine] Using JS Search
[DEBUG] 17:04:08.141 [AiEngine] Adaptive time: 500ms, depth: 4, reason: midgame, opening, tactical, emergency: false
[DEBUG] 17:04:08.141 [AiEngine] Using JS Search
[DEBUG] 17:04:08.277 [AiEngine] Adaptive time: 500ms, depth: 4, reason: midgame, opening, emergency: false
[DEBUG] 17:04:08.277 [AiEngine] Using JS Search
[DEBUG] 17:04:08.483 [AiEngine] Adaptive time: 500ms, depth: 4, reason: midgame, opening, emergency: false
[DEBUG] 17:04:08.483 [AiEngine] Using JS Search
[DEBUG] 17:04:09.032 [AiEngine] Adaptive time: 500ms, depth: 4, reason: midgame, opening, tactical, emergency: false
[DEBUG] 17:04:09.032 [AiEngine] Using JS Search
[DEBUG] 17:04:09.033 [AiEngine] Adaptive time: 500ms, depth: 4, reason: midgame, opening, emergency: false
[DEBUG] 17:04:09.033 [AiEngine] Using JS Search
[DEBUG] 17:04:09.206 [AiEngine] Adaptive time: 500ms, depth: 4, reason: midgame, opening, emergency: false
[DEBUG] 17:04:09.206 [AiEngine] Using JS Search
[DEBUG] 17:04:09.422 [AiEngine] Adaptive time: 500ms, depth: 4, reason: midgame, opening, emergency: false
[DEBUG] 17:04:09.422 [AiEngine] Using JS Search
[DEBUG] 17:04:09.759 [AiEngine] Adaptive time: 500ms, depth: 4, reason: midgame, opening, emergency: false
[DEBUG] 17:04:09.759 [AiEngine] Using JS Search
[DEBUG] 17:04:09.924 [AiEngine] Adaptive time: 500ms, depth: 4, reason: midgame, opening, tactical, emergency: false
[DEBUG] 17:04:09.924 [AiEngine] Using JS Search
[DEBUG] 17:04:10.130 [AiEngine] Adaptive time: 500ms, depth: 4, reason: midgame, opening, emergency: false
[DEBUG] 17:04:10.130 [AiEngine] Using JS Search
[DEBUG] 17:04:10.222 [AiEngine] Adaptive time: 500ms, depth: 4, reason: midgame, opening, tactical, emergency: false
[DEBUG] 17:04:10.222 [AiEngine] Using JS Search
[DEBUG] 17:04:10.366 [AiEngine] Adaptive time: 500ms, depth: 4, reason: midgame, opening, emergency: false
[DEBUG] 17:04:10.366 [AiEngine] Using JS Search
[DEBUG] 17:04:10.487 [AiEngine] Adaptive time: 500ms, depth: 4, reason: midgame, opening, tactical, emergency: false
[DEBUG] 17:04:10.487 [AiEngine] Using JS Search
[DEBUG] 17:04:10.739 [AiEngine] Adaptive time: 500ms, depth: 4, reason: midgame, opening, emergency: false
[DEBUG] 17:04:10.739 [AiEngine] Using JS Search
[DEBUG] 17:04:10.807 [AiEngine] Adaptive time: 500ms, depth: 4, reason: midgame, opening, tactical, emergency: false
[DEBUG] 17:04:10.807 [AiEngine] Using JS Search
[DEBUG] 17:04:10.833 [AiEngine] Adaptive time: 500ms, depth: 4, reason: midgame, opening, in-check, emergency: false
[DEBUG] 17:04:10.833 [AiEngine] Using JS Search
[DEBUG] 17:04:10.848 [AiEngine] Adaptive time: 500ms, depth: 4, reason: midgame, opening, tactical, emergency: false
[DEBUG] 17:04:10.848 [AiEngine] Using JS Search
[DEBUG] 17:04:10.849 [AiEngine] Adaptive time: 500ms, depth: 4, reason: midgame, opening, emergency: false
[DEBUG] 17:04:10.849 [AiEngine] Using JS Search
[DEBUG] 17:04:10.914 [AiEngine] Adaptive time: 500ms, depth: 4, reason: midgame, opening, tactical, emergency: false
[DEBUG] 17:04:10.914 [AiEngine] Using JS Search
[DEBUG] 17:04:10.916 [AiEngine] Adaptive time: 500ms, depth: 4, reason: midgame, opening, tactical, emergency: false
[DEBUG] 17:04:10.916 [AiEngine] Using JS Search
[DEBUG] 17:04:10.954 [AiEngine] Adaptive time: 500ms, depth: 4, reason: midgame, opening, in-check, emergency: false
[DEBUG] 17:04:10.955 [AiEngine] Using JS Search
[DEBUG] 17:04:10.955 [AiEngine] Adaptive time: 500ms, depth: 4, reason: midgame, opening, emergency: false
[DEBUG] 17:04:10.955 [AiEngine] Using JS Search
[DEBUG] 17:04:11.090 [AiEngine] Adaptive time: 500ms, depth: 4, reason: midgame, opening, tactical, emergency: false
[DEBUG] 17:04:11.090 [AiEngine] Using JS Search
[DEBUG] 17:04:11.091 [AiEngine] Adaptive time: 500ms, depth: 4, reason: midgame, opening, emergency: false
[DEBUG] 17:04:11.091 [AiEngine] Using JS Search
[DEBUG] 17:04:11.136 [AiEngine] Adaptive time: 500ms, depth: 4, reason: midgame, opening, tactical, emergency: false
[DEBUG] 17:04:11.136 [AiEngine] Using JS Search
[DEBUG] 17:04:11.145 [AiEngine] Adaptive time: 500ms, depth: 4, reason: midgame, opening, emergency: false
[DEBUG] 17:04:11.145 [AiEngine] Using JS Search
[DEBUG] 17:04:11.163 [AiEngine] Adaptive time: 3000ms, depth: 4, reason: midgame, tactical, emergency: false
[DEBUG] 17:04:11.163 [AiEngine] Using JS Search
[DEBUG] 17:04:11.174 [AiEngine] Adaptive time: 3000ms, depth: 4, reason: midgame, emergency: false
[DEBUG] 17:04:11.174 [AiEngine] Using JS Search
[DEBUG] 17:04:11.196 [AiEngine] Adaptive time: 3000ms, depth: 4, reason: midgame, emergency: false
[DEBUG] 17:04:11.196 [AiEngine] Using JS Search
[DEBUG] 17:04:11.203 [AiEngine] Adaptive time: 3000ms, depth: 4, reason: midgame, emergency: false
[DEBUG] 17:04:11.203 [AiEngine] Using JS Search
[DEBUG] 17:04:11.215 [AiEngine] Adaptive time: 3000ms, depth: 4, reason: midgame, tactical, emergency: false
[DEBUG] 17:04:11.216 [AiEngine] Using JS Search
[DEBUG] 17:04:11.218 [AiEngine] Adaptive time: 3000ms, depth: 4, reason: midgame, in-check, emergency: false
[DEBUG] 17:04:11.218 [AiEngine] Using JS Search
[DEBUG] 17:04:11.224 [AiEngine] Adaptive time: 3000ms, depth: 4, reason: midgame, tactical, emergency: false
[DEBUG] 17:04:11.224 [AiEngine] Using JS Search
[DEBUG] 17:04:11.232 [AiEngine] Adaptive time: 3000ms, depth: 4, reason: midgame, emergency: false
[DEBUG] 17:04:11.232 [AiEngine] Using JS Search
[DEBUG] 17:04:11.243 [AiEngine] Adaptive time: 3000ms, depth: 4, reason: midgame, tactical, emergency: false
[DEBUG] 17:04:11.243 [AiEngine] Using JS Search
[DEBUG] 17:04:11.245 [AiEngine] Adaptive time: 3000ms, depth: 4, reason: in-check, emergency: false
[DEBUG] 17:04:11.245 [AiEngine] Using JS Search
[DEBUG] 17:04:11.248 [AiEngine] Adaptive time: 3000ms, depth: 4, reason: standard, emergency: false
[DEBUG] 17:04:11.248 [AiEngine] Using JS Search
[DEBUG] 17:04:11.255 [AiEngine] Adaptive time: 3000ms, depth: 4, reason: standard, emergency: false
[DEBUG] 17:04:11.255 [AiEngine] Using JS Search
[DEBUG] 17:04:11.269 [AiEngine] Adaptive time: 3000ms, depth: 4, reason: standard, emergency: false
[DEBUG] 17:04:11.269 [AiEngine] Using JS Search
[DEBUG] 17:04:11.276 [AiEngine] Adaptive time: 3000ms, depth: 4, reason: standard, emergency: false
[DEBUG] 17:04:11.276 [AiEngine] Using JS Search
[DEBUG] 17:04:11.289 [AiEngine] Adaptive time: 3000ms, depth: 4, reason: tactical, emergency: false
[DEBUG] 17:04:11.289 [AiEngine] Using JS Search
[DEBUG] 17:04:11.293 [AiEngine] Adaptive time: 3000ms, depth: 4, reason: standard, emergency: false
[DEBUG] 17:04:11.293 [AiEngine] Using JS Search
[DEBUG] 17:04:11.301 [AiEngine] Adaptive time: 3000ms, depth: 4, reason: standard, emergency: false
[DEBUG] 17:04:11.301 [AiEngine] Using JS Search
[DEBUG] 17:04:11.304 [AiEngine] Adaptive time: 3000ms, depth: 4, reason: endgame, emergency: false
[DEBUG] 17:04:11.304 [AiEngine] Using JS Search
[DEBUG] 17:04:11.310 [AiEngine] Adaptive time: 3000ms, depth: 4, reason: endgame, tactical, emergency: false
[DEBUG] 17:04:11.310 [AiEngine] Using JS Search
[DEBUG] 17:04:11.313 [AiEngine] Adaptive time: 3000ms, depth: 4, reason: endgame, emergency: false
[DEBUG] 17:04:11.313 [AiEngine] Using JS Search
[DEBUG] 17:04:11.318 [AiEngine] Adaptive time: 3000ms, depth: 4, reason: endgame, tactical, emergency: false
[DEBUG] 17:04:11.318 [AiEngine] Using JS Search
[DEBUG] 17:04:11.321 [AiEngine] Adaptive time: 3000ms, depth: 4, reason: endgame, emergency: false
[DEBUG] 17:04:11.321 [AiEngine] Using JS Search
[DEBUG] 17:04:11.325 [AiEngine] Adaptive time: 3000ms, depth: 4, reason: endgame, tactical, emergency: false
[DEBUG] 17:04:11.325 [AiEngine] Using JS Search
[DEBUG] 17:04:11.327 [AiEngine] Adaptive time: 3000ms, depth: 4, reason: endgame, emergency: false
[DEBUG] 17:04:11.327 [AiEngine] Using JS Search
[DEBUG] 17:04:11.331 [AiEngine] Adaptive time: 3000ms, depth: 4, reason: endgame, tactical, emergency: false
[DEBUG] 17:04:11.331 [AiEngine] Using JS Search
[DEBUG] 17:04:11.332 [AiEngine] Adaptive time: 3000ms, depth: 4, reason: endgame, emergency: false
[DEBUG] 17:04:11.332 [AiEngine] Using JS Search
[DEBUG] 17:04:11.335 [AiEngine] Adaptive time: 3000ms, depth: 4, reason: endgame, tactical, emergency: false
[DEBUG] 17:04:11.335 [AiEngine] Using JS Search
[DEBUG] 17:04:11.336 [AiEngine] Adaptive time: 3000ms, depth: 4, reason: endgame, emergency: false
[DEBUG] 17:04:11.336 [AiEngine] Using JS Search
[DEBUG] 17:04:11.340 [AiEngine] Adaptive time: 3000ms, depth: 4, reason: endgame, tactical, emergency: false
[DEBUG] 17:04:11.340 [AiEngine] Using JS Search
[DEBUG] 17:04:11.343 [AiEngine] Adaptive time: 3000ms, depth: 4, reason: endgame, emergency: false
[DEBUG] 17:04:11.343 [AiEngine] Using JS Search
[DEBUG] 17:04:11.349 [AiEngine] Adaptive time: 3000ms, depth: 4, reason: endgame, tactical, emergency: false
[DEBUG] 17:04:11.349 [AiEngine] Using JS Search
[DEBUG] 17:04:11.352 [AiEngine] Adaptive time: 3000ms, depth: 4, reason: endgame, emergency: false
[DEBUG] 17:04:11.352 [AiEngine] Using JS Search
[DEBUG] 17:04:11.359 [AiEngine] Adaptive time: 3000ms, depth: 4, reason: endgame, tactical, emergency: false
[DEBUG] 17:04:11.359 [AiEngine] Using JS Search
[DEBUG] 17:04:11.361 [AiEngine] Adaptive time: 3000ms, depth: 4, reason: endgame, emergency: false
[DEBUG] 17:04:11.361 [AiEngine] Using JS Search
[DEBUG] 17:04:11.366 [AiEngine] Adaptive time: 3000ms, depth: 4, reason: endgame, tactical, emergency: false
[DEBUG] 17:04:11.366 [AiEngine] Using JS Search
[DEBUG] 17:04:11.368 [AiEngine] Adaptive time: 3000ms, depth: 4, reason: endgame, emergency: false
[DEBUG] 17:04:11.368 [AiEngine] Using JS Search
[DEBUG] 17:04:11.374 [AiEngine] Adaptive time: 3000ms, depth: 4, reason: endgame, tactical, emergency: false
[DEBUG] 17:04:11.374 [AiEngine] Using JS Search
[DEBUG] 17:04:11.375 [AiEngine] Adaptive time: 3000ms, depth: 4, reason: endgame, emergency: false
[DEBUG] 17:04:11.375 [AiEngine] Using JS Search
[DEBUG] 17:04:11.380 [AiEngine] Adaptive time: 3000ms, depth: 4, reason: endgame, tactical, emergency: false
[DEBUG] 17:04:11.380 [AiEngine] Using JS Search
[DEBUG] 17:04:11.381 [AiEngine] Adaptive time: 3000ms, depth: 4, reason: endgame, emergency: false
[DEBUG] 17:04:11.381 [AiEngine] Using JS Search
[DEBUG] 17:04:11.384 [AiEngine] Adaptive time: 3000ms, depth: 4, reason: endgame, tactical, emergency: false
[DEBUG] 17:04:11.384 [AiEngine] Using JS Search
[DEBUG] 17:04:11.386 [AiEngine] Adaptive time: 3000ms, depth: 4, reason: endgame, emergency: false
[DEBUG] 17:04:11.386 [AiEngine] Using JS Search
[DEBUG] 17:04:11.390 [AiEngine] Adaptive time: 3000ms, depth: 4, reason: endgame, tactical, emergency: false
[DEBUG] 17:04:11.390 [AiEngine] Using JS Search
[DEBUG] 17:04:11.391 [AiEngine] Adaptive time: 3000ms, depth: 4, reason: endgame, emergency: false
[DEBUG] 17:04:11.391 [AiEngine] Using JS Search
[DEBUG] 17:04:11.394 [AiEngine] Adaptive time: 3000ms, depth: 4, reason: endgame, tactical, emergency: false
[DEBUG] 17:04:11.394 [AiEngine] Using JS Search
[DEBUG] 17:04:11.396 [AiEngine] Adaptive time: 3000ms, depth: 4, reason: endgame, emergency: false
[DEBUG] 17:04:11.396 [AiEngine] Using JS Search
[DEBUG] 17:04:11.401 [AiEngine] Adaptive time: 3000ms, depth: 4, reason: endgame, tactical, emergency: false
[DEBUG] 17:04:11.401 [AiEngine] Using JS Search
[DEBUG] 17:04:11.402 [AiEngine] Adaptive time: 3000ms, depth: 4, reason: endgame, emergency: false
[DEBUG] 17:04:11.402 [AiEngine] Using JS Search
[DEBUG] 17:04:11.405 [AiEngine] Adaptive time: 3000ms, depth: 4, reason: endgame, tactical, emergency: false
[DEBUG] 17:04:11.406 [AiEngine] Using JS Search
[DEBUG] 17:04:11.407 [AiEngine] Adaptive time: 3000ms, depth: 4, reason: endgame, emergency: false
[DEBUG] 17:04:11.407 [AiEngine] Using JS Search
[DEBUG] 17:04:11.411 [AiEngine] Adaptive time: 3000ms, depth: 4, reason: endgame, tactical, emergency: false
[DEBUG] 17:04:11.412 [AiEngine] Using JS Search
[DEBUG] 17:04:11.413 [AiEngine] Adaptive time: 3000ms, depth: 4, reason: endgame, emergency: false
[DEBUG] 17:04:11.413 [AiEngine] Using JS Search
[DEBUG] 17:04:11.418 [AiEngine] Adaptive time: 3000ms, depth: 4, reason: endgame, tactical, emergency: false
[DEBUG] 17:04:11.418 [AiEngine] Using JS Search
[DEBUG] 17:04:11.420 [AiEngine] Adaptive time: 3000ms, depth: 4, reason: endgame, emergency: false
[DEBUG] 17:04:11.420 [AiEngine] Using JS Search
[DEBUG] 17:04:11.429 [AiEngine] Adaptive time: 3000ms, depth: 4, reason: endgame, tactical, emergency: false
[DEBUG] 17:04:11.429 [AiEngine] Using JS Search
[DEBUG] 17:04:11.432 [AiEngine] Adaptive time: 3000ms, depth: 4, reason: endgame, emergency: false
[DEBUG] 17:04:11.432 [AiEngine] Using JS Search
[DEBUG] 17:04:11.448 [AiEngine] Adaptive time: 3000ms, depth: 4, reason: endgame, emergency: false
[DEBUG] 17:04:11.448 [AiEngine] Using JS Search
[DEBUG] 17:04:11.452 [AiEngine] Adaptive time: 3000ms, depth: 4, reason: endgame, emergency: false
[DEBUG] 17:04:11.452 [AiEngine] Using JS Search
[DEBUG] 17:04:11.459 [AiEngine] Adaptive time: 3000ms, depth: 4, reason: endgame, emergency: false
[DEBUG] 17:04:11.460 [AiEngine] Using JS Search
[DEBUG] 17:04:11.462 [AiEngine] Adaptive time: 3000ms, depth: 4, reason: endgame, emergency: false
[DEBUG] 17:04:11.462 [AiEngine] Using JS Search
[DEBUG] 17:04:11.470 [AiEngine] Adaptive time: 500ms, depth: 4, reason: midgame, opening, emergency: false
[DEBUG] 17:04:11.470 [AiEngine] Using JS Search
[DEBUG] 17:04:11.522 [AiEngine] Adaptive time: 500ms, depth: 4, reason: midgame, opening, emergency: false
[DEBUG] 17:04:11.522 [AiEngine] Using JS Search
[DEBUG] 17:04:11.672 [AiEngine] Adaptive time: 500ms, depth: 4, reason: midgame, opening, emergency: false
[DEBUG] 17:04:11.672 [AiEngine] Using JS Search
[DEBUG] 17:04:11.987 [AiEngine] Adaptive time: 500ms, depth: 4, reason: midgame, opening, emergency: false
[DEBUG] 17:04:11.987 [AiEngine] Using JS Search
[DEBUG] 17:04:12.169 [AiEngine] Adaptive time: 500ms, depth: 4, reason: midgame, opening, emergency: false
[DEBUG] 17:04:12.170 [AiEngine] Using JS Search
[DEBUG] 17:04:12.379 [AiEngine] Adaptive time: 500ms, depth: 4, reason: midgame, opening, emergency: false
[DEBUG] 17:04:12.379 [AiEngine] Using JS Search
[DEBUG] 17:04:12.621 [AiEngine] Adaptive time: 500ms, depth: 4, reason: midgame, opening, emergency: false
[DEBUG] 17:04:12.622 [AiEngine] Using JS Search
[DEBUG] 17:04:12.753 [AiEngine] Adaptive time: 500ms, depth: 4, reason: midgame, opening, emergency: false
[DEBUG] 17:04:12.753 [AiEngine] Using JS Search
[DEBUG] 17:04:12.987 [AiEngine] Adaptive time: 500ms, depth: 4, reason: midgame, opening, emergency: false
[DEBUG] 17:04:12.987 [AiEngine] Using JS Search
[DEBUG] 17:04:13.116 [AiEngine] Adaptive time: 500ms, depth: 4, reason: midgame, opening, emergency: false
[DEBUG] 17:04:13.116 [AiEngine] Using JS Search
[DEBUG] 17:04:13.272 [AiEngine] Adaptive time: 500ms, depth: 4, reason: midgame, opening, emergency: false
[DEBUG] 17:04:13.272 [AiEngine] Using JS Search
[DEBUG] 17:04:13.461 [AiEngine] Adaptive time: 500ms, depth: 4, reason: midgame, opening, tactical, emergency: false
[DEBUG] 17:04:13.461 [AiEngine] Using JS Search
[DEBUG] 17:04:13.812 [AiEngine] Adaptive time: 500ms, depth: 4, reason: midgame, opening, tactical, emergency: false
[DEBUG] 17:04:13.812 [AiEngine] Using JS Search
[DEBUG] 17:04:13.875 [AiEngine] Adaptive time: 500ms, depth: 4, reason: midgame, opening, in-check, emergency: false
[DEBUG] 17:04:13.875 [AiEngine] Using JS Search
[DEBUG] 17:04:13.883 [AiEngine] Adaptive time: 500ms, depth: 4, reason: midgame, opening, tactical, emergency: false
[DEBUG] 17:04:13.884 [AiEngine] Using JS Search
[DEBUG] 17:04:14.209 [AiEngine] Adaptive time: 500ms, depth: 4, reason: midgame, opening, tactical, emergency: false
[DEBUG] 17:04:14.209 [AiEngine] Using JS Search
[DEBUG] 17:04:14.386 [AiEngine] Adaptive time: 500ms, depth: 4, reason: midgame, opening, tactical, emergency: false
[DEBUG] 17:04:14.386 [AiEngine] Using JS Search
[DEBUG] 17:04:14.559 [AiEngine] Adaptive time: 500ms, depth: 4, reason: midgame, opening, tactical, emergency: false
[DEBUG] 17:04:14.559 [AiEngine] Using JS Search
[DEBUG] 17:04:14.657 [AiEngine] Adaptive time: 500ms, depth: 4, reason: midgame, opening, in-check, emergency: false
[DEBUG] 17:04:14.657 [AiEngine] Using JS Search
[DEBUG] 17:04:14.774 [AiEngine] Adaptive time: 500ms, depth: 4, reason: midgame, opening, tactical, emergency: false
[DEBUG] 17:04:14.774 [AiEngine] Using JS Search
[DEBUG] 17:04:14.929 [AiEngine] Adaptive time: 500ms, depth: 4, reason: midgame, opening, tactical, emergency: false
[DEBUG] 17:04:14.929 [AiEngine] Using JS Search
[DEBUG] 17:04:14.965 [AiEngine] Adaptive time: 500ms, depth: 4, reason: midgame, opening, emergency: false
[DEBUG] 17:04:14.965 [AiEngine] Using JS Search
[DEBUG] 17:04:15.086 [AiEngine] Adaptive time: 500ms, depth: 4, reason: midgame, opening, emergency: false
[DEBUG] 17:04:15.087 [AiEngine] Using JS Search
[DEBUG] 17:04:15.190 [AiEngine] Adaptive time: 500ms, depth: 4, reason: midgame, opening, tactical, emergency: false
[DEBUG] 17:04:15.190 [AiEngine] Using JS Search
[DEBUG] 17:04:15.310 [AiEngine] Adaptive time: 500ms, depth: 4, reason: midgame, opening, in-check, emergency: false
[DEBUG] 17:04:15.310 [AiEngine] Using JS Search
[DEBUG] 17:04:15.375 [AiEngine] Adaptive time: 500ms, depth: 4, reason: midgame, opening, tactical, emergency: false
[DEBUG] 17:04:15.375 [AiEngine] Using JS Search
[DEBUG] 17:04:15.407 [AiEngine] Adaptive time: 500ms, depth: 4, reason: midgame, opening, emergency: false
[DEBUG] 17:04:15.407 [AiEngine] Using JS Search
[DEBUG] 17:04:15.438 [AiEngine] Adaptive time: 500ms, depth: 4, reason: midgame, opening, tactical, emergency: false
[DEBUG] 17:04:15.438 [AiEngine] Using JS Search
[DEBUG] 17:04:15.438 [AiEngine] Adaptive time: 500ms, depth: 4, reason: midgame, opening, in-check, emergency: false
[DEBUG] 17:04:15.438 [AiEngine] Using JS Search
[DEBUG] 17:04:15.439 [AiEngine] Adaptive time: 500ms, depth: 4, reason: midgame, opening, emergency: false
[DEBUG] 17:04:15.439 [AiEngine] Using JS Search
[DEBUG] 17:04:15.465 [AiEngine] Adaptive time: 500ms, depth: 4, reason: midgame, opening, emergency: false
[DEBUG] 17:04:15.466 [AiEngine] Using JS Search
[DEBUG] 17:04:15.708 [AiEngine] Adaptive time: 500ms, depth: 4, reason: midgame, opening, emergency: false
[DEBUG] 17:04:15.708 [AiEngine] Using JS Search
[DEBUG] 17:04:15.921 [AiEngine] Adaptive time: 500ms, depth: 4, reason: midgame, opening, emergency: false
[DEBUG] 17:04:15.921 [AiEngine] Using JS Search
[DEBUG] 17:04:16.235 [AiEngine] Adaptive time: 500ms, depth: 4, reason: midgame, opening, emergency: false
[DEBUG] 17:04:16.235 [AiEngine] Using JS Search
[DEBUG] 17:04:16.474 [AiEngine] Adaptive time: 500ms, depth: 4, reason: midgame, opening, emergency: false
[DEBUG] 17:04:16.474 [AiEngine] Using JS Search
[DEBUG] 17:04:16.685 [AiEngine] Adaptive time: 500ms, depth: 4, reason: midgame, opening, emergency: false
[DEBUG] 17:04:16.685 [AiEngine] Using JS Search
[DEBUG] 17:04:16.893 [AiEngine] Adaptive time: 500ms, depth: 4, reason: midgame, opening, tactical, emergency: false
[DEBUG] 17:04:16.893 [AiEngine] Using JS Search
[DEBUG] 17:04:17.052 [AiEngine] Adaptive time: 500ms, depth: 4, reason: midgame, opening, emergency: false
[DEBUG] 17:04:17.053 [AiEngine] Using JS Search
[DEBUG] 17:04:17.776 [AiEngine] Adaptive time: 500ms, depth: 4, reason: midgame, opening, tactical, emergency: false
[DEBUG] 17:04:17.776 [AiEngine] Using JS Search
[DEBUG] 17:04:17.845 [AiEngine] Adaptive time: 500ms, depth: 4, reason: midgame, opening, tactical, emergency: false
[DEBUG] 17:04:17.846 [AiEngine] Using JS Search
[DEBUG] 17:04:18.115 [AiEngine] Adaptive time: 500ms, depth: 4, reason: midgame, opening, in-check, emergency: false
[DEBUG] 17:04:18.115 [AiEngine] Using JS Search
[DEBUG] 17:04:18.123 [AiEngine] Adaptive time: 500ms, depth: 4, reason: midgame, opening, emergency: false
[DEBUG] 17:04:18.123 [AiEngine] Using JS Search
[DEBUG] 17:04:18.270 [AiEngine] Adaptive time: 500ms, depth: 4, reason: midgame, opening, emergency: false
[DEBUG] 17:04:18.270 [AiEngine] Using JS Search
[DEBUG] 17:04:18.271 [AiEngine] Adaptive time: 500ms, depth: 4, reason: midgame, opening, tactical, emergency: false
[DEBUG] 17:04:18.271 [AiEngine] Using JS Search
[DEBUG] 17:04:18.271 [AiEngine] Adaptive time: 500ms, depth: 4, reason: midgame, opening, in-check, emergency: false
[DEBUG] 17:04:18.271 [AiEngine] Using JS Search
[DEBUG] 17:04:18.271 [AiEngine] Adaptive time: 500ms, depth: 4, reason: midgame, opening, emergency: false
[DEBUG] 17:04:18.271 [AiEngine] Using JS Search
[DEBUG] 17:04:18.314 [AiEngine] Adaptive time: 500ms, depth: 4, reason: midgame, opening, emergency: false
[DEBUG] 17:04:18.314 [AiEngine] Using JS Search
[DEBUG] 17:04:18.531 [AiEngine] Adaptive time: 500ms, depth: 4, reason: midgame, opening, emergency: false
[DEBUG] 17:04:18.531 [AiEngine] Using JS Search
[DEBUG] 17:04:19.088 [AiEngine] Adaptive time: 500ms, depth: 4, reason: midgame, opening, emergency: false
[DEBUG] 17:04:19.088 [AiEngine] Using JS Search
[DEBUG] 17:04:19.302 [AiEngine] Adaptive time: 500ms, depth: 4, reason: midgame, opening, emergency: false
[DEBUG] 17:04:19.302 [AiEngine] Using JS Search
[DEBUG] 17:04:19.778 [AiEngine] Adaptive time: 500ms, depth: 4, reason: midgame, opening, emergency: false
[DEBUG] 17:04:19.778 [AiEngine] Using JS Search
[DEBUG] 17:04:20.179 [AiEngine] Adaptive time: 500ms, depth: 4, reason: midgame, opening, emergency: false
[DEBUG] 17:04:20.179 [AiEngine] Using JS Search
[DEBUG] 17:04:20.307 [AiEngine] Adaptive time: 500ms, depth: 4, reason: midgame, opening, tactical, emergency: false
[DEBUG] 17:04:20.307 [AiEngine] Using JS Search
[DEBUG] 17:04:20.919 [AiEngine] Adaptive time: 500ms, depth: 4, reason: midgame, opening, emergency: false
[DEBUG] 17:04:20.919 [AiEngine] Using JS Search
[DEBUG] 17:04:21.024 [AiEngine] Adaptive time: 500ms, depth: 4, reason: midgame, opening, emergency: false
[DEBUG] 17:04:21.024 [AiEngine] Using JS Search
[DEBUG] 17:04:21.076 [AiEngine] Adaptive time: 500ms, depth: 4, reason: midgame, opening, in-check, emergency: false
[DEBUG] 17:04:21.076 [AiEngine] Using JS Search
[DEBUG] 17:04:21.084 [AiEngine] Adaptive time: 500ms, depth: 4, reason: midgame, opening, tactical, emergency: false
[DEBUG] 17:04:21.084 [AiEngine] Using JS Search
[DEBUG] 17:04:21.100 [AiEngine] Adaptive time: 500ms, depth: 4, reason: midgame, opening, in-check, emergency: false
[DEBUG] 17:04:21.101 [AiEngine] Using JS Search
[DEBUG] 17:04:21.103 [AiEngine] Adaptive time: 500ms, depth: 4, reason: midgame, opening, tactical, emergency: false
[DEBUG] 17:04:21.103 [AiEngine] Using JS Search
[DEBUG] 17:04:21.165 [AiEngine] Adaptive time: 500ms, depth: 4, reason: midgame, opening, emergency: false
[DEBUG] 17:04:21.165 [AiEngine] Using JS Search
[DEBUG] 17:04:21.187 [AiEngine] Adaptive time: 500ms, depth: 4, reason: midgame, opening, tactical, emergency: false
[DEBUG] 17:04:21.187 [AiEngine] Using JS Search
[DEBUG] 17:04:21.189 [AiEngine] Adaptive time: 500ms, depth: 4, reason: midgame, opening, in-check, emergency: false
[DEBUG] 17:04:21.189 [AiEngine] Using JS Search
[DEBUG] 17:04:21.191 [AiEngine] Adaptive time: 500ms, depth: 4, reason: midgame, opening, tactical, emergency: false
[DEBUG] 17:04:21.191 [AiEngine] Using JS Search
[DEBUG] 17:04:21.192 [AiEngine] Adaptive time: 500ms, depth: 4, reason: midgame, opening, emergency: false
[DEBUG] 17:04:21.192 [AiEngine] Using JS Search
[DEBUG] 17:04:21.280 [AiEngine] Adaptive time: 500ms, depth: 4, reason: midgame, opening, tactical, emergency: false
[DEBUG] 17:04:21.280 [AiEngine] Using JS Search
[DEBUG] 17:04:21.281 [AiEngine] Adaptive time: 500ms, depth: 4, reason: midgame, opening, emergency: false
[DEBUG] 17:04:21.281 [AiEngine] Using JS Search
[DEBUG] 17:04:21.308 [AiEngine] Adaptive time: 500ms, depth: 4, reason: midgame, opening, tactical, emergency: false
[DEBUG] 17:04:21.308 [AiEngine] Using JS Search
[DEBUG] 17:04:21.309 [AiEngine] Adaptive time: 500ms, depth: 4, reason: midgame, opening, emergency: false
[DEBUG] 17:04:21.309 [AiEngine] Using JS Search
[DEBUG] 17:04:21.329 [AiEngine] Adaptive time: 500ms, depth: 4, reason: midgame, opening, emergency: false
[DEBUG] 17:04:21.329 [AiEngine] Using JS Search
[DEBUG] 17:04:21.330 [AiEngine] Adaptive time: 500ms, depth: 4, reason: midgame, opening, emergency: false
[DEBUG] 17:04:21.330 [AiEngine] Using JS Search
[DEBUG] 17:04:21.370 [AiEngine] Adaptive time: 500ms, depth: 4, reason: midgame, opening, emergency: false
[DEBUG] 17:04:21.370 [AiEngine] Using JS Search
[DEBUG] 17:04:21.371 [AiEngine] Adaptive time: 500ms, depth: 4, reason: midgame, opening, emergency: false
[DEBUG] 17:04:21.371 [AiEngine] Using JS Search
[DEBUG] 17:04:21.411 [AiEngine] Adaptive time: 500ms, depth: 4, reason: midgame, opening, tactical, emergency: false
[DEBUG] 17:04:21.411 [AiEngine] Using JS Search
[DEBUG] 17:04:21.412 [AiEngine] Adaptive time: 500ms, depth: 4, reason: midgame, opening, emergency: false
[DEBUG] 17:04:21.412 [AiEngine] Using JS Search
[DEBUG] 17:04:21.444 [AiEngine] Adaptive time: 500ms, depth: 4, reason: midgame, opening, tactical, emergency: false
[DEBUG] 17:04:21.444 [AiEngine] Using JS Search
[DEBUG] 17:04:21.445 [AiEngine] Adaptive time: 500ms, depth: 4, reason: midgame, opening, emergency: false
[DEBUG] 17:04:21.445 [AiEngine] Using JS Search
[DEBUG] 17:04:21.487 [AiEngine] Adaptive time: 500ms, depth: 4, reason: midgame, opening, tactical, emergency: false
[DEBUG] 17:04:21.487 [AiEngine] Using JS Search
[DEBUG] 17:04:21.495 [AiEngine] Adaptive time: 500ms, depth: 4, reason: midgame, opening, emergency: false
[DEBUG] 17:04:21.495 [AiEngine] Using JS Search
[DEBUG] 17:04:21.510 [AiEngine] Adaptive time: 500ms, depth: 4, reason: midgame, opening, tactical, emergency: false
[DEBUG] 17:04:21.510 [AiEngine] Using JS Search
[DEBUG] 17:04:21.517 [AiEngine] Adaptive time: 500ms, depth: 4, reason: midgame, opening, emergency: false
[DEBUG] 17:04:21.517 [AiEngine] Using JS Search
[DEBUG] 17:04:21.533 [AiEngine] Adaptive time: 500ms, depth: 4, reason: midgame, opening, tactical, emergency: false
[DEBUG] 17:04:21.533 [AiEngine] Using JS Search
[DEBUG] 17:04:21.540 [AiEngine] Adaptive time: 500ms, depth: 4, reason: midgame, opening, emergency: false
[DEBUG] 17:04:21.540 [AiEngine] Using JS Search
[DEBUG] 17:04:21.554 [AiEngine] Adaptive time: 500ms, depth: 4, reason: midgame, opening, emergency: false
[DEBUG] 17:04:21.554 [AiEngine] Using JS Search
[DEBUG] 17:04:21.561 [AiEngine] Adaptive time: 500ms, depth: 4, reason: midgame, opening, emergency: false
[DEBUG] 17:04:21.561 [AiEngine] Using JS Search
[DEBUG] 17:04:21.574 [AiEngine] Adaptive time: 500ms, depth: 4, reason: midgame, opening, tactical, emergency: false
[DEBUG] 17:04:21.574 [AiEngine] Using JS Search
[DEBUG] 17:04:21.580 [AiEngine] Adaptive time: 3000ms, depth: 4, reason: midgame, emergency: false
[DEBUG] 17:04:21.580 [AiEngine] Using JS Search
[DEBUG] 17:04:21.594 [AiEngine] Adaptive time: 3000ms, depth: 4, reason: midgame, emergency: false
[DEBUG] 17:04:21.594 [AiEngine] Using JS Search
[DEBUG] 17:04:21.600 [AiEngine] Adaptive time: 3000ms, depth: 4, reason: midgame, emergency: false
[DEBUG] 17:04:21.600 [AiEngine] Using JS Search
[DEBUG] 17:04:21.612 [AiEngine] Adaptive time: 3000ms, depth: 4, reason: midgame, tactical, emergency: false
[DEBUG] 17:04:21.612 [AiEngine] Using JS Search
[DEBUG] 17:04:21.618 [AiEngine] Adaptive time: 3000ms, depth: 4, reason: midgame, emergency: false
[DEBUG] 17:04:21.618 [AiEngine] Using JS Search
[DEBUG] 17:04:21.628 [AiEngine] Adaptive time: 3000ms, depth: 4, reason: midgame, emergency: false
[DEBUG] 17:04:21.628 [AiEngine] Using JS Search
[DEBUG] 17:04:21.632 [AiEngine] Adaptive time: 3000ms, depth: 4, reason: midgame, emergency: false
[DEBUG] 17:04:21.632 [AiEngine] Using JS Search
[DEBUG] 17:04:21.642 [AiEngine] Adaptive time: 3000ms, depth: 4, reason: midgame, emergency: false
[DEBUG] 17:04:21.642 [AiEngine] Using JS Search
[DEBUG] 17:04:21.646 [AiEngine] Adaptive time: 3000ms, depth: 4, reason: midgame, emergency: false
[DEBUG] 17:04:21.646 [AiEngine] Using JS Search
[DEBUG] 17:04:21.652 [AiEngine] Adaptive time: 3000ms, depth: 4, reason: midgame, emergency: false
[DEBUG] 17:04:21.653 [AiEngine] Using JS Search
[DEBUG] 17:04:21.658 [AiEngine] Adaptive time: 3000ms, depth: 4, reason: midgame, emergency: false
[DEBUG] 17:04:21.658 [AiEngine] Using JS Search
[DEBUG] 17:04:21.668 [AiEngine] Adaptive time: 3000ms, depth: 4, reason: midgame, emergency: false
[DEBUG] 17:04:21.668 [AiEngine] Using JS Search
[DEBUG] 17:04:21.671 [AiEngine] Adaptive time: 3000ms, depth: 4, reason: midgame, emergency: false
[DEBUG] 17:04:21.671 [AiEngine] Using JS Search
[DEBUG] 17:04:21.679 [AiEngine] Adaptive time: 3000ms, depth: 4, reason: midgame, tactical, emergency: false
[DEBUG] 17:04:21.679 [AiEngine] Using JS Search
[DEBUG] 17:04:21.682 [AiEngine] Adaptive time: 3000ms, depth: 4, reason: midgame, emergency: false
[DEBUG] 17:04:21.682 [AiEngine] Using JS Search
[DEBUG] 17:04:21.686 [AiEngine] Adaptive time: 3000ms, depth: 4, reason: midgame, tactical, emergency: false
[DEBUG] 17:04:21.686 [AiEngine] Using JS Search
[DEBUG] 17:04:21.688 [AiEngine] Adaptive time: 3000ms, depth: 4, reason: standard, emergency: false
[DEBUG] 17:04:21.688 [AiEngine] Using JS Search
[DEBUG] 17:04:21.691 [AiEngine] Adaptive time: 3000ms, depth: 4, reason: tactical, emergency: false
[DEBUG] 17:04:21.691 [AiEngine] Using JS Search
[DEBUG] 17:04:21.692 [AiEngine] Adaptive time: 3000ms, depth: 4, reason: standard, emergency: false
[DEBUG] 17:04:21.692 [AiEngine] Using JS Search
[DEBUG] 17:04:21.693 [AiEngine] Adaptive time: 3000ms, depth: 4, reason: standard, emergency: false
[DEBUG] 17:04:21.693 [AiEngine] Using JS Search
[DEBUG] 17:04:21.695 [AiEngine] Adaptive time: 3000ms, depth: 4, reason: standard, emergency: false
[DEBUG] 17:04:21.695 [AiEngine] Using JS Search
[DEBUG] 17:04:21.697 [AiEngine] Adaptive time: 3000ms, depth: 4, reason: tactical, emergency: false
[DEBUG] 17:04:21.697 [AiEngine] Using JS Search
[DEBUG] 17:04:21.698 [AiEngine] Adaptive time: 3000ms, depth: 4, reason: standard, emergency: false
[DEBUG] 17:04:21.698 [AiEngine] Using JS Search
[DEBUG] 17:04:21.699 [AiEngine] Adaptive time: 3000ms, depth: 4, reason: tactical, emergency: false
[DEBUG] 17:04:21.699 [AiEngine] Using JS Search
[DEBUG] 17:04:21.701 [AiEngine] Adaptive time: 3000ms, depth: 4, reason: standard, emergency: false
[DEBUG] 17:04:21.701 [AiEngine] Using JS Search
[DEBUG] 17:04:21.703 [AiEngine] Adaptive time: 3000ms, depth: 4, reason: tactical, emergency: false
[DEBUG] 17:04:21.703 [AiEngine] Using JS Search
[DEBUG] 17:04:21.704 [AiEngine] Adaptive time: 3000ms, depth: 4, reason: standard, emergency: false
[DEBUG] 17:04:21.704 [AiEngine] Using JS Search
[DEBUG] 17:04:21.706 [AiEngine] Adaptive time: 3000ms, depth: 4, reason: tactical, emergency: false
[DEBUG] 17:04:21.706 [AiEngine] Using JS Search
[DEBUG] 17:04:21.707 [AiEngine] Adaptive time: 3000ms, depth: 4, reason: standard, emergency: false
[DEBUG] 17:04:21.707 [AiEngine] Using JS Search
[DEBUG] 17:04:21.709 [AiEngine] Adaptive time: 3000ms, depth: 4, reason: tactical, emergency: false
[DEBUG] 17:04:21.709 [AiEngine] Using JS Search
[DEBUG] 17:04:21.710 [AiEngine] Adaptive time: 3000ms, depth: 4, reason: standard, emergency: false
[DEBUG] 17:04:21.710 [AiEngine] Using JS Search
[DEBUG] 17:04:21.712 [AiEngine] Adaptive time: 3000ms, depth: 4, reason: tactical, emergency: false
[DEBUG] 17:04:21.712 [AiEngine] Using JS Search
[DEBUG] 17:04:21.713 [AiEngine] Adaptive time: 3000ms, depth: 4, reason: standard, emergency: false
[DEBUG] 17:04:21.713 [AiEngine] Using JS Search
[DEBUG] 17:04:21.716 [AiEngine] Adaptive time: 3000ms, depth: 4, reason: tactical, emergency: false
[DEBUG] 17:04:21.716 [AiEngine] Using JS Search
[DEBUG] 17:04:21.717 [AiEngine] Adaptive time: 3000ms, depth: 4, reason: standard, emergency: false
[DEBUG] 17:04:21.717 [AiEngine] Using JS Search
[DEBUG] 17:04:21.718 [AiEngine] Adaptive time: 3000ms, depth: 4, reason: tactical, emergency: false
[DEBUG] 17:04:21.718 [AiEngine] Using JS Search
[DEBUG] 17:04:21.720 [AiEngine] Adaptive time: 3000ms, depth: 4, reason: standard, emergency: false
[DEBUG] 17:04:21.720 [AiEngine] Using JS Search
[DEBUG] 17:04:21.722 [AiEngine] Adaptive time: 3000ms, depth: 4, reason: tactical, emergency: false
[DEBUG] 17:04:21.722 [AiEngine] Using JS Search
[DEBUG] 17:04:21.723 [AiEngine] Adaptive time: 3000ms, depth: 4, reason: standard, emergency: false
[DEBUG] 17:04:21.723 [AiEngine] Using JS Search
[DEBUG] 17:04:21.725 [AiEngine] Adaptive time: 3000ms, depth: 4, reason: tactical, emergency: false
[DEBUG] 17:04:21.725 [AiEngine] Using JS Search
[DEBUG] 17:04:21.726 [AiEngine] Adaptive time: 3000ms, depth: 4, reason: standard, emergency: false
[DEBUG] 17:04:21.726 [AiEngine] Using JS Search
[DEBUG] 17:04:21.728 [AiEngine] Adaptive time: 3000ms, depth: 4, reason: tactical, emergency: false
[DEBUG] 17:04:21.728 [AiEngine] Using JS Search
[DEBUG] 17:04:21.730 [AiEngine] Adaptive time: 3000ms, depth: 4, reason: standard, emergency: false
[DEBUG] 17:04:21.730 [AiEngine] Using JS Search
[DEBUG] 17:04:21.732 [AiEngine] Adaptive time: 3000ms, depth: 4, reason: tactical, emergency: false
[DEBUG] 17:04:21.732 [AiEngine] Using JS Search
[DEBUG] 17:04:21.733 [AiEngine] Adaptive time: 3000ms, depth: 4, reason: standard, emergency: false
[DEBUG] 17:04:21.733 [AiEngine] Using JS Search
[DEBUG] 17:04:21.734 [AiEngine] Adaptive time: 3000ms, depth: 4, reason: tactical, emergency: false
[DEBUG] 17:04:21.734 [AiEngine] Using JS Search
[DEBUG] 17:04:21.735 [AiEngine] Adaptive time: 3000ms, depth: 4, reason: standard, emergency: false
[DEBUG] 17:04:21.736 [AiEngine] Using JS Search
[DEBUG] 17:04:21.737 [AiEngine] Adaptive time: 3000ms, depth: 4, reason: tactical, emergency: false
[DEBUG] 17:04:21.737 [AiEngine] Using JS Search
[DEBUG] 17:04:21.738 [AiEngine] Adaptive time: 3000ms, depth: 4, reason: standard, emergency: false
[DEBUG] 17:04:21.738 [AiEngine] Using JS Search
[DEBUG] 17:04:21.740 [AiEngine] Adaptive time: 3000ms, depth: 4, reason: tactical, emergency: false
[DEBUG] 17:04:21.740 [AiEngine] Using JS Search
[DEBUG] 17:04:21.742 [AiEngine] Adaptive time: 3000ms, depth: 4, reason: standard, emergency: false
[DEBUG] 17:04:21.742 [AiEngine] Using JS Search
[DEBUG] 17:04:21.744 [AiEngine] Adaptive time: 3000ms, depth: 4, reason: tactical, emergency: false
[DEBUG] 17:04:21.744 [AiEngine] Using JS Search
[DEBUG] 17:04:21.745 [AiEngine] Adaptive time: 3000ms, depth: 4, reason: standard, emergency: false
[DEBUG] 17:04:21.745 [AiEngine] Using JS Search
[DEBUG] 17:04:21.747 [AiEngine] Adaptive time: 3000ms, depth: 4, reason: tactical, emergency: false
[DEBUG] 17:04:21.747 [AiEngine] Using JS Search
[DEBUG] 17:04:21.748 [AiEngine] Adaptive time: 3000ms, depth: 4, reason: standard, emergency: false
[DEBUG] 17:04:21.749 [AiEngine] Using JS Search
[DEBUG] 17:04:21.750 [AiEngine] Adaptive time: 3000ms, depth: 4, reason: tactical, emergency: false
[DEBUG] 17:04:21.750 [AiEngine] Using JS Search
[DEBUG] 17:04:21.751 [AiEngine] Adaptive time: 3000ms, depth: 4, reason: standard, emergency: false
[DEBUG] 17:04:21.751 [AiEngine] Using JS Search
[DEBUG] 17:04:21.753 [AiEngine] Adaptive time: 3000ms, depth: 4, reason: tactical, emergency: false
[DEBUG] 17:04:21.753 [AiEngine] Using JS Search
[DEBUG] 17:04:21.754 [AiEngine] Adaptive time: 3000ms, depth: 4, reason: standard, emergency: false
[DEBUG] 17:04:21.754 [AiEngine] Using JS Search
[DEBUG] 17:04:21.756 [AiEngine] Adaptive time: 3000ms, depth: 4, reason: tactical, emergency: false
[DEBUG] 17:04:21.756 [AiEngine] Using JS Search
[DEBUG] 17:04:21.757 [AiEngine] Adaptive time: 500ms, depth: 4, reason: midgame, opening, emergency: false
[DEBUG] 17:04:21.757 [AiEngine] Using JS Search
[DEBUG] 17:04:21.782 [AiEngine] Adaptive time: 500ms, depth: 4, reason: midgame, opening, emergency: false
[DEBUG] 17:04:21.783 [AiEngine] Using JS Search
[DEBUG] 17:04:21.898 [AiEngine] Adaptive time: 500ms, depth: 4, reason: midgame, opening, emergency: false
[DEBUG] 17:04:21.898 [AiEngine] Using JS Search
[DEBUG] 17:04:22.116 [AiEngine] Adaptive time: 500ms, depth: 4, reason: midgame, opening, emergency: false
[DEBUG] 17:04:22.116 [AiEngine] Using JS Search
[DEBUG] 17:04:22.428 [AiEngine] Adaptive time: 500ms, depth: 4, reason: midgame, opening, emergency: false
[DEBUG] 17:04:22.428 [AiEngine] Using JS Search
[DEBUG] 17:04:22.767 [AiEngine] Adaptive time: 500ms, depth: 4, reason: midgame, opening, emergency: false
[DEBUG] 17:04:22.767 [AiEngine] Using JS Search
[DEBUG] 17:04:23.342 [AiEngine] Adaptive time: 500ms, depth: 4, reason: midgame, opening, tactical, emergency: false
[DEBUG] 17:04:23.342 [AiEngine] Using JS Search
[DEBUG] 17:04:23.884 [AiEngine] Adaptive time: 500ms, depth: 4, reason: midgame, opening, emergency: false
[DEBUG] 17:04:23.884 [AiEngine] Using JS Search
[DEBUG] 17:04:24.272 [AiEngine] Adaptive time: 500ms, depth: 4, reason: midgame, opening, tactical, emergency: false
[DEBUG] 17:04:24.272 [AiEngine] Using JS Search
[DEBUG] 17:04:24.400 [AiEngine] Adaptive time: 500ms, depth: 4, reason: midgame, opening, tactical, emergency: false
[DEBUG] 17:04:24.400 [AiEngine] Using JS Search
[DEBUG] 17:04:24.758 [AiEngine] Adaptive time: 500ms, depth: 4, reason: midgame, opening, emergency: false
[DEBUG] 17:04:24.758 [AiEngine] Using JS Search
[DEBUG] 17:04:24.870 [AiEngine] Adaptive time: 500ms, depth: 4, reason: midgame, opening, tactical, emergency: false
[DEBUG] 17:04:24.870 [AiEngine] Using JS Search
[DEBUG] 17:04:24.950 [AiEngine] Adaptive time: 500ms, depth: 4, reason: midgame, opening, in-check, emergency: false
[DEBUG] 17:04:24.950 [AiEngine] Using JS Search
[DEBUG] 17:04:24.958 [AiEngine] Adaptive time: 500ms, depth: 4, reason: midgame, opening, tactical, emergency: false
[DEBUG] 17:04:24.958 [AiEngine] Using JS Search
[DEBUG] 17:04:25.068 [AiEngine] Adaptive time: 500ms, depth: 4, reason: midgame, opening, tactical, emergency: false
[DEBUG] 17:04:25.068 [AiEngine] Using JS Search
[DEBUG] 17:04:25.121 [AiEngine] Adaptive time: 500ms, depth: 4, reason: midgame, opening, tactical, emergency: false
[DEBUG] 17:04:25.121 [AiEngine] Using JS Search
[DEBUG] 17:04:25.122 [AiEngine] Adaptive time: 500ms, depth: 4, reason: midgame, opening, tactical, emergency: false
[DEBUG] 17:04:25.123 [AiEngine] Using JS Search
[DEBUG] 17:04:25.401 [AiEngine] Adaptive time: 500ms, depth: 4, reason: midgame, opening, tactical, emergency: false
[DEBUG] 17:04:25.401 [AiEngine] Using JS Search
[DEBUG] 17:04:25.404 [AiEngine] Adaptive time: 500ms, depth: 4, reason: midgame, opening, in-check, emergency: false
[DEBUG] 17:04:25.404 [AiEngine] Using JS Search
[DEBUG] 17:04:25.411 [AiEngine] Adaptive time: 500ms, depth: 4, reason: midgame, opening, tactical, emergency: false
[DEBUG] 17:04:25.411 [AiEngine] Using JS Search
[DEBUG] 17:04:25.414 [AiEngine] Adaptive time: 500ms, depth: 4, reason: midgame, opening, in-check, emergency: false
[DEBUG] 17:04:25.414 [AiEngine] Using JS Search
[DEBUG] 17:04:25.421 [AiEngine] Adaptive time: 500ms, depth: 4, reason: midgame, opening, tactical, emergency: false
[DEBUG] 17:04:25.421 [AiEngine] Using JS Search
[DEBUG] 17:04:25.423 [AiEngine] Adaptive time: 500ms, depth: 4, reason: midgame, opening, in-check, emergency: false
[DEBUG] 17:04:25.423 [AiEngine] Using JS Search
[DEBUG] 17:04:25.437 [AiEngine] Adaptive time: 500ms, depth: 4, reason: midgame, opening, emergency: false
[DEBUG] 17:04:25.437 [AiEngine] Using JS Search
[DEBUG] 17:04:25.438 [AiEngine] Adaptive time: 500ms, depth: 4, reason: midgame, opening, tactical, emergency: false
[DEBUG] 17:04:25.438 [AiEngine] Using JS Search
[DEBUG] 17:04:25.607 [AiEngine] Adaptive time: 500ms, depth: 4, reason: midgame, opening, emergency: false
[DEBUG] 17:04:25.607 [AiEngine] Using JS Search
[DEBUG] 17:04:25.608 [AiEngine] Adaptive time: 500ms, depth: 4, reason: midgame, opening, tactical, emergency: false
[DEBUG] 17:04:25.608 [AiEngine] Using JS Search
[DEBUG] 17:04:25.793 [AiEngine] Adaptive time: 500ms, depth: 4, reason: midgame, opening, emergency: false
[DEBUG] 17:04:25.793 [AiEngine] Using JS Search
[DEBUG] 17:04:25.795 [AiEngine] Adaptive time: 500ms, depth: 4, reason: midgame, opening, tactical, emergency: false
[DEBUG] 17:04:25.795 [AiEngine] Using JS Search
[DEBUG] 17:04:25.957 [AiEngine] Adaptive time: 500ms, depth: 4, reason: midgame, opening, emergency: false
[DEBUG] 17:04:25.957 [AiEngine] Using JS Search
[DEBUG] 17:04:25.958 [AiEngine] Adaptive time: 500ms, depth: 4, reason: midgame, opening, tactical, emergency: false
[DEBUG] 17:04:25.958 [AiEngine] Using JS Search
[DEBUG] 17:04:26.125 [AiEngine] Adaptive time: 500ms, depth: 4, reason: midgame, opening, emergency: false
[DEBUG] 17:04:26.125 [AiEngine] Using JS Search
[DEBUG] 17:04:26.126 [AiEngine] Adaptive time: 500ms, depth: 4, reason: midgame, opening, tactical, emergency: false
[DEBUG] 17:04:26.126 [AiEngine] Using JS Search
[DEBUG] 17:04:26.285 [AiEngine] Adaptive time: 500ms, depth: 4, reason: midgame, opening, emergency: false
[DEBUG] 17:04:26.285 [AiEngine] Using JS Search
[DEBUG] 17:04:26.286 [AiEngine] Adaptive time: 500ms, depth: 4, reason: midgame, opening, tactical, emergency: false
[DEBUG] 17:04:26.286 [AiEngine] Using JS Search
[DEBUG] 17:04:26.442 [AiEngine] Adaptive time: 500ms, depth: 4, reason: midgame, opening, emergency: false
[DEBUG] 17:04:26.442 [AiEngine] Using JS Search
[DEBUG] 17:04:26.443 [AiEngine] Adaptive time: 500ms, depth: 4, reason: midgame, opening, tactical, emergency: false
[DEBUG] 17:04:26.443 [AiEngine] Using JS Search
[DEBUG] 17:04:26.624 [AiEngine] Adaptive time: 500ms, depth: 4, reason: midgame, opening, emergency: false
[DEBUG] 17:04:26.624 [AiEngine] Using JS Search
[DEBUG] 17:04:26.625 [AiEngine] Adaptive time: 500ms, depth: 4, reason: midgame, opening, tactical, emergency: false
[DEBUG] 17:04:26.625 [AiEngine] Using JS Search
[DEBUG] 17:04:26.682 [AiEngine] Adaptive time: 500ms, depth: 4, reason: midgame, opening, in-check, emergency: false
[DEBUG] 17:04:26.682 [AiEngine] Using JS Search
[DEBUG] 17:04:26.683 [AiEngine] Adaptive time: 3000ms, depth: 4, reason: midgame, emergency: false
[DEBUG] 17:04:26.683 [AiEngine] Using JS Search
[DEBUG] 17:04:26.838 [AiEngine] Adaptive time: 3000ms, depth: 4, reason: midgame, emergency: false
[DEBUG] 17:04:26.838 [AiEngine] Using JS Search
[DEBUG] 17:04:26.839 [AiEngine] Adaptive time: 3000ms, depth: 4, reason: midgame, emergency: false
[DEBUG] 17:04:26.839 [AiEngine] Using JS Search
[DEBUG] 17:04:27.170 [AiEngine] Adaptive time: 3000ms, depth: 4, reason: midgame, emergency: false
[DEBUG] 17:04:27.170 [AiEngine] Using JS Search
[DEBUG] 17:04:27.171 [AiEngine] Adaptive time: 3000ms, depth: 4, reason: midgame, emergency: false
[DEBUG] 17:04:27.171 [AiEngine] Using JS Search
[DEBUG] 17:04:27.305 [AiEngine] Adaptive time: 3000ms, depth: 4, reason: midgame, emergency: false
[DEBUG] 17:04:27.305 [AiEngine] Using JS Search
[DEBUG] 17:04:27.306 [AiEngine] Adaptive time: 3000ms, depth: 4, reason: midgame, tactical, emergency: false
[DEBUG] 17:04:27.306 [AiEngine] Using JS Search
[DEBUG] 17:04:27.377 [AiEngine] Adaptive time: 3000ms, depth: 4, reason: midgame, emergency: false
[DEBUG] 17:04:27.377 [AiEngine] Using JS Search
[DEBUG] 17:04:27.380 [AiEngine] Adaptive time: 3000ms, depth: 4, reason: midgame, tactical, emergency: false
[DEBUG] 17:04:27.380 [AiEngine] Using JS Search
[DEBUG] 17:04:27.504 [AiEngine] Adaptive time: 3000ms, depth: 4, reason: midgame, in-check, emergency: false
[DEBUG] 17:04:27.504 [AiEngine] Using JS Search
[DEBUG] 17:04:27.505 [AiEngine] Adaptive time: 3000ms, depth: 4, reason: midgame, emergency: false
[DEBUG] 17:04:27.505 [AiEngine] Using JS Search
[DEBUG] 17:04:27.605 [AiEngine] Adaptive time: 3000ms, depth: 4, reason: midgame, in-check, emergency: false
[DEBUG] 17:04:27.605 [AiEngine] Using JS Search
[DEBUG] 17:04:27.606 [AiEngine] Adaptive time: 3000ms, depth: 4, reason: midgame, tactical, emergency: false
[DEBUG] 17:04:27.606 [AiEngine] Using JS Search
[DEBUG] 17:04:27.646 [AiEngine] Adaptive time: 3000ms, depth: 4, reason: midgame, emergency: false
[DEBUG] 17:04:27.646 [AiEngine] Using JS Search
[DEBUG] 17:04:27.647 [AiEngine] Adaptive time: 3000ms, depth: 4, reason: midgame, emergency: false
[DEBUG] 17:04:27.647 [AiEngine] Using JS Search
[DEBUG] 17:04:27.743 [AiEngine] Adaptive time: 3000ms, depth: 4, reason: midgame, emergency: false
[DEBUG] 17:04:27.744 [AiEngine] Using JS Search
[DEBUG] 17:04:27.749 [AiEngine] Adaptive time: 3000ms, depth: 4, reason: midgame, emergency: false
[DEBUG] 17:04:27.749 [AiEngine] Using JS Search
[DEBUG] 17:04:27.817 [AiEngine] Adaptive time: 3000ms, depth: 4, reason: midgame, emergency: false
[DEBUG] 17:04:27.817 [AiEngine] Using JS Search
[DEBUG] 17:04:27.825 [AiEngine] Adaptive time: 3000ms, depth: 4, reason: midgame, emergency: false
[DEBUG] 17:04:27.825 [AiEngine] Using JS Search
[DEBUG] 17:04:27.850 [AiEngine] Adaptive time: 3000ms, depth: 4, reason: midgame, emergency: false
[DEBUG] 17:04:27.850 [AiEngine] Using JS Search
[DEBUG] 17:04:27.858 [AiEngine] Adaptive time: 3000ms, depth: 4, reason: midgame, emergency: false
[DEBUG] 17:04:27.858 [AiEngine] Using JS Search
[DEBUG] 17:04:27.877 [AiEngine] Adaptive time: 3000ms, depth: 4, reason: midgame, emergency: false
[DEBUG] 17:04:27.877 [AiEngine] Using JS Search
[DEBUG] 17:04:27.887 [AiEngine] Adaptive time: 3000ms, depth: 4, reason: midgame, emergency: false
[DEBUG] 17:04:27.887 [AiEngine] Using JS Search
[DEBUG] 17:04:27.912 [AiEngine] Adaptive time: 3000ms, depth: 4, reason: midgame, in-check, emergency: false
[DEBUG] 17:04:27.912 [AiEngine] Using JS Search
[DEBUG] 17:04:27.921 [AiEngine] Adaptive time: 3000ms, depth: 4, reason: midgame, emergency: false
[DEBUG] 17:04:27.921 [AiEngine] Using JS Search
[DEBUG] 17:04:27.951 [AiEngine] Adaptive time: 3000ms, depth: 4, reason: midgame, tactical, emergency: false
[DEBUG] 17:04:27.952 [AiEngine] Using JS Search
[DEBUG] 17:04:27.974 [AiEngine] Adaptive time: 3000ms, depth: 4, reason: midgame, emergency: false
[DEBUG] 17:04:27.974 [AiEngine] Using JS Search
[DEBUG] 17:04:27.990 [AiEngine] Adaptive time: 3000ms, depth: 4, reason: midgame, tactical, emergency: false
[DEBUG] 17:04:27.990 [AiEngine] Using JS Search
[DEBUG] 17:04:27.997 [AiEngine] Adaptive time: 3000ms, depth: 4, reason: standard, emergency: false
[DEBUG] 17:04:27.997 [AiEngine] Using JS Search
[DEBUG] 17:04:28.008 [AiEngine] Adaptive time: 3000ms, depth: 4, reason: tactical, emergency: false
[DEBUG] 17:04:28.008 [AiEngine] Using JS Search
[DEBUG] 17:04:28.015 [AiEngine] Adaptive time: 3000ms, depth: 4, reason: standard, emergency: false
[DEBUG] 17:04:28.015 [AiEngine] Using JS Search
[DEBUG] 17:04:28.023 [AiEngine] Adaptive time: 3000ms, depth: 4, reason: tactical, emergency: false
[DEBUG] 17:04:28.023 [AiEngine] Using JS Search
[DEBUG] 17:04:28.029 [AiEngine] Adaptive time: 3000ms, depth: 4, reason: standard, emergency: false
[DEBUG] 17:04:28.029 [AiEngine] Using JS Search
[DEBUG] 17:04:28.037 [AiEngine] Adaptive time: 3000ms, depth: 4, reason: tactical, emergency: false
[DEBUG] 17:04:28.037 [AiEngine] Using JS Search
[DEBUG] 17:04:28.040 [AiEngine] Adaptive time: 3000ms, depth: 4, reason: standard, emergency: false
[DEBUG] 17:04:28.040 [AiEngine] Using JS Search
[DEBUG] 17:04:28.045 [AiEngine] Adaptive time: 3000ms, depth: 4, reason: tactical, emergency: false
[DEBUG] 17:04:28.045 [AiEngine] Using JS Search
[DEBUG] 17:04:28.047 [AiEngine] Adaptive time: 3000ms, depth: 4, reason: standard, emergency: false
[DEBUG] 17:04:28.047 [AiEngine] Using JS Search
[DEBUG] 17:04:28.052 [AiEngine] Adaptive time: 3000ms, depth: 4, reason: tactical, emergency: false
[DEBUG] 17:04:28.052 [AiEngine] Using JS Search
[DEBUG] 17:04:28.055 [AiEngine] Adaptive time: 3000ms, depth: 4, reason: standard, emergency: false
[DEBUG] 17:04:28.055 [AiEngine] Using JS Search
[DEBUG] 17:04:28.061 [AiEngine] Adaptive time: 3000ms, depth: 4, reason: endgame, tactical, emergency: false
[DEBUG] 17:04:28.061 [AiEngine] Using JS Search
[DEBUG] 17:04:28.064 [AiEngine] Adaptive time: 3000ms, depth: 4, reason: endgame, emergency: false
[DEBUG] 17:04:28.064 [AiEngine] Using JS Search
[DEBUG] 17:04:28.068 [AiEngine] Adaptive time: 3000ms, depth: 4, reason: endgame, tactical, emergency: false
[DEBUG] 17:04:28.069 [AiEngine] Using JS Search
[DEBUG] 17:04:28.071 [AiEngine] Adaptive time: 3000ms, depth: 4, reason: endgame, emergency: false
[DEBUG] 17:04:28.071 [AiEngine] Using JS Search
[DEBUG] 17:04:28.075 [AiEngine] Adaptive time: 3000ms, depth: 4, reason: endgame, in-check, tactical, emergency: false
[DEBUG] 17:04:28.075 [AiEngine] Using JS Search
[DEBUG] 17:04:28.077 [AiEngine] Adaptive time: 3000ms, depth: 4, reason: endgame, emergency: false
[DEBUG] 17:04:28.077 [AiEngine] Using JS Search
[DEBUG] 17:04:28.080 [AiEngine] Adaptive time: 3000ms, depth: 4, reason: endgame, tactical, emergency: false
[DEBUG] 17:04:28.081 [AiEngine] Using JS Search
[DEBUG] 17:04:28.083 [AiEngine] Adaptive time: 3000ms, depth: 4, reason: endgame, emergency: false
[DEBUG] 17:04:28.083 [AiEngine] Using JS Search
[DEBUG] 17:04:28.086 [AiEngine] Adaptive time: 3000ms, depth: 4, reason: endgame, tactical, emergency: false
[DEBUG] 17:04:28.086 [AiEngine] Using JS Search
[DEBUG] 17:04:28.090 [AiEngine] Adaptive time: 3000ms, depth: 4, reason: endgame, emergency: false
[DEBUG] 17:04:28.090 [AiEngine] Using JS Search
[DEBUG] 17:04:28.095 [AiEngine] Adaptive time: 3000ms, depth: 4, reason: endgame, tactical, emergency: false
[DEBUG] 17:04:28.095 [AiEngine] Using JS Search
[DEBUG] 17:04:28.098 [AiEngine] Adaptive time: 3000ms, depth: 4, reason: endgame, emergency: false
[DEBUG] 17:04:28.098 [AiEngine] Using JS Search
[DEBUG] 17:04:28.101 [AiEngine] Adaptive time: 3000ms, depth: 4, reason: endgame, tactical, emergency: false
[DEBUG] 17:04:28.101 [AiEngine] Using JS Search
[DEBUG] 17:04:28.102 [AiEngine] Adaptive time: 3000ms, depth: 4, reason: endgame, emergency: false
[DEBUG] 17:04:28.102 [AiEngine] Using JS Search
[DEBUG] 17:04:28.105 [AiEngine] Adaptive time: 3000ms, depth: 4, reason: endgame, tactical, emergency: false
[DEBUG] 17:04:28.105 [AiEngine] Using JS Search
[DEBUG] 17:04:28.107 [AiEngine] Adaptive time: 3000ms, depth: 4, reason: endgame, emergency: false
[DEBUG] 17:04:28.107 [AiEngine] Using JS Search
[DEBUG] 17:04:28.110 [AiEngine] Adaptive time: 3000ms, depth: 4, reason: endgame, tactical, emergency: false
[DEBUG] 17:04:28.110 [AiEngine] Using JS Search
[DEBUG] 17:04:28.113 [AiEngine] Adaptive time: 3000ms, depth: 4, reason: endgame, emergency: false
[DEBUG] 17:04:28.113 [AiEngine] Using JS Search
[DEBUG] 17:04:28.117 [AiEngine] Adaptive time: 3000ms, depth: 4, reason: endgame, tactical, emergency: false
[DEBUG] 17:04:28.117 [AiEngine] Using JS Search
[DEBUG] 17:04:28.118 [AiEngine] Adaptive time: 3000ms, depth: 4, reason: endgame, emergency: false
[DEBUG] 17:04:28.118 [AiEngine] Using JS Search
[DEBUG] 17:04:28.121 [AiEngine] Adaptive time: 3000ms, depth: 4, reason: endgame, tactical, emergency: false
[DEBUG] 17:04:28.121 [AiEngine] Using JS Search
[DEBUG] 17:04:28.124 [AiEngine] Adaptive time: 500ms, depth: 4, reason: midgame, opening, emergency: false
[DEBUG] 17:04:28.125 [AiEngine] Using JS Search
[DEBUG] 17:04:28.142 [AiEngine] Adaptive time: 500ms, depth: 4, reason: midgame, opening, emergency: false
[DEBUG] 17:04:28.142 [AiEngine] Using JS Search
[DEBUG] 17:04:28.416 [AiEngine] Adaptive time: 500ms, depth: 4, reason: midgame, opening, emergency: false
[DEBUG] 17:04:28.416 [AiEngine] Using JS Search
[DEBUG] 17:04:28.903 [AiEngine] Adaptive time: 500ms, depth: 4, reason: midgame, opening, emergency: false
[DEBUG] 17:04:28.903 [AiEngine] Using JS Search
[DEBUG] 17:04:29.196 [AiEngine] Adaptive time: 500ms, depth: 4, reason: midgame, opening, emergency: false
[DEBUG] 17:04:29.196 [AiEngine] Using JS Search
[DEBUG] 17:04:29.636 [AiEngine] Adaptive time: 500ms, depth: 4, reason: midgame, opening, emergency: false
[DEBUG] 17:04:29.636 [AiEngine] Using JS Search
[DEBUG] 17:04:29.785 [AiEngine] Adaptive time: 500ms, depth: 4, reason: midgame, opening, tactical, emergency: false
[DEBUG] 17:04:29.786 [AiEngine] Using JS Search
[DEBUG] 17:04:30.575 [AiEngine] Adaptive time: 500ms, depth: 4, reason: midgame, opening, emergency: false
[DEBUG] 17:04:30.575 [AiEngine] Using JS Search
[DEBUG] 17:04:30.893 [AiEngine] Adaptive time: 500ms, depth: 4, reason: midgame, opening, tactical, emergency: false
[DEBUG] 17:04:30.893 [AiEngine] Using JS Search
[DEBUG] 17:04:31.152 [AiEngine] Adaptive time: 500ms, depth: 4, reason: midgame, opening, emergency: false
[DEBUG] 17:04:31.152 [AiEngine] Using JS Search
[DEBUG] 17:04:31.294 [AiEngine] Adaptive time: 500ms, depth: 4, reason: midgame, opening, tactical, emergency: false
[DEBUG] 17:04:31.294 [AiEngine] Using JS Search
[DEBUG] 17:04:31.361 [AiEngine] Adaptive time: 500ms, depth: 4, reason: midgame, opening, emergency: false
[DEBUG] 17:04:31.362 [AiEngine] Using JS Search
[DEBUG] 17:04:31.851 [AiEngine] Adaptive time: 500ms, depth: 4, reason: midgame, opening, tactical, emergency: false
[DEBUG] 17:04:31.851 [AiEngine] Using JS Search
[DEBUG] 17:04:32.201 [AiEngine] Adaptive time: 500ms, depth: 4, reason: midgame, opening, emergency: false
[DEBUG] 17:04:32.201 [AiEngine] Using JS Search
[DEBUG] 17:04:32.345 [AiEngine] Adaptive time: 500ms, depth: 4, reason: midgame, opening, tactical, emergency: false
[DEBUG] 17:04:32.345 [AiEngine] Using JS Search
[DEBUG] 17:04:32.573 [AiEngine] Adaptive time: 500ms, depth: 4, reason: midgame, opening, emergency: false
[DEBUG] 17:04:32.573 [AiEngine] Using JS Search
[DEBUG] 17:04:32.650 [AiEngine] Adaptive time: 500ms, depth: 4, reason: midgame, opening, emergency: false
[DEBUG] 17:04:32.650 [AiEngine] Using JS Search
[DEBUG] 17:04:32.856 [AiEngine] Adaptive time: 500ms, depth: 4, reason: midgame, opening, emergency: false
[DEBUG] 17:04:32.856 [AiEngine] Using JS Search
[DEBUG] 17:04:32.945 [AiEngine] Adaptive time: 500ms, depth: 4, reason: midgame, opening, tactical, emergency: false
[DEBUG] 17:04:32.945 [AiEngine] Using JS Search
[DEBUG] 17:04:33.203 [AiEngine] Adaptive time: 500ms, depth: 4, reason: midgame, opening, in-check, emergency: false
[DEBUG] 17:04:33.203 [AiEngine] Using JS Search
[DEBUG] 17:04:33.235 [AiEngine] Adaptive time: 500ms, depth: 4, reason: midgame, opening, tactical, emergency: false
[DEBUG] 17:04:33.235 [AiEngine] Using JS Search
[DEBUG] 17:04:33.238 [AiEngine] Adaptive time: 500ms, depth: 4, reason: midgame, opening, emergency: false
[DEBUG] 17:04:33.238 [AiEngine] Using JS Search
[DEBUG] 17:04:33.284 [AiEngine] Adaptive time: 500ms, depth: 4, reason: midgame, opening, tactical, emergency: false
[DEBUG] 17:04:33.284 [AiEngine] Using JS Search
[DEBUG] 17:04:33.285 [AiEngine] Adaptive time: 500ms, depth: 4, reason: midgame, opening, emergency: false
[DEBUG] 17:04:33.285 [AiEngine] Using JS Search
[DEBUG] 17:04:33.327 [AiEngine] Adaptive time: 500ms, depth: 4, reason: midgame, opening, tactical, emergency: false
[DEBUG] 17:04:33.327 [AiEngine] Using JS Search
[DEBUG] 17:04:33.329 [AiEngine] Adaptive time: 500ms, depth: 4, reason: midgame, opening, in-check, emergency: false
[DEBUG] 17:04:33.329 [AiEngine] Using JS Search
[DEBUG] 17:04:33.331 [AiEngine] Adaptive time: 500ms, depth: 4, reason: midgame, opening, tactical, emergency: false
[DEBUG] 17:04:33.331 [AiEngine] Using JS Search
[DEBUG] 17:04:33.332 [AiEngine] Adaptive time: 500ms, depth: 4, reason: midgame, opening, emergency: false
[DEBUG] 17:04:33.332 [AiEngine] Using JS Search
[DEBUG] 17:04:33.362 [AiEngine] Adaptive time: 500ms, depth: 4, reason: midgame, opening, tactical, emergency: false
[DEBUG] 17:04:33.362 [AiEngine] Using JS Search
[DEBUG] 17:04:33.363 [AiEngine] Adaptive time: 500ms, depth: 4, reason: midgame, opening, emergency: false
[DEBUG] 17:04:33.363 [AiEngine] Using JS Search
[DEBUG] 17:04:33.425 [AiEngine] Adaptive time: 500ms, depth: 4, reason: midgame, opening, emergency: false
[DEBUG] 17:04:33.425 [AiEngine] Using JS Search
[DEBUG] 17:04:33.426 [AiEngine] Adaptive time: 500ms, depth: 4, reason: midgame, opening, emergency: false
[DEBUG] 17:04:33.426 [AiEngine] Using JS Search
[DEBUG] 17:04:33.544 [AiEngine] Adaptive time: 500ms, depth: 4, reason: midgame, opening, emergency: false
[DEBUG] 17:04:33.544 [AiEngine] Using JS Search
[DEBUG] 17:04:33.545 [AiEngine] Adaptive time: 500ms, depth: 4, reason: midgame, opening, emergency: false
[DEBUG] 17:04:33.545 [AiEngine] Using JS Search
[DEBUG] 17:04:33.646 [AiEngine] Adaptive time: 500ms, depth: 4, reason: midgame, opening, emergency: false
[DEBUG] 17:04:33.646 [AiEngine] Using JS Search
[DEBUG] 17:04:33.647 [AiEngine] Adaptive time: 500ms, depth: 4, reason: midgame, opening, emergency: false
[DEBUG] 17:04:33.647 [AiEngine] Using JS Search
[DEBUG] 17:04:33.907 [AiEngine] Adaptive time: 500ms, depth: 4, reason: midgame, opening, tactical, emergency: false
[DEBUG] 17:04:33.907 [AiEngine] Using JS Search
[DEBUG] 17:04:33.908 [AiEngine] Adaptive time: 500ms, depth: 4, reason: midgame, opening, emergency: false
[DEBUG] 17:04:33.908 [AiEngine] Using JS Search
[DEBUG] 17:04:34.010 [AiEngine] Adaptive time: 500ms, depth: 4, reason: midgame, opening, emergency: false
[DEBUG] 17:04:34.011 [AiEngine] Using JS Search
[DEBUG] 17:04:34.012 [AiEngine] Adaptive time: 500ms, depth: 4, reason: midgame, opening, emergency: false
[DEBUG] 17:04:34.012 [AiEngine] Using JS Search
[DEBUG] 17:04:34.059 [AiEngine] Adaptive time: 3000ms, depth: 4, reason: midgame, tactical, emergency: false
[DEBUG] 17:04:34.059 [AiEngine] Using JS Search
[DEBUG] 17:04:34.063 [AiEngine] Adaptive time: 3000ms, depth: 4, reason: midgame, in-check, emergency: false
[DEBUG] 17:04:34.064 [AiEngine] Using JS Search
[DEBUG] 17:04:34.073 [AiEngine] Adaptive time: 3000ms, depth: 4, reason: midgame, emergency: false
[DEBUG] 17:04:34.073 [AiEngine] Using JS Search
[DEBUG] 17:04:34.074 [AiEngine] Adaptive time: 3000ms, depth: 4, reason: midgame, emergency: false
[DEBUG] 17:04:34.074 [AiEngine] Using JS Search
[DEBUG] 17:04:34.109 [AiEngine] Adaptive time: 3000ms, depth: 4, reason: midgame, tactical, emergency: false
[DEBUG] 17:04:34.109 [AiEngine] Using JS Search
[DEBUG] 17:04:34.110 [AiEngine] Adaptive time: 3000ms, depth: 4, reason: midgame, emergency: false
[DEBUG] 17:04:34.110 [AiEngine] Using JS Search
[DEBUG] 17:04:34.149 [AiEngine] Adaptive time: 3000ms, depth: 4, reason: midgame, emergency: false
[DEBUG] 17:04:34.150 [AiEngine] Using JS Search
[DEBUG] 17:04:34.151 [AiEngine] Adaptive time: 3000ms, depth: 4, reason: midgame, emergency: false
[DEBUG] 17:04:34.151 [AiEngine] Using JS Search
[DEBUG] 17:04:34.242 [AiEngine] Adaptive time: 3000ms, depth: 4, reason: midgame, emergency: false
[DEBUG] 17:04:34.242 [AiEngine] Using JS Search
[DEBUG] 17:04:34.242 [AiEngine] Adaptive time: 3000ms, depth: 4, reason: midgame, emergency: false
[DEBUG] 17:04:34.243 [AiEngine] Using JS Search
[DEBUG] 17:04:34.386 [AiEngine] Adaptive time: 3000ms, depth: 4, reason: midgame, tactical, emergency: false
[DEBUG] 17:04:34.386 [AiEngine] Using JS Search
[DEBUG] 17:04:34.391 [AiEngine] Adaptive time: 3000ms, depth: 4, reason: midgame, in-check, emergency: false
[DEBUG] 17:04:34.391 [AiEngine] Using JS Search
[DEBUG] 17:04:34.420 [AiEngine] Adaptive time: 3000ms, depth: 4, reason: midgame, emergency: false
[DEBUG] 17:04:34.420 [AiEngine] Using JS Search
[DEBUG] 17:04:34.421 [AiEngine] Adaptive time: 3000ms, depth: 4, reason: midgame, emergency: false
[DEBUG] 17:04:34.421 [AiEngine] Using JS Search
[DEBUG] 17:04:34.499 [AiEngine] Adaptive time: 3000ms, depth: 4, reason: midgame, emergency: false
[DEBUG] 17:04:34.499 [AiEngine] Using JS Search
[DEBUG] 17:04:34.500 [AiEngine] Adaptive time: 3000ms, depth: 4, reason: standard, emergency: false
[DEBUG] 17:04:34.500 [AiEngine] Using JS Search
[DEBUG] 17:04:34.531 [AiEngine] Adaptive time: 3000ms, depth: 4, reason: standard, emergency: false
[DEBUG] 17:04:34.531 [AiEngine] Using JS Search
[DEBUG] 17:04:34.532 [AiEngine] Adaptive time: 3000ms, depth: 4, reason: standard, emergency: false
[DEBUG] 17:04:34.532 [AiEngine] Using JS Search
[DEBUG] 17:04:34.547 [AiEngine] Adaptive time: 3000ms, depth: 4, reason: standard, emergency: false
[DEBUG] 17:04:34.548 [AiEngine] Using JS Search
[DEBUG] 17:04:34.549 [AiEngine] Adaptive time: 3000ms, depth: 4, reason: standard, emergency: false
[DEBUG] 17:04:34.549 [AiEngine] Using JS Search
[DEBUG] 17:04:34.571 [AiEngine] Adaptive time: 3000ms, depth: 4, reason: tactical, emergency: false
[DEBUG] 17:04:34.571 [AiEngine] Using JS Search
[DEBUG] 17:04:34.572 [AiEngine] Adaptive time: 3000ms, depth: 4, reason: standard, emergency: false
[DEBUG] 17:04:34.572 [AiEngine] Using JS Search
[DEBUG] 17:04:34.584 [AiEngine] Adaptive time: 3000ms, depth: 4, reason: standard, emergency: false
[DEBUG] 17:04:34.584 [AiEngine] Using JS Search
[DEBUG] 17:04:34.585 [AiEngine] Adaptive time: 3000ms, depth: 4, reason: standard, emergency: false
[DEBUG] 17:04:34.585 [AiEngine] Using JS Search
[DEBUG] 17:04:34.600 [AiEngine] Adaptive time: 3000ms, depth: 4, reason: tactical, emergency: false
[DEBUG] 17:04:34.600 [AiEngine] Using JS Search
[DEBUG] 17:04:34.601 [AiEngine] Adaptive time: 3000ms, depth: 4, reason: standard, emergency: false
[DEBUG] 17:04:34.601 [AiEngine] Using JS Search
[DEBUG] 17:04:34.613 [AiEngine] Adaptive time: 3000ms, depth: 4, reason: tactical, emergency: false
[DEBUG] 17:04:34.613 [AiEngine] Using JS Search
[DEBUG] 17:04:34.614 [AiEngine] Adaptive time: 3000ms, depth: 4, reason: standard, emergency: false
[DEBUG] 17:04:34.614 [AiEngine] Using JS Search
[DEBUG] 17:04:34.627 [AiEngine] Adaptive time: 3000ms, depth: 4, reason: standard, emergency: false
[DEBUG] 17:04:34.627 [AiEngine] Using JS Search
[DEBUG] 17:04:34.628 [AiEngine] Adaptive time: 3000ms, depth: 4, reason: standard, emergency: false
[DEBUG] 17:04:34.628 [AiEngine] Using JS Search
[DEBUG] 17:04:34.640 [AiEngine] Adaptive time: 3000ms, depth: 4, reason: standard, emergency: false
[DEBUG] 17:04:34.640 [AiEngine] Using JS Search
[DEBUG] 17:04:34.641 [AiEngine] Adaptive time: 3000ms, depth: 4, reason: standard, emergency: false
[DEBUG] 17:04:34.641 [AiEngine] Using JS Search
[DEBUG] 17:04:34.650 [AiEngine] Adaptive time: 3000ms, depth: 4, reason: standard, emergency: false
[DEBUG] 17:04:34.650 [AiEngine] Using JS Search
[DEBUG] 17:04:34.651 [AiEngine] Adaptive time: 3000ms, depth: 4, reason: standard, emergency: false
[DEBUG] 17:04:34.651 [AiEngine] Using JS Search
[DEBUG] 17:04:34.666 [AiEngine] Adaptive time: 3000ms, depth: 4, reason: standard, emergency: false
[DEBUG] 17:04:34.666 [AiEngine] Using JS Search
[DEBUG] 17:04:34.667 [AiEngine] Adaptive time: 3000ms, depth: 4, reason: standard, emergency: false
[DEBUG] 17:04:34.667 [AiEngine] Using JS Search
[DEBUG] 17:04:34.686 [AiEngine] Adaptive time: 3000ms, depth: 4, reason: standard, emergency: false
[DEBUG] 17:04:34.686 [AiEngine] Using JS Search
[DEBUG] 17:04:34.687 [AiEngine] Adaptive time: 3000ms, depth: 4, reason: standard, emergency: false
[DEBUG] 17:04:34.687 [AiEngine] Using JS Search
[DEBUG] 17:04:34.699 [AiEngine] Adaptive time: 3000ms, depth: 4, reason: standard, emergency: false
[DEBUG] 17:04:34.699 [AiEngine] Using JS Search
[DEBUG] 17:04:34.700 [AiEngine] Adaptive time: 3000ms, depth: 4, reason: standard, emergency: false
[DEBUG] 17:04:34.700 [AiEngine] Using JS Search
[DEBUG] 17:04:34.712 [AiEngine] Adaptive time: 3000ms, depth: 4, reason: standard, emergency: false
[DEBUG] 17:04:34.712 [AiEngine] Using JS Search
[DEBUG] 17:04:34.716 [AiEngine] Adaptive time: 3000ms, depth: 4, reason: standard, emergency: false
[DEBUG] 17:04:34.716 [AiEngine] Using JS Search
[DEBUG] 17:04:34.726 [AiEngine] Adaptive time: 3000ms, depth: 4, reason: tactical, emergency: false
[DEBUG] 17:04:34.726 [AiEngine] Using JS Search
[DEBUG] 17:04:34.726 [AiEngine] Adaptive time: 3000ms, depth: 4, reason: standard, emergency: false
[DEBUG] 17:04:34.726 [AiEngine] Using JS Search
[DEBUG] 17:04:34.734 [AiEngine] Adaptive time: 3000ms, depth: 4, reason: standard, emergency: false
[DEBUG] 17:04:34.734 [AiEngine] Using JS Search
[DEBUG] 17:04:34.735 [AiEngine] Adaptive time: 3000ms, depth: 4, reason: standard, emergency: false
[DEBUG] 17:04:34.735 [AiEngine] Using JS Search
[DEBUG] 17:04:34.745 [AiEngine] Adaptive time: 3000ms, depth: 4, reason: tactical, emergency: false
[DEBUG] 17:04:34.745 [AiEngine] Using JS Search
[DEBUG] 17:04:34.746 [AiEngine] Adaptive time: 3000ms, depth: 4, reason: standard, emergency: false
[DEBUG] 17:04:34.746 [AiEngine] Using JS Search
[DEBUG] 17:04:34.754 [AiEngine] Adaptive time: 3000ms, depth: 4, reason: standard, emergency: false
[DEBUG] 17:04:34.754 [AiEngine] Using JS Search
[DEBUG] 17:04:34.755 [AiEngine] Adaptive time: 3000ms, depth: 4, reason: standard, emergency: false
[DEBUG] 17:04:34.755 [AiEngine] Using JS Search
[DEBUG] 17:04:34.767 [AiEngine] Adaptive time: 3000ms, depth: 4, reason: tactical, emergency: false
[DEBUG] 17:04:34.767 [AiEngine] Using JS Search
[DEBUG] 17:04:34.767 [AiEngine] Adaptive time: 3000ms, depth: 4, reason: standard, emergency: false
[DEBUG] 17:04:34.767 [AiEngine] Using JS Search
[DEBUG] 17:04:34.777 [AiEngine] Adaptive time: 3000ms, depth: 4, reason: tactical, emergency: false
[DEBUG] 17:04:34.777 [AiEngine] Using JS Search
[DEBUG] 17:04:34.778 [AiEngine] Adaptive time: 3000ms, depth: 4, reason: standard, emergency: false
[DEBUG] 17:04:34.778 [AiEngine] Using JS Search
[DEBUG] 17:04:34.791 [AiEngine] Adaptive time: 3000ms, depth: 4, reason: tactical, emergency: false
[DEBUG] 17:04:34.791 [AiEngine] Using JS Search
[DEBUG] 17:04:34.792 [AiEngine] Adaptive time: 3000ms, depth: 4, reason: standard, emergency: false
[DEBUG] 17:04:34.792 [AiEngine] Using JS Search
[DEBUG] 17:04:34.835 [AiEngine] Adaptive time: 3000ms, depth: 4, reason: tactical, emergency: false
[DEBUG] 17:04:34.836 [AiEngine] Using JS Search
[DEBUG] 17:04:34.836 [AiEngine] Adaptive time: 3000ms, depth: 4, reason: standard, emergency: false
[DEBUG] 17:04:34.836 [AiEngine] Using JS Search
[DEBUG] 17:04:34.849 [AiEngine] Adaptive time: 3000ms, depth: 4, reason: tactical, emergency: false
[DEBUG] 17:04:34.849 [AiEngine] Using JS Search
[DEBUG] 17:04:34.849 [AiEngine] Adaptive time: 3000ms, depth: 4, reason: standard, emergency: false
[DEBUG] 17:04:34.849 [AiEngine] Using JS Search
[DEBUG] 17:04:34.859 [AiEngine] Adaptive time: 500ms, depth: 4, reason: midgame, opening, emergency: false
[DEBUG] 17:04:34.859 [AiEngine] Using JS Search
[DEBUG] 17:04:34.881 [AiEngine] Adaptive time: 500ms, depth: 4, reason: midgame, opening, emergency: false
[DEBUG] 17:04:34.881 [AiEngine] Using JS Search
[DEBUG] 17:04:35.000 [AiEngine] Adaptive time: 500ms, depth: 4, reason: midgame, opening, emergency: false
[DEBUG] 17:04:35.000 [AiEngine] Using JS Search
[DEBUG] 17:04:35.339 [AiEngine] Adaptive time: 500ms, depth: 4, reason: midgame, opening, emergency: false
[DEBUG] 17:04:35.339 [AiEngine] Using JS Search
[DEBUG] 17:04:35.637 [AiEngine] Adaptive time: 500ms, depth: 4, reason: midgame, opening, emergency: false
[DEBUG] 17:04:35.637 [AiEngine] Using JS Search
[DEBUG] 17:04:36.041 [AiEngine] Adaptive time: 500ms, depth: 4, reason: midgame, opening, emergency: false
[DEBUG] 17:04:36.041 [AiEngine] Using JS Search
[DEBUG] 17:04:36.179 [AiEngine] Adaptive time: 500ms, depth: 4, reason: midgame, opening, emergency: false
[DEBUG] 17:04:36.179 [AiEngine] Using JS Search
[DEBUG] 17:04:36.362 [AiEngine] Adaptive time: 500ms, depth: 4, reason: midgame, opening, emergency: false
[DEBUG] 17:04:36.362 [AiEngine] Using JS Search
[DEBUG] 17:04:36.494 [AiEngine] Adaptive time: 500ms, depth: 4, reason: midgame, opening, emergency: false
[DEBUG] 17:04:36.494 [AiEngine] Using JS Search
[DEBUG] 17:04:37.390 [AiEngine] Adaptive time: 500ms, depth: 4, reason: midgame, opening, tactical, emergency: false
[DEBUG] 17:04:37.390 [AiEngine] Using JS Search
[DEBUG] 17:04:37.680 [AiEngine] Adaptive time: 500ms, depth: 4, reason: midgame, opening, emergency: false
[DEBUG] 17:04:37.680 [AiEngine] Using JS Search
[DEBUG] 17:04:37.739 [AiEngine] Adaptive time: 500ms, depth: 4, reason: midgame, opening, in-check, emergency: false
[DEBUG] 17:04:37.739 [AiEngine] Using JS Search
[DEBUG] 17:04:37.785 [AiEngine] Adaptive time: 500ms, depth: 4, reason: midgame, opening, emergency: false
[DEBUG] 17:04:37.785 [AiEngine] Using JS Search
[DEBUG] 17:04:37.854 [AiEngine] Adaptive time: 500ms, depth: 4, reason: midgame, opening, in-check, emergency: false
[DEBUG] 17:04:37.854 [AiEngine] Using JS Search
[DEBUG] 17:04:38.396 [AiEngine] Adaptive time: 500ms, depth: 4, reason: midgame, opening, emergency: false
[DEBUG] 17:04:38.396 [AiEngine] Using JS Search
[DEBUG] 17:04:38.882 [AiEngine] Adaptive time: 500ms, depth: 4, reason: midgame, opening, tactical, emergency: false
[DEBUG] 17:04:38.882 [AiEngine] Using JS Search
[DEBUG] 17:04:39.335 [AiEngine] Adaptive time: 500ms, depth: 4, reason: midgame, opening, emergency: false
[DEBUG] 17:04:39.335 [AiEngine] Using JS Search
[DEBUG] 17:04:39.682 [AiEngine] Adaptive time: 500ms, depth: 4, reason: midgame, opening, tactical, emergency: false
[DEBUG] 17:04:39.682 [AiEngine] Using JS Search
[DEBUG] 17:04:40.062 [AiEngine] Adaptive time: 500ms, depth: 4, reason: midgame, opening, emergency: false
[DEBUG] 17:04:40.062 [AiEngine] Using JS Search
[DEBUG] 17:04:40.573 [AiEngine] Adaptive time: 500ms, depth: 4, reason: midgame, opening, tactical, emergency: false
[DEBUG] 17:04:40.573 [AiEngine] Using JS Search
[DEBUG] 17:04:40.696 [AiEngine] Adaptive time: 500ms, depth: 4, reason: midgame, opening, tactical, emergency: false
[DEBUG] 17:04:40.696 [AiEngine] Using JS Search
[DEBUG] 17:04:40.915 [AiEngine] Adaptive time: 500ms, depth: 4, reason: midgame, opening, tactical, emergency: false
[DEBUG] 17:04:40.915 [AiEngine] Using JS Search
[DEBUG] 17:04:40.957 [AiEngine] Adaptive time: 500ms, depth: 4, reason: midgame, opening, in-check, emergency: false
[DEBUG] 17:04:40.957 [AiEngine] Using JS Search
[DEBUG] 17:04:41.112 [AiEngine] Adaptive time: 500ms, depth: 4, reason: midgame, opening, emergency: false
[DEBUG] 17:04:41.112 [AiEngine] Using JS Search
[DEBUG] 17:04:41.146 [AiEngine] Adaptive time: 500ms, depth: 4, reason: midgame, opening, tactical, emergency: false
[DEBUG] 17:04:41.146 [AiEngine] Using JS Search
[DEBUG] 17:04:41.151 [AiEngine] Adaptive time: 500ms, depth: 4, reason: midgame, opening, emergency: false
[DEBUG] 17:04:41.151 [AiEngine] Using JS Search
[DEBUG] 17:04:41.175 [AiEngine] Adaptive time: 500ms, depth: 4, reason: midgame, opening, tactical, emergency: false
[DEBUG] 17:04:41.175 [AiEngine] Using JS Search
[DEBUG] 17:04:41.249 [AiEngine] Adaptive time: 500ms, depth: 4, reason: midgame, opening, emergency: false
[DEBUG] 17:04:41.249 [AiEngine] Using JS Search
[DEBUG] 17:04:41.265 [AiEngine] Adaptive time: 500ms, depth: 4, reason: midgame, opening, tactical, emergency: false
[DEBUG] 17:04:41.265 [AiEngine] Using JS Search
[DEBUG] 17:04:41.266 [AiEngine] Adaptive time: 500ms, depth: 4, reason: midgame, opening, emergency: false
[DEBUG] 17:04:41.266 [AiEngine] Using JS Search
[DEBUG] 17:04:41.291 [AiEngine] Adaptive time: 500ms, depth: 4, reason: midgame, opening, tactical, emergency: false
[DEBUG] 17:04:41.291 [AiEngine] Using JS Search
[DEBUG] 17:04:41.293 [AiEngine] Adaptive time: 500ms, depth: 4, reason: midgame, opening, in-check, emergency: false
[DEBUG] 17:04:41.293 [AiEngine] Using JS Search
[DEBUG] 17:04:41.304 [AiEngine] Adaptive time: 500ms, depth: 4, reason: midgame, opening, tactical, emergency: false
[DEBUG] 17:04:41.305 [AiEngine] Using JS Search
[DEBUG] 17:04:41.306 [AiEngine] Adaptive time: 500ms, depth: 4, reason: midgame, opening, emergency: false
[DEBUG] 17:04:41.306 [AiEngine] Using JS Search
[DEBUG] 17:04:41.390 [AiEngine] Adaptive time: 500ms, depth: 4, reason: midgame, opening, emergency: false
[DEBUG] 17:04:41.390 [AiEngine] Using JS Search
[DEBUG] 17:04:41.391 [AiEngine] Adaptive time: 500ms, depth: 4, reason: midgame, opening, emergency: false
[DEBUG] 17:04:41.391 [AiEngine] Using JS Search
[DEBUG] 17:04:41.448 [AiEngine] Adaptive time: 500ms, depth: 4, reason: midgame, opening, emergency: false
[DEBUG] 17:04:41.448 [AiEngine] Using JS Search
[DEBUG] 17:04:41.449 [AiEngine] Adaptive time: 500ms, depth: 4, reason: midgame, opening, emergency: false
[DEBUG] 17:04:41.449 [AiEngine] Using JS Search
[DEBUG] 17:04:41.520 [AiEngine] Adaptive time: 500ms, depth: 4, reason: midgame, opening, emergency: false
[DEBUG] 17:04:41.520 [AiEngine] Using JS Search
[DEBUG] 17:04:41.521 [AiEngine] Adaptive time: 500ms, depth: 4, reason: midgame, opening, emergency: false
[DEBUG] 17:04:41.521 [AiEngine] Using JS Search
[DEBUG] 17:04:41.554 [AiEngine] Adaptive time: 3000ms, depth: 4, reason: midgame, emergency: false
[DEBUG] 17:04:41.554 [AiEngine] Using JS Search
[DEBUG] 17:04:41.555 [AiEngine] Adaptive time: 3000ms, depth: 4, reason: midgame, tactical, emergency: false
[DEBUG] 17:04:41.555 [AiEngine] Using JS Search
[DEBUG] 17:04:41.626 [AiEngine] Adaptive time: 3000ms, depth: 4, reason: midgame, emergency: false
[DEBUG] 17:04:41.626 [AiEngine] Using JS Search
[DEBUG] 17:04:41.627 [AiEngine] Adaptive time: 3000ms, depth: 4, reason: midgame, tactical, emergency: false
[DEBUG] 17:04:41.627 [AiEngine] Using JS Search
[DEBUG] 17:04:41.729 [AiEngine] Adaptive time: 3000ms, depth: 4, reason: midgame, emergency: false
[DEBUG] 17:04:41.729 [AiEngine] Using JS Search
[DEBUG] 17:04:41.730 [AiEngine] Adaptive time: 3000ms, depth: 4, reason: midgame, tactical, emergency: false
[DEBUG] 17:04:41.730 [AiEngine] Using JS Search
[DEBUG] 17:04:41.749 [AiEngine] Adaptive time: 3000ms, depth: 4, reason: midgame, in-check, emergency: false
[DEBUG] 17:04:41.749 [AiEngine] Using JS Search
[DEBUG] 17:04:41.758 [AiEngine] Adaptive time: 3000ms, depth: 4, reason: midgame, emergency: false
[DEBUG] 17:04:41.758 [AiEngine] Using JS Search
[DEBUG] 17:04:41.806 [AiEngine] Adaptive time: 3000ms, depth: 4, reason: midgame, emergency: false
[DEBUG] 17:04:41.806 [AiEngine] Using JS Search
[DEBUG] 17:04:41.894 [AiEngine] Adaptive time: 3000ms, depth: 4, reason: midgame, emergency: false
[DEBUG] 17:04:41.894 [AiEngine] Using JS Search
[DEBUG] 17:04:41.983 [AiEngine] Adaptive time: 3000ms, depth: 4, reason: midgame, tactical, emergency: false
[DEBUG] 17:04:41.983 [AiEngine] Using JS Search
[DEBUG] 17:04:42.114 [AiEngine] Adaptive time: 3000ms, depth: 4, reason: midgame, emergency: false
[DEBUG] 17:04:42.114 [AiEngine] Using JS Search
[DEBUG] 17:04:42.174 [AiEngine] Adaptive time: 3000ms, depth: 4, reason: midgame, emergency: false
[DEBUG] 17:04:42.174 [AiEngine] Using JS Search
[DEBUG] 17:04:42.585 [AiEngine] Adaptive time: 3000ms, depth: 4, reason: midgame, emergency: false
[DEBUG] 17:04:42.585 [AiEngine] Using JS Search
[DEBUG] 17:04:42.702 [AiEngine] Adaptive time: 3000ms, depth: 4, reason: midgame, tactical, emergency: false
[DEBUG] 17:04:42.702 [AiEngine] Using JS Search
[DEBUG] 17:04:42.882 [AiEngine] Adaptive time: 3000ms, depth: 4, reason: midgame, emergency: false
[DEBUG] 17:04:42.882 [AiEngine] Using JS Search
[DEBUG] 17:04:42.965 [AiEngine] Adaptive time: 3000ms, depth: 4, reason: midgame, tactical, emergency: false
[DEBUG] 17:04:42.966 [AiEngine] Using JS Search
[DEBUG] 17:04:43.238 [AiEngine] Adaptive time: 3000ms, depth: 4, reason: midgame, emergency: false
[DEBUG] 17:04:43.238 [AiEngine] Using JS Search
[DEBUG] 17:04:43.374 [AiEngine] Adaptive time: 3000ms, depth: 4, reason: midgame, emergency: false
[DEBUG] 17:04:43.374 [AiEngine] Using JS Search
[DEBUG] 17:04:43.488 [AiEngine] Adaptive time: 3000ms, depth: 4, reason: midgame, emergency: false
[DEBUG] 17:04:43.488 [AiEngine] Using JS Search
[DEBUG] 17:04:43.597 [AiEngine] Adaptive time: 3000ms, depth: 4, reason: midgame, emergency: false
[DEBUG] 17:04:43.597 [AiEngine] Using JS Search
[DEBUG] 17:04:43.728 [AiEngine] Adaptive time: 3000ms, depth: 4, reason: midgame, emergency: false
[DEBUG] 17:04:43.728 [AiEngine] Using JS Search
[DEBUG] 17:04:43.776 [AiEngine] Adaptive time: 3000ms, depth: 4, reason: midgame, emergency: false
[DEBUG] 17:04:43.777 [AiEngine] Using JS Search
[DEBUG] 17:04:43.873 [AiEngine] Adaptive time: 3000ms, depth: 4, reason: midgame, emergency: false
[DEBUG] 17:04:43.873 [AiEngine] Using JS Search
[DEBUG] 17:04:43.989 [AiEngine] Adaptive time: 3000ms, depth: 4, reason: midgame, emergency: false
[DEBUG] 17:04:43.990 [AiEngine] Using JS Search
[DEBUG] 17:04:44.023 [AiEngine] Adaptive time: 3000ms, depth: 4, reason: midgame, tactical, emergency: false
[DEBUG] 17:04:44.023 [AiEngine] Using JS Search
[DEBUG] 17:04:44.168 [AiEngine] Adaptive time: 3000ms, depth: 4, reason: midgame, emergency: false
[DEBUG] 17:04:44.168 [AiEngine] Using JS Search
[DEBUG] 17:04:44.178 [AiEngine] Adaptive time: 3000ms, depth: 4, reason: tactical, emergency: false
[DEBUG] 17:04:44.178 [AiEngine] Using JS Search
[DEBUG] 17:04:44.282 [AiEngine] Adaptive time: 3000ms, depth: 4, reason: standard, emergency: false
[DEBUG] 17:04:44.282 [AiEngine] Using JS Search
[DEBUG] 17:04:44.321 [AiEngine] Adaptive time: 3000ms, depth: 4, reason: tactical, emergency: false
[DEBUG] 17:04:44.321 [AiEngine] Using JS Search
[DEBUG] 17:04:44.387 [AiEngine] Adaptive time: 3000ms, depth: 4, reason: standard, emergency: false
[DEBUG] 17:04:44.387 [AiEngine] Using JS Search
[DEBUG] 17:04:44.467 [AiEngine] Adaptive time: 3000ms, depth: 4, reason: tactical, emergency: false
[DEBUG] 17:04:44.467 [AiEngine] Using JS Search
[DEBUG] 17:04:44.494 [AiEngine] Adaptive time: 3000ms, depth: 4, reason: standard, emergency: false
[DEBUG] 17:04:44.494 [AiEngine] Using JS Search
[DEBUG] 17:04:44.514 [AiEngine] Adaptive time: 3000ms, depth: 4, reason: tactical, emergency: false
[DEBUG] 17:04:44.514 [AiEngine] Using JS Search
[DEBUG] 17:04:44.563 [AiEngine] Adaptive time: 3000ms, depth: 4, reason: standard, emergency: false
[DEBUG] 17:04:44.563 [AiEngine] Using JS Search
[DEBUG] 17:04:44.611 [AiEngine] Adaptive time: 3000ms, depth: 4, reason: standard, emergency: false
[DEBUG] 17:04:44.611 [AiEngine] Using JS Search
[DEBUG] 17:04:44.660 [AiEngine] Adaptive time: 3000ms, depth: 4, reason: tactical, emergency: false
[DEBUG] 17:04:44.660 [AiEngine] Using JS Search
[DEBUG] 17:04:44.785 [AiEngine] Adaptive time: 3000ms, depth: 4, reason: standard, emergency: false
[DEBUG] 17:04:44.785 [AiEngine] Using JS Search
[DEBUG] 17:04:44.831 [AiEngine] Adaptive time: 3000ms, depth: 4, reason: tactical, emergency: false
[DEBUG] 17:04:44.831 [AiEngine] Using JS Search
[DEBUG] 17:04:44.878 [AiEngine] Adaptive time: 3000ms, depth: 4, reason: tactical, emergency: false
[DEBUG] 17:04:44.879 [AiEngine] Using JS Search
[DEBUG] 17:04:44.893 [AiEngine] Adaptive time: 3000ms, depth: 4, reason: in-check, emergency: false
[DEBUG] 17:04:44.893 [AiEngine] Using JS Search
[DEBUG] 17:04:44.899 [AiEngine] Adaptive time: 3000ms, depth: 4, reason: tactical, emergency: false
[DEBUG] 17:04:44.899 [AiEngine] Using JS Search
[DEBUG] 17:04:44.914 [AiEngine] Adaptive time: 3000ms, depth: 4, reason: in-check, emergency: false
[DEBUG] 17:04:44.914 [AiEngine] Using JS Search
[DEBUG] 17:04:44.949 [AiEngine] Adaptive time: 3000ms, depth: 4, reason: standard, emergency: false
[DEBUG] 17:04:44.949 [AiEngine] Using JS Search
[DEBUG] 17:04:44.968 [AiEngine] Adaptive time: 3000ms, depth: 4, reason: tactical, emergency: false
[DEBUG] 17:04:44.968 [AiEngine] Using JS Search
[DEBUG] 17:04:45.018 [AiEngine] Adaptive time: 3000ms, depth: 4, reason: tactical, emergency: false
[DEBUG] 17:04:45.018 [AiEngine] Using JS Search
[DEBUG] 17:04:45.068 [AiEngine] Adaptive time: 3000ms, depth: 4, reason: in-check, emergency: false
[DEBUG] 17:04:45.068 [AiEngine] Using JS Search
[DEBUG] 17:04:45.106 [AiEngine] Adaptive time: 3000ms, depth: 4, reason: tactical, emergency: false
[DEBUG] 17:04:45.106 [AiEngine] Using JS Search
[DEBUG] 17:04:45.137 [AiEngine] Adaptive time: 3000ms, depth: 4, reason: tactical, emergency: false
[DEBUG] 17:04:45.137 [AiEngine] Using JS Search
[DEBUG] 17:04:45.214 [AiEngine] Adaptive time: 3000ms, depth: 4, reason: tactical, emergency: false
[DEBUG] 17:04:45.214 [AiEngine] Using JS Search
[DEBUG] 17:04:45.251 [AiEngine] Adaptive time: 3000ms, depth: 4, reason: in-check, emergency: false
[DEBUG] 17:04:45.251 [AiEngine] Using JS Search
[DEBUG] 17:04:45.281 [AiEngine] Adaptive time: 3000ms, depth: 4, reason: tactical, emergency: false
[DEBUG] 17:04:45.281 [AiEngine] Using JS Search
[DEBUG] 17:04:45.300 [AiEngine] Adaptive time: 3000ms, depth: 4, reason: in-check, emergency: false
[DEBUG] 17:04:45.301 [AiEngine] Using JS Search
[DEBUG] 17:04:45.413 [AiEngine] Adaptive time: 3000ms, depth: 4, reason: standard, emergency: false
[DEBUG] 17:04:45.413 [AiEngine] Using JS Search
[DEBUG] 17:04:45.426 [AiEngine] Adaptive time: 3000ms, depth: 4, reason: standard, emergency: false
[DEBUG] 17:04:45.426 [AiEngine] Using JS Search
[DEBUG] 17:04:45.467 [AiEngine] Adaptive time: 3000ms, depth: 4, reason: standard, emergency: false
[DEBUG] 17:04:45.467 [AiEngine] Using JS Search
[DEBUG] 17:04:45.481 [AiEngine] Adaptive time: 3000ms, depth: 4, reason: standard, emergency: false
[DEBUG] 17:04:45.481 [AiEngine] Using JS Search
[DEBUG] 17:04:45.552 [AiEngine] Adaptive time: 3000ms, depth: 4, reason: tactical, emergency: false
[DEBUG] 17:04:45.552 [AiEngine] Using JS Search
[DEBUG] 17:04:45.571 [AiEngine] Adaptive time: 3000ms, depth: 4, reason: in-check, emergency: false
[DEBUG] 17:04:45.571 [AiEngine] Using JS Search
[DEBUG] 17:04:45.583 [AiEngine] Adaptive time: 3000ms, depth: 4, reason: tactical, emergency: false
[DEBUG] 17:04:45.583 [AiEngine] Using JS Search
[DEBUG] 17:04:45.610 [AiEngine] Adaptive time: 500ms, depth: 4, reason: midgame, opening, emergency: false
[DEBUG] 17:04:45.610 [AiEngine] Using JS Search
[DEBUG] 17:04:45.628 [AiEngine] Adaptive time: 500ms, depth: 4, reason: midgame, opening, emergency: false
[DEBUG] 17:04:45.628 [AiEngine] Using JS Search
[DEBUG] 17:04:45.844 [AiEngine] Adaptive time: 500ms, depth: 4, reason: midgame, opening, emergency: false
[DEBUG] 17:04:45.844 [AiEngine] Using JS Search
[DEBUG] 17:04:46.189 [AiEngine] Adaptive time: 500ms, depth: 4, reason: midgame, opening, emergency: false
[DEBUG] 17:04:46.189 [AiEngine] Using JS Search
[DEBUG] 17:04:46.528 [AiEngine] Adaptive time: 500ms, depth: 4, reason: midgame, opening, emergency: false
[DEBUG] 17:04:46.528 [AiEngine] Using JS Search
[DEBUG] 17:04:46.635 [AiEngine] Adaptive time: 500ms, depth: 4, reason: midgame, opening, emergency: false
[DEBUG] 17:04:46.635 [AiEngine] Using JS Search
[DEBUG] 17:04:46.925 [AiEngine] Adaptive time: 500ms, depth: 4, reason: midgame, opening, emergency: false
[DEBUG] 17:04:46.925 [AiEngine] Using JS Search
[DEBUG] 17:04:47.170 [AiEngine] Adaptive time: 500ms, depth: 4, reason: midgame, opening, tactical, emergency: false
[DEBUG] 17:04:47.170 [AiEngine] Using JS Search
[DEBUG] 17:04:47.652 [AiEngine] Adaptive time: 500ms, depth: 4, reason: midgame, opening, emergency: false
[DEBUG] 17:04:47.652 [AiEngine] Using JS Search
[DEBUG] 17:04:47.714 [AiEngine] Adaptive time: 500ms, depth: 4, reason: midgame, opening, tactical, emergency: false
[DEBUG] 17:04:47.714 [AiEngine] Using JS Search
[DEBUG] 17:04:47.976 [AiEngine] Adaptive time: 500ms, depth: 4, reason: midgame, opening, emergency: false
[DEBUG] 17:04:47.976 [AiEngine] Using JS Search
[DEBUG] 17:04:48.605 [AiEngine] Adaptive time: 500ms, depth: 4, reason: midgame, opening, tactical, emergency: false
[DEBUG] 17:04:48.605 [AiEngine] Using JS Search
[DEBUG] 17:04:48.927 [AiEngine] Adaptive time: 500ms, depth: 4, reason: midgame, opening, emergency: false
[DEBUG] 17:04:48.927 [AiEngine] Using JS Search
[DEBUG] 17:04:49.052 [AiEngine] Adaptive time: 500ms, depth: 4, reason: midgame, opening, tactical, emergency: false
[DEBUG] 17:04:49.052 [AiEngine] Using JS Search
[DEBUG] 17:04:49.104 [AiEngine] Adaptive time: 500ms, depth: 4, reason: midgame, opening, tactical, emergency: false
[DEBUG] 17:04:49.104 [AiEngine] Using JS Search
[DEBUG] 17:04:49.552 [AiEngine] Adaptive time: 500ms, depth: 4, reason: midgame, opening, emergency: false
[DEBUG] 17:04:49.552 [AiEngine] Using JS Search
[DEBUG] 17:04:49.768 [AiEngine] Adaptive time: 500ms, depth: 4, reason: midgame, opening, tactical, emergency: false
[DEBUG] 17:04:49.768 [AiEngine] Using JS Search
[DEBUG] 17:04:50.196 [AiEngine] Adaptive time: 500ms, depth: 4, reason: midgame, opening, tactical, emergency: false
[DEBUG] 17:04:50.196 [AiEngine] Using JS Search
[DEBUG] 17:04:50.246 [AiEngine] Adaptive time: 500ms, depth: 4, reason: midgame, opening, tactical, emergency: false
[DEBUG] 17:04:50.246 [AiEngine] Using JS Search
[DEBUG] 17:04:50.411 [AiEngine] Adaptive time: 500ms, depth: 4, reason: midgame, opening, emergency: false
[DEBUG] 17:04:50.411 [AiEngine] Using JS Search
[DEBUG] 17:04:50.549 [AiEngine] Adaptive time: 500ms, depth: 4, reason: midgame, opening, tactical, emergency: false
[DEBUG] 17:04:50.549 [AiEngine] Using JS Search
[DEBUG] 17:04:50.712 [AiEngine] Adaptive time: 500ms, depth: 4, reason: midgame, opening, emergency: false
[DEBUG] 17:04:50.712 [AiEngine] Using JS Search
[DEBUG] 17:04:50.812 [AiEngine] Adaptive time: 500ms, depth: 4, reason: midgame, opening, tactical, emergency: false
[DEBUG] 17:04:50.812 [AiEngine] Using JS Search
[DEBUG] 17:04:51.171 [AiEngine] Adaptive time: 500ms, depth: 4, reason: midgame, opening, tactical, emergency: false
[DEBUG] 17:04:51.171 [AiEngine] Using JS Search
[DEBUG] 17:04:51.289 [AiEngine] Adaptive time: 500ms, depth: 4, reason: midgame, opening, tactical, emergency: false
[DEBUG] 17:04:51.289 [AiEngine] Using JS Search
[DEBUG] 17:04:51.480 [AiEngine] Adaptive time: 500ms, depth: 4, reason: midgame, opening, tactical, emergency: false
[DEBUG] 17:04:51.480 [AiEngine] Using JS Search
[DEBUG] 17:04:51.875 [AiEngine] Adaptive time: 500ms, depth: 4, reason: midgame, opening, tactical, emergency: false
[DEBUG] 17:04:51.875 [AiEngine] Using JS Search
[DEBUG] 17:04:52.365 [AiEngine] Adaptive time: 500ms, depth: 4, reason: midgame, opening, tactical, emergency: false
[DEBUG] 17:04:52.365 [AiEngine] Using JS Search
[DEBUG] 17:04:52.659 [AiEngine] Adaptive time: 500ms, depth: 4, reason: midgame, opening, tactical, emergency: false
[DEBUG] 17:04:52.659 [AiEngine] Using JS Search
[DEBUG] 17:04:52.962 [AiEngine] Adaptive time: 500ms, depth: 4, reason: midgame, opening, tactical, emergency: false
[DEBUG] 17:04:52.962 [AiEngine] Using JS Search
[DEBUG] 17:04:53.145 [AiEngine] Adaptive time: 500ms, depth: 4, reason: midgame, opening, tactical, emergency: false
[DEBUG] 17:04:53.145 [AiEngine] Using JS Search
[DEBUG] 17:04:53.638 [AiEngine] Adaptive time: 500ms, depth: 4, reason: midgame, opening, tactical, emergency: false
[DEBUG] 17:04:53.638 [AiEngine] Using JS Search
[DEBUG] 17:04:53.844 [AiEngine] Adaptive time: 500ms, depth: 4, reason: midgame, opening, tactical, emergency: false
[DEBUG] 17:04:53.844 [AiEngine] Using JS Search
[DEBUG] 17:04:54.164 [AiEngine] Adaptive time: 500ms, depth: 4, reason: midgame, opening, tactical, emergency: false
[DEBUG] 17:04:54.164 [AiEngine] Using JS Search
[DEBUG] 17:04:54.436 [AiEngine] Adaptive time: 500ms, depth: 4, reason: midgame, opening, tactical, emergency: false
[DEBUG] 17:04:54.437 [AiEngine] Using JS Search
[DEBUG] 17:04:54.659 [AiEngine] Adaptive time: 500ms, depth: 4, reason: midgame, opening, tactical, emergency: false
[DEBUG] 17:04:54.659 [AiEngine] Using JS Search
[DEBUG] 17:04:54.913 [AiEngine] Adaptive time: 500ms, depth: 4, reason: midgame, opening, tactical, emergency: false
[DEBUG] 17:04:54.913 [AiEngine] Using JS Search
[DEBUG] 17:04:55.111 [AiEngine] Adaptive time: 500ms, depth: 4, reason: midgame, opening, tactical, emergency: false
[DEBUG] 17:04:55.111 [AiEngine] Using JS Search
[DEBUG] 17:04:55.268 [AiEngine] Adaptive time: 500ms, depth: 4, reason: midgame, opening, tactical, emergency: false
[DEBUG] 17:04:55.268 [AiEngine] Using JS Search
[DEBUG] 17:04:55.921 [AiEngine] Adaptive time: 500ms, depth: 4, reason: midgame, opening, tactical, emergency: false
[DEBUG] 17:04:55.921 [AiEngine] Using JS Search
[DEBUG] 17:04:56.116 [AiEngine] Adaptive time: 3000ms, depth: 4, reason: midgame, tactical, emergency: false
[DEBUG] 17:04:56.116 [AiEngine] Using JS Search
[DEBUG] 17:04:56.388 [AiEngine] Adaptive time: 3000ms, depth: 4, reason: midgame, tactical, emergency: false
[DEBUG] 17:04:56.388 [AiEngine] Using JS Search
[DEBUG] 17:04:56.596 [AiEngine] Adaptive time: 3000ms, depth: 4, reason: midgame, tactical, emergency: false
[DEBUG] 17:04:56.596 [AiEngine] Using JS Search
[DEBUG] 17:04:56.801 [AiEngine] Adaptive time: 3000ms, depth: 4, reason: midgame, tactical, emergency: false
[DEBUG] 17:04:56.801 [AiEngine] Using JS Search
[DEBUG] 17:04:56.912 [AiEngine] Adaptive time: 3000ms, depth: 4, reason: midgame, tactical, emergency: false
[DEBUG] 17:04:56.912 [AiEngine] Using JS Search
[DEBUG] 17:04:57.109 [AiEngine] Adaptive time: 3000ms, depth: 4, reason: midgame, tactical, emergency: false
[DEBUG] 17:04:57.110 [AiEngine] Using JS Search
[DEBUG] 17:04:57.240 [AiEngine] Adaptive time: 3000ms, depth: 4, reason: midgame, tactical, emergency: false
[DEBUG] 17:04:57.240 [AiEngine] Using JS Search
[DEBUG] 17:04:57.383 [AiEngine] Adaptive time: 3000ms, depth: 4, reason: midgame, tactical, emergency: false
[DEBUG] 17:04:57.383 [AiEngine] Using JS Search
[DEBUG] 17:04:57.648 [AiEngine] Adaptive time: 3000ms, depth: 4, reason: midgame, tactical, emergency: false
[DEBUG] 17:04:57.648 [AiEngine] Using JS Search
[DEBUG] 17:04:57.990 [AiEngine] Adaptive time: 3000ms, depth: 4, reason: midgame, tactical, emergency: false
[DEBUG] 17:04:57.990 [AiEngine] Using JS Search
[DEBUG] 17:04:58.198 [AiEngine] Adaptive time: 3000ms, depth: 4, reason: midgame, tactical, emergency: false
[DEBUG] 17:04:58.198 [AiEngine] Using JS Search
[DEBUG] 17:04:58.342 [AiEngine] Adaptive time: 3000ms, depth: 4, reason: midgame, tactical, emergency: false
[DEBUG] 17:04:58.342 [AiEngine] Using JS Search
[DEBUG] 17:04:58.533 [AiEngine] Adaptive time: 3000ms, depth: 4, reason: midgame, tactical, emergency: false
[DEBUG] 17:04:58.533 [AiEngine] Using JS Search
[DEBUG] 17:04:58.756 [AiEngine] Adaptive time: 3000ms, depth: 4, reason: midgame, tactical, emergency: false
[DEBUG] 17:04:58.756 [AiEngine] Using JS Search
[DEBUG] 17:04:58.910 [AiEngine] Adaptive time: 3000ms, depth: 4, reason: midgame, tactical, emergency: false
[DEBUG] 17:04:58.910 [AiEngine] Using JS Search
[DEBUG] 17:04:59.030 [AiEngine] Adaptive time: 3000ms, depth: 4, reason: midgame, tactical, emergency: false
[DEBUG] 17:04:59.030 [AiEngine] Using JS Search
[DEBUG] 17:04:59.198 [AiEngine] Adaptive time: 3000ms, depth: 4, reason: midgame, tactical, emergency: false
[DEBUG] 17:04:59.198 [AiEngine] Using JS Search
[DEBUG] 17:04:59.346 [AiEngine] Adaptive time: 3000ms, depth: 4, reason: midgame, tactical, emergency: false
[DEBUG] 17:04:59.346 [AiEngine] Using JS Search
[DEBUG] 17:04:59.488 [AiEngine] Adaptive time: 3000ms, depth: 4, reason: midgame, tactical, emergency: false
[DEBUG] 17:04:59.488 [AiEngine] Using JS Search
[DEBUG] 17:04:59.489 [AiEngine] Adaptive time: 3000ms, depth: 4, reason: midgame, tactical, emergency: false
[DEBUG] 17:04:59.489 [AiEngine] Using JS Search
[DEBUG] 17:04:59.489 [AiEngine] Adaptive time: 3000ms, depth: 4, reason: midgame, in-check, emergency: false
[DEBUG] 17:04:59.489 [AiEngine] Using JS Search
[DEBUG] 17:04:59.489 [AiEngine] Adaptive time: 500ms, depth: 4, reason: midgame, opening, emergency: false
[DEBUG] 17:04:59.489 [AiEngine] Using JS Search
[DEBUG] 17:04:59.508 [AiEngine] Adaptive time: 500ms, depth: 4, reason: midgame, opening, emergency: false
[DEBUG] 17:04:59.508 [AiEngine] Using JS Search
[DEBUG] 17:04:59.623 [AiEngine] Adaptive time: 500ms, depth: 4, reason: midgame, opening, emergency: false
[DEBUG] 17:04:59.623 [AiEngine] Using JS Search
[DEBUG] 17:04:59.844 [AiEngine] Adaptive time: 500ms, depth: 4, reason: midgame, opening, emergency: false
[DEBUG] 17:04:59.844 [AiEngine] Using JS Search
[DEBUG] 17:05:00.261 [AiEngine] Adaptive time: 500ms, depth: 4, reason: midgame, opening, emergency: false
[DEBUG] 17:05:00.261 [AiEngine] Using JS Search
[DEBUG] 17:05:00.748 [AiEngine] Adaptive time: 500ms, depth: 4, reason: midgame, opening, emergency: false
[DEBUG] 17:05:00.748 [AiEngine] Using JS Search
[DEBUG] 17:05:01.035 [AiEngine] Adaptive time: 500ms, depth: 4, reason: midgame, opening, tactical, emergency: false
[DEBUG] 17:05:01.035 [AiEngine] Using JS Search
[DEBUG] 17:05:01.460 [AiEngine] Adaptive time: 500ms, depth: 4, reason: midgame, opening, emergency: false
[DEBUG] 17:05:01.460 [AiEngine] Using JS Search
[DEBUG] 17:05:01.515 [AiEngine] Adaptive time: 500ms, depth: 4, reason: midgame, opening, tactical, emergency: false
[DEBUG] 17:05:01.516 [AiEngine] Using JS Search
[DEBUG] 17:05:01.517 [AiEngine] Adaptive time: 500ms, depth: 4, reason: midgame, opening, emergency: false
[DEBUG] 17:05:01.517 [AiEngine] Using JS Search
[DEBUG] 17:05:01.970 [AiEngine] Adaptive time: 500ms, depth: 4, reason: midgame, opening, tactical, emergency: false
[DEBUG] 17:05:01.970 [AiEngine] Using JS Search
[DEBUG] 17:05:01.971 [AiEngine] Adaptive time: 500ms, depth: 4, reason: midgame, opening, tactical, emergency: false
[DEBUG] 17:05:01.971 [AiEngine] Using JS Search
[DEBUG] 17:05:02.133 [AiEngine] Adaptive time: 500ms, depth: 4, reason: midgame, opening, emergency: false
[DEBUG] 17:05:02.133 [AiEngine] Using JS Search
[DEBUG] 17:05:02.223 [AiEngine] Adaptive time: 500ms, depth: 4, reason: midgame, opening, emergency: false
[DEBUG] 17:05:02.224 [AiEngine] Using JS Search
[DEBUG] 17:05:02.321 [AiEngine] Adaptive time: 500ms, depth: 4, reason: midgame, opening, emergency: false
[DEBUG] 17:05:02.322 [AiEngine] Using JS Search
[DEBUG] 17:05:02.610 [AiEngine] Adaptive time: 500ms, depth: 4, reason: midgame, opening, tactical, emergency: false
[DEBUG] 17:05:02.611 [AiEngine] Using JS Search
[DEBUG] 17:05:03.233 [AiEngine] Adaptive time: 500ms, depth: 4, reason: midgame, opening, emergency: false
[DEBUG] 17:05:03.234 [AiEngine] Using JS Search
[DEBUG] 17:05:03.480 [AiEngine] Adaptive time: 500ms, depth: 4, reason: midgame, opening, tactical, emergency: false
[DEBUG] 17:05:03.480 [AiEngine] Using JS Search
[DEBUG] 17:05:03.641 [AiEngine] Adaptive time: 500ms, depth: 4, reason: midgame, opening, in-check, emergency: false
[DEBUG] 17:05:03.641 [AiEngine] Using JS Search
[DEBUG] 17:05:03.736 [AiEngine] Adaptive time: 500ms, depth: 4, reason: midgame, opening, tactical, emergency: false
[DEBUG] 17:05:03.736 [AiEngine] Using JS Search
[DEBUG] 17:05:03.743 [AiEngine] Adaptive time: 500ms, depth: 4, reason: midgame, opening, emergency: false
[DEBUG] 17:05:03.743 [AiEngine] Using JS Search
[DEBUG] 17:05:03.837 [AiEngine] Adaptive time: 500ms, depth: 4, reason: midgame, opening, tactical, emergency: false
[DEBUG] 17:05:03.837 [AiEngine] Using JS Search
[DEBUG] 17:05:03.844 [AiEngine] Adaptive time: 500ms, depth: 4, reason: midgame, opening, emergency: false
[DEBUG] 17:05:03.844 [AiEngine] Using JS Search
[DEBUG] 17:05:03.915 [AiEngine] Adaptive time: 500ms, depth: 4, reason: midgame, opening, emergency: false
[DEBUG] 17:05:03.915 [AiEngine] Using JS Search
[DEBUG] 17:05:04.015 [AiEngine] Adaptive time: 500ms, depth: 4, reason: midgame, opening, emergency: false
[DEBUG] 17:05:04.015 [AiEngine] Using JS Search
[DEBUG] 17:05:04.138 [AiEngine] Adaptive time: 500ms, depth: 4, reason: midgame, opening, emergency: false
[DEBUG] 17:05:04.138 [AiEngine] Using JS Search
[DEBUG] 17:05:04.209 [AiEngine] Adaptive time: 500ms, depth: 4, reason: midgame, opening, in-check, emergency: false
[DEBUG] 17:05:04.209 [AiEngine] Using JS Search
[DEBUG] 17:05:04.311 [AiEngine] Adaptive time: 500ms, depth: 4, reason: midgame, opening, tactical, emergency: false
[DEBUG] 17:05:04.311 [AiEngine] Using JS Search
[DEBUG] 17:05:04.386 [AiEngine] Adaptive time: 500ms, depth: 4, reason: midgame, opening, in-check, emergency: false
[DEBUG] 17:05:04.386 [AiEngine] Using JS Search
[DEBUG] 17:05:04.401 [AiEngine] Adaptive time: 500ms, depth: 4, reason: midgame, opening, tactical, emergency: false
[DEBUG] 17:05:04.401 [AiEngine] Using JS Search
[DEBUG] 17:05:04.502 [AiEngine] Adaptive time: 500ms, depth: 4, reason: midgame, opening, emergency: false
[DEBUG] 17:05:04.503 [AiEngine] Using JS Search
[DEBUG] 17:05:04.692 [AiEngine] Adaptive time: 500ms, depth: 4, reason: midgame, opening, tactical, emergency: false
[DEBUG] 17:05:04.692 [AiEngine] Using JS Search
[DEBUG] 17:05:04.791 [AiEngine] Adaptive time: 500ms, depth: 4, reason: midgame, opening, emergency: false
[DEBUG] 17:05:04.792 [AiEngine] Using JS Search
[DEBUG] 17:05:04.928 [AiEngine] Adaptive time: 500ms, depth: 4, reason: midgame, opening, emergency: false
[DEBUG] 17:05:04.928 [AiEngine] Using JS Search
[DEBUG] 17:05:05.035 [AiEngine] Adaptive time: 500ms, depth: 4, reason: midgame, opening, emergency: false
[DEBUG] 17:05:05.035 [AiEngine] Using JS Search
[DEBUG] 17:05:05.251 [AiEngine] Adaptive time: 500ms, depth: 4, reason: midgame, opening, emergency: false
[DEBUG] 17:05:05.251 [AiEngine] Using JS Search
[DEBUG] 17:05:05.319 [AiEngine] Adaptive time: 500ms, depth: 4, reason: midgame, opening, emergency: false
[DEBUG] 17:05:05.319 [AiEngine] Using JS Search
[DEBUG] 17:05:05.558 [AiEngine] Adaptive time: 500ms, depth: 4, reason: midgame, opening, emergency: false
[DEBUG] 17:05:05.558 [AiEngine] Using JS Search
[DEBUG] 17:05:05.577 [AiEngine] Adaptive time: 500ms, depth: 4, reason: midgame, opening, emergency: false
[DEBUG] 17:05:05.577 [AiEngine] Using JS Search
[DEBUG] 17:05:05.791 [AiEngine] Adaptive time: 500ms, depth: 4, reason: midgame, opening, emergency: false
[DEBUG] 17:05:05.791 [AiEngine] Using JS Search
[DEBUG] 17:05:05.814 [AiEngine] Adaptive time: 3000ms, depth: 4, reason: midgame, tactical, emergency: false
[DEBUG] 17:05:05.814 [AiEngine] Using JS Search
[DEBUG] 17:05:05.952 [AiEngine] Adaptive time: 3000ms, depth: 4, reason: midgame, emergency: false
[DEBUG] 17:05:05.952 [AiEngine] Using JS Search
[DEBUG] 17:05:05.969 [AiEngine] Adaptive time: 3000ms, depth: 4, reason: midgame, tactical, emergency: false
[DEBUG] 17:05:05.969 [AiEngine] Using JS Search
[DEBUG] 17:05:06.101 [AiEngine] Adaptive time: 3000ms, depth: 4, reason: midgame, emergency: false
[DEBUG] 17:05:06.101 [AiEngine] Using JS Search
[DEBUG] 17:05:06.122 [AiEngine] Adaptive time: 3000ms, depth: 4, reason: midgame, tactical, emergency: false
[DEBUG] 17:05:06.122 [AiEngine] Using JS Search
[DEBUG] 17:05:06.361 [AiEngine] Adaptive time: 3000ms, depth: 4, reason: midgame, emergency: false
[DEBUG] 17:05:06.361 [AiEngine] Using JS Search
[DEBUG] 17:05:06.385 [AiEngine] Adaptive time: 3000ms, depth: 4, reason: midgame, tactical, emergency: false
[DEBUG] 17:05:06.385 [AiEngine] Using JS Search
[DEBUG] 17:05:06.554 [AiEngine] Adaptive time: 3000ms, depth: 4, reason: midgame, in-check, emergency: false
[DEBUG] 17:05:06.554 [AiEngine] Using JS Search
[DEBUG] 17:05:06.554 [AiEngine] Adaptive time: 500ms, depth: 4, reason: midgame, opening, emergency: false
[DEBUG] 17:05:06.554 [AiEngine] Using JS Search
[DEBUG] 17:05:06.569 [AiEngine] Adaptive time: 500ms, depth: 4, reason: midgame, opening, emergency: false
[DEBUG] 17:05:06.569 [AiEngine] Using JS Search
[DEBUG] 17:05:06.800 [AiEngine] Adaptive time: 500ms, depth: 4, reason: midgame, opening, emergency: false
[DEBUG] 17:05:06.801 [AiEngine] Using JS Search
[DEBUG] 17:05:07.164 [AiEngine] Adaptive time: 500ms, depth: 4, reason: midgame, opening, emergency: false
[DEBUG] 17:05:07.164 [AiEngine] Using JS Search
[DEBUG] 17:05:07.539 [AiEngine] Adaptive time: 500ms, depth: 4, reason: midgame, opening, emergency: false
[DEBUG] 17:05:07.539 [AiEngine] Using JS Search
[DEBUG] 17:05:07.758 [AiEngine] Adaptive time: 500ms, depth: 4, reason: midgame, opening, emergency: false
[DEBUG] 17:05:07.758 [AiEngine] Using JS Search
[DEBUG] 17:05:07.960 [AiEngine] Adaptive time: 500ms, depth: 4, reason: midgame, opening, emergency: false
[DEBUG] 17:05:07.961 [AiEngine] Using JS Search
[DEBUG] 17:05:08.036 [AiEngine] Adaptive time: 500ms, depth: 4, reason: midgame, opening, tactical, emergency: false
[DEBUG] 17:05:08.036 [AiEngine] Using JS Search
[DEBUG] 17:05:08.377 [AiEngine] Adaptive time: 500ms, depth: 4, reason: midgame, opening, emergency: false
[DEBUG] 17:05:08.377 [AiEngine] Using JS Search
[DEBUG] 17:05:08.643 [AiEngine] Adaptive time: 500ms, depth: 4, reason: midgame, opening, tactical, emergency: false
[DEBUG] 17:05:08.643 [AiEngine] Using JS Search
[DEBUG] 17:05:08.961 [AiEngine] Adaptive time: 500ms, depth: 4, reason: midgame, opening, tactical, emergency: false
[DEBUG] 17:05:08.961 [AiEngine] Using JS Search
[DEBUG] 17:05:09.089 [AiEngine] Adaptive time: 500ms, depth: 4, reason: midgame, opening, emergency: false
[DEBUG] 17:05:09.089 [AiEngine] Using JS Search
[DEBUG] 17:05:09.263 [AiEngine] Adaptive time: 500ms, depth: 4, reason: midgame, opening, emergency: false
[DEBUG] 17:05:09.263 [AiEngine] Using JS Search
[DEBUG] 17:05:09.485 [AiEngine] Adaptive time: 500ms, depth: 4, reason: midgame, opening, tactical, emergency: false
[DEBUG] 17:05:09.485 [AiEngine] Using JS Search
[DEBUG] 17:05:09.661 [AiEngine] Adaptive time: 500ms, depth: 4, reason: midgame, opening, emergency: false
[DEBUG] 17:05:09.661 [AiEngine] Using JS Search
[DEBUG] 17:05:09.708 [AiEngine] Adaptive time: 500ms, depth: 4, reason: midgame, opening, tactical, emergency: false
[DEBUG] 17:05:09.708 [AiEngine] Using JS Search
[DEBUG] 17:05:09.876 [AiEngine] Adaptive time: 500ms, depth: 4, reason: midgame, opening, emergency: false
[DEBUG] 17:05:09.876 [AiEngine] Using JS Search
[DEBUG] 17:05:09.914 [AiEngine] Adaptive time: 500ms, depth: 4, reason: midgame, opening, tactical, emergency: false
[DEBUG] 17:05:09.914 [AiEngine] Using JS Search
[DEBUG] 17:05:09.915 [AiEngine] Adaptive time: 500ms, depth: 4, reason: midgame, opening, emergency: false
[DEBUG] 17:05:09.915 [AiEngine] Using JS Search
[DEBUG] 17:05:10.039 [AiEngine] Adaptive time: 500ms, depth: 4, reason: midgame, opening, emergency: false
[DEBUG] 17:05:10.039 [AiEngine] Using JS Search
[DEBUG] 17:05:10.040 [AiEngine] Adaptive time: 500ms, depth: 4, reason: midgame, opening, emergency: false
[DEBUG] 17:05:10.040 [AiEngine] Using JS Search
[DEBUG] 17:05:10.139 [AiEngine] Adaptive time: 500ms, depth: 4, reason: midgame, opening, emergency: false
[DEBUG] 17:05:10.139 [AiEngine] Using JS Search
[DEBUG] 17:05:10.139 [AiEngine] Adaptive time: 500ms, depth: 4, reason: midgame, opening, emergency: false
[DEBUG] 17:05:10.139 [AiEngine] Using JS Search
[DEBUG] 17:05:10.139 [AiEngine] Adaptive time: 500ms, depth: 4, reason: midgame, opening, in-check, emergency: false
[DEBUG] 17:05:10.139 [AiEngine] Using JS Search
[DEBUG] 17:05:10.140 [AiEngine] Adaptive time: 500ms, depth: 4, reason: midgame, opening, emergency: false
[DEBUG] 17:05:10.140 [AiEngine] Using JS Search
[DEBUG] 17:05:10.160 [AiEngine] Adaptive time: 500ms, depth: 4, reason: midgame, opening, emergency: false
[DEBUG] 17:05:10.160 [AiEngine] Using JS Search
[DEBUG] 17:05:10.332 [AiEngine] Adaptive time: 500ms, depth: 4, reason: midgame, opening, emergency: false
[DEBUG] 17:05:10.332 [AiEngine] Using JS Search
[DEBUG] 17:05:10.548 [AiEngine] Adaptive time: 500ms, depth: 4, reason: midgame, opening, emergency: false
[DEBUG] 17:05:10.548 [AiEngine] Using JS Search
[DEBUG] 17:05:10.828 [AiEngine] Adaptive time: 500ms, depth: 4, reason: midgame, opening, emergency: false
[DEBUG] 17:05:10.828 [AiEngine] Using JS Search
[DEBUG] 17:05:11.082 [AiEngine] Adaptive time: 500ms, depth: 4, reason: midgame, opening, emergency: false
[DEBUG] 17:05:11.082 [AiEngine] Using JS Search
[DEBUG] 17:05:11.377 [AiEngine] Adaptive time: 500ms, depth: 4, reason: midgame, opening, emergency: false
[DEBUG] 17:05:11.377 [AiEngine] Using JS Search
[DEBUG] 17:05:11.811 [AiEngine] Adaptive time: 500ms, depth: 4, reason: midgame, opening, emergency: false
[DEBUG] 17:05:11.811 [AiEngine] Using JS Search
[DEBUG] 17:05:12.097 [AiEngine] Adaptive time: 500ms, depth: 4, reason: midgame, opening, tactical, emergency: false
[DEBUG] 17:05:12.097 [AiEngine] Using JS Search
[DEBUG] 17:05:12.262 [AiEngine] Adaptive time: 500ms, depth: 4, reason: midgame, opening, tactical, emergency: false
[DEBUG] 17:05:12.262 [AiEngine] Using JS Search
[DEBUG] 17:05:12.824 [AiEngine] Adaptive time: 500ms, depth: 4, reason: midgame, opening, tactical, emergency: false
[DEBUG] 17:05:12.824 [AiEngine] Using JS Search
[DEBUG] 17:05:13.022 [AiEngine] Adaptive time: 500ms, depth: 4, reason: midgame, opening, tactical, emergency: false
[DEBUG] 17:05:13.022 [AiEngine] Using JS Search
[DEBUG] 17:05:13.493 [AiEngine] Adaptive time: 500ms, depth: 4, reason: midgame, opening, tactical, emergency: false
[DEBUG] 17:05:13.493 [AiEngine] Using JS Search
[DEBUG] 17:05:13.664 [AiEngine] Adaptive time: 500ms, depth: 4, reason: midgame, opening, tactical, emergency: false
[DEBUG] 17:05:13.664 [AiEngine] Using JS Search
[DEBUG] 17:05:14.113 [AiEngine] Adaptive time: 500ms, depth: 4, reason: midgame, opening, tactical, emergency: false
[DEBUG] 17:05:14.113 [AiEngine] Using JS Search
[DEBUG] 17:05:14.342 [AiEngine] Adaptive time: 500ms, depth: 4, reason: midgame, opening, tactical, emergency: false
[DEBUG] 17:05:14.342 [AiEngine] Using JS Search
[DEBUG] 17:05:14.624 [AiEngine] Adaptive time: 500ms, depth: 4, reason: midgame, opening, tactical, emergency: false
[DEBUG] 17:05:14.624 [AiEngine] Using JS Search
[DEBUG] 17:05:14.781 [AiEngine] Adaptive time: 500ms, depth: 4, reason: midgame, opening, tactical, emergency: false
[DEBUG] 17:05:14.781 [AiEngine] Using JS Search
[DEBUG] 17:05:15.013 [AiEngine] Adaptive time: 500ms, depth: 4, reason: midgame, opening, tactical, emergency: false
[DEBUG] 17:05:15.013 [AiEngine] Using JS Search
[DEBUG] 17:05:15.195 [AiEngine] Adaptive time: 500ms, depth: 4, reason: midgame, opening, tactical, emergency: false
[DEBUG] 17:05:15.195 [AiEngine] Using JS Search
[DEBUG] 17:05:15.382 [AiEngine] Adaptive time: 500ms, depth: 4, reason: midgame, opening, tactical, emergency: false
[DEBUG] 17:05:15.382 [AiEngine] Using JS Search
[DEBUG] 17:05:15.510 [AiEngine] Adaptive time: 500ms, depth: 4, reason: midgame, opening, tactical, emergency: false
[DEBUG] 17:05:15.510 [AiEngine] Using JS Search
[DEBUG] 17:05:15.727 [AiEngine] Adaptive time: 500ms, depth: 4, reason: midgame, opening, tactical, emergency: false
[DEBUG] 17:05:15.727 [AiEngine] Using JS Search
[DEBUG] 17:05:15.900 [AiEngine] Adaptive time: 500ms, depth: 4, reason: midgame, opening, tactical, emergency: false
[DEBUG] 17:05:15.900 [AiEngine] Using JS Search
[DEBUG] 17:05:16.190 [AiEngine] Adaptive time: 500ms, depth: 4, reason: midgame, opening, tactical, emergency: false
[DEBUG] 17:05:16.190 [AiEngine] Using JS Search
[DEBUG] 17:05:16.665 [AiEngine] Adaptive time: 500ms, depth: 4, reason: midgame, opening, tactical, emergency: false
[DEBUG] 17:05:16.665 [AiEngine] Using JS Search
[DEBUG] 17:05:16.865 [AiEngine] Adaptive time: 500ms, depth: 4, reason: midgame, opening, tactical, emergency: false
[DEBUG] 17:05:16.865 [AiEngine] Using JS Search
[DEBUG] 17:05:17.048 [AiEngine] Adaptive time: 500ms, depth: 4, reason: midgame, opening, tactical, emergency: false
[DEBUG] 17:05:17.048 [AiEngine] Using JS Search
[DEBUG] 17:05:17.407 [AiEngine] Adaptive time: 500ms, depth: 4, reason: midgame, opening, tactical, emergency: false
[DEBUG] 17:05:17.407 [AiEngine] Using JS Search
[DEBUG] 17:05:17.653 [AiEngine] Adaptive time: 500ms, depth: 4, reason: midgame, opening, tactical, emergency: false
[DEBUG] 17:05:17.653 [AiEngine] Using JS Search
[DEBUG] 17:05:17.965 [AiEngine] Adaptive time: 500ms, depth: 4, reason: midgame, opening, tactical, emergency: false
[DEBUG] 17:05:17.965 [AiEngine] Using JS Search
[DEBUG] 17:05:18.172 [AiEngine] Adaptive time: 500ms, depth: 4, reason: midgame, opening, tactical, emergency: false
[DEBUG] 17:05:18.172 [AiEngine] Using JS Search
[DEBUG] 17:05:18.445 [AiEngine] Adaptive time: 500ms, depth: 4, reason: midgame, opening, tactical, emergency: false
[DEBUG] 17:05:18.446 [AiEngine] Using JS Search
[DEBUG] 17:05:18.850 [AiEngine] Adaptive time: 500ms, depth: 4, reason: midgame, opening, tactical, emergency: false
[DEBUG] 17:05:18.850 [AiEngine] Using JS Search
[DEBUG] 17:05:19.041 [AiEngine] Adaptive time: 500ms, depth: 4, reason: midgame, opening, tactical, emergency: false
[DEBUG] 17:05:19.041 [AiEngine] Using JS Search
[DEBUG] 17:05:19.250 [AiEngine] Adaptive time: 500ms, depth: 4, reason: midgame, opening, tactical, emergency: false
[DEBUG] 17:05:19.250 [AiEngine] Using JS Search
[DEBUG] 17:05:19.617 [AiEngine] Adaptive time: 500ms, depth: 4, reason: midgame, opening, tactical, emergency: false
[DEBUG] 17:05:19.617 [AiEngine] Using JS Search
[DEBUG] 17:05:19.838 [AiEngine] Adaptive time: 500ms, depth: 4, reason: midgame, opening, tactical, emergency: false
[DEBUG] 17:05:19.839 [AiEngine] Using JS Search
[DEBUG] 17:05:20.175 [AiEngine] Adaptive time: 500ms, depth: 4, reason: midgame, opening, tactical, emergency: false
[DEBUG] 17:05:20.175 [AiEngine] Using JS Search
[DEBUG] 17:05:20.361 [AiEngine] Adaptive time: 500ms, depth: 4, reason: midgame, opening, tactical, emergency: false
[DEBUG] 17:05:20.361 [AiEngine] Using JS Search
[DEBUG] 17:05:20.751 [AiEngine] Adaptive time: 3000ms, depth: 4, reason: midgame, tactical, emergency: false
[DEBUG] 17:05:20.751 [AiEngine] Using JS Search
[DEBUG] 17:05:21.016 [AiEngine] Adaptive time: 3000ms, depth: 4, reason: midgame, tactical, emergency: false
[DEBUG] 17:05:21.017 [AiEngine] Using JS Search
[DEBUG] 17:05:21.460 [AiEngine] Adaptive time: 3000ms, depth: 4, reason: midgame, tactical, emergency: false
[DEBUG] 17:05:21.460 [AiEngine] Using JS Search
[DEBUG] 17:05:21.713 [AiEngine] Adaptive time: 3000ms, depth: 4, reason: midgame, tactical, emergency: false
[DEBUG] 17:05:21.713 [AiEngine] Using JS Search
[DEBUG] 17:05:22.105 [AiEngine] Adaptive time: 3000ms, depth: 4, reason: midgame, tactical, emergency: false
[DEBUG] 17:05:22.105 [AiEngine] Using JS Search
[DEBUG] 17:05:22.171 [AiEngine] Adaptive time: 3000ms, depth: 4, reason: midgame, tactical, emergency: false
[DEBUG] 17:05:22.171 [AiEngine] Using JS Search
[DEBUG] 17:05:22.312 [AiEngine] Adaptive time: 3000ms, depth: 4, reason: midgame, tactical, emergency: false
[DEBUG] 17:05:22.312 [AiEngine] Using JS Search
[DEBUG] 17:05:22.452 [AiEngine] Adaptive time: 3000ms, depth: 4, reason: midgame, tactical, emergency: false
[DEBUG] 17:05:22.452 [AiEngine] Using JS Search
[DEBUG] 17:05:22.481 [AiEngine] Adaptive time: 3000ms, depth: 4, reason: midgame, in-check, emergency: false
[DEBUG] 17:05:22.481 [AiEngine] Using JS Search
[DEBUG] 17:05:22.486 [AiEngine] Adaptive time: 3000ms, depth: 4, reason: midgame, tactical, emergency: false
[DEBUG] 17:05:22.486 [AiEngine] Using JS Search
[DEBUG] 17:05:22.505 [AiEngine] Adaptive time: 3000ms, depth: 4, reason: midgame, emergency: false
[DEBUG] 17:05:22.505 [AiEngine] Using JS Search
[DEBUG] 17:05:22.691 [AiEngine] Adaptive time: 3000ms, depth: 4, reason: midgame, emergency: false
[DEBUG] 17:05:22.692 [AiEngine] Using JS Search
[DEBUG] 17:05:22.693 [AiEngine] Adaptive time: 3000ms, depth: 4, reason: midgame, tactical, emergency: false
[DEBUG] 17:05:22.693 [AiEngine] Using JS Search
[DEBUG] 17:05:22.976 [AiEngine] Adaptive time: 3000ms, depth: 4, reason: midgame, tactical, emergency: false
[DEBUG] 17:05:22.976 [AiEngine] Using JS Search
[DEBUG] 17:05:22.977 [AiEngine] Adaptive time: 3000ms, depth: 4, reason: midgame, tactical, emergency: false
[DEBUG] 17:05:22.977 [AiEngine] Using JS Search
[DEBUG] 17:05:23.124 [AiEngine] Adaptive time: 3000ms, depth: 4, reason: midgame, emergency: false
[DEBUG] 17:05:23.124 [AiEngine] Using JS Search
[DEBUG] 17:05:23.145 [AiEngine] Adaptive time: 3000ms, depth: 4, reason: midgame, tactical, emergency: false
[DEBUG] 17:05:23.145 [AiEngine] Using JS Search
[DEBUG] 17:05:23.260 [AiEngine] Adaptive time: 3000ms, depth: 4, reason: midgame, tactical, emergency: false
[DEBUG] 17:05:23.260 [AiEngine] Using JS Search
[DEBUG] 17:05:23.261 [AiEngine] Adaptive time: 3000ms, depth: 4, reason: midgame, tactical, emergency: false
[DEBUG] 17:05:23.261 [AiEngine] Using JS Search
[DEBUG] 17:05:23.404 [AiEngine] Adaptive time: 3000ms, depth: 4, reason: midgame, in-check, emergency: false
[DEBUG] 17:05:23.404 [AiEngine] Using JS Search
[DEBUG] 17:05:23.405 [AiEngine] Adaptive time: 3000ms, depth: 4, reason: midgame, emergency: false
[DEBUG] 17:05:23.405 [AiEngine] Using JS Search
[DEBUG] 17:05:23.481 [AiEngine] Adaptive time: 3000ms, depth: 4, reason: midgame, tactical, emergency: false
[DEBUG] 17:05:23.482 [AiEngine] Using JS Search
[DEBUG] 17:05:23.483 [AiEngine] Adaptive time: 3000ms, depth: 4, reason: midgame, emergency: false
[DEBUG] 17:05:23.483 [AiEngine] Using JS Search
[DEBUG] 17:05:23.583 [AiEngine] Adaptive time: 3000ms, depth: 4, reason: midgame, tactical, emergency: false
[DEBUG] 17:05:23.583 [AiEngine] Using JS Search
[DEBUG] 17:05:23.584 [AiEngine] Adaptive time: 3000ms, depth: 4, reason: midgame, emergency: false
[DEBUG] 17:05:23.584 [AiEngine] Using JS Search
[DEBUG] 17:05:23.640 [AiEngine] Adaptive time: 3000ms, depth: 4, reason: midgame, emergency: false
[DEBUG] 17:05:23.640 [AiEngine] Using JS Search
[DEBUG] 17:05:23.641 [AiEngine] Adaptive time: 3000ms, depth: 4, reason: midgame, emergency: false
[DEBUG] 17:05:23.641 [AiEngine] Using JS Search
[DEBUG] 17:05:23.674 [AiEngine] Adaptive time: 3000ms, depth: 4, reason: midgame, emergency: false
[DEBUG] 17:05:23.674 [AiEngine] Using JS Search
[DEBUG] 17:05:23.675 [AiEngine] Adaptive time: 3000ms, depth: 4, reason: midgame, emergency: false
[DEBUG] 17:05:23.675 [AiEngine] Using JS Search
[DEBUG] 17:05:23.797 [AiEngine] Adaptive time: 3000ms, depth: 4, reason: midgame, emergency: false
[DEBUG] 17:05:23.797 [AiEngine] Using JS Search
[DEBUG] 17:05:23.798 [AiEngine] Adaptive time: 3000ms, depth: 4, reason: midgame, emergency: false
[DEBUG] 17:05:23.798 [AiEngine] Using JS Search
[DEBUG] 17:05:23.940 [AiEngine] Adaptive time: 3000ms, depth: 4, reason: midgame, tactical, emergency: false
[DEBUG] 17:05:23.940 [AiEngine] Using JS Search
[DEBUG] 17:05:23.943 [AiEngine] Adaptive time: 3000ms, depth: 4, reason: in-check, emergency: false
[DEBUG] 17:05:23.943 [AiEngine] Using JS Search
[DEBUG] 17:05:23.963 [AiEngine] Adaptive time: 3000ms, depth: 4, reason: standard, emergency: false
[DEBUG] 17:05:23.963 [AiEngine] Using JS Search
[DEBUG] 17:05:23.964 [AiEngine] Adaptive time: 3000ms, depth: 4, reason: standard, emergency: false
[DEBUG] 17:05:23.964 [AiEngine] Using JS Search
[DEBUG] 17:05:24.042 [AiEngine] Adaptive time: 3000ms, depth: 4, reason: standard, emergency: false
[DEBUG] 17:05:24.042 [AiEngine] Using JS Search
[DEBUG] 17:05:24.085 [AiEngine] Adaptive time: 3000ms, depth: 4, reason: standard, emergency: false
[DEBUG] 17:05:24.085 [AiEngine] Using JS Search
[DEBUG] 17:05:24.123 [AiEngine] Adaptive time: 3000ms, depth: 4, reason: standard, emergency: false
[DEBUG] 17:05:24.123 [AiEngine] Using JS Search
[DEBUG] 17:05:24.159 [AiEngine] Adaptive time: 3000ms, depth: 4, reason: tactical, emergency: false
[DEBUG] 17:05:24.159 [AiEngine] Using JS Search
[DEBUG] 17:05:24.209 [AiEngine] Adaptive time: 3000ms, depth: 4, reason: standard, emergency: false
[DEBUG] 17:05:24.209 [AiEngine] Using JS Search
[DEBUG] 17:05:24.245 [AiEngine] Adaptive time: 3000ms, depth: 4, reason: standard, emergency: false
[DEBUG] 17:05:24.246 [AiEngine] Using JS Search
[DEBUG] 17:05:24.284 [AiEngine] Adaptive time: 3000ms, depth: 4, reason: in-check, emergency: false
[DEBUG] 17:05:24.284 [AiEngine] Using JS Search
[DEBUG] 17:05:24.299 [AiEngine] Adaptive time: 3000ms, depth: 4, reason: in-check, emergency: false
[DEBUG] 17:05:24.299 [AiEngine] Using JS Search
[DEBUG] 17:05:24.304 [AiEngine] Adaptive time: 3000ms, depth: 4, reason: standard, emergency: false
[DEBUG] 17:05:24.304 [AiEngine] Using JS Search
[DEBUG] 17:05:24.361 [AiEngine] Adaptive time: 3000ms, depth: 4, reason: standard, emergency: false
[DEBUG] 17:05:24.361 [AiEngine] Using JS Search
[DEBUG] 17:05:24.376 [AiEngine] Adaptive time: 3000ms, depth: 4, reason: standard, emergency: false
[DEBUG] 17:05:24.376 [AiEngine] Using JS Search
[DEBUG] 17:05:24.434 [AiEngine] Adaptive time: 3000ms, depth: 4, reason: standard, emergency: false
[DEBUG] 17:05:24.434 [AiEngine] Using JS Search
[DEBUG] 17:05:24.446 [AiEngine] Adaptive time: 3000ms, depth: 4, reason: standard, emergency: false
[DEBUG] 17:05:24.447 [AiEngine] Using JS Search
[DEBUG] 17:05:24.451 [AiEngine] Adaptive time: 3000ms, depth: 4, reason: endgame, emergency: false
[DEBUG] 17:05:24.451 [AiEngine] Using JS Search
[DEBUG] 17:05:24.458 [AiEngine] Adaptive time: 3000ms, depth: 4, reason: endgame, tactical, emergency: false
[DEBUG] 17:05:24.458 [AiEngine] Using JS Search
[DEBUG] 17:05:24.462 [AiEngine] Adaptive time: 3000ms, depth: 4, reason: endgame, emergency: false
[DEBUG] 17:05:24.462 [AiEngine] Using JS Search
[DEBUG] 17:05:24.468 [AiEngine] Adaptive time: 3000ms, depth: 4, reason: endgame, tactical, emergency: false
[DEBUG] 17:05:24.468 [AiEngine] Using JS Search
[DEBUG] 17:05:24.470 [AiEngine] Adaptive time: 3000ms, depth: 4, reason: endgame, emergency: false
[DEBUG] 17:05:24.470 [AiEngine] Using JS Search
[DEBUG] 17:05:24.473 [AiEngine] Adaptive time: 3000ms, depth: 4, reason: endgame, tactical, emergency: false
[DEBUG] 17:05:24.473 [AiEngine] Using JS Search
[DEBUG] 17:05:24.475 [AiEngine] Adaptive time: 3000ms, depth: 4, reason: endgame, emergency: false
[DEBUG] 17:05:24.475 [AiEngine] Using JS Search
[DEBUG] 17:05:24.478 [AiEngine] Adaptive time: 3000ms, depth: 4, reason: endgame, tactical, emergency: false
[DEBUG] 17:05:24.478 [AiEngine] Using JS Search
[DEBUG] 17:05:24.480 [AiEngine] Adaptive time: 3000ms, depth: 4, reason: endgame, emergency: false
[DEBUG] 17:05:24.480 [AiEngine] Using JS Search
[DEBUG] 17:05:24.482 [AiEngine] Adaptive time: 3000ms, depth: 4, reason: endgame, tactical, emergency: false
[DEBUG] 17:05:24.482 [AiEngine] Using JS Search
[DEBUG] 17:05:24.515 [AiEngine] Adaptive time: 3000ms, depth: 4, reason: endgame, emergency: false
[DEBUG] 17:05:24.515 [AiEngine] Using JS Search
[DEBUG] 17:05:24.518 [AiEngine] Adaptive time: 3000ms, depth: 4, reason: endgame, tactical, emergency: false
[DEBUG] 17:05:24.518 [AiEngine] Using JS Search
[DEBUG] 17:05:24.553 [AiEngine] Adaptive time: 500ms, depth: 4, reason: midgame, opening, emergency: false
[DEBUG] 17:05:24.554 [AiEngine] Using JS Search
[DEBUG] 17:05:24.653 [AiEngine] Adaptive time: 500ms, depth: 4, reason: midgame, opening, emergency: false
[DEBUG] 17:05:24.653 [AiEngine] Using JS Search
[DEBUG] 17:05:24.911 [AiEngine] Adaptive time: 500ms, depth: 4, reason: midgame, opening, emergency: false
[DEBUG] 17:05:24.911 [AiEngine] Using JS Search
[DEBUG] 17:05:25.141 [AiEngine] Adaptive time: 500ms, depth: 4, reason: midgame, opening, emergency: false
[DEBUG] 17:05:25.142 [AiEngine] Using JS Search
[DEBUG] 17:05:25.399 [AiEngine] Adaptive time: 500ms, depth: 4, reason: midgame, opening, emergency: false
[DEBUG] 17:05:25.399 [AiEngine] Using JS Search
[DEBUG] 17:05:25.783 [AiEngine] Adaptive time: 500ms, depth: 4, reason: midgame, opening, emergency: false
[DEBUG] 17:05:25.783 [AiEngine] Using JS Search
[DEBUG] 17:05:26.355 [AiEngine] Adaptive time: 500ms, depth: 4, reason: midgame, opening, emergency: false
[DEBUG] 17:05:26.355 [AiEngine] Using JS Search
[DEBUG] 17:05:26.599 [AiEngine] Adaptive time: 500ms, depth: 4, reason: midgame, opening, emergency: false
[DEBUG] 17:05:26.600 [AiEngine] Using JS Search
[DEBUG] 17:05:26.820 [AiEngine] Adaptive time: 500ms, depth: 4, reason: midgame, opening, emergency: false
[DEBUG] 17:05:26.820 [AiEngine] Using JS Search
[DEBUG] 17:05:26.984 [AiEngine] Adaptive time: 500ms, depth: 4, reason: midgame, opening, tactical, emergency: false
[DEBUG] 17:05:26.984 [AiEngine] Using JS Search
[DEBUG] 17:05:27.147 [AiEngine] Adaptive time: 500ms, depth: 4, reason: midgame, opening, emergency: false
[DEBUG] 17:05:27.147 [AiEngine] Using JS Search
[DEBUG] 17:05:27.433 [AiEngine] Adaptive time: 500ms, depth: 4, reason: midgame, opening, emergency: false
[DEBUG] 17:05:27.433 [AiEngine] Using JS Search
[DEBUG] 17:05:27.717 [AiEngine] Adaptive time: 500ms, depth: 4, reason: midgame, opening, emergency: false
[DEBUG] 17:05:27.717 [AiEngine] Using JS Search
[DEBUG] 17:05:28.248 [AiEngine] Adaptive time: 500ms, depth: 4, reason: midgame, opening, tactical, emergency: false
[DEBUG] 17:05:28.248 [AiEngine] Using JS Search
[DEBUG] 17:05:28.662 [AiEngine] Adaptive time: 500ms, depth: 4, reason: midgame, opening, tactical, emergency: false
[DEBUG] 17:05:28.662 [AiEngine] Using JS Search
[DEBUG] 17:05:28.832 [AiEngine] Adaptive time: 500ms, depth: 4, reason: midgame, opening, tactical, emergency: false
[DEBUG] 17:05:28.832 [AiEngine] Using JS Search
[DEBUG] 17:05:28.949 [AiEngine] Adaptive time: 500ms, depth: 4, reason: midgame, opening, in-check, emergency: false
[DEBUG] 17:05:28.949 [AiEngine] Using JS Search
[DEBUG] 17:05:28.973 [AiEngine] Adaptive time: 500ms, depth: 4, reason: midgame, opening, tactical, emergency: false
[DEBUG] 17:05:28.973 [AiEngine] Using JS Search
[DEBUG] 17:05:29.106 [AiEngine] Adaptive time: 500ms, depth: 4, reason: midgame, opening, emergency: false
[DEBUG] 17:05:29.106 [AiEngine] Using JS Search
[DEBUG] 17:05:29.169 [AiEngine] Adaptive time: 500ms, depth: 4, reason: midgame, opening, tactical, emergency: false
[DEBUG] 17:05:29.170 [AiEngine] Using JS Search
[DEBUG] 17:05:29.181 [AiEngine] Adaptive time: 500ms, depth: 4, reason: midgame, opening, emergency: false
[DEBUG] 17:05:29.181 [AiEngine] Using JS Search
[DEBUG] 17:05:29.328 [AiEngine] Adaptive time: 500ms, depth: 4, reason: midgame, opening, emergency: false
[DEBUG] 17:05:29.328 [AiEngine] Using JS Search
[DEBUG] 17:05:29.520 [AiEngine] Adaptive time: 500ms, depth: 4, reason: midgame, opening, emergency: false
[DEBUG] 17:05:29.520 [AiEngine] Using JS Search
[DEBUG] 17:05:29.769 [AiEngine] Adaptive time: 500ms, depth: 4, reason: midgame, opening, emergency: false
[DEBUG] 17:05:29.769 [AiEngine] Using JS Search
[DEBUG] 17:05:29.943 [AiEngine] Adaptive time: 500ms, depth: 4, reason: midgame, opening, tactical, emergency: false
[DEBUG] 17:05:29.944 [AiEngine] Using JS Search
[DEBUG] 17:05:30.093 [AiEngine] Adaptive time: 500ms, depth: 4, reason: midgame, opening, tactical, emergency: false
[DEBUG] 17:05:30.093 [AiEngine] Using JS Search
[DEBUG] 17:05:30.206 [AiEngine] Adaptive time: 500ms, depth: 4, reason: midgame, opening, emergency: false
[DEBUG] 17:05:30.206 [AiEngine] Using JS Search
[DEBUG] 17:05:30.271 [AiEngine] Adaptive time: 500ms, depth: 4, reason: midgame, opening, tactical, emergency: false
[DEBUG] 17:05:30.271 [AiEngine] Using JS Search
[DEBUG] 17:05:30.407 [AiEngine] Adaptive time: 500ms, depth: 4, reason: midgame, opening, tactical, emergency: false
[DEBUG] 17:05:30.407 [AiEngine] Using JS Search
[DEBUG] 17:05:30.517 [AiEngine] Adaptive time: 500ms, depth: 4, reason: midgame, opening, tactical, emergency: false
[DEBUG] 17:05:30.517 [AiEngine] Using JS Search
[DEBUG] 17:05:30.519 [AiEngine] Adaptive time: 500ms, depth: 4, reason: midgame, opening, emergency: false
[DEBUG] 17:05:30.519 [AiEngine] Using JS Search
[DEBUG] 17:05:30.671 [AiEngine] Adaptive time: 500ms, depth: 4, reason: midgame, opening, tactical, emergency: false
[DEBUG] 17:05:30.671 [AiEngine] Using JS Search
[DEBUG] 17:05:30.676 [AiEngine] Adaptive time: 500ms, depth: 4, reason: midgame, opening, in-check, emergency: false
[DEBUG] 17:05:30.676 [AiEngine] Using JS Search
[DEBUG] 17:05:30.687 [AiEngine] Adaptive time: 500ms, depth: 4, reason: midgame, opening, tactical, emergency: false
[DEBUG] 17:05:30.687 [AiEngine] Using JS Search
[DEBUG] 17:05:30.690 [AiEngine] Adaptive time: 500ms, depth: 4, reason: midgame, opening, in-check, emergency: false
[DEBUG] 17:05:30.690 [AiEngine] Using JS Search
[DEBUG] 17:05:30.698 [AiEngine] Adaptive time: 500ms, depth: 4, reason: midgame, opening, tactical, emergency: false
[DEBUG] 17:05:30.698 [AiEngine] Using JS Search
[DEBUG] 17:05:30.700 [AiEngine] Adaptive time: 500ms, depth: 4, reason: midgame, opening, in-check, emergency: false
[DEBUG] 17:05:30.700 [AiEngine] Using JS Search
[DEBUG] 17:05:30.705 [AiEngine] Adaptive time: 500ms, depth: 4, reason: midgame, opening, tactical, emergency: false
[DEBUG] 17:05:30.705 [AiEngine] Using JS Search
[DEBUG] 17:05:30.706 [AiEngine] Adaptive time: 500ms, depth: 4, reason: midgame, opening, tactical, emergency: false
[DEBUG] 17:05:30.706 [AiEngine] Using JS Search
[DEBUG] 17:05:30.838 [AiEngine] Adaptive time: 500ms, depth: 4, reason: midgame, opening, tactical, emergency: false
[DEBUG] 17:05:30.838 [AiEngine] Using JS Search
[DEBUG] 17:05:30.839 [AiEngine] Adaptive time: 3000ms, depth: 4, reason: midgame, emergency: false
[DEBUG] 17:05:30.839 [AiEngine] Using JS Search
[DEBUG] 17:05:30.924 [AiEngine] Adaptive time: 3000ms, depth: 4, reason: midgame, tactical, emergency: false
[DEBUG] 17:05:30.924 [AiEngine] Using JS Search
[DEBUG] 17:05:30.925 [AiEngine] Adaptive time: 3000ms, depth: 4, reason: midgame, emergency: false
[DEBUG] 17:05:30.925 [AiEngine] Using JS Search
[DEBUG] 17:05:31.064 [AiEngine] Adaptive time: 3000ms, depth: 4, reason: midgame, tactical, emergency: false
[DEBUG] 17:05:31.064 [AiEngine] Using JS Search
[DEBUG] 17:05:31.067 [AiEngine] Adaptive time: 3000ms, depth: 4, reason: midgame, in-check, emergency: false
[DEBUG] 17:05:31.067 [AiEngine] Using JS Search
[DEBUG] 17:05:31.190 [AiEngine] Adaptive time: 3000ms, depth: 4, reason: midgame, emergency: false
[DEBUG] 17:05:31.190 [AiEngine] Using JS Search
[DEBUG] 17:05:31.220 [AiEngine] Adaptive time: 3000ms, depth: 4, reason: midgame, emergency: false
[DEBUG] 17:05:31.220 [AiEngine] Using JS Search
[DEBUG] 17:05:31.336 [AiEngine] Adaptive time: 3000ms, depth: 4, reason: midgame, emergency: false
[DEBUG] 17:05:31.336 [AiEngine] Using JS Search
[DEBUG] 17:05:31.366 [AiEngine] Adaptive time: 3000ms, depth: 4, reason: midgame, emergency: false
[DEBUG] 17:05:31.366 [AiEngine] Using JS Search
[DEBUG] 17:05:31.448 [AiEngine] Adaptive time: 3000ms, depth: 4, reason: midgame, emergency: false
[DEBUG] 17:05:31.448 [AiEngine] Using JS Search
[DEBUG] 17:05:31.553 [AiEngine] Adaptive time: 3000ms, depth: 4, reason: midgame, emergency: false
[DEBUG] 17:05:31.553 [AiEngine] Using JS Search
[DEBUG] 17:05:31.730 [AiEngine] Adaptive time: 3000ms, depth: 4, reason: midgame, emergency: false
[DEBUG] 17:05:31.730 [AiEngine] Using JS Search
[DEBUG] 17:05:31.769 [AiEngine] Adaptive time: 3000ms, depth: 4, reason: midgame, tactical, emergency: false
[DEBUG] 17:05:31.769 [AiEngine] Using JS Search
[DEBUG] 17:05:31.894 [AiEngine] Adaptive time: 3000ms, depth: 4, reason: midgame, in-check, emergency: false
[DEBUG] 17:05:31.895 [AiEngine] Using JS Search
[DEBUG] 17:05:31.918 [AiEngine] Adaptive time: 3000ms, depth: 4, reason: midgame, emergency: false
[DEBUG] 17:05:31.919 [AiEngine] Using JS Search
[DEBUG] 17:05:32.023 [AiEngine] Adaptive time: 3000ms, depth: 4, reason: midgame, emergency: false
[DEBUG] 17:05:32.024 [AiEngine] Using JS Search
[DEBUG] 17:05:32.093 [AiEngine] Adaptive time: 3000ms, depth: 4, reason: midgame, tactical, emergency: false
[DEBUG] 17:05:32.093 [AiEngine] Using JS Search
[DEBUG] 17:05:32.146 [AiEngine] Adaptive time: 3000ms, depth: 4, reason: midgame, in-check, emergency: false
[DEBUG] 17:05:32.146 [AiEngine] Using JS Search
[DEBUG] 17:05:32.189 [AiEngine] Adaptive time: 3000ms, depth: 4, reason: midgame, emergency: false
[DEBUG] 17:05:32.189 [AiEngine] Using JS Search
[DEBUG] 17:05:32.318 [AiEngine] Adaptive time: 3000ms, depth: 4, reason: midgame, emergency: false
[DEBUG] 17:05:32.318 [AiEngine] Using JS Search
[DEBUG] 17:05:32.370 [AiEngine] Adaptive time: 3000ms, depth: 4, reason: midgame, emergency: false
[DEBUG] 17:05:32.370 [AiEngine] Using JS Search
[DEBUG] 17:05:32.471 [AiEngine] Adaptive time: 3000ms, depth: 4, reason: midgame, emergency: false
[DEBUG] 17:05:32.471 [AiEngine] Using JS Search
[DEBUG] 17:05:32.526 [AiEngine] Adaptive time: 3000ms, depth: 4, reason: midgame, tactical, emergency: false
[DEBUG] 17:05:32.526 [AiEngine] Using JS Search
[DEBUG] 17:05:32.676 [AiEngine] Adaptive time: 3000ms, depth: 4, reason: midgame, emergency: false
[DEBUG] 17:05:32.676 [AiEngine] Using JS Search
[DEBUG] 17:05:32.701 [AiEngine] Adaptive time: 3000ms, depth: 4, reason: midgame, emergency: false
[DEBUG] 17:05:32.701 [AiEngine] Using JS Search
[DEBUG] 17:05:32.795 [AiEngine] Adaptive time: 3000ms, depth: 4, reason: midgame, emergency: false
[DEBUG] 17:05:32.795 [AiEngine] Using JS Search
[DEBUG] 17:05:32.841 [AiEngine] Adaptive time: 3000ms, depth: 4, reason: midgame, emergency: false
[DEBUG] 17:05:32.841 [AiEngine] Using JS Search
[DEBUG] 17:05:32.896 [AiEngine] Adaptive time: 3000ms, depth: 4, reason: midgame, emergency: false
[DEBUG] 17:05:32.896 [AiEngine] Using JS Search
[DEBUG] 17:05:32.964 [AiEngine] Adaptive time: 3000ms, depth: 4, reason: midgame, emergency: false
[DEBUG] 17:05:32.964 [AiEngine] Using JS Search
[DEBUG] 17:05:33.006 [AiEngine] Adaptive time: 3000ms, depth: 4, reason: midgame, emergency: false
[DEBUG] 17:05:33.006 [AiEngine] Using JS Search
[DEBUG] 17:05:33.031 [AiEngine] Adaptive time: 3000ms, depth: 4, reason: midgame, emergency: false
[DEBUG] 17:05:33.031 [AiEngine] Using JS Search
[DEBUG] 17:05:33.034 [AiEngine] Adaptive time: 3000ms, depth: 4, reason: in-check, emergency: false
[DEBUG] 17:05:33.034 [AiEngine] Using JS Search
[DEBUG] 17:05:33.038 [AiEngine] Adaptive time: 3000ms, depth: 4, reason: standard, emergency: false
[DEBUG] 17:05:33.038 [AiEngine] Using JS Search
[DEBUG] 17:05:33.118 [AiEngine] Adaptive time: 3000ms, depth: 4, reason: standard, emergency: false
[DEBUG] 17:05:33.118 [AiEngine] Using JS Search
[DEBUG] 17:05:33.155 [AiEngine] Adaptive time: 3000ms, depth: 4, reason: standard, emergency: false
[DEBUG] 17:05:33.155 [AiEngine] Using JS Search
[DEBUG] 17:05:33.237 [AiEngine] Adaptive time: 3000ms, depth: 4, reason: standard, emergency: false
[DEBUG] 17:05:33.237 [AiEngine] Using JS Search
[DEBUG] 17:05:33.249 [AiEngine] Adaptive time: 3000ms, depth: 4, reason: standard, emergency: false
[DEBUG] 17:05:33.249 [AiEngine] Using JS Search
[DEBUG] 17:05:33.331 [AiEngine] Adaptive time: 3000ms, depth: 4, reason: standard, emergency: false
[DEBUG] 17:05:33.331 [AiEngine] Using JS Search
[DEBUG] 17:05:33.341 [AiEngine] Adaptive time: 3000ms, depth: 4, reason: tactical, emergency: false
[DEBUG] 17:05:33.341 [AiEngine] Using JS Search
[DEBUG] 17:05:33.397 [AiEngine] Adaptive time: 3000ms, depth: 4, reason: standard, emergency: false
[DEBUG] 17:05:33.397 [AiEngine] Using JS Search
[DEBUG] 17:05:33.404 [AiEngine] Adaptive time: 3000ms, depth: 4, reason: standard, emergency: false
[DEBUG] 17:05:33.404 [AiEngine] Using JS Search
[DEBUG] 17:05:33.538 [AiEngine] Adaptive time: 3000ms, depth: 4, reason: standard, emergency: false
[DEBUG] 17:05:33.538 [AiEngine] Using JS Search
[DEBUG] 17:05:33.583 [AiEngine] Adaptive time: 3000ms, depth: 4, reason: tactical, emergency: false
[DEBUG] 17:05:33.583 [AiEngine] Using JS Search
[DEBUG] 17:05:33.586 [AiEngine] Adaptive time: 3000ms, depth: 4, reason: standard, emergency: false
[DEBUG] 17:05:33.586 [AiEngine] Using JS Search
[DEBUG] 17:05:33.594 [AiEngine] Adaptive time: 3000ms, depth: 4, reason: tactical, emergency: false
[DEBUG] 17:05:33.594 [AiEngine] Using JS Search
[DEBUG] 17:05:33.597 [AiEngine] Adaptive time: 3000ms, depth: 4, reason: endgame, in-check, emergency: false
[DEBUG] 17:05:33.597 [AiEngine] Using JS Search
[DEBUG] 17:05:33.599 [AiEngine] Adaptive time: 3000ms, depth: 4, reason: endgame, tactical, emergency: false
[DEBUG] 17:05:33.599 [AiEngine] Using JS Search
[DEBUG] 17:05:33.601 [AiEngine] Adaptive time: 3000ms, depth: 4, reason: endgame, emergency: false
[DEBUG] 17:05:33.602 [AiEngine] Using JS Search
[DEBUG] 17:05:33.606 [AiEngine] Adaptive time: 3000ms, depth: 4, reason: endgame, tactical, emergency: false
[DEBUG] 17:05:33.606 [AiEngine] Using JS Search
[DEBUG] 17:05:33.608 [AiEngine] Adaptive time: 3000ms, depth: 4, reason: endgame, emergency: false
[DEBUG] 17:05:33.608 [AiEngine] Using JS Search
[DEBUG] 17:05:33.613 [AiEngine] Adaptive time: 3000ms, depth: 4, reason: endgame, tactical, emergency: false
[DEBUG] 17:05:33.613 [AiEngine] Using JS Search
[DEBUG] 17:05:33.615 [AiEngine] Adaptive time: 3000ms, depth: 4, reason: endgame, emergency: false
[DEBUG] 17:05:33.615 [AiEngine] Using JS Search
[DEBUG] 17:05:33.619 [AiEngine] Adaptive time: 3000ms, depth: 4, reason: endgame, tactical, emergency: false
[DEBUG] 17:05:33.619 [AiEngine] Using JS Search
[DEBUG] 17:05:33.620 [AiEngine] Adaptive time: 3000ms, depth: 4, reason: endgame, emergency: false
[DEBUG] 17:05:33.620 [AiEngine] Using JS Search
[DEBUG] 17:05:33.622 [AiEngine] Adaptive time: 3000ms, depth: 4, reason: endgame, tactical, emergency: false
[DEBUG] 17:05:33.622 [AiEngine] Using JS Search
[DEBUG] 17:05:33.625 [AiEngine] Adaptive time: 3000ms, depth: 4, reason: endgame, emergency: false
[DEBUG] 17:05:33.625 [AiEngine] Using JS Search
[DEBUG] 17:05:33.629 [AiEngine] Adaptive time: 3000ms, depth: 4, reason: endgame, tactical, emergency: false
[DEBUG] 17:05:33.629 [AiEngine] Using JS Search
[DEBUG] 17:05:33.630 [AiEngine] Adaptive time: 3000ms, depth: 4, reason: endgame, emergency: false
[DEBUG] 17:05:33.630 [AiEngine] Using JS Search
[DEBUG] 17:05:33.631 [AiEngine] Adaptive time: 3000ms, depth: 4, reason: endgame, tactical, emergency: false
[DEBUG] 17:05:33.631 [AiEngine] Using JS Search
[DEBUG] 17:05:33.632 [AiEngine] Adaptive time: 3000ms, depth: 4, reason: endgame, in-check, emergency: false
[DEBUG] 17:05:33.632 [AiEngine] Using JS Search
[DEBUG] 17:05:33.635 [AiEngine] Adaptive time: 500ms, depth: 4, reason: midgame, opening, emergency: false
[DEBUG] 17:05:33.635 [AiEngine] Using JS Search
[DEBUG] 17:05:33.715 [AiEngine] Adaptive time: 500ms, depth: 4, reason: midgame, opening, emergency: false
[DEBUG] 17:05:33.715 [AiEngine] Using JS Search
[DEBUG] 17:05:33.849 [AiEngine] Adaptive time: 500ms, depth: 4, reason: midgame, opening, emergency: false
[DEBUG] 17:05:33.849 [AiEngine] Using JS Search
[DEBUG] 17:05:34.119 [AiEngine] Adaptive time: 500ms, depth: 4, reason: midgame, opening, emergency: false
[DEBUG] 17:05:34.119 [AiEngine] Using JS Search
[DEBUG] 17:05:34.364 [AiEngine] Adaptive time: 500ms, depth: 4, reason: midgame, opening, emergency: false
[DEBUG] 17:05:34.364 [AiEngine] Using JS Search
[DEBUG] 17:05:34.637 [AiEngine] Adaptive time: 500ms, depth: 4, reason: midgame, opening, emergency: false
[DEBUG] 17:05:34.637 [AiEngine] Using JS Search
[DEBUG] 17:05:34.705 [AiEngine] Adaptive time: 500ms, depth: 4, reason: midgame, opening, tactical, emergency: false
[DEBUG] 17:05:34.705 [AiEngine] Using JS Search
[DEBUG] 17:05:34.914 [AiEngine] Adaptive time: 500ms, depth: 4, reason: midgame, opening, emergency: false
[DEBUG] 17:05:34.914 [AiEngine] Using JS Search
[DEBUG] 17:05:34.982 [AiEngine] Adaptive time: 500ms, depth: 4, reason: midgame, opening, tactical, emergency: false
[DEBUG] 17:05:34.982 [AiEngine] Using JS Search
[DEBUG] 17:05:35.057 [AiEngine] Adaptive time: 500ms, depth: 4, reason: midgame, opening, emergency: false
[DEBUG] 17:05:35.057 [AiEngine] Using JS Search
[DEBUG] 17:05:35.290 [AiEngine] Adaptive time: 500ms, depth: 4, reason: midgame, opening, emergency: false
[DEBUG] 17:05:35.290 [AiEngine] Using JS Search
[DEBUG] 17:05:35.657 [AiEngine] Adaptive time: 500ms, depth: 4, reason: midgame, opening, tactical, emergency: false
[DEBUG] 17:05:35.657 [AiEngine] Using JS Search
[DEBUG] 17:05:35.698 [AiEngine] Adaptive time: 500ms, depth: 4, reason: midgame, opening, in-check, emergency: false
[DEBUG] 17:05:35.698 [AiEngine] Using JS Search
[DEBUG] 17:05:35.703 [AiEngine] Adaptive time: 500ms, depth: 4, reason: midgame, opening, tactical, emergency: false
[DEBUG] 17:05:35.703 [AiEngine] Using JS Search
[DEBUG] 17:05:35.767 [AiEngine] Adaptive time: 500ms, depth: 4, reason: midgame, opening, emergency: false
[DEBUG] 17:05:35.767 [AiEngine] Using JS Search
[DEBUG] 17:05:35.797 [AiEngine] Adaptive time: 500ms, depth: 4, reason: midgame, opening, emergency: false
[DEBUG] 17:05:35.797 [AiEngine] Using JS Search
[DEBUG] 17:05:35.858 [AiEngine] Adaptive time: 500ms, depth: 4, reason: midgame, opening, emergency: false
[DEBUG] 17:05:35.858 [AiEngine] Using JS Search
[DEBUG] 17:05:35.912 [AiEngine] Adaptive time: 500ms, depth: 4, reason: midgame, opening, emergency: false
[DEBUG] 17:05:35.912 [AiEngine] Using JS Search
[DEBUG] 17:05:35.995 [AiEngine] Adaptive time: 500ms, depth: 4, reason: midgame, opening, emergency: false
[DEBUG] 17:05:35.995 [AiEngine] Using JS Search
[DEBUG] 17:05:36.051 [AiEngine] Adaptive time: 500ms, depth: 4, reason: midgame, opening, emergency: false
[DEBUG] 17:05:36.051 [AiEngine] Using JS Search
[DEBUG] 17:05:36.143 [AiEngine] Adaptive time: 500ms, depth: 4, reason: midgame, opening, emergency: false
[DEBUG] 17:05:36.143 [AiEngine] Using JS Search
[DEBUG] 17:05:36.190 [AiEngine] Adaptive time: 500ms, depth: 4, reason: midgame, opening, tactical, emergency: false
[DEBUG] 17:05:36.191 [AiEngine] Using JS Search
[DEBUG] 17:05:36.314 [AiEngine] Adaptive time: 500ms, depth: 4, reason: midgame, opening, emergency: false
[DEBUG] 17:05:36.314 [AiEngine] Using JS Search
[DEBUG] 17:05:36.345 [AiEngine] Adaptive time: 500ms, depth: 4, reason: midgame, opening, tactical, emergency: false
[DEBUG] 17:05:36.346 [AiEngine] Using JS Search
[DEBUG] 17:05:36.474 [AiEngine] Adaptive time: 500ms, depth: 4, reason: midgame, opening, emergency: false
[DEBUG] 17:05:36.474 [AiEngine] Using JS Search
[DEBUG] 17:05:36.530 [AiEngine] Adaptive time: 500ms, depth: 4, reason: midgame, opening, tactical, emergency: false
[DEBUG] 17:05:36.530 [AiEngine] Using JS Search
[DEBUG] 17:05:36.654 [AiEngine] Adaptive time: 500ms, depth: 4, reason: midgame, opening, emergency: false
[DEBUG] 17:05:36.654 [AiEngine] Using JS Search
[DEBUG] 17:05:36.691 [AiEngine] Adaptive time: 500ms, depth: 4, reason: midgame, opening, tactical, emergency: false
[DEBUG] 17:05:36.691 [AiEngine] Using JS Search
[DEBUG] 17:05:36.693 [AiEngine] Adaptive time: 500ms, depth: 4, reason: midgame, opening, emergency: false
[DEBUG] 17:05:36.693 [AiEngine] Using JS Search
[DEBUG] 17:05:36.867 [AiEngine] Adaptive time: 500ms, depth: 4, reason: midgame, opening, emergency: false
[DEBUG] 17:05:36.867 [AiEngine] Using JS Search
[DEBUG] 17:05:36.868 [AiEngine] Adaptive time: 500ms, depth: 4, reason: midgame, opening, emergency: false
[DEBUG] 17:05:36.868 [AiEngine] Using JS Search
[DEBUG] 17:05:37.009 [AiEngine] Adaptive time: 500ms, depth: 4, reason: midgame, opening, emergency: false
[DEBUG] 17:05:37.009 [AiEngine] Using JS Search
[DEBUG] 17:05:37.083 [AiEngine] Adaptive time: 500ms, depth: 4, reason: midgame, opening, emergency: false
[DEBUG] 17:05:37.083 [AiEngine] Using JS Search
[DEBUG] 17:05:37.350 [AiEngine] Adaptive time: 500ms, depth: 4, reason: midgame, opening, emergency: false
[DEBUG] 17:05:37.350 [AiEngine] Using JS Search
[DEBUG] 17:05:37.486 [AiEngine] Adaptive time: 500ms, depth: 4, reason: midgame, opening, emergency: false
[DEBUG] 17:05:37.486 [AiEngine] Using JS Search
[DEBUG] 17:05:37.690 [AiEngine] Adaptive time: 500ms, depth: 4, reason: midgame, opening, emergency: false
[DEBUG] 17:05:37.690 [AiEngine] Using JS Search
[DEBUG] 17:05:37.753 [AiEngine] Adaptive time: 500ms, depth: 4, reason: midgame, opening, tactical, emergency: false
[DEBUG] 17:05:37.753 [AiEngine] Using JS Search
[DEBUG] 17:05:38.001 [AiEngine] Adaptive time: 500ms, depth: 4, reason: midgame, opening, emergency: false
[DEBUG] 17:05:38.002 [AiEngine] Using JS Search
[DEBUG] 17:05:38.053 [AiEngine] Adaptive time: 500ms, depth: 4, reason: midgame, opening, tactical, emergency: false
[DEBUG] 17:05:38.053 [AiEngine] Using JS Search
[DEBUG] 17:05:38.240 [AiEngine] Adaptive time: 500ms, depth: 4, reason: midgame, opening, emergency: false
[DEBUG] 17:05:38.240 [AiEngine] Using JS Search
[DEBUG] 17:05:38.340 [AiEngine] Adaptive time: 3000ms, depth: 4, reason: midgame, emergency: false
[DEBUG] 17:05:38.340 [AiEngine] Using JS Search
[DEBUG] 17:05:38.612 [AiEngine] Adaptive time: 3000ms, depth: 4, reason: midgame, emergency: false
[DEBUG] 17:05:38.612 [AiEngine] Using JS Search
[DEBUG] 17:05:38.712 [AiEngine] Adaptive time: 3000ms, depth: 4, reason: midgame, emergency: false
[DEBUG] 17:05:38.712 [AiEngine] Using JS Search
[DEBUG] 17:05:38.819 [AiEngine] Adaptive time: 3000ms, depth: 4, reason: midgame, emergency: false
[DEBUG] 17:05:38.819 [AiEngine] Using JS Search
[DEBUG] 17:05:38.977 [AiEngine] Adaptive time: 3000ms, depth: 4, reason: midgame, emergency: false
[DEBUG] 17:05:38.977 [AiEngine] Using JS Search
[DEBUG] 17:05:39.177 [AiEngine] Adaptive time: 3000ms, depth: 4, reason: midgame, emergency: false
[DEBUG] 17:05:39.177 [AiEngine] Using JS Search
[DEBUG] 17:05:39.306 [AiEngine] Adaptive time: 3000ms, depth: 4, reason: midgame, tactical, emergency: false
[DEBUG] 17:05:39.306 [AiEngine] Using JS Search
[DEBUG] 17:05:39.430 [AiEngine] Adaptive time: 3000ms, depth: 4, reason: midgame, emergency: false
[DEBUG] 17:05:39.430 [AiEngine] Using JS Search
[DEBUG] 17:05:39.490 [AiEngine] Adaptive time: 3000ms, depth: 4, reason: midgame, tactical, emergency: false
[DEBUG] 17:05:39.490 [AiEngine] Using JS Search
[DEBUG] 17:05:39.583 [AiEngine] Adaptive time: 3000ms, depth: 4, reason: midgame, in-check, emergency: false
[DEBUG] 17:05:39.583 [AiEngine] Using JS Search
[DEBUG] 17:05:39.744 [AiEngine] Adaptive time: 3000ms, depth: 4, reason: midgame, tactical, emergency: false
[DEBUG] 17:05:39.744 [AiEngine] Using JS Search
[DEBUG] 17:05:39.914 [AiEngine] Adaptive time: 3000ms, depth: 4, reason: midgame, tactical, emergency: false
[DEBUG] 17:05:39.915 [AiEngine] Using JS Search
[DEBUG] 17:05:40.005 [AiEngine] Adaptive time: 3000ms, depth: 4, reason: midgame, emergency: false
[DEBUG] 17:05:40.005 [AiEngine] Using JS Search
[DEBUG] 17:05:40.086 [AiEngine] Adaptive time: 3000ms, depth: 4, reason: midgame, emergency: false
[DEBUG] 17:05:40.086 [AiEngine] Using JS Search
[DEBUG] 17:05:40.161 [AiEngine] Adaptive time: 3000ms, depth: 4, reason: midgame, emergency: false
[DEBUG] 17:05:40.161 [AiEngine] Using JS Search
[DEBUG] 17:05:40.251 [AiEngine] Adaptive time: 3000ms, depth: 4, reason: midgame, emergency: false
[DEBUG] 17:05:40.251 [AiEngine] Using JS Search
[DEBUG] 17:05:40.497 [AiEngine] Adaptive time: 3000ms, depth: 4, reason: midgame, emergency: false
[DEBUG] 17:05:40.497 [AiEngine] Using JS Search
[DEBUG] 17:05:40.622 [AiEngine] Adaptive time: 3000ms, depth: 4, reason: midgame, emergency: false
[DEBUG] 17:05:40.622 [AiEngine] Using JS Search
[DEBUG] 17:05:40.726 [AiEngine] Adaptive time: 3000ms, depth: 4, reason: midgame, emergency: false
[DEBUG] 17:05:40.726 [AiEngine] Using JS Search
[DEBUG] 17:05:40.832 [AiEngine] Adaptive time: 3000ms, depth: 4, reason: midgame, emergency: false
[DEBUG] 17:05:40.832 [AiEngine] Using JS Search
[DEBUG] 17:05:40.916 [AiEngine] Adaptive time: 3000ms, depth: 4, reason: midgame, emergency: false
[DEBUG] 17:05:40.916 [AiEngine] Using JS Search
[DEBUG] 17:05:41.070 [AiEngine] Adaptive time: 3000ms, depth: 4, reason: midgame, emergency: false
[DEBUG] 17:05:41.070 [AiEngine] Using JS Search
[DEBUG] 17:05:41.095 [AiEngine] Adaptive time: 3000ms, depth: 4, reason: midgame, tactical, emergency: false
[DEBUG] 17:05:41.095 [AiEngine] Using JS Search
[DEBUG] 17:05:41.214 [AiEngine] Adaptive time: 3000ms, depth: 4, reason: midgame, emergency: false
[DEBUG] 17:05:41.214 [AiEngine] Using JS Search
[DEBUG] 17:05:41.217 [AiEngine] Adaptive time: 3000ms, depth: 4, reason: midgame, tactical, emergency: false
[DEBUG] 17:05:41.217 [AiEngine] Using JS Search
[DEBUG] 17:05:41.217 [AiEngine] Adaptive time: 3000ms, depth: 4, reason: midgame, in-check, emergency: false
[DEBUG] 17:05:41.217 [AiEngine] Using JS Search
[DEBUG] 17:05:41.217 [AiEngine] Adaptive time: 500ms, depth: 4, reason: midgame, opening, emergency: false
[DEBUG] 17:05:41.217 [AiEngine] Using JS Search
[DEBUG] 17:05:41.314 [AiEngine] Adaptive time: 500ms, depth: 4, reason: midgame, opening, emergency: false
[DEBUG] 17:05:41.314 [AiEngine] Using JS Search
[DEBUG] 17:05:41.410 [AiEngine] Adaptive time: 500ms, depth: 4, reason: midgame, opening, emergency: false
[DEBUG] 17:05:41.410 [AiEngine] Using JS Search
[DEBUG] 17:05:41.704 [AiEngine] Adaptive time: 500ms, depth: 4, reason: midgame, opening, emergency: false
[DEBUG] 17:05:41.704 [AiEngine] Using JS Search
[DEBUG] 17:05:41.973 [AiEngine] Adaptive time: 500ms, depth: 4, reason: midgame, opening, emergency: false
[DEBUG] 17:05:41.973 [AiEngine] Using JS Search
[DEBUG] 17:05:42.223 [AiEngine] Adaptive time: 500ms, depth: 4, reason: midgame, opening, emergency: false
[DEBUG] 17:05:42.223 [AiEngine] Using JS Search
[DEBUG] 17:05:42.361 [AiEngine] Adaptive time: 500ms, depth: 4, reason: midgame, opening, tactical, emergency: false
[DEBUG] 17:05:42.361 [AiEngine] Using JS Search
[DEBUG] 17:05:43.210 [AiEngine] Adaptive time: 500ms, depth: 4, reason: midgame, opening, tactical, emergency: false
[DEBUG] 17:05:43.210 [AiEngine] Using JS Search
[DEBUG] 17:05:43.341 [AiEngine] Adaptive time: 500ms, depth: 4, reason: midgame, opening, tactical, emergency: false
[DEBUG] 17:05:43.342 [AiEngine] Using JS Search
[DEBUG] 17:05:44.781 [AiEngine] Adaptive time: 500ms, depth: 4, reason: midgame, opening, tactical, emergency: false
[DEBUG] 17:05:44.781 [AiEngine] Using JS Search
[DEBUG] 17:05:45.030 [AiEngine] Adaptive time: 500ms, depth: 4, reason: midgame, opening, tactical, emergency: false
[DEBUG] 17:05:45.030 [AiEngine] Using JS Search
[DEBUG] 17:05:46.781 [AiEngine] Adaptive time: 500ms, depth: 4, reason: midgame, opening, tactical, emergency: false
[DEBUG] 17:05:46.782 [AiEngine] Using JS Search
[DEBUG] 17:05:46.819 [AiEngine] Adaptive time: 500ms, depth: 4, reason: midgame, opening, tactical, emergency: false
[DEBUG] 17:05:46.819 [AiEngine] Using JS Search
[DEBUG] 17:05:47.034 [AiEngine] Adaptive time: 500ms, depth: 4, reason: midgame, opening, emergency: false
[DEBUG] 17:05:47.034 [AiEngine] Using JS Search
[DEBUG] 17:05:47.463 [AiEngine] Adaptive time: 500ms, depth: 4, reason: midgame, opening, tactical, emergency: false
[DEBUG] 17:05:47.463 [AiEngine] Using JS Search
[DEBUG] 17:05:47.999 [AiEngine] Adaptive time: 500ms, depth: 4, reason: midgame, opening, emergency: false
[DEBUG] 17:05:47.999 [AiEngine] Using JS Search
[DEBUG] 17:05:48.271 [AiEngine] Adaptive time: 500ms, depth: 4, reason: midgame, opening, tactical, emergency: false
[DEBUG] 17:05:48.271 [AiEngine] Using JS Search
[DEBUG] 17:05:48.454 [AiEngine] Adaptive time: 500ms, depth: 4, reason: midgame, opening, tactical, emergency: false
[DEBUG] 17:05:48.455 [AiEngine] Using JS Search
[DEBUG] 17:05:48.538 [AiEngine] Adaptive time: 500ms, depth: 4, reason: midgame, opening, in-check, emergency: false
[DEBUG] 17:05:48.539 [AiEngine] Using JS Search
[DEBUG] 17:05:48.701 [AiEngine] Adaptive time: 500ms, depth: 4, reason: midgame, opening, emergency: false
[DEBUG] 17:05:48.701 [AiEngine] Using JS Search
[DEBUG] 17:05:48.768 [AiEngine] Adaptive time: 500ms, depth: 4, reason: midgame, opening, tactical, emergency: false
[DEBUG] 17:05:48.768 [AiEngine] Using JS Search
[DEBUG] 17:05:49.105 [AiEngine] Adaptive time: 500ms, depth: 4, reason: midgame, opening, emergency: false
[DEBUG] 17:05:49.105 [AiEngine] Using JS Search
[DEBUG] 17:05:49.146 [AiEngine] Adaptive time: 500ms, depth: 4, reason: midgame, opening, tactical, emergency: false
[DEBUG] 17:05:49.146 [AiEngine] Using JS Search
[DEBUG] 17:05:50.036 [AiEngine] Adaptive time: 500ms, depth: 4, reason: midgame, opening, emergency: false
[DEBUG] 17:05:50.036 [AiEngine] Using JS Search
[DEBUG] 17:05:50.094 [AiEngine] Adaptive time: 500ms, depth: 4, reason: midgame, opening, tactical, emergency: false
[DEBUG] 17:05:50.094 [AiEngine] Using JS Search
[DEBUG] 17:05:50.352 [AiEngine] Adaptive time: 500ms, depth: 4, reason: midgame, opening, emergency: false
[DEBUG] 17:05:50.352 [AiEngine] Using JS Search
[DEBUG] 17:05:50.531 [AiEngine] Adaptive time: 500ms, depth: 4, reason: midgame, opening, tactical, emergency: false
[DEBUG] 17:05:50.531 [AiEngine] Using JS Search
[DEBUG] 17:05:50.539 [AiEngine] Adaptive time: 500ms, depth: 4, reason: midgame, opening, emergency: false
[DEBUG] 17:05:50.539 [AiEngine] Using JS Search
[DEBUG] 17:05:50.632 [AiEngine] Adaptive time: 500ms, depth: 4, reason: midgame, opening, tactical, emergency: false
[DEBUG] 17:05:50.632 [AiEngine] Using JS Search
[DEBUG] 17:05:50.660 [AiEngine] Adaptive time: 500ms, depth: 4, reason: midgame, opening, emergency: false
[DEBUG] 17:05:50.660 [AiEngine] Using JS Search
[DEBUG] 17:05:50.823 [AiEngine] Adaptive time: 500ms, depth: 4, reason: midgame, opening, emergency: false
[DEBUG] 17:05:50.823 [AiEngine] Using JS Search
[DEBUG] 17:05:51.029 [AiEngine] Adaptive time: 500ms, depth: 4, reason: midgame, opening, emergency: false
[DEBUG] 17:05:51.029 [AiEngine] Using JS Search
[DEBUG] 17:05:51.353 [AiEngine] Adaptive time: 500ms, depth: 4, reason: midgame, opening, emergency: false
[DEBUG] 17:05:51.354 [AiEngine] Using JS Search
[DEBUG] 17:05:51.583 [AiEngine] Adaptive time: 500ms, depth: 4, reason: midgame, opening, emergency: false
[DEBUG] 17:05:51.583 [AiEngine] Using JS Search
[DEBUG] 17:05:51.716 [AiEngine] Adaptive time: 500ms, depth: 4, reason: midgame, opening, tactical, emergency: false
[DEBUG] 17:05:51.716 [AiEngine] Using JS Search
[DEBUG] 17:05:51.808 [AiEngine] Adaptive time: 500ms, depth: 4, reason: midgame, opening, emergency: false
[DEBUG] 17:05:51.808 [AiEngine] Using JS Search
[DEBUG] 17:05:51.887 [AiEngine] Adaptive time: 500ms, depth: 4, reason: midgame, opening, emergency: false
[DEBUG] 17:05:51.887 [AiEngine] Using JS Search
[DEBUG] 17:05:52.024 [AiEngine] Adaptive time: 500ms, depth: 4, reason: midgame, opening, emergency: false
[DEBUG] 17:05:52.024 [AiEngine] Using JS Search
[DEBUG] 17:05:52.115 [AiEngine] Adaptive time: 500ms, depth: 4, reason: midgame, opening, emergency: false
[DEBUG] 17:05:52.115 [AiEngine] Using JS Search
[DEBUG] 17:05:52.199 [AiEngine] Adaptive time: 500ms, depth: 4, reason: midgame, opening, emergency: false
[DEBUG] 17:05:52.199 [AiEngine] Using JS Search
[DEBUG] 17:05:52.229 [AiEngine] Adaptive time: 500ms, depth: 4, reason: midgame, opening, emergency: false
[DEBUG] 17:05:52.229 [AiEngine] Using JS Search
[DEBUG] 17:05:52.253 [AiEngine] Adaptive time: 500ms, depth: 4, reason: midgame, opening, emergency: false
[DEBUG] 17:05:52.253 [AiEngine] Using JS Search
[DEBUG] 17:05:52.439 [AiEngine] Adaptive time: 500ms, depth: 4, reason: midgame, opening, emergency: false
[DEBUG] 17:05:52.439 [AiEngine] Using JS Search
[DEBUG] 17:05:52.587 [AiEngine] Adaptive time: 500ms, depth: 4, reason: midgame, opening, emergency: false
[DEBUG] 17:05:52.587 [AiEngine] Using JS Search
[DEBUG] 17:05:52.631 [AiEngine] Adaptive time: 500ms, depth: 4, reason: midgame, opening, emergency: false
[DEBUG] 17:05:52.631 [AiEngine] Using JS Search
[DEBUG] 17:05:52.661 [AiEngine] Adaptive time: 500ms, depth: 4, reason: midgame, opening, tactical, emergency: false
[DEBUG] 17:05:52.661 [AiEngine] Using JS Search
[DEBUG] 17:05:52.847 [AiEngine] Adaptive time: 500ms, depth: 4, reason: midgame, opening, emergency: false
[DEBUG] 17:05:52.847 [AiEngine] Using JS Search
[DEBUG] 17:05:53.166 [AiEngine] Adaptive time: 500ms, depth: 4, reason: midgame, opening, emergency: false
[DEBUG] 17:05:53.166 [AiEngine] Using JS Search
[DEBUG] 17:05:53.324 [AiEngine] Adaptive time: 500ms, depth: 4, reason: midgame, opening, emergency: false
[DEBUG] 17:05:53.324 [AiEngine] Using JS Search
[DEBUG] 17:05:53.621 [AiEngine] Adaptive time: 500ms, depth: 4, reason: midgame, opening, emergency: false
[DEBUG] 17:05:53.621 [AiEngine] Using JS Search
[DEBUG] 17:05:53.767 [AiEngine] Adaptive time: 500ms, depth: 4, reason: midgame, opening, emergency: false
[DEBUG] 17:05:53.767 [AiEngine] Using JS Search
[DEBUG] 17:05:53.927 [AiEngine] Adaptive time: 500ms, depth: 4, reason: midgame, opening, emergency: false
[DEBUG] 17:05:53.928 [AiEngine] Using JS Search
[DEBUG] 17:05:54.029 [AiEngine] Adaptive time: 500ms, depth: 4, reason: midgame, opening, emergency: false
[DEBUG] 17:05:54.030 [AiEngine] Using JS Search
[DEBUG] 17:05:54.076 [AiEngine] Adaptive time: 500ms, depth: 4, reason: midgame, opening, tactical, emergency: false
[DEBUG] 17:05:54.076 [AiEngine] Using JS Search
[DEBUG] 17:05:54.531 [AiEngine] Adaptive time: 500ms, depth: 4, reason: midgame, opening, emergency: false
[DEBUG] 17:05:54.531 [AiEngine] Using JS Search
[DEBUG] 17:05:55.142 [AiEngine] Adaptive time: 500ms, depth: 4, reason: midgame, opening, tactical, emergency: false
[DEBUG] 17:05:55.142 [AiEngine] Using JS Search
[DEBUG] 17:05:55.636 [AiEngine] Adaptive time: 500ms, depth: 4, reason: midgame, opening, emergency: false
[DEBUG] 17:05:55.636 [AiEngine] Using JS Search
[DEBUG] 17:05:55.850 [AiEngine] Adaptive time: 500ms, depth: 4, reason: midgame, opening, tactical, emergency: false
[DEBUG] 17:05:55.850 [AiEngine] Using JS Search
[DEBUG] 17:05:56.188 [AiEngine] Adaptive time: 500ms, depth: 4, reason: midgame, opening, emergency: false
[DEBUG] 17:05:56.188 [AiEngine] Using JS Search
[DEBUG] 17:05:56.235 [AiEngine] Adaptive time: 500ms, depth: 4, reason: midgame, opening, tactical, emergency: false
[DEBUG] 17:05:56.235 [AiEngine] Using JS Search
[DEBUG] 17:05:56.380 [AiEngine] Adaptive time: 500ms, depth: 4, reason: midgame, opening, emergency: false
[DEBUG] 17:05:56.380 [AiEngine] Using JS Search
[DEBUG] 17:05:56.758 [AiEngine] Adaptive time: 500ms, depth: 4, reason: midgame, opening, tactical, emergency: false
[DEBUG] 17:05:56.758 [AiEngine] Using JS Search
[DEBUG] 17:05:56.842 [AiEngine] Adaptive time: 500ms, depth: 4, reason: midgame, opening, tactical, emergency: false
[DEBUG] 17:05:56.842 [AiEngine] Using JS Search
[DEBUG] 17:05:57.064 [AiEngine] Adaptive time: 500ms, depth: 4, reason: midgame, opening, emergency: false
[DEBUG] 17:05:57.064 [AiEngine] Using JS Search
[DEBUG] 17:05:57.338 [AiEngine] Adaptive time: 500ms, depth: 4, reason: midgame, opening, tactical, emergency: false
[DEBUG] 17:05:57.338 [AiEngine] Using JS Search
[DEBUG] 17:05:57.495 [AiEngine] Adaptive time: 500ms, depth: 4, reason: midgame, opening, emergency: false
[DEBUG] 17:05:57.496 [AiEngine] Using JS Search
[DEBUG] 17:05:57.672 [AiEngine] Adaptive time: 500ms, depth: 4, reason: midgame, opening, emergency: false
[DEBUG] 17:05:57.673 [AiEngine] Using JS Search
[DEBUG] 17:05:57.759 [AiEngine] Adaptive time: 500ms, depth: 4, reason: midgame, opening, emergency: false
[DEBUG] 17:05:57.759 [AiEngine] Using JS Search
[DEBUG] 17:05:57.934 [AiEngine] Adaptive time: 500ms, depth: 4, reason: midgame, opening, tactical, emergency: false
[DEBUG] 17:05:57.934 [AiEngine] Using JS Search
[DEBUG] 17:05:58.035 [AiEngine] Adaptive time: 500ms, depth: 4, reason: midgame, opening, tactical, emergency: false
[DEBUG] 17:05:58.035 [AiEngine] Using JS Search
[DEBUG] 17:05:58.180 [AiEngine] Adaptive time: 500ms, depth: 4, reason: midgame, opening, emergency: false
[DEBUG] 17:05:58.180 [AiEngine] Using JS Search
[DEBUG] 17:05:58.428 [AiEngine] Adaptive time: 500ms, depth: 4, reason: midgame, opening, tactical, emergency: false
[DEBUG] 17:05:58.428 [AiEngine] Using JS Search
[DEBUG] 17:05:58.882 [AiEngine] Adaptive time: 500ms, depth: 4, reason: midgame, opening, emergency: false
[DEBUG] 17:05:58.882 [AiEngine] Using JS Search
[DEBUG] 17:05:59.168 [AiEngine] Adaptive time: 500ms, depth: 4, reason: midgame, opening, tactical, emergency: false
[DEBUG] 17:05:59.168 [AiEngine] Using JS Search
[DEBUG] 17:05:59.398 [AiEngine] Adaptive time: 500ms, depth: 4, reason: midgame, opening, emergency: false
[DEBUG] 17:05:59.398 [AiEngine] Using JS Search
[DEBUG] 17:05:59.671 [AiEngine] Adaptive time: 500ms, depth: 4, reason: midgame, opening, tactical, emergency: false
[DEBUG] 17:05:59.671 [AiEngine] Using JS Search
[DEBUG] 17:05:59.820 [AiEngine] Adaptive time: 500ms, depth: 4, reason: midgame, opening, emergency: false
[DEBUG] 17:05:59.820 [AiEngine] Using JS Search
[DEBUG] 17:05:59.904 [AiEngine] Adaptive time: 500ms, depth: 4, reason: midgame, opening, in-check, emergency: false
[DEBUG] 17:05:59.904 [AiEngine] Using JS Search
[DEBUG] 17:05:59.918 [AiEngine] Adaptive time: 500ms, depth: 4, reason: midgame, opening, emergency: false
[DEBUG] 17:05:59.918 [AiEngine] Using JS Search
[DEBUG] 17:06:00.017 [AiEngine] Adaptive time: 500ms, depth: 4, reason: midgame, opening, tactical, emergency: false
[DEBUG] 17:06:00.017 [AiEngine] Using JS Search
[DEBUG] 17:06:00.018 [AiEngine] Adaptive time: 3000ms, depth: 4, reason: midgame, emergency: false
[DEBUG] 17:06:00.018 [AiEngine] Using JS Search
[DEBUG] 17:06:00.061 [AiEngine] Adaptive time: 3000ms, depth: 4, reason: midgame, emergency: false
[DEBUG] 17:06:00.062 [AiEngine] Using JS Search
[DEBUG] 17:06:00.062 [AiEngine] Adaptive time: 3000ms, depth: 4, reason: midgame, emergency: false
[DEBUG] 17:06:00.063 [AiEngine] Using JS Search
[DEBUG] 17:06:00.134 [AiEngine] Adaptive time: 3000ms, depth: 4, reason: midgame, tactical, emergency: false
[DEBUG] 17:06:00.134 [AiEngine] Using JS Search
[DEBUG] 17:06:00.135 [AiEngine] Adaptive time: 3000ms, depth: 4, reason: midgame, emergency: false
[DEBUG] 17:06:00.135 [AiEngine] Using JS Search
[DEBUG] 17:06:00.160 [AiEngine] Adaptive time: 3000ms, depth: 4, reason: midgame, emergency: false
[DEBUG] 17:06:00.160 [AiEngine] Using JS Search
[DEBUG] 17:06:00.161 [AiEngine] Adaptive time: 3000ms, depth: 4, reason: midgame, emergency: false
[DEBUG] 17:06:00.161 [AiEngine] Using JS Search
[DEBUG] 17:06:00.219 [AiEngine] Adaptive time: 3000ms, depth: 4, reason: midgame, emergency: false
[DEBUG] 17:06:00.219 [AiEngine] Using JS Search
[DEBUG] 17:06:00.273 [AiEngine] Adaptive time: 3000ms, depth: 4, reason: midgame, emergency: false
[DEBUG] 17:06:00.273 [AiEngine] Using JS Search
[DEBUG] 17:06:00.304 [AiEngine] Adaptive time: 3000ms, depth: 4, reason: midgame, emergency: false
[DEBUG] 17:06:00.304 [AiEngine] Using JS Search
[DEBUG] 17:06:00.336 [AiEngine] Adaptive time: 3000ms, depth: 4, reason: midgame, in-check, emergency: false
[DEBUG] 17:06:00.336 [AiEngine] Using JS Search
[DEBUG] 17:06:00.372 [AiEngine] Adaptive time: 3000ms, depth: 4, reason: midgame, emergency: false
[DEBUG] 17:06:00.372 [AiEngine] Using JS Search
[DEBUG] 17:06:00.524 [AiEngine] Adaptive time: 3000ms, depth: 4, reason: midgame, tactical, emergency: false
[DEBUG] 17:06:00.524 [AiEngine] Using JS Search
[DEBUG] 17:06:00.550 [AiEngine] Adaptive time: 3000ms, depth: 4, reason: midgame, in-check, emergency: false
[DEBUG] 17:06:00.550 [AiEngine] Using JS Search
[DEBUG] 17:06:00.557 [AiEngine] Adaptive time: 3000ms, depth: 4, reason: standard, emergency: false
[DEBUG] 17:06:00.557 [AiEngine] Using JS Search
[DEBUG] 17:06:00.569 [AiEngine] Adaptive time: 3000ms, depth: 4, reason: standard, emergency: false
[DEBUG] 17:06:00.569 [AiEngine] Using JS Search
[DEBUG] 17:06:00.669 [AiEngine] Adaptive time: 3000ms, depth: 4, reason: standard, emergency: false
[DEBUG] 17:06:00.669 [AiEngine] Using JS Search
[DEBUG] 17:06:00.680 [AiEngine] Adaptive time: 3000ms, depth: 4, reason: tactical, emergency: false
[DEBUG] 17:06:00.681 [AiEngine] Using JS Search
[DEBUG] 17:06:00.732 [AiEngine] Adaptive time: 3000ms, depth: 4, reason: standard, emergency: false
[DEBUG] 17:06:00.732 [AiEngine] Using JS Search
[DEBUG] 17:06:00.744 [AiEngine] Adaptive time: 3000ms, depth: 4, reason: standard, emergency: false
[DEBUG] 17:06:00.744 [AiEngine] Using JS Search
[DEBUG] 17:06:00.830 [AiEngine] Adaptive time: 3000ms, depth: 4, reason: standard, emergency: false
[DEBUG] 17:06:00.830 [AiEngine] Using JS Search
[DEBUG] 17:06:00.840 [AiEngine] Adaptive time: 3000ms, depth: 4, reason: in-check, emergency: false
[DEBUG] 17:06:00.840 [AiEngine] Using JS Search
[DEBUG] 17:06:00.848 [AiEngine] Adaptive time: 3000ms, depth: 4, reason: standard, emergency: false
[DEBUG] 17:06:00.848 [AiEngine] Using JS Search
[DEBUG] 17:06:00.858 [AiEngine] Adaptive time: 3000ms, depth: 4, reason: standard, emergency: false
[DEBUG] 17:06:00.858 [AiEngine] Using JS Search
[DEBUG] 17:06:00.875 [AiEngine] Adaptive time: 3000ms, depth: 4, reason: standard, emergency: false
[DEBUG] 17:06:00.875 [AiEngine] Using JS Search
[DEBUG] 17:06:00.884 [AiEngine] Adaptive time: 3000ms, depth: 4, reason: standard, emergency: false
[DEBUG] 17:06:00.884 [AiEngine] Using JS Search
[DEBUG] 17:06:00.887 [AiEngine] Adaptive time: 3000ms, depth: 4, reason: standard, emergency: false
[DEBUG] 17:06:00.887 [AiEngine] Using JS Search
[DEBUG] 17:06:00.893 [AiEngine] Adaptive time: 3000ms, depth: 4, reason: tactical, emergency: false
[DEBUG] 17:06:00.893 [AiEngine] Using JS Search
[DEBUG] 17:06:00.896 [AiEngine] Adaptive time: 3000ms, depth: 4, reason: standard, emergency: false
[DEBUG] 17:06:00.896 [AiEngine] Using JS Search
[DEBUG] 17:06:00.901 [AiEngine] Adaptive time: 3000ms, depth: 4, reason: tactical, emergency: false
[DEBUG] 17:06:00.901 [AiEngine] Using JS Search
[DEBUG] 17:06:00.906 [AiEngine] Adaptive time: 3000ms, depth: 4, reason: endgame, emergency: false
[DEBUG] 17:06:00.906 [AiEngine] Using JS Search
[DEBUG] 17:06:00.910 [AiEngine] Adaptive time: 3000ms, depth: 4, reason: endgame, tactical, emergency: false
[DEBUG] 17:06:00.910 [AiEngine] Using JS Search
[DEBUG] 17:06:00.915 [AiEngine] Adaptive time: 3000ms, depth: 4, reason: endgame, emergency: false
[DEBUG] 17:06:00.915 [AiEngine] Using JS Search
[DEBUG] 17:06:00.920 [AiEngine] Adaptive time: 3000ms, depth: 4, reason: endgame, tactical, emergency: false
[DEBUG] 17:06:00.920 [AiEngine] Using JS Search
[DEBUG] 17:06:00.926 [AiEngine] Adaptive time: 3000ms, depth: 4, reason: endgame, emergency: false
[DEBUG] 17:06:00.926 [AiEngine] Using JS Search
[DEBUG] 17:06:00.926 [AiEngine] Adaptive time: 3000ms, depth: 4, reason: endgame, tactical, emergency: false
[DEBUG] 17:06:00.926 [AiEngine] Using JS Search
[DEBUG] 17:06:00.926 [AiEngine] Adaptive time: 3000ms, depth: 4, reason: endgame, in-check, emergency: false
[DEBUG] 17:06:00.926 [AiEngine] Using JS Search
[DEBUG] 17:06:00.926 [AiEngine] Adaptive time: 500ms, depth: 4, reason: midgame, opening, emergency: false
[DEBUG] 17:06:00.926 [AiEngine] Using JS Search
[DEBUG] 17:06:00.958 [AiEngine] Adaptive time: 500ms, depth: 4, reason: midgame, opening, emergency: false
[DEBUG] 17:06:00.958 [AiEngine] Using JS Search
[DEBUG] 17:06:01.079 [AiEngine] Adaptive time: 500ms, depth: 4, reason: midgame, opening, emergency: false
[DEBUG] 17:06:01.079 [AiEngine] Using JS Search
[DEBUG] 17:06:01.363 [AiEngine] Adaptive time: 500ms, depth: 4, reason: midgame, opening, emergency: false
[DEBUG] 17:06:01.363 [AiEngine] Using JS Search
[DEBUG] 17:06:01.517 [AiEngine] Adaptive time: 500ms, depth: 4, reason: midgame, opening, emergency: false
[DEBUG] 17:06:01.517 [AiEngine] Using JS Search
[DEBUG] 17:06:01.911 [AiEngine] Adaptive time: 500ms, depth: 4, reason: midgame, opening, emergency: false
[DEBUG] 17:06:01.911 [AiEngine] Using JS Search
[DEBUG] 17:06:02.365 [AiEngine] Adaptive time: 500ms, depth: 4, reason: midgame, opening, emergency: false
[DEBUG] 17:06:02.366 [AiEngine] Using JS Search
[DEBUG] 17:06:02.678 [AiEngine] Adaptive time: 500ms, depth: 4, reason: midgame, opening, emergency: false
[DEBUG] 17:06:02.678 [AiEngine] Using JS Search
[DEBUG] 17:06:02.833 [AiEngine] Adaptive time: 500ms, depth: 4, reason: midgame, opening, tactical, emergency: false
[DEBUG] 17:06:02.833 [AiEngine] Using JS Search
[DEBUG] 17:06:03.125 [AiEngine] Adaptive time: 500ms, depth: 4, reason: midgame, opening, emergency: false
[DEBUG] 17:06:03.125 [AiEngine] Using JS Search
[DEBUG] 17:06:03.416 [AiEngine] Adaptive time: 500ms, depth: 4, reason: midgame, opening, tactical, emergency: false
[DEBUG] 17:06:03.416 [AiEngine] Using JS Search
[DEBUG] 17:06:03.483 [AiEngine] Adaptive time: 500ms, depth: 4, reason: midgame, opening, emergency: false
[DEBUG] 17:06:03.483 [AiEngine] Using JS Search
[DEBUG] 17:06:03.664 [AiEngine] Adaptive time: 500ms, depth: 4, reason: midgame, opening, tactical, emergency: false
[DEBUG] 17:06:03.664 [AiEngine] Using JS Search
[DEBUG] 17:06:04.012 [AiEngine] Adaptive time: 500ms, depth: 4, reason: midgame, opening, emergency: false
[DEBUG] 17:06:04.012 [AiEngine] Using JS Search
[DEBUG] 17:06:04.136 [AiEngine] Adaptive time: 500ms, depth: 4, reason: midgame, opening, tactical, emergency: false
[DEBUG] 17:06:04.136 [AiEngine] Using JS Search
[DEBUG] 17:06:04.856 [AiEngine] Adaptive time: 500ms, depth: 4, reason: midgame, opening, tactical, emergency: false
[DEBUG] 17:06:04.856 [AiEngine] Using JS Search
[DEBUG] 17:06:05.190 [AiEngine] Adaptive time: 500ms, depth: 4, reason: midgame, opening, emergency: false
[DEBUG] 17:06:05.190 [AiEngine] Using JS Search
[DEBUG] 17:06:05.304 [AiEngine] Adaptive time: 500ms, depth: 4, reason: midgame, opening, tactical, emergency: false
[DEBUG] 17:06:05.304 [AiEngine] Using JS Search
[DEBUG] 17:06:05.498 [AiEngine] Adaptive time: 500ms, depth: 4, reason: midgame, opening, emergency: false
[DEBUG] 17:06:05.498 [AiEngine] Using JS Search
[DEBUG] 17:06:05.501 [AiEngine] Adaptive time: 500ms, depth: 4, reason: midgame, opening, tactical, emergency: false
[DEBUG] 17:06:05.501 [AiEngine] Using JS Search
[DEBUG] 17:06:05.501 [AiEngine] Adaptive time: 500ms, depth: 4, reason: midgame, opening, in-check, emergency: false
[DEBUG] 17:06:05.501 [AiEngine] Using JS Search
[DEBUG] 17:06:05.502 [AiEngine] Adaptive time: 500ms, depth: 4, reason: midgame, opening, emergency: false
[DEBUG] 17:06:05.502 [AiEngine] Using JS Search
[DEBUG] 17:06:05.564 [AiEngine] Adaptive time: 500ms, depth: 4, reason: midgame, opening, emergency: false
[DEBUG] 17:06:05.564 [AiEngine] Using JS Search
[DEBUG] 17:06:05.726 [AiEngine] Adaptive time: 500ms, depth: 4, reason: midgame, opening, emergency: false
[DEBUG] 17:06:05.726 [AiEngine] Using JS Search
[DEBUG] 17:06:05.963 [AiEngine] Adaptive time: 500ms, depth: 4, reason: midgame, opening, emergency: false
[DEBUG] 17:06:05.963 [AiEngine] Using JS Search
[DEBUG] 17:06:06.095 [AiEngine] Adaptive time: 500ms, depth: 4, reason: midgame, opening, emergency: false
[DEBUG] 17:06:06.096 [AiEngine] Using JS Search
[DEBUG] 17:06:06.450 [AiEngine] Adaptive time: 500ms, depth: 4, reason: midgame, opening, emergency: false
[DEBUG] 17:06:06.450 [AiEngine] Using JS Search
[DEBUG] 17:06:06.773 [AiEngine] Adaptive time: 500ms, depth: 4, reason: midgame, opening, emergency: false
[DEBUG] 17:06:06.773 [AiEngine] Using JS Search
[DEBUG] 17:06:06.898 [AiEngine] Adaptive time: 500ms, depth: 4, reason: midgame, opening, tactical, emergency: false
[DEBUG] 17:06:06.898 [AiEngine] Using JS Search
[DEBUG] 17:06:07.054 [AiEngine] Adaptive time: 500ms, depth: 4, reason: midgame, opening, emergency: false
[DEBUG] 17:06:07.054 [AiEngine] Using JS Search
[DEBUG] 17:06:07.170 [AiEngine] Adaptive time: 500ms, depth: 4, reason: midgame, opening, tactical, emergency: false
[DEBUG] 17:06:07.170 [AiEngine] Using JS Search
[DEBUG] 17:06:07.177 [AiEngine] Adaptive time: 500ms, depth: 4, reason: midgame, opening, emergency: false
[DEBUG] 17:06:07.177 [AiEngine] Using JS Search
[DEBUG] 17:06:07.218 [AiEngine] Adaptive time: 500ms, depth: 4, reason: midgame, opening, tactical, emergency: false
[DEBUG] 17:06:07.218 [AiEngine] Using JS Search
[DEBUG] 17:06:07.219 [AiEngine] Adaptive time: 500ms, depth: 4, reason: midgame, opening, emergency: false
[DEBUG] 17:06:07.219 [AiEngine] Using JS Search
[DEBUG] 17:06:07.397 [AiEngine] Adaptive time: 500ms, depth: 4, reason: midgame, opening, tactical, emergency: false
[DEBUG] 17:06:07.397 [AiEngine] Using JS Search
[DEBUG] 17:06:07.399 [AiEngine] Adaptive time: 500ms, depth: 4, reason: midgame, opening, in-check, emergency: false
[DEBUG] 17:06:07.399 [AiEngine] Using JS Search
[DEBUG] 17:06:07.403 [AiEngine] Adaptive time: 500ms, depth: 4, reason: midgame, opening, tactical, emergency: false
[DEBUG] 17:06:07.403 [AiEngine] Using JS Search
[DEBUG] 17:06:07.406 [AiEngine] Adaptive time: 500ms, depth: 4, reason: midgame, opening, in-check, emergency: false
[DEBUG] 17:06:07.406 [AiEngine] Using JS Search
[DEBUG] 17:06:07.412 [AiEngine] Adaptive time: 500ms, depth: 4, reason: midgame, opening, emergency: false
[DEBUG] 17:06:07.412 [AiEngine] Using JS Search
[DEBUG] 17:06:07.413 [AiEngine] Adaptive time: 500ms, depth: 4, reason: midgame, opening, emergency: false
[DEBUG] 17:06:07.413 [AiEngine] Using JS Search
[DEBUG] 17:06:07.666 [AiEngine] Adaptive time: 500ms, depth: 4, reason: midgame, opening, emergency: false
[DEBUG] 17:06:07.666 [AiEngine] Using JS Search
[DEBUG] 17:06:07.682 [AiEngine] Adaptive time: 500ms, depth: 4, reason: midgame, opening, emergency: false
[DEBUG] 17:06:07.682 [AiEngine] Using JS Search
[DEBUG] 17:06:07.736 [AiEngine] Adaptive time: 500ms, depth: 4, reason: midgame, opening, emergency: false
[DEBUG] 17:06:07.736 [AiEngine] Using JS Search
[DEBUG] 17:06:07.737 [AiEngine] Adaptive time: 500ms, depth: 4, reason: midgame, opening, emergency: false
[DEBUG] 17:06:07.737 [AiEngine] Using JS Search
[DEBUG] 17:06:07.863 [AiEngine] Adaptive time: 500ms, depth: 4, reason: midgame, opening, emergency: false
[DEBUG] 17:06:07.863 [AiEngine] Using JS Search
[DEBUG] 17:06:07.864 [AiEngine] Adaptive time: 500ms, depth: 4, reason: midgame, opening, tactical, emergency: false
[DEBUG] 17:06:07.864 [AiEngine] Using JS Search
[DEBUG] 17:06:07.990 [AiEngine] Adaptive time: 500ms, depth: 4, reason: midgame, opening, tactical, emergency: false
[DEBUG] 17:06:07.990 [AiEngine] Using JS Search
[DEBUG] 17:06:07.991 [AiEngine] Adaptive time: 500ms, depth: 4, reason: midgame, opening, emergency: false
[DEBUG] 17:06:07.991 [AiEngine] Using JS Search
[DEBUG] 17:06:08.121 [AiEngine] Adaptive time: 500ms, depth: 4, reason: midgame, opening, tactical, emergency: false
[DEBUG] 17:06:08.121 [AiEngine] Using JS Search
[DEBUG] 17:06:08.123 [AiEngine] Adaptive time: 500ms, depth: 4, reason: midgame, opening, emergency: false
[DEBUG] 17:06:08.123 [AiEngine] Using JS Search
[DEBUG] 17:06:08.138 [AiEngine] Adaptive time: 500ms, depth: 4, reason: midgame, opening, tactical, emergency: false
[DEBUG] 17:06:08.138 [AiEngine] Using JS Search
[DEBUG] 17:06:08.140 [AiEngine] Adaptive time: 500ms, depth: 4, reason: midgame, opening, in-check, emergency: false
[DEBUG] 17:06:08.140 [AiEngine] Using JS Search
[DEBUG] 17:06:08.168 [AiEngine] Adaptive time: 500ms, depth: 4, reason: midgame, opening, tactical, emergency: false
[DEBUG] 17:06:08.168 [AiEngine] Using JS Search
[DEBUG] 17:06:08.171 [AiEngine] Adaptive time: 500ms, depth: 4, reason: midgame, opening, emergency: false
[DEBUG] 17:06:08.171 [AiEngine] Using JS Search
[DEBUG] 17:06:08.280 [AiEngine] Adaptive time: 500ms, depth: 4, reason: midgame, opening, tactical, emergency: false
[DEBUG] 17:06:08.280 [AiEngine] Using JS Search
[DEBUG] 17:06:08.281 [AiEngine] Adaptive time: 500ms, depth: 4, reason: midgame, opening, tactical, emergency: false
[DEBUG] 17:06:08.281 [AiEngine] Using JS Search
[DEBUG] 17:06:08.362 [AiEngine] Adaptive time: 500ms, depth: 4, reason: midgame, opening, tactical, emergency: false
[DEBUG] 17:06:08.362 [AiEngine] Using JS Search
[DEBUG] 17:06:08.363 [AiEngine] Adaptive time: 500ms, depth: 4, reason: midgame, opening, emergency: false
[DEBUG] 17:06:08.363 [AiEngine] Using JS Search
[DEBUG] 17:06:08.414 [AiEngine] Adaptive time: 500ms, depth: 4, reason: midgame, opening, tactical, emergency: false
[DEBUG] 17:06:08.414 [AiEngine] Using JS Search
[DEBUG] 17:06:08.415 [AiEngine] Adaptive time: 500ms, depth: 4, reason: midgame, opening, emergency: false
[DEBUG] 17:06:08.415 [AiEngine] Using JS Search
[DEBUG] 17:06:08.466 [AiEngine] Adaptive time: 500ms, depth: 4, reason: opening, emergency: false
[DEBUG] 17:06:08.466 [AiEngine] Using JS Search
[DEBUG] 17:06:08.520 [AiEngine] Adaptive time: 3000ms, depth: 4, reason: standard, emergency: false
[DEBUG] 17:06:08.520 [AiEngine] Using JS Search
[DEBUG] 17:06:08.626 [AiEngine] Adaptive time: 3000ms, depth: 4, reason: standard, emergency: false
[DEBUG] 17:06:08.626 [AiEngine] Using JS Search
[DEBUG] 17:06:08.704 [AiEngine] Adaptive time: 3000ms, depth: 4, reason: standard, emergency: false
[DEBUG] 17:06:08.704 [AiEngine] Using JS Search
[DEBUG] 17:06:08.792 [AiEngine] Adaptive time: 3000ms, depth: 4, reason: standard, emergency: false
[DEBUG] 17:06:08.792 [AiEngine] Using JS Search
[DEBUG] 17:06:08.828 [AiEngine] Adaptive time: 3000ms, depth: 4, reason: standard, emergency: false
[DEBUG] 17:06:08.828 [AiEngine] Using JS Search
[DEBUG] 17:06:08.905 [AiEngine] Adaptive time: 3000ms, depth: 4, reason: standard, emergency: false
[DEBUG] 17:06:08.905 [AiEngine] Using JS Search
[DEBUG] 17:06:08.937 [AiEngine] Adaptive time: 3000ms, depth: 4, reason: standard, emergency: false
[DEBUG] 17:06:08.937 [AiEngine] Using JS Search
[DEBUG] 17:06:08.974 [AiEngine] Adaptive time: 3000ms, depth: 4, reason: standard, emergency: false
[DEBUG] 17:06:08.975 [AiEngine] Using JS Search
[DEBUG] 17:06:09.041 [AiEngine] Adaptive time: 3000ms, depth: 4, reason: standard, emergency: false
[DEBUG] 17:06:09.041 [AiEngine] Using JS Search
[DEBUG] 17:06:09.091 [AiEngine] Adaptive time: 3000ms, depth: 4, reason: standard, emergency: false
[DEBUG] 17:06:09.091 [AiEngine] Using JS Search
[DEBUG] 17:06:09.144 [AiEngine] Adaptive time: 3000ms, depth: 4, reason: standard, emergency: false
[DEBUG] 17:06:09.144 [AiEngine] Using JS Search
[DEBUG] 17:06:09.193 [AiEngine] Adaptive time: 3000ms, depth: 4, reason: standard, emergency: false
[DEBUG] 17:06:09.193 [AiEngine] Using JS Search
[DEBUG] 17:06:09.241 [AiEngine] Adaptive time: 3000ms, depth: 4, reason: standard, emergency: false
[DEBUG] 17:06:09.241 [AiEngine] Using JS Search
[DEBUG] 17:06:09.300 [AiEngine] Adaptive time: 3000ms, depth: 4, reason: standard, emergency: false
[DEBUG] 17:06:09.300 [AiEngine] Using JS Search
[DEBUG] 17:06:09.358 [AiEngine] Adaptive time: 3000ms, depth: 4, reason: in-check, emergency: false
[DEBUG] 17:06:09.358 [AiEngine] Using JS Search
[DEBUG] 17:06:09.404 [AiEngine] Adaptive time: 3000ms, depth: 4, reason: standard, emergency: false
[DEBUG] 17:06:09.405 [AiEngine] Using JS Search
[DEBUG] 17:06:09.406 [AiEngine] Adaptive time: 3000ms, depth: 4, reason: standard, emergency: false
[DEBUG] 17:06:09.406 [AiEngine] Using JS Search
[DEBUG] 17:06:09.454 [AiEngine] Adaptive time: 3000ms, depth: 4, reason: standard, emergency: false
[DEBUG] 17:06:09.454 [AiEngine] Using JS Search
[DEBUG] 17:06:09.480 [AiEngine] Adaptive time: 3000ms, depth: 4, reason: standard, emergency: false
[DEBUG] 17:06:09.480 [AiEngine] Using JS Search
[DEBUG] 17:06:09.537 [AiEngine] Adaptive time: 3000ms, depth: 4, reason: standard, emergency: false
[DEBUG] 17:06:09.538 [AiEngine] Using JS Search
[DEBUG] 17:06:09.561 [AiEngine] Adaptive time: 3000ms, depth: 4, reason: tactical, emergency: false
[DEBUG] 17:06:09.561 [AiEngine] Using JS Search
[DEBUG] 17:06:09.621 [AiEngine] Adaptive time: 3000ms, depth: 4, reason: standard, emergency: false
[DEBUG] 17:06:09.621 [AiEngine] Using JS Search
[DEBUG] 17:06:09.656 [AiEngine] Adaptive time: 3000ms, depth: 4, reason: standard, emergency: false
[DEBUG] 17:06:09.656 [AiEngine] Using JS Search
[DEBUG] 17:06:09.742 [AiEngine] Adaptive time: 3000ms, depth: 4, reason: standard, emergency: false
[DEBUG] 17:06:09.742 [AiEngine] Using JS Search
[DEBUG] 17:06:09.765 [AiEngine] Adaptive time: 3000ms, depth: 4, reason: standard, emergency: false
[DEBUG] 17:06:09.765 [AiEngine] Using JS Search
[DEBUG] 17:06:09.847 [AiEngine] Adaptive time: 3000ms, depth: 4, reason: standard, emergency: false
[DEBUG] 17:06:09.847 [AiEngine] Using JS Search
[DEBUG] 17:06:09.889 [AiEngine] Adaptive time: 3000ms, depth: 4, reason: standard, emergency: false
[DEBUG] 17:06:09.889 [AiEngine] Using JS Search
[DEBUG] 17:06:09.961 [AiEngine] Adaptive time: 3000ms, depth: 4, reason: standard, emergency: false
[DEBUG] 17:06:09.961 [AiEngine] Using JS Search
[DEBUG] 17:06:09.992 [AiEngine] Adaptive time: 3000ms, depth: 4, reason: tactical, emergency: false
[DEBUG] 17:06:09.992 [AiEngine] Using JS Search
[DEBUG] 17:06:10.096 [AiEngine] Adaptive time: 3000ms, depth: 4, reason: standard, emergency: false
[DEBUG] 17:06:10.096 [AiEngine] Using JS Search
[DEBUG] 17:06:10.123 [AiEngine] Adaptive time: 3000ms, depth: 4, reason: tactical, emergency: false
[DEBUG] 17:06:10.123 [AiEngine] Using JS Search
[DEBUG] 17:06:10.173 [AiEngine] Adaptive time: 3000ms, depth: 4, reason: in-check, emergency: false
[DEBUG] 17:06:10.173 [AiEngine] Using JS Search
[DEBUG] 17:06:10.218 [AiEngine] Adaptive time: 3000ms, depth: 4, reason: standard, emergency: false
[DEBUG] 17:06:10.218 [AiEngine] Using JS Search
[DEBUG] 17:06:10.240 [AiEngine] Adaptive time: 3000ms, depth: 4, reason: standard, emergency: false
[DEBUG] 17:06:10.240 [AiEngine] Using JS Search
[DEBUG] 17:06:10.259 [AiEngine] Adaptive time: 3000ms, depth: 4, reason: standard, emergency: false
[DEBUG] 17:06:10.259 [AiEngine] Using JS Search
[DEBUG] 17:06:10.280 [AiEngine] Adaptive time: 3000ms, depth: 4, reason: standard, emergency: false
[DEBUG] 17:06:10.280 [AiEngine] Using JS Search
[DEBUG] 17:06:10.308 [AiEngine] Adaptive time: 3000ms, depth: 4, reason: in-check, emergency: false
[DEBUG] 17:06:10.308 [AiEngine] Using JS Search
[DEBUG] 17:06:10.313 [AiEngine] Adaptive time: 3000ms, depth: 4, reason: tactical, emergency: false
[DEBUG] 17:06:10.313 [AiEngine] Using JS Search
[DEBUG] 17:06:10.348 [AiEngine] Adaptive time: 3000ms, depth: 4, reason: standard, emergency: false
[DEBUG] 17:06:10.348 [AiEngine] Using JS Search
[DEBUG] 17:06:10.354 [AiEngine] Adaptive time: 3000ms, depth: 4, reason: in-check, emergency: false
[DEBUG] 17:06:10.354 [AiEngine] Using JS Search
[DEBUG] 17:06:10.360 [AiEngine] Adaptive time: 3000ms, depth: 4, reason: endgame, emergency: false
[DEBUG] 17:06:10.360 [AiEngine] Using JS Search
[DEBUG] 17:06:10.365 [AiEngine] Adaptive time: 3000ms, depth: 4, reason: endgame, emergency: false
[DEBUG] 17:06:10.365 [AiEngine] Using JS Search
[DEBUG] 17:06:10.392 [AiEngine] Adaptive time: 3000ms, depth: 4, reason: endgame, emergency: false
[DEBUG] 17:06:10.392 [AiEngine] Using JS Search
[DEBUG] 17:06:10.397 [AiEngine] Adaptive time: 3000ms, depth: 4, reason: endgame, tactical, emergency: false
[DEBUG] 17:06:10.397 [AiEngine] Using JS Search
[DEBUG] 17:06:10.419 [AiEngine] Adaptive time: 3000ms, depth: 4, reason: endgame, emergency: false
[DEBUG] 17:06:10.420 [AiEngine] Using JS Search
[DEBUG] 17:06:10.424 [AiEngine] Adaptive time: 3000ms, depth: 4, reason: endgame, tactical, emergency: false
[DEBUG] 17:06:10.424 [AiEngine] Using JS Search
[DEBUG] 17:06:10.427 [AiEngine] Adaptive time: 3000ms, depth: 4, reason: endgame, emergency: false
[DEBUG] 17:06:10.427 [AiEngine] Using JS Search
[DEBUG] 17:06:10.431 [AiEngine] Adaptive time: 3000ms, depth: 4, reason: endgame, emergency: false
[DEBUG] 17:06:10.431 [AiEngine] Using JS Search
[DEBUG] 17:06:10.433 [AiEngine] Adaptive time: 3000ms, depth: 4, reason: endgame, emergency: false
[DEBUG] 17:06:10.433 [AiEngine] Using JS Search
[DEBUG] 17:06:10.437 [AiEngine] Adaptive time: 3000ms, depth: 4, reason: endgame, emergency: false
[DEBUG] 17:06:10.437 [AiEngine] Using JS Search
[DEBUG] 17:06:10.442 [AiEngine] Adaptive time: 3000ms, depth: 4, reason: endgame, emergency: false
[DEBUG] 17:06:10.442 [AiEngine] Using JS Search
[DEBUG] 17:06:10.445 [AiEngine] Adaptive time: 3000ms, depth: 4, reason: endgame, emergency: false
[DEBUG] 17:06:10.445 [AiEngine] Using JS Search
[DEBUG] 17:06:10.448 [AiEngine] Adaptive time: 3000ms, depth: 4, reason: endgame, emergency: false
[DEBUG] 17:06:10.448 [AiEngine] Using JS Search
[DEBUG] 17:06:10.450 [AiEngine] Adaptive time: 3000ms, depth: 4, reason: endgame, emergency: false
[DEBUG] 17:06:10.450 [AiEngine] Using JS Search
[DEBUG] 17:06:10.451 [AiEngine] Adaptive time: 3000ms, depth: 4, reason: endgame, emergency: false
[DEBUG] 17:06:10.452 [AiEngine] Using JS Search
[DEBUG] 17:06:10.454 [AiEngine] Adaptive time: 3000ms, depth: 4, reason: endgame, emergency: false
[DEBUG] 17:06:10.454 [AiEngine] Using JS Search
[DEBUG] 17:06:10.462 [AiEngine] Adaptive time: 3000ms, depth: 4, reason: endgame, emergency: false
[DEBUG] 17:06:10.462 [AiEngine] Using JS Search
[DEBUG] 17:06:10.464 [AiEngine] Adaptive time: 3000ms, depth: 4, reason: endgame, emergency: false
[DEBUG] 17:06:10.464 [AiEngine] Using JS Search
[DEBUG] 17:06:10.493 [AiEngine] Adaptive time: 3000ms, depth: 4, reason: endgame, emergency: false
[DEBUG] 17:06:10.493 [AiEngine] Using JS Search
[DEBUG] 17:06:10.495 [AiEngine] Adaptive time: 3000ms, depth: 4, reason: endgame, emergency: false
[DEBUG] 17:06:10.495 [AiEngine] Using JS Search
[DEBUG] 17:06:10.516 [AiEngine] Adaptive time: 500ms, depth: 4, reason: midgame, opening, emergency: false
[DEBUG] 17:06:10.516 [AiEngine] Using JS Search
[DEBUG] 17:06:10.627 [AiEngine] Adaptive time: 500ms, depth: 4, reason: midgame, opening, emergency: false
[DEBUG] 17:06:10.627 [AiEngine] Using JS Search
[DEBUG] 17:06:10.822 [AiEngine] Adaptive time: 500ms, depth: 4, reason: midgame, opening, emergency: false
[DEBUG] 17:06:10.822 [AiEngine] Using JS Search
[DEBUG] 17:06:11.066 [AiEngine] Adaptive time: 500ms, depth: 4, reason: midgame, opening, emergency: false
[DEBUG] 17:06:11.066 [AiEngine] Using JS Search
[DEBUG] 17:06:11.440 [AiEngine] Adaptive time: 500ms, depth: 4, reason: midgame, opening, emergency: false
[DEBUG] 17:06:11.440 [AiEngine] Using JS Search
[DEBUG] 17:06:11.880 [AiEngine] Adaptive time: 500ms, depth: 4, reason: midgame, opening, emergency: false
[DEBUG] 17:06:11.880 [AiEngine] Using JS Search
[DEBUG] 17:06:12.210 [AiEngine] Adaptive time: 500ms, depth: 4, reason: midgame, opening, tactical, emergency: false
[DEBUG] 17:06:12.211 [AiEngine] Using JS Search
[DEBUG] 17:06:12.415 [AiEngine] Adaptive time: 500ms, depth: 4, reason: midgame, opening, emergency: false
[DEBUG] 17:06:12.416 [AiEngine] Using JS Search
[DEBUG] 17:06:12.718 [AiEngine] Adaptive time: 500ms, depth: 4, reason: midgame, opening, emergency: false
[DEBUG] 17:06:12.718 [AiEngine] Using JS Search
[DEBUG] 17:06:12.849 [AiEngine] Adaptive time: 500ms, depth: 4, reason: midgame, opening, emergency: false
[DEBUG] 17:06:12.849 [AiEngine] Using JS Search
[DEBUG] 17:06:13.071 [AiEngine] Adaptive time: 500ms, depth: 4, reason: midgame, opening, tactical, emergency: false
[DEBUG] 17:06:13.071 [AiEngine] Using JS Search
[DEBUG] 17:06:13.363 [AiEngine] Adaptive time: 500ms, depth: 4, reason: midgame, opening, tactical, emergency: false
[DEBUG] 17:06:13.363 [AiEngine] Using JS Search
[DEBUG] 17:06:13.562 [AiEngine] Adaptive time: 500ms, depth: 4, reason: midgame, opening, tactical, emergency: false
[DEBUG] 17:06:13.562 [AiEngine] Using JS Search
[DEBUG] 17:06:13.948 [AiEngine] Adaptive time: 500ms, depth: 4, reason: midgame, opening, tactical, emergency: false
[DEBUG] 17:06:13.949 [AiEngine] Using JS Search
[DEBUG] 17:06:13.950 [AiEngine] Adaptive time: 500ms, depth: 4, reason: midgame, opening, tactical, emergency: false
[DEBUG] 17:06:13.950 [AiEngine] Using JS Search
[DEBUG] 17:06:14.336 [AiEngine] Adaptive time: 500ms, depth: 4, reason: midgame, opening, emergency: false
[DEBUG] 17:06:14.336 [AiEngine] Using JS Search
[DEBUG] 17:06:14.783 [AiEngine] Adaptive time: 500ms, depth: 4, reason: midgame, opening, tactical, emergency: false
[DEBUG] 17:06:14.783 [AiEngine] Using JS Search
[DEBUG] 17:06:14.991 [AiEngine] Adaptive time: 500ms, depth: 4, reason: midgame, opening, emergency: false
[DEBUG] 17:06:14.991 [AiEngine] Using JS Search
[DEBUG] 17:06:15.227 [AiEngine] Adaptive time: 500ms, depth: 4, reason: midgame, opening, tactical, emergency: false
[DEBUG] 17:06:15.227 [AiEngine] Using JS Search
[DEBUG] 17:06:15.404 [AiEngine] Adaptive time: 500ms, depth: 4, reason: midgame, opening, emergency: false
[DEBUG] 17:06:15.404 [AiEngine] Using JS Search
[DEBUG] 17:06:15.405 [AiEngine] Adaptive time: 500ms, depth: 4, reason: midgame, opening, tactical, emergency: false
[DEBUG] 17:06:15.405 [AiEngine] Using JS Search
[DEBUG] 17:06:15.704 [AiEngine] Adaptive time: 500ms, depth: 4, reason: midgame, opening, emergency: false
[DEBUG] 17:06:15.704 [AiEngine] Using JS Search
[DEBUG] 17:06:15.705 [AiEngine] Adaptive time: 500ms, depth: 4, reason: midgame, opening, tactical, emergency: false
[DEBUG] 17:06:15.705 [AiEngine] Using JS Search
[DEBUG] 17:06:15.876 [AiEngine] Adaptive time: 500ms, depth: 4, reason: midgame, opening, emergency: false
[DEBUG] 17:06:15.876 [AiEngine] Using JS Search
[DEBUG] 17:06:15.878 [AiEngine] Adaptive time: 500ms, depth: 4, reason: midgame, opening, tactical, emergency: false
[DEBUG] 17:06:15.878 [AiEngine] Using JS Search
[DEBUG] 17:06:16.112 [AiEngine] Adaptive time: 500ms, depth: 4, reason: midgame, opening, tactical, emergency: false
[DEBUG] 17:06:16.112 [AiEngine] Using JS Search
[DEBUG] 17:06:16.114 [AiEngine] Adaptive time: 500ms, depth: 4, reason: midgame, opening, tactical, emergency: false
[DEBUG] 17:06:16.114 [AiEngine] Using JS Search
[DEBUG] 17:06:16.352 [AiEngine] Adaptive time: 500ms, depth: 4, reason: midgame, opening, tactical, emergency: false
[DEBUG] 17:06:16.352 [AiEngine] Using JS Search
[DEBUG] 17:06:16.353 [AiEngine] Adaptive time: 500ms, depth: 4, reason: midgame, opening, tactical, emergency: false
[DEBUG] 17:06:16.353 [AiEngine] Using JS Search
[DEBUG] 17:06:16.605 [AiEngine] Adaptive time: 500ms, depth: 4, reason: midgame, opening, emergency: false
[DEBUG] 17:06:16.605 [AiEngine] Using JS Search
[DEBUG] 17:06:16.606 [AiEngine] Adaptive time: 500ms, depth: 4, reason: midgame, opening, tactical, emergency: false
[DEBUG] 17:06:16.606 [AiEngine] Using JS Search
[DEBUG] 17:06:17.015 [AiEngine] Adaptive time: 500ms, depth: 4, reason: midgame, opening, tactical, emergency: false
[DEBUG] 17:06:17.015 [AiEngine] Using JS Search
[DEBUG] 17:06:17.018 [AiEngine] Adaptive time: 500ms, depth: 4, reason: midgame, opening, in-check, emergency: false
[DEBUG] 17:06:17.018 [AiEngine] Using JS Search
[DEBUG] 17:06:17.177 [AiEngine] Adaptive time: 500ms, depth: 4, reason: midgame, opening, emergency: false
[DEBUG] 17:06:17.177 [AiEngine] Using JS Search
[DEBUG] 17:06:17.178 [AiEngine] Adaptive time: 500ms, depth: 4, reason: midgame, opening, tactical, emergency: false
[DEBUG] 17:06:17.178 [AiEngine] Using JS Search
[DEBUG] 17:06:17.362 [AiEngine] Adaptive time: 500ms, depth: 4, reason: midgame, opening, emergency: false
[DEBUG] 17:06:17.362 [AiEngine] Using JS Search
[DEBUG] 17:06:17.517 [AiEngine] Adaptive time: 500ms, depth: 4, reason: midgame, opening, tactical, emergency: false
[DEBUG] 17:06:17.517 [AiEngine] Using JS Search
[DEBUG] 17:06:17.591 [AiEngine] Adaptive time: 500ms, depth: 4, reason: midgame, opening, emergency: false
[DEBUG] 17:06:17.591 [AiEngine] Using JS Search
[DEBUG] 17:06:17.648 [AiEngine] Adaptive time: 500ms, depth: 4, reason: midgame, opening, emergency: false
[DEBUG] 17:06:17.649 [AiEngine] Using JS Search
[DEBUG] 17:06:17.700 [AiEngine] Adaptive time: 500ms, depth: 4, reason: midgame, opening, tactical, emergency: false
[DEBUG] 17:06:17.700 [AiEngine] Using JS Search
[DEBUG] 17:06:17.836 [AiEngine] Adaptive time: 3000ms, depth: 4, reason: midgame, emergency: false
[DEBUG] 17:06:17.836 [AiEngine] Using JS Search
[DEBUG] 17:06:17.859 [AiEngine] Adaptive time: 3000ms, depth: 4, reason: midgame, tactical, emergency: false
[DEBUG] 17:06:17.859 [AiEngine] Using JS Search
[DEBUG] 17:06:17.861 [AiEngine] Adaptive time: 3000ms, depth: 4, reason: midgame, emergency: false
[DEBUG] 17:06:17.861 [AiEngine] Using JS Search
[DEBUG] 17:06:17.957 [AiEngine] Adaptive time: 3000ms, depth: 4, reason: midgame, tactical, emergency: false
[DEBUG] 17:06:17.958 [AiEngine] Using JS Search
[DEBUG] 17:06:17.959 [AiEngine] Adaptive time: 3000ms, depth: 4, reason: midgame, emergency: false
[DEBUG] 17:06:17.959 [AiEngine] Using JS Search
[DEBUG] 17:06:18.091 [AiEngine] Adaptive time: 3000ms, depth: 4, reason: standard, emergency: false
[DEBUG] 17:06:18.091 [AiEngine] Using JS Search
[DEBUG] 17:06:18.093 [AiEngine] Adaptive time: 3000ms, depth: 4, reason: standard, emergency: false
[DEBUG] 17:06:18.093 [AiEngine] Using JS Search
[DEBUG] 17:06:18.262 [AiEngine] Adaptive time: 3000ms, depth: 4, reason: standard, emergency: false
[DEBUG] 17:06:18.263 [AiEngine] Using JS Search
[DEBUG] 17:06:18.351 [AiEngine] Adaptive time: 3000ms, depth: 4, reason: standard, emergency: false
[DEBUG] 17:06:18.351 [AiEngine] Using JS Search
[DEBUG] 17:06:18.408 [AiEngine] Adaptive time: 3000ms, depth: 4, reason: tactical, emergency: false
[DEBUG] 17:06:18.408 [AiEngine] Using JS Search
[DEBUG] 17:06:18.428 [AiEngine] Adaptive time: 3000ms, depth: 4, reason: standard, emergency: false
[DEBUG] 17:06:18.428 [AiEngine] Using JS Search
[DEBUG] 17:06:18.495 [AiEngine] Adaptive time: 3000ms, depth: 4, reason: standard, emergency: false
[DEBUG] 17:06:18.495 [AiEngine] Using JS Search
[DEBUG] 17:06:18.496 [AiEngine] Adaptive time: 3000ms, depth: 4, reason: standard, emergency: false
[DEBUG] 17:06:18.496 [AiEngine] Using JS Search
[DEBUG] 17:06:18.579 [AiEngine] Adaptive time: 3000ms, depth: 4, reason: standard, emergency: false
[DEBUG] 17:06:18.579 [AiEngine] Using JS Search
[DEBUG] 17:06:18.580 [AiEngine] Adaptive time: 3000ms, depth: 4, reason: standard, emergency: false
[DEBUG] 17:06:18.580 [AiEngine] Using JS Search
[DEBUG] 17:06:18.622 [AiEngine] Adaptive time: 3000ms, depth: 4, reason: endgame, emergency: false
[DEBUG] 17:06:18.623 [AiEngine] Using JS Search
[DEBUG] 17:06:18.630 [AiEngine] Adaptive time: 3000ms, depth: 4, reason: endgame, emergency: false
[DEBUG] 17:06:18.630 [AiEngine] Using JS Search
[DEBUG] 17:06:18.747 [AiEngine] Adaptive time: 3000ms, depth: 4, reason: endgame, emergency: false
[DEBUG] 17:06:18.747 [AiEngine] Using JS Search
[DEBUG] 17:06:18.748 [AiEngine] Adaptive time: 3000ms, depth: 4, reason: endgame, emergency: false
[DEBUG] 17:06:18.748 [AiEngine] Using JS Search
[DEBUG] 17:06:18.769 [AiEngine] Adaptive time: 3000ms, depth: 4, reason: endgame, emergency: false
[DEBUG] 17:06:18.769 [AiEngine] Using JS Search
[DEBUG] 17:06:18.775 [AiEngine] Adaptive time: 3000ms, depth: 4, reason: endgame, emergency: false
[DEBUG] 17:06:18.775 [AiEngine] Using JS Search
[DEBUG] 17:06:18.890 [AiEngine] Adaptive time: 3000ms, depth: 4, reason: endgame, emergency: false
[DEBUG] 17:06:18.890 [AiEngine] Using JS Search
[DEBUG] 17:06:18.947 [AiEngine] Adaptive time: 3000ms, depth: 4, reason: endgame, tactical, emergency: false
[DEBUG] 17:06:18.947 [AiEngine] Using JS Search
[DEBUG] 17:06:18.989 [AiEngine] Adaptive time: 3000ms, depth: 4, reason: endgame, emergency: false
[DEBUG] 17:06:18.989 [AiEngine] Using JS Search
[DEBUG] 17:06:19.041 [AiEngine] Adaptive time: 3000ms, depth: 4, reason: endgame, tactical, emergency: false
[DEBUG] 17:06:19.041 [AiEngine] Using JS Search
[DEBUG] 17:06:19.066 [AiEngine] Adaptive time: 3000ms, depth: 4, reason: endgame, emergency: false
[DEBUG] 17:06:19.066 [AiEngine] Using JS Search
[DEBUG] 17:06:19.073 [AiEngine] Adaptive time: 3000ms, depth: 4, reason: endgame, emergency: false
[DEBUG] 17:06:19.073 [AiEngine] Using JS Search
[DEBUG] 17:06:19.079 [AiEngine] Adaptive time: 3000ms, depth: 4, reason: endgame, emergency: false
[DEBUG] 17:06:19.079 [AiEngine] Using JS Search
[DEBUG] 17:06:19.081 [AiEngine] Adaptive time: 3000ms, depth: 4, reason: endgame, emergency: false
[DEBUG] 17:06:19.081 [AiEngine] Using JS Search
[DEBUG] 17:06:19.086 [AiEngine] Adaptive time: 3000ms, depth: 4, reason: endgame, emergency: false
[DEBUG] 17:06:19.086 [AiEngine] Using JS Search
[DEBUG] 17:06:19.087 [AiEngine] Adaptive time: 3000ms, depth: 4, reason: endgame, emergency: false
[DEBUG] 17:06:19.087 [AiEngine] Using JS Search
[DEBUG] 17:06:19.089 [AiEngine] Adaptive time: 3000ms, depth: 4, reason: endgame, tactical, emergency: false
[DEBUG] 17:06:19.089 [AiEngine] Using JS Search
[DEBUG] 17:06:19.091 [AiEngine] Adaptive time: 3000ms, depth: 4, reason: endgame, emergency: false
[DEBUG] 17:06:19.091 [AiEngine] Using JS Search
[DEBUG] 17:06:19.094 [AiEngine] Adaptive time: 3000ms, depth: 4, reason: endgame, emergency: false
[DEBUG] 17:06:19.094 [AiEngine] Using JS Search
[DEBUG] 17:06:19.100 [AiEngine] Adaptive time: 3000ms, depth: 4, reason: endgame, emergency: false
[DEBUG] 17:06:19.100 [AiEngine] Using JS Search
[DEBUG] 17:06:19.102 [AiEngine] Adaptive time: 3000ms, depth: 4, reason: endgame, tactical, emergency: false
[DEBUG] 17:06:19.102 [AiEngine] Using JS Search
[DEBUG] 17:06:19.107 [AiEngine] Adaptive time: 3000ms, depth: 4, reason: endgame, emergency: false
[DEBUG] 17:06:19.107 [AiEngine] Using JS Search
[DEBUG] 17:06:19.109 [AiEngine] Adaptive time: 3000ms, depth: 4, reason: endgame, emergency: false
[DEBUG] 17:06:19.109 [AiEngine] Using JS Search
[DEBUG] 17:06:19.127 [AiEngine] Adaptive time: 3000ms, depth: 4, reason: endgame, emergency: false
[DEBUG] 17:06:19.128 [AiEngine] Using JS Search
[DEBUG] 17:06:19.130 [AiEngine] Adaptive time: 3000ms, depth: 4, reason: endgame, tactical, emergency: false
[DEBUG] 17:06:19.130 [AiEngine] Using JS Search
[DEBUG] 17:06:19.145 [AiEngine] Adaptive time: 3000ms, depth: 4, reason: endgame, emergency: false
[DEBUG] 17:06:19.145 [AiEngine] Using JS Search
[DEBUG] 17:06:19.147 [AiEngine] Adaptive time: 3000ms, depth: 4, reason: endgame, emergency: false
[DEBUG] 17:06:19.147 [AiEngine] Using JS Search
[DEBUG] 17:06:19.151 [AiEngine] Adaptive time: 3000ms, depth: 4, reason: endgame, emergency: false
[DEBUG] 17:06:19.151 [AiEngine] Using JS Search
[DEBUG] 17:06:19.153 [AiEngine] Adaptive time: 3000ms, depth: 4, reason: endgame, tactical, emergency: false
[DEBUG] 17:06:19.153 [AiEngine] Using JS Search
[DEBUG] 17:06:19.157 [AiEngine] Adaptive time: 3000ms, depth: 4, reason: endgame, emergency: false
[DEBUG] 17:06:19.157 [AiEngine] Using JS Search
[DEBUG] 17:06:19.159 [AiEngine] Adaptive time: 3000ms, depth: 4, reason: endgame, emergency: false
[DEBUG] 17:06:19.159 [AiEngine] Using JS Search
[DEBUG] 17:06:19.168 [AiEngine] Adaptive time: 3000ms, depth: 4, reason: endgame, emergency: false
[DEBUG] 17:06:19.168 [AiEngine] Using JS Search
[DEBUG] 17:06:19.170 [AiEngine] Adaptive time: 3000ms, depth: 4, reason: endgame, emergency: false
[DEBUG] 17:06:19.170 [AiEngine] Using JS Search
[DEBUG] 17:06:19.173 [AiEngine] Adaptive time: 3000ms, depth: 4, reason: endgame, emergency: false
[DEBUG] 17:06:19.173 [AiEngine] Using JS Search
[DEBUG] 17:06:19.174 [AiEngine] Adaptive time: 3000ms, depth: 4, reason: endgame, tactical, emergency: false
[DEBUG] 17:06:19.174 [AiEngine] Using JS Search
[DEBUG] 17:06:19.175 [AiEngine] Adaptive time: 3000ms, depth: 4, reason: endgame, emergency: false
[DEBUG] 17:06:19.175 [AiEngine] Using JS Search
[DEBUG] 17:06:19.177 [AiEngine] Adaptive time: 3000ms, depth: 4, reason: endgame, emergency: false
[DEBUG] 17:06:19.177 [AiEngine] Using JS Search
[DEBUG] 17:06:19.184 [AiEngine] Adaptive time: 3000ms, depth: 4, reason: endgame, emergency: false
[DEBUG] 17:06:19.184 [AiEngine] Using JS Search
[DEBUG] 17:06:19.188 [AiEngine] Adaptive time: 3000ms, depth: 4, reason: endgame, tactical, emergency: false
[DEBUG] 17:06:19.188 [AiEngine] Using JS Search
[DEBUG] 17:06:19.218 [AiEngine] Adaptive time: 3000ms, depth: 4, reason: endgame, emergency: false
[DEBUG] 17:06:19.218 [AiEngine] Using JS Search
[DEBUG] 17:06:19.231 [AiEngine] Adaptive time: 3000ms, depth: 4, reason: endgame, emergency: false
[DEBUG] 17:06:19.231 [AiEngine] Using JS Search
[DEBUG] 17:06:19.232 [AiEngine] Adaptive time: 3000ms, depth: 4, reason: endgame, emergency: false
[DEBUG] 17:06:19.232 [AiEngine] Using JS Search
[DEBUG] 17:06:19.243 [AiEngine] Adaptive time: 3000ms, depth: 4, reason: endgame, emergency: false
[DEBUG] 17:06:19.244 [AiEngine] Using JS Search
[DEBUG] 17:06:19.245 [AiEngine] Adaptive time: 3000ms, depth: 4, reason: endgame, emergency: false
[DEBUG] 17:06:19.245 [AiEngine] Using JS Search
[DEBUG] 17:06:19.260 [AiEngine] Adaptive time: 3000ms, depth: 4, reason: endgame, emergency: false
[DEBUG] 17:06:19.260 [AiEngine] Using JS Search
[DEBUG] 17:06:19.262 [AiEngine] Adaptive time: 500ms, depth: 4, reason: midgame, opening, emergency: false
[DEBUG] 17:06:19.262 [AiEngine] Using JS Search
[DEBUG] 17:06:19.283 [AiEngine] Adaptive time: 500ms, depth: 4, reason: midgame, opening, emergency: false
[DEBUG] 17:06:19.283 [AiEngine] Using JS Search
[DEBUG] 17:06:19.283 [AiEngine] Adaptive time: 500ms, depth: 4, reason: midgame, opening, emergency: false
[DEBUG] 17:06:19.283 [AiEngine] Using JS Search
[DEBUG] 17:06:19.284 [AiEngine] Adaptive time: 500ms, depth: 4, reason: midgame, opening, tactical, emergency: false
[DEBUG] 17:06:19.284 [AiEngine] Using JS Search
[DEBUG] 17:06:19.332 [AiEngine] Adaptive time: 500ms, depth: 4, reason: midgame, opening, emergency: false
[DEBUG] 17:06:19.332 [AiEngine] Using JS Search
[DEBUG] 17:06:19.473 [AiEngine] Adaptive time: 500ms, depth: 4, reason: midgame, opening, emergency: false
[DEBUG] 17:06:19.473 [AiEngine] Using JS Search
[DEBUG] 17:06:19.625 [AiEngine] Adaptive time: 500ms, depth: 4, reason: midgame, opening, emergency: false
[DEBUG] 17:06:19.625 [AiEngine] Using JS Search
[DEBUG] 17:06:19.983 [AiEngine] Adaptive time: 500ms, depth: 4, reason: midgame, opening, emergency: false
[DEBUG] 17:06:19.983 [AiEngine] Using JS Search
[DEBUG] 17:06:20.264 [AiEngine] Adaptive time: 500ms, depth: 4, reason: midgame, opening, emergency: false
[DEBUG] 17:06:20.264 [AiEngine] Using JS Search
[DEBUG] 17:06:20.366 [AiEngine] Adaptive time: 500ms, depth: 4, reason: midgame, opening, emergency: false
[DEBUG] 17:06:20.366 [AiEngine] Using JS Search
[DEBUG] 17:06:20.477 [AiEngine] Adaptive time: 500ms, depth: 4, reason: midgame, opening, emergency: false
[DEBUG] 17:06:20.477 [AiEngine] Using JS Search
[DEBUG] 17:06:20.529 [AiEngine] Adaptive time: 500ms, depth: 4, reason: midgame, opening, tactical, emergency: false
[DEBUG] 17:06:20.529 [AiEngine] Using JS Search
[DEBUG] 17:06:20.669 [AiEngine] Adaptive time: 500ms, depth: 4, reason: midgame, opening, emergency: false
[DEBUG] 17:06:20.669 [AiEngine] Using JS Search
[DEBUG] 17:06:20.702 [AiEngine] Adaptive time: 500ms, depth: 4, reason: midgame, opening, tactical, emergency: false
[DEBUG] 17:06:20.702 [AiEngine] Using JS Search
[DEBUG] 17:06:20.745 [AiEngine] Adaptive time: 500ms, depth: 4, reason: midgame, opening, emergency: false
[DEBUG] 17:06:20.745 [AiEngine] Using JS Search
[DEBUG] 17:06:20.923 [AiEngine] Adaptive time: 500ms, depth: 4, reason: midgame, opening, emergency: false
[DEBUG] 17:06:20.923 [AiEngine] Using JS Search
[DEBUG] 17:06:21.056 [AiEngine] Adaptive time: 500ms, depth: 4, reason: midgame, opening, emergency: false
[DEBUG] 17:06:21.056 [AiEngine] Using JS Search
[DEBUG] 17:06:21.240 [AiEngine] Adaptive time: 500ms, depth: 4, reason: midgame, opening, emergency: false
[DEBUG] 17:06:21.240 [AiEngine] Using JS Search
[DEBUG] 17:06:21.505 [AiEngine] Adaptive time: 500ms, depth: 4, reason: midgame, opening, emergency: false
[DEBUG] 17:06:21.505 [AiEngine] Using JS Search
[DEBUG] 17:06:21.598 [AiEngine] Adaptive time: 500ms, depth: 4, reason: midgame, opening, emergency: false
[DEBUG] 17:06:21.598 [AiEngine] Using JS Search
[DEBUG] 17:06:21.837 [AiEngine] Adaptive time: 500ms, depth: 4, reason: midgame, opening, emergency: false
[DEBUG] 17:06:21.837 [AiEngine] Using JS Search
[DEBUG] 17:06:21.996 [AiEngine] Adaptive time: 500ms, depth: 4, reason: midgame, opening, emergency: false
[DEBUG] 17:06:21.996 [AiEngine] Using JS Search
[DEBUG] 17:06:22.249 [AiEngine] Adaptive time: 500ms, depth: 4, reason: midgame, opening, emergency: false
[DEBUG] 17:06:22.249 [AiEngine] Using JS Search
[DEBUG] 17:06:22.372 [AiEngine] Adaptive time: 500ms, depth: 4, reason: midgame, opening, tactical, emergency: false
[DEBUG] 17:06:22.372 [AiEngine] Using JS Search
[DEBUG] 17:06:22.718 [AiEngine] Adaptive time: 500ms, depth: 4, reason: midgame, opening, emergency: false
[DEBUG] 17:06:22.718 [AiEngine] Using JS Search
[DEBUG] 17:06:22.855 [AiEngine] Adaptive time: 500ms, depth: 4, reason: midgame, opening, tactical, emergency: false
[DEBUG] 17:06:22.855 [AiEngine] Using JS Search
[DEBUG] 17:06:23.180 [AiEngine] Adaptive time: 500ms, depth: 4, reason: midgame, opening, emergency: false
[DEBUG] 17:06:23.181 [AiEngine] Using JS Search
[DEBUG] 17:06:23.248 [AiEngine] Adaptive time: 500ms, depth: 4, reason: midgame, opening, tactical, emergency: false
[DEBUG] 17:06:23.248 [AiEngine] Using JS Search
[DEBUG] 17:06:23.317 [AiEngine] Adaptive time: 500ms, depth: 4, reason: midgame, opening, in-check, emergency: false
[DEBUG] 17:06:23.317 [AiEngine] Using JS Search
[DEBUG] 17:06:23.359 [AiEngine] Adaptive time: 500ms, depth: 4, reason: midgame, opening, tactical, emergency: false
[DEBUG] 17:06:23.359 [AiEngine] Using JS Search
[DEBUG] 17:06:23.387 [AiEngine] Adaptive time: 500ms, depth: 4, reason: midgame, opening, emergency: false
[DEBUG] 17:06:23.387 [AiEngine] Using JS Search
[DEBUG] 17:06:23.587 [AiEngine] Adaptive time: 500ms, depth: 4, reason: midgame, opening, tactical, emergency: false
[DEBUG] 17:06:23.587 [AiEngine] Using JS Search
[DEBUG] 17:06:23.806 [AiEngine] Adaptive time: 500ms, depth: 4, reason: midgame, opening, emergency: false
[DEBUG] 17:06:23.806 [AiEngine] Using JS Search
[DEBUG] 17:06:23.938 [AiEngine] Adaptive time: 500ms, depth: 4, reason: midgame, opening, tactical, emergency: false
[DEBUG] 17:06:23.938 [AiEngine] Using JS Search
[DEBUG] 17:06:24.037 [AiEngine] Adaptive time: 500ms, depth: 4, reason: midgame, opening, tactical, emergency: false
[DEBUG] 17:06:24.037 [AiEngine] Using JS Search
[DEBUG] 17:06:24.195 [AiEngine] Adaptive time: 500ms, depth: 4, reason: midgame, opening, in-check, emergency: false
[DEBUG] 17:06:24.195 [AiEngine] Using JS Search
[DEBUG] 17:06:24.379 [AiEngine] Adaptive time: 500ms, depth: 4, reason: midgame, opening, emergency: false
[DEBUG] 17:06:24.379 [AiEngine] Using JS Search
[DEBUG] 17:06:24.510 [AiEngine] Adaptive time: 500ms, depth: 4, reason: midgame, opening, tactical, emergency: false
[DEBUG] 17:06:24.510 [AiEngine] Using JS Search
[DEBUG] 17:06:24.582 [AiEngine] Adaptive time: 500ms, depth: 4, reason: midgame, opening, emergency: false
[DEBUG] 17:06:24.582 [AiEngine] Using JS Search
[DEBUG] 17:06:24.647 [AiEngine] Adaptive time: 500ms, depth: 4, reason: midgame, opening, tactical, emergency: false
[DEBUG] 17:06:24.647 [AiEngine] Using JS Search
[DEBUG] 17:06:24.707 [AiEngine] Adaptive time: 3000ms, depth: 4, reason: midgame, emergency: false
[DEBUG] 17:06:24.707 [AiEngine] Using JS Search
[DEBUG] 17:06:24.744 [AiEngine] Adaptive time: 3000ms, depth: 4, reason: midgame, tactical, emergency: false
[DEBUG] 17:06:24.744 [AiEngine] Using JS Search
[DEBUG] 17:06:24.755 [AiEngine] Adaptive time: 3000ms, depth: 4, reason: midgame, emergency: false
[DEBUG] 17:06:24.755 [AiEngine] Using JS Search
[DEBUG] 17:06:24.785 [AiEngine] Adaptive time: 3000ms, depth: 4, reason: midgame, tactical, emergency: false
[DEBUG] 17:06:24.785 [AiEngine] Using JS Search
[DEBUG] 17:06:24.830 [AiEngine] Adaptive time: 3000ms, depth: 4, reason: midgame, in-check, emergency: false
[DEBUG] 17:06:24.830 [AiEngine] Using JS Search
[DEBUG] 17:06:24.837 [AiEngine] Adaptive time: 3000ms, depth: 4, reason: midgame, tactical, emergency: false
[DEBUG] 17:06:24.837 [AiEngine] Using JS Search
[DEBUG] 17:06:24.907 [AiEngine] Adaptive time: 3000ms, depth: 4, reason: midgame, emergency: false
[DEBUG] 17:06:24.907 [AiEngine] Using JS Search
[DEBUG] 17:06:24.929 [AiEngine] Adaptive time: 3000ms, depth: 4, reason: midgame, tactical, emergency: false
[DEBUG] 17:06:24.929 [AiEngine] Using JS Search
[DEBUG] 17:06:24.950 [AiEngine] Adaptive time: 3000ms, depth: 4, reason: midgame, emergency: false
[DEBUG] 17:06:24.950 [AiEngine] Using JS Search
[DEBUG] 17:06:24.966 [AiEngine] Adaptive time: 3000ms, depth: 4, reason: midgame, tactical, emergency: false
[DEBUG] 17:06:24.966 [AiEngine] Using JS Search
[DEBUG] 17:06:25.030 [AiEngine] Adaptive time: 3000ms, depth: 4, reason: midgame, emergency: false
[DEBUG] 17:06:25.030 [AiEngine] Using JS Search
[DEBUG] 17:06:25.044 [AiEngine] Adaptive time: 3000ms, depth: 4, reason: midgame, tactical, emergency: false
[DEBUG] 17:06:25.044 [AiEngine] Using JS Search
[DEBUG] 17:06:25.086 [AiEngine] Adaptive time: 3000ms, depth: 4, reason: standard, emergency: false
[DEBUG] 17:06:25.086 [AiEngine] Using JS Search
[DEBUG] 17:06:25.100 [AiEngine] Adaptive time: 3000ms, depth: 4, reason: tactical, emergency: false
[DEBUG] 17:06:25.100 [AiEngine] Using JS Search
[DEBUG] 17:06:25.101 [AiEngine] Adaptive time: 3000ms, depth: 4, reason: standard, emergency: false
[DEBUG] 17:06:25.101 [AiEngine] Using JS Search
[DEBUG] 17:06:25.176 [AiEngine] Adaptive time: 3000ms, depth: 4, reason: tactical, emergency: false
[DEBUG] 17:06:25.176 [AiEngine] Using JS Search
[DEBUG] 17:06:25.176 [AiEngine] Adaptive time: 3000ms, depth: 4, reason: standard, emergency: false
[DEBUG] 17:06:25.177 [AiEngine] Using JS Search
[DEBUG] 17:06:25.216 [AiEngine] Adaptive time: 3000ms, depth: 4, reason: tactical, emergency: false
[DEBUG] 17:06:25.216 [AiEngine] Using JS Search
[DEBUG] 17:06:25.217 [AiEngine] Adaptive time: 3000ms, depth: 4, reason: standard, emergency: false
[DEBUG] 17:06:25.217 [AiEngine] Using JS Search
[DEBUG] 17:06:25.274 [AiEngine] Adaptive time: 3000ms, depth: 4, reason: tactical, emergency: false
[DEBUG] 17:06:25.274 [AiEngine] Using JS Search
[DEBUG] 17:06:25.275 [AiEngine] Adaptive time: 3000ms, depth: 4, reason: standard, emergency: false
[DEBUG] 17:06:25.275 [AiEngine] Using JS Search
[DEBUG] 17:06:25.350 [AiEngine] Adaptive time: 3000ms, depth: 4, reason: tactical, emergency: false
[DEBUG] 17:06:25.350 [AiEngine] Using JS Search
[DEBUG] 17:06:25.351 [AiEngine] Adaptive time: 3000ms, depth: 4, reason: standard, emergency: false
[DEBUG] 17:06:25.351 [AiEngine] Using JS Search
[DEBUG] 17:06:25.416 [AiEngine] Adaptive time: 3000ms, depth: 4, reason: standard, emergency: false
[DEBUG] 17:06:25.416 [AiEngine] Using JS Search
[DEBUG] 17:06:25.417 [AiEngine] Adaptive time: 3000ms, depth: 4, reason: standard, emergency: false
[DEBUG] 17:06:25.417 [AiEngine] Using JS Search
[DEBUG] 17:06:25.498 [AiEngine] Adaptive time: 3000ms, depth: 4, reason: standard, emergency: false
[DEBUG] 17:06:25.498 [AiEngine] Using JS Search
[DEBUG] 17:06:25.498 [AiEngine] Adaptive time: 3000ms, depth: 4, reason: tactical, emergency: false
[DEBUG] 17:06:25.498 [AiEngine] Using JS Search
[DEBUG] 17:06:25.542 [AiEngine] Adaptive time: 3000ms, depth: 4, reason: standard, emergency: false
[DEBUG] 17:06:25.542 [AiEngine] Using JS Search
[DEBUG] 17:06:25.552 [AiEngine] Adaptive time: 3000ms, depth: 4, reason: standard, emergency: false
[DEBUG] 17:06:25.552 [AiEngine] Using JS Search
[DEBUG] 17:06:25.622 [AiEngine] Adaptive time: 3000ms, depth: 4, reason: standard, emergency: false
[DEBUG] 17:06:25.622 [AiEngine] Using JS Search
[DEBUG] 17:06:25.624 [AiEngine] Adaptive time: 3000ms, depth: 4, reason: standard, emergency: false
[DEBUG] 17:06:25.624 [AiEngine] Using JS Search
[DEBUG] 17:06:25.660 [AiEngine] Adaptive time: 3000ms, depth: 4, reason: standard, emergency: false
[DEBUG] 17:06:25.660 [AiEngine] Using JS Search
[DEBUG] 17:06:25.682 [AiEngine] Adaptive time: 3000ms, depth: 4, reason: standard, emergency: false
[DEBUG] 17:06:25.682 [AiEngine] Using JS Search
[DEBUG] 17:06:25.709 [AiEngine] Adaptive time: 3000ms, depth: 4, reason: endgame, emergency: false
[DEBUG] 17:06:25.709 [AiEngine] Using JS Search
[DEBUG] 17:06:25.743 [AiEngine] Adaptive time: 3000ms, depth: 4, reason: endgame, emergency: false
[DEBUG] 17:06:25.743 [AiEngine] Using JS Search
[DEBUG] 17:06:25.769 [AiEngine] Adaptive time: 3000ms, depth: 4, reason: endgame, emergency: false
[DEBUG] 17:06:25.769 [AiEngine] Using JS Search
[DEBUG] 17:06:25.783 [AiEngine] Adaptive time: 3000ms, depth: 4, reason: endgame, emergency: false
[DEBUG] 17:06:25.783 [AiEngine] Using JS Search
[DEBUG] 17:06:25.819 [AiEngine] Adaptive time: 3000ms, depth: 4, reason: endgame, emergency: false
[DEBUG] 17:06:25.819 [AiEngine] Using JS Search
[DEBUG] 17:06:25.842 [AiEngine] Adaptive time: 3000ms, depth: 4, reason: endgame, emergency: false
[DEBUG] 17:06:25.842 [AiEngine] Using JS Search
[DEBUG] 17:06:25.866 [AiEngine] Adaptive time: 3000ms, depth: 4, reason: endgame, tactical, emergency: false
[DEBUG] 17:06:25.866 [AiEngine] Using JS Search
[DEBUG] 17:06:25.901 [AiEngine] Adaptive time: 3000ms, depth: 4, reason: endgame, emergency: false
[DEBUG] 17:06:25.901 [AiEngine] Using JS Search
[DEBUG] 17:06:25.918 [AiEngine] Adaptive time: 3000ms, depth: 4, reason: endgame, tactical, emergency: false
[DEBUG] 17:06:25.918 [AiEngine] Using JS Search
[DEBUG] 17:06:25.942 [AiEngine] Adaptive time: 3000ms, depth: 4, reason: endgame, in-check, emergency: false
[DEBUG] 17:06:25.942 [AiEngine] Using JS Search
[DEBUG] 17:06:25.991 [AiEngine] Adaptive time: 3000ms, depth: 4, reason: endgame, emergency: false
[DEBUG] 17:06:25.991 [AiEngine] Using JS Search
[DEBUG] 17:06:26.002 [AiEngine] Adaptive time: 3000ms, depth: 4, reason: endgame, emergency: false
[DEBUG] 17:06:26.002 [AiEngine] Using JS Search
[DEBUG] 17:06:26.018 [AiEngine] Adaptive time: 3000ms, depth: 4, reason: endgame, emergency: false
[DEBUG] 17:06:26.018 [AiEngine] Using JS Search
[DEBUG] 17:06:26.025 [AiEngine] Adaptive time: 3000ms, depth: 4, reason: endgame, emergency: false
[DEBUG] 17:06:26.025 [AiEngine] Using JS Search
[DEBUG] 17:06:26.046 [AiEngine] Adaptive time: 3000ms, depth: 4, reason: endgame, emergency: false
[DEBUG] 17:06:26.046 [AiEngine] Using JS Search
[DEBUG] 17:06:26.053 [AiEngine] Adaptive time: 3000ms, depth: 4, reason: endgame, emergency: false
[DEBUG] 17:06:26.053 [AiEngine] Using JS Search
[DEBUG] 17:06:26.074 [AiEngine] Adaptive time: 3000ms, depth: 4, reason: endgame, emergency: false
[DEBUG] 17:06:26.074 [AiEngine] Using JS Search
[DEBUG] 17:06:26.088 [AiEngine] Adaptive time: 3000ms, depth: 4, reason: endgame, emergency: false
[DEBUG] 17:06:26.088 [AiEngine] Using JS Search
[DEBUG] 17:06:26.131 [AiEngine] Adaptive time: 3000ms, depth: 4, reason: endgame, emergency: false
[DEBUG] 17:06:26.131 [AiEngine] Using JS Search
[DEBUG] 17:06:26.159 [AiEngine] Adaptive time: 3000ms, depth: 4, reason: endgame, emergency: false
[DEBUG] 17:06:26.159 [AiEngine] Using JS Search
[DEBUG] 17:06:26.183 [AiEngine] Adaptive time: 3000ms, depth: 4, reason: endgame, emergency: false
[DEBUG] 17:06:26.183 [AiEngine] Using JS Search
[DEBUG] 17:06:26.193 [AiEngine] Adaptive time: 3000ms, depth: 4, reason: endgame, emergency: false
[DEBUG] 17:06:26.193 [AiEngine] Using JS Search
[DEBUG] 17:06:26.214 [AiEngine] Adaptive time: 3000ms, depth: 4, reason: endgame, emergency: false
[DEBUG] 17:06:26.214 [AiEngine] Using JS Search
[DEBUG] 17:06:26.219 [AiEngine] Adaptive time: 3000ms, depth: 4, reason: endgame, emergency: false
[DEBUG] 17:06:26.219 [AiEngine] Using JS Search
[DEBUG] 17:06:26.232 [AiEngine] Adaptive time: 3000ms, depth: 4, reason: endgame, emergency: false
[DEBUG] 17:06:26.232 [AiEngine] Using JS Search
[DEBUG] 17:06:26.243 [AiEngine] Adaptive time: 3000ms, depth: 4, reason: endgame, emergency: false
[DEBUG] 17:06:26.243 [AiEngine] Using JS Search
[DEBUG] 17:06:26.264 [AiEngine] Adaptive time: 3000ms, depth: 4, reason: endgame, emergency: false
[DEBUG] 17:06:26.264 [AiEngine] Using JS Search
[DEBUG] 17:06:26.273 [AiEngine] Adaptive time: 500ms, depth: 4, reason: midgame, opening, emergency: false
[DEBUG] 17:06:26.273 [AiEngine] Using JS Search
[DEBUG] 17:06:26.274 [AiEngine] Adaptive time: 500ms, depth: 4, reason: midgame, opening, emergency: false
[DEBUG] 17:06:26.274 [AiEngine] Using JS Search
[DEBUG] 17:06:26.274 [AiEngine] Adaptive time: 500ms, depth: 4, reason: midgame, opening, emergency: false
[DEBUG] 17:06:26.274 [AiEngine] Using JS Search
[DEBUG] 17:06:26.275 [AiEngine] Adaptive time: 500ms, depth: 4, reason: midgame, opening, tactical, emergency: false
[DEBUG] 17:06:26.275 [AiEngine] Using JS Search
[DEBUG] 17:06:26.344 [AiEngine] Adaptive time: 500ms, depth: 4, reason: midgame, opening, emergency: false
[DEBUG] 17:06:26.344 [AiEngine] Using JS Search
[DEBUG] 17:06:26.528 [AiEngine] Adaptive time: 500ms, depth: 4, reason: midgame, opening, emergency: false
[DEBUG] 17:06:26.529 [AiEngine] Using JS Search
[DEBUG] 17:06:26.605 [AiEngine] Adaptive time: 500ms, depth: 4, reason: midgame, opening, emergency: false
[DEBUG] 17:06:26.605 [AiEngine] Using JS Search
[DEBUG] 17:06:26.835 [AiEngine] Adaptive time: 500ms, depth: 4, reason: midgame, opening, emergency: false
[DEBUG] 17:06:26.835 [AiEngine] Using JS Search
[DEBUG] 17:06:26.998 [AiEngine] Adaptive time: 500ms, depth: 4, reason: midgame, opening, tactical, emergency: false
[DEBUG] 17:06:26.998 [AiEngine] Using JS Search
[DEBUG] 17:06:27.391 [AiEngine] Adaptive time: 500ms, depth: 4, reason: midgame, opening, emergency: false
[DEBUG] 17:06:27.391 [AiEngine] Using JS Search
[DEBUG] 17:06:27.573 [AiEngine] Adaptive time: 500ms, depth: 4, reason: midgame, opening, tactical, emergency: false
[DEBUG] 17:06:27.573 [AiEngine] Using JS Search
[DEBUG] 17:06:27.763 [AiEngine] Adaptive time: 500ms, depth: 4, reason: midgame, opening, emergency: false
[DEBUG] 17:06:27.763 [AiEngine] Using JS Search
[DEBUG] 17:06:28.099 [AiEngine] Adaptive time: 500ms, depth: 4, reason: midgame, opening, tactical, emergency: false
[DEBUG] 17:06:28.099 [AiEngine] Using JS Search
[DEBUG] 17:06:28.293 [AiEngine] Adaptive time: 500ms, depth: 4, reason: midgame, opening, emergency: false
[DEBUG] 17:06:28.293 [AiEngine] Using JS Search
[DEBUG] 17:06:28.453 [AiEngine] Adaptive time: 500ms, depth: 4, reason: midgame, opening, tactical, emergency: false
[DEBUG] 17:06:28.453 [AiEngine] Using JS Search
[DEBUG] 17:06:28.770 [AiEngine] Adaptive time: 500ms, depth: 4, reason: midgame, opening, tactical, emergency: false
[DEBUG] 17:06:28.770 [AiEngine] Using JS Search
[DEBUG] 17:06:29.692 [AiEngine] Adaptive time: 500ms, depth: 4, reason: midgame, opening, tactical, emergency: false
[DEBUG] 17:06:29.692 [AiEngine] Using JS Search
[DEBUG] 17:06:29.879 [AiEngine] Adaptive time: 500ms, depth: 4, reason: midgame, opening, emergency: false
[DEBUG] 17:06:29.879 [AiEngine] Using JS Search
[DEBUG] 17:06:30.039 [AiEngine] Adaptive time: 500ms, depth: 4, reason: midgame, opening, tactical, emergency: false
[DEBUG] 17:06:30.039 [AiEngine] Using JS Search
[DEBUG] 17:06:30.328 [AiEngine] Adaptive time: 500ms, depth: 4, reason: midgame, opening, tactical, emergency: false
[DEBUG] 17:06:30.328 [AiEngine] Using JS Search
[DEBUG] 17:06:30.647 [AiEngine] Adaptive time: 500ms, depth: 4, reason: midgame, opening, tactical, emergency: false
[DEBUG] 17:06:30.647 [AiEngine] Using JS Search
[DEBUG] 17:06:31.083 [AiEngine] Adaptive time: 500ms, depth: 4, reason: midgame, opening, tactical, emergency: false
[DEBUG] 17:06:31.084 [AiEngine] Using JS Search
[DEBUG] 17:06:31.294 [AiEngine] Adaptive time: 500ms, depth: 4, reason: midgame, opening, tactical, emergency: false
[DEBUG] 17:06:31.294 [AiEngine] Using JS Search
[DEBUG] 17:06:31.637 [AiEngine] Adaptive time: 500ms, depth: 4, reason: midgame, opening, tactical, emergency: false
[DEBUG] 17:06:31.637 [AiEngine] Using JS Search
[DEBUG] 17:06:31.826 [AiEngine] Adaptive time: 500ms, depth: 4, reason: midgame, opening, tactical, emergency: false
[DEBUG] 17:06:31.826 [AiEngine] Using JS Search
[DEBUG] 17:06:31.960 [AiEngine] Adaptive time: 500ms, depth: 4, reason: midgame, opening, tactical, emergency: false
[DEBUG] 17:06:31.960 [AiEngine] Using JS Search
[DEBUG] 17:06:32.075 [AiEngine] Adaptive time: 500ms, depth: 4, reason: midgame, opening, tactical, emergency: false
[DEBUG] 17:06:32.075 [AiEngine] Using JS Search
[DEBUG] 17:06:32.248 [AiEngine] Adaptive time: 500ms, depth: 4, reason: midgame, opening, tactical, emergency: false
[DEBUG] 17:06:32.248 [AiEngine] Using JS Search
[DEBUG] 17:06:32.422 [AiEngine] Adaptive time: 500ms, depth: 4, reason: midgame, opening, tactical, emergency: false
[DEBUG] 17:06:32.422 [AiEngine] Using JS Search
[DEBUG] 17:06:32.509 [AiEngine] Adaptive time: 500ms, depth: 4, reason: midgame, opening, in-check, emergency: false
[DEBUG] 17:06:32.509 [AiEngine] Using JS Search
[DEBUG] 17:06:32.530 [AiEngine] Adaptive time: 500ms, depth: 4, reason: midgame, opening, tactical, emergency: false
[DEBUG] 17:06:32.530 [AiEngine] Using JS Search
[DEBUG] 17:06:32.600 [AiEngine] Adaptive time: 500ms, depth: 4, reason: midgame, opening, emergency: false
[DEBUG] 17:06:32.600 [AiEngine] Using JS Search
[DEBUG] 17:06:32.654 [AiEngine] Adaptive time: 500ms, depth: 4, reason: midgame, opening, emergency: false
[DEBUG] 17:06:32.654 [AiEngine] Using JS Search
[DEBUG] 17:06:32.862 [AiEngine] Adaptive time: 500ms, depth: 4, reason: midgame, opening, emergency: false
[DEBUG] 17:06:32.862 [AiEngine] Using JS Search
[DEBUG] 17:06:33.049 [AiEngine] Adaptive time: 500ms, depth: 4, reason: midgame, opening, emergency: false
[DEBUG] 17:06:33.049 [AiEngine] Using JS Search
[DEBUG] 17:06:33.187 [AiEngine] Adaptive time: 500ms, depth: 4, reason: midgame, opening, emergency: false
[DEBUG] 17:06:33.187 [AiEngine] Using JS Search
[DEBUG] 17:06:33.344 [AiEngine] Adaptive time: 500ms, depth: 4, reason: midgame, opening, tactical, emergency: false
[DEBUG] 17:06:33.344 [AiEngine] Using JS Search
[DEBUG] 17:06:33.622 [AiEngine] Adaptive time: 500ms, depth: 4, reason: midgame, opening, emergency: false
[DEBUG] 17:06:33.623 [AiEngine] Using JS Search
[DEBUG] 17:06:33.764 [AiEngine] Adaptive time: 500ms, depth: 4, reason: midgame, opening, tactical, emergency: false
[DEBUG] 17:06:33.765 [AiEngine] Using JS Search
[DEBUG] 17:06:34.057 [AiEngine] Adaptive time: 500ms, depth: 4, reason: midgame, opening, emergency: false
[DEBUG] 17:06:34.057 [AiEngine] Using JS Search
[DEBUG] 17:06:34.200 [AiEngine] Adaptive time: 3000ms, depth: 4, reason: midgame, tactical, emergency: false
[DEBUG] 17:06:34.200 [AiEngine] Using JS Search
[DEBUG] 17:06:34.498 [AiEngine] Adaptive time: 3000ms, depth: 4, reason: midgame, emergency: false
[DEBUG] 17:06:34.498 [AiEngine] Using JS Search
[DEBUG] 17:06:34.653 [AiEngine] Adaptive time: 3000ms, depth: 4, reason: midgame, tactical, emergency: false
[DEBUG] 17:06:34.653 [AiEngine] Using JS Search
[DEBUG] 17:06:34.929 [AiEngine] Adaptive time: 3000ms, depth: 4, reason: midgame, emergency: false
[DEBUG] 17:06:34.929 [AiEngine] Using JS Search
[DEBUG] 17:06:35.202 [AiEngine] Adaptive time: 3000ms, depth: 4, reason: midgame, tactical, emergency: false
[DEBUG] 17:06:35.202 [AiEngine] Using JS Search
[DEBUG] 17:06:35.385 [AiEngine] Adaptive time: 3000ms, depth: 4, reason: midgame, emergency: false
[DEBUG] 17:06:35.386 [AiEngine] Using JS Search
[DEBUG] 17:06:35.529 [AiEngine] Adaptive time: 3000ms, depth: 4, reason: midgame, tactical, emergency: false
[DEBUG] 17:06:35.529 [AiEngine] Using JS Search
[DEBUG] 17:06:35.751 [AiEngine] Adaptive time: 3000ms, depth: 4, reason: midgame, emergency: false
[DEBUG] 17:06:35.752 [AiEngine] Using JS Search
[DEBUG] 17:06:35.885 [AiEngine] Adaptive time: 3000ms, depth: 4, reason: midgame, tactical, emergency: false
[DEBUG] 17:06:35.886 [AiEngine] Using JS Search
[DEBUG] 17:06:36.230 [AiEngine] Adaptive time: 3000ms, depth: 4, reason: midgame, emergency: false
[DEBUG] 17:06:36.230 [AiEngine] Using JS Search
[DEBUG] 17:06:36.374 [AiEngine] Adaptive time: 3000ms, depth: 4, reason: midgame, tactical, emergency: false
[DEBUG] 17:06:36.374 [AiEngine] Using JS Search
[DEBUG] 17:06:36.646 [AiEngine] Adaptive time: 3000ms, depth: 4, reason: midgame, emergency: false
[DEBUG] 17:06:36.646 [AiEngine] Using JS Search
[DEBUG] 17:06:36.782 [AiEngine] Adaptive time: 3000ms, depth: 4, reason: midgame, tactical, emergency: false
[DEBUG] 17:06:36.782 [AiEngine] Using JS Search
[DEBUG] 17:06:37.177 [AiEngine] Adaptive time: 3000ms, depth: 4, reason: midgame, emergency: false
[DEBUG] 17:06:37.177 [AiEngine] Using JS Search
[DEBUG] 17:06:37.317 [AiEngine] Adaptive time: 3000ms, depth: 4, reason: midgame, tactical, emergency: false
[DEBUG] 17:06:37.317 [AiEngine] Using JS Search
[DEBUG] 17:06:37.574 [AiEngine] Adaptive time: 3000ms, depth: 4, reason: midgame, emergency: false
[DEBUG] 17:06:37.574 [AiEngine] Using JS Search
[DEBUG] 17:06:37.753 [AiEngine] Adaptive time: 3000ms, depth: 4, reason: midgame, tactical, emergency: false
[DEBUG] 17:06:37.753 [AiEngine] Using JS Search
[DEBUG] 17:06:38.099 [AiEngine] Adaptive time: 3000ms, depth: 4, reason: midgame, emergency: false
[DEBUG] 17:06:38.099 [AiEngine] Using JS Search
[DEBUG] 17:06:38.254 [AiEngine] Adaptive time: 3000ms, depth: 4, reason: midgame, tactical, emergency: false
[DEBUG] 17:06:38.254 [AiEngine] Using JS Search
[DEBUG] 17:06:38.527 [AiEngine] Adaptive time: 3000ms, depth: 4, reason: midgame, emergency: false
[DEBUG] 17:06:38.527 [AiEngine] Using JS Search
[DEBUG] 17:06:38.693 [AiEngine] Adaptive time: 3000ms, depth: 4, reason: midgame, tactical, emergency: false
[DEBUG] 17:06:38.693 [AiEngine] Using JS Search
[DEBUG] 17:06:38.927 [AiEngine] Adaptive time: 3000ms, depth: 4, reason: midgame, emergency: false
[DEBUG] 17:06:38.928 [AiEngine] Using JS Search
[DEBUG] 17:06:39.119 [AiEngine] Adaptive time: 3000ms, depth: 4, reason: midgame, tactical, emergency: false
[DEBUG] 17:06:39.119 [AiEngine] Using JS Search
[DEBUG] 17:06:39.440 [AiEngine] Adaptive time: 3000ms, depth: 4, reason: midgame, emergency: false
[DEBUG] 17:06:39.440 [AiEngine] Using JS Search
[DEBUG] 17:06:39.628 [AiEngine] Adaptive time: 3000ms, depth: 4, reason: midgame, tactical, emergency: false
[DEBUG] 17:06:39.628 [AiEngine] Using JS Search
[DEBUG] 17:06:40.225 [AiEngine] Adaptive time: 3000ms, depth: 4, reason: midgame, emergency: false
[DEBUG] 17:06:40.225 [AiEngine] Using JS Search
[DEBUG] 17:06:40.383 [AiEngine] Adaptive time: 500ms, depth: 4, reason: midgame, opening, emergency: false
[DEBUG] 17:06:40.383 [AiEngine] Using JS Search
[DEBUG] 17:06:40.383 [AiEngine] Adaptive time: 500ms, depth: 4, reason: midgame, opening, emergency: false
[DEBUG] 17:06:40.383 [AiEngine] Using JS Search
[DEBUG] 17:06:40.383 [AiEngine] Adaptive time: 500ms, depth: 4, reason: midgame, opening, emergency: false
[DEBUG] 17:06:40.383 [AiEngine] Using JS Search
[DEBUG] 17:06:40.383 [AiEngine] Adaptive time: 500ms, depth: 4, reason: midgame, opening, tactical, emergency: false
[DEBUG] 17:06:40.383 [AiEngine] Using JS Search
[DEBUG] 17:06:40.424 [AiEngine] Adaptive time: 500ms, depth: 4, reason: midgame, opening, emergency: false
[DEBUG] 17:06:40.424 [AiEngine] Using JS Search
[DEBUG] 17:06:40.523 [AiEngine] Adaptive time: 500ms, depth: 4, reason: midgame, opening, tactical, emergency: false
[DEBUG] 17:06:40.523 [AiEngine] Using JS Search
[DEBUG] 17:06:40.603 [AiEngine] Adaptive time: 500ms, depth: 4, reason: midgame, opening, emergency: false
[DEBUG] 17:06:40.603 [AiEngine] Using JS Search
[DEBUG] 17:06:40.644 [AiEngine] Adaptive time: 500ms, depth: 4, reason: midgame, opening, tactical, emergency: false
[DEBUG] 17:06:40.644 [AiEngine] Using JS Search
[DEBUG] 17:06:40.741 [AiEngine] Adaptive time: 500ms, depth: 4, reason: midgame, opening, emergency: false
[DEBUG] 17:06:40.741 [AiEngine] Using JS Search
[DEBUG] 17:06:40.834 [AiEngine] Adaptive time: 500ms, depth: 4, reason: midgame, opening, emergency: false
[DEBUG] 17:06:40.835 [AiEngine] Using JS Search
[DEBUG] 17:06:40.838 [AiEngine] Adaptive time: 500ms, depth: 4, reason: midgame, opening, emergency: false
[DEBUG] 17:06:40.838 [AiEngine] Using JS Search
[DEBUG] 17:06:40.982 [AiEngine] Adaptive time: 500ms, depth: 4, reason: midgame, opening, emergency: false
[DEBUG] 17:06:40.982 [AiEngine] Using JS Search
[DEBUG] 17:06:41.128 [AiEngine] Adaptive time: 500ms, depth: 4, reason: midgame, opening, emergency: false
[DEBUG] 17:06:41.128 [AiEngine] Using JS Search
[DEBUG] 17:06:41.574 [AiEngine] Adaptive time: 500ms, depth: 4, reason: midgame, opening, emergency: false
[DEBUG] 17:06:41.574 [AiEngine] Using JS Search
[DEBUG] 17:06:41.790 [AiEngine] Adaptive time: 500ms, depth: 4, reason: midgame, opening, emergency: false
[DEBUG] 17:06:41.790 [AiEngine] Using JS Search
[DEBUG] 17:06:42.073 [AiEngine] Adaptive time: 500ms, depth: 4, reason: midgame, opening, emergency: false
[DEBUG] 17:06:42.073 [AiEngine] Using JS Search
[DEBUG] 17:06:42.287 [AiEngine] Adaptive time: 500ms, depth: 4, reason: midgame, opening, tactical, emergency: false
[DEBUG] 17:06:42.287 [AiEngine] Using JS Search
[DEBUG] 17:06:42.527 [AiEngine] Adaptive time: 500ms, depth: 4, reason: midgame, opening, emergency: false
[DEBUG] 17:06:42.527 [AiEngine] Using JS Search
[DEBUG] 17:06:42.669 [AiEngine] Adaptive time: 500ms, depth: 4, reason: midgame, opening, tactical, emergency: false
[DEBUG] 17:06:42.669 [AiEngine] Using JS Search
[DEBUG] 17:06:42.769 [AiEngine] Adaptive time: 500ms, depth: 4, reason: midgame, opening, emergency: false
[DEBUG] 17:06:42.769 [AiEngine] Using JS Search
[DEBUG] 17:06:42.869 [AiEngine] Adaptive time: 500ms, depth: 4, reason: midgame, opening, tactical, emergency: false
[DEBUG] 17:06:42.870 [AiEngine] Using JS Search
[DEBUG] 17:06:42.997 [AiEngine] Adaptive time: 500ms, depth: 4, reason: midgame, opening, in-check, emergency: false
[DEBUG] 17:06:42.997 [AiEngine] Using JS Search
[DEBUG] 17:06:43.041 [AiEngine] Adaptive time: 500ms, depth: 4, reason: midgame, opening, tactical, emergency: false
[DEBUG] 17:06:43.041 [AiEngine] Using JS Search
[DEBUG] 17:06:43.174 [AiEngine] Adaptive time: 500ms, depth: 4, reason: midgame, opening, in-check, emergency: false
[DEBUG] 17:06:43.174 [AiEngine] Using JS Search
[DEBUG] 17:06:43.308 [AiEngine] Adaptive time: 500ms, depth: 4, reason: midgame, opening, emergency: false
[DEBUG] 17:06:43.308 [AiEngine] Using JS Search
[DEBUG] 17:06:43.482 [AiEngine] Adaptive time: 500ms, depth: 4, reason: midgame, opening, emergency: false
[DEBUG] 17:06:43.482 [AiEngine] Using JS Search
[DEBUG] 17:06:43.610 [AiEngine] Adaptive time: 500ms, depth: 4, reason: midgame, opening, emergency: false
[DEBUG] 17:06:43.610 [AiEngine] Using JS Search
[DEBUG] 17:06:43.833 [AiEngine] Adaptive time: 500ms, depth: 4, reason: midgame, opening, emergency: false
[DEBUG] 17:06:43.833 [AiEngine] Using JS Search
[DEBUG] 17:06:43.961 [AiEngine] Adaptive time: 500ms, depth: 4, reason: midgame, opening, emergency: false
[DEBUG] 17:06:43.961 [AiEngine] Using JS Search
[DEBUG] 17:06:44.258 [AiEngine] Adaptive time: 500ms, depth: 4, reason: midgame, opening, tactical, emergency: false
[DEBUG] 17:06:44.258 [AiEngine] Using JS Search
[DEBUG] 17:06:44.353 [AiEngine] Adaptive time: 500ms, depth: 4, reason: midgame, opening, emergency: false
[DEBUG] 17:06:44.353 [AiEngine] Using JS Search
[DEBUG] 17:06:44.457 [AiEngine] Adaptive time: 500ms, depth: 4, reason: midgame, opening, tactical, emergency: false
[DEBUG] 17:06:44.457 [AiEngine] Using JS Search
[DEBUG] 17:06:44.581 [AiEngine] Adaptive time: 500ms, depth: 4, reason: midgame, opening, emergency: false
[DEBUG] 17:06:44.581 [AiEngine] Using JS Search
[DEBUG] 17:06:44.736 [AiEngine] Adaptive time: 500ms, depth: 4, reason: midgame, opening, emergency: false
[DEBUG] 17:06:44.736 [AiEngine] Using JS Search
[DEBUG] 17:06:44.780 [AiEngine] Adaptive time: 500ms, depth: 4, reason: midgame, opening, emergency: false
[DEBUG] 17:06:44.780 [AiEngine] Using JS Search
[DEBUG] 17:06:44.936 [AiEngine] Adaptive time: 500ms, depth: 4, reason: midgame, opening, emergency: false
[DEBUG] 17:06:44.937 [AiEngine] Using JS Search
[DEBUG] 17:06:45.028 [AiEngine] Adaptive time: 500ms, depth: 4, reason: midgame, opening, emergency: false
[DEBUG] 17:06:45.028 [AiEngine] Using JS Search
[DEBUG] 17:06:45.174 [AiEngine] Adaptive time: 500ms, depth: 4, reason: midgame, opening, emergency: false
[DEBUG] 17:06:45.174 [AiEngine] Using JS Search
[DEBUG] 17:06:45.328 [AiEngine] Adaptive time: 500ms, depth: 4, reason: midgame, opening, tactical, emergency: false
[DEBUG] 17:06:45.328 [AiEngine] Using JS Search
[DEBUG] 17:06:45.485 [AiEngine] Adaptive time: 500ms, depth: 4, reason: midgame, opening, tactical, emergency: false
[DEBUG] 17:06:45.485 [AiEngine] Using JS Search
[DEBUG] 17:06:45.694 [AiEngine] Adaptive time: 3000ms, depth: 4, reason: midgame, tactical, emergency: false
[DEBUG] 17:06:45.694 [AiEngine] Using JS Search
[DEBUG] 17:06:45.858 [AiEngine] Adaptive time: 3000ms, depth: 4, reason: midgame, tactical, emergency: false
[DEBUG] 17:06:45.858 [AiEngine] Using JS Search
[DEBUG] 17:06:46.062 [AiEngine] Adaptive time: 3000ms, depth: 4, reason: midgame, tactical, emergency: false
[DEBUG] 17:06:46.062 [AiEngine] Using JS Search
[DEBUG] 17:06:46.249 [AiEngine] Adaptive time: 3000ms, depth: 4, reason: midgame, emergency: false
[DEBUG] 17:06:46.249 [AiEngine] Using JS Search
[DEBUG] 17:06:46.369 [AiEngine] Adaptive time: 3000ms, depth: 4, reason: midgame, tactical, emergency: false
[DEBUG] 17:06:46.369 [AiEngine] Using JS Search
[DEBUG] 17:06:46.546 [AiEngine] Adaptive time: 3000ms, depth: 4, reason: midgame, tactical, emergency: false
[DEBUG] 17:06:46.546 [AiEngine] Using JS Search
[DEBUG] 17:06:46.793 [AiEngine] Adaptive time: 3000ms, depth: 4, reason: midgame, tactical, emergency: false
[DEBUG] 17:06:46.793 [AiEngine] Using JS Search
[DEBUG] 17:06:47.008 [AiEngine] Adaptive time: 3000ms, depth: 4, reason: midgame, emergency: false
[DEBUG] 17:06:47.008 [AiEngine] Using JS Search
[DEBUG] 17:06:47.151 [AiEngine] Adaptive time: 3000ms, depth: 4, reason: midgame, tactical, emergency: false
[DEBUG] 17:06:47.151 [AiEngine] Using JS Search
[DEBUG] 17:06:47.373 [AiEngine] Adaptive time: 3000ms, depth: 4, reason: midgame, tactical, emergency: false
[DEBUG] 17:06:47.373 [AiEngine] Using JS Search
[DEBUG] 17:06:47.591 [AiEngine] Adaptive time: 3000ms, depth: 4, reason: midgame, tactical, emergency: false
[DEBUG] 17:06:47.591 [AiEngine] Using JS Search
[DEBUG] 17:06:47.809 [AiEngine] Adaptive time: 3000ms, depth: 4, reason: midgame, tactical, emergency: false
[DEBUG] 17:06:47.809 [AiEngine] Using JS Search
[DEBUG] 17:06:47.939 [AiEngine] Adaptive time: 3000ms, depth: 4, reason: midgame, tactical, emergency: false
[DEBUG] 17:06:47.939 [AiEngine] Using JS Search
[DEBUG] 17:06:48.217 [AiEngine] Adaptive time: 3000ms, depth: 4, reason: midgame, tactical, emergency: false
[DEBUG] 17:06:48.217 [AiEngine] Using JS Search
[DEBUG] 17:06:48.458 [AiEngine] Adaptive time: 3000ms, depth: 4, reason: midgame, tactical, emergency: false
[DEBUG] 17:06:48.458 [AiEngine] Using JS Search
[DEBUG] 17:06:48.614 [AiEngine] Adaptive time: 3000ms, depth: 4, reason: midgame, tactical, emergency: false
[DEBUG] 17:06:48.614 [AiEngine] Using JS Search
[DEBUG] 17:06:48.778 [AiEngine] Adaptive time: 3000ms, depth: 4, reason: midgame, tactical, emergency: false
[DEBUG] 17:06:48.778 [AiEngine] Using JS Search
[DEBUG] 17:06:48.939 [AiEngine] Adaptive time: 3000ms, depth: 4, reason: midgame, tactical, emergency: false
[DEBUG] 17:06:48.939 [AiEngine] Using JS Search
[DEBUG] 17:06:49.223 [AiEngine] Adaptive time: 3000ms, depth: 4, reason: midgame, tactical, emergency: false
[DEBUG] 17:06:49.223 [AiEngine] Using JS Search
[DEBUG] 17:06:49.400 [AiEngine] Adaptive time: 3000ms, depth: 4, reason: midgame, tactical, emergency: false
[DEBUG] 17:06:49.400 [AiEngine] Using JS Search
[DEBUG] 17:06:49.574 [AiEngine] Adaptive time: 3000ms, depth: 4, reason: midgame, tactical, emergency: false
[DEBUG] 17:06:49.574 [AiEngine] Using JS Search
[DEBUG] 17:06:49.763 [AiEngine] Adaptive time: 3000ms, depth: 4, reason: midgame, emergency: false
[DEBUG] 17:06:49.763 [AiEngine] Using JS Search
[DEBUG] 17:06:49.907 [AiEngine] Adaptive time: 3000ms, depth: 4, reason: midgame, tactical, emergency: false
[DEBUG] 17:06:49.907 [AiEngine] Using JS Search
[DEBUG] 17:06:50.124 [AiEngine] Adaptive time: 3000ms, depth: 4, reason: midgame, emergency: false
[DEBUG] 17:06:50.124 [AiEngine] Using JS Search
[DEBUG] 17:06:50.226 [AiEngine] Adaptive time: 3000ms, depth: 4, reason: midgame, tactical, emergency: false
[DEBUG] 17:06:50.226 [AiEngine] Using JS Search
[DEBUG] 17:06:50.409 [AiEngine] Adaptive time: 3000ms, depth: 4, reason: midgame, emergency: false
[DEBUG] 17:06:50.410 [AiEngine] Using JS Search
[DEBUG] 17:06:50.582 [AiEngine] Adaptive time: 3000ms, depth: 4, reason: midgame, tactical, emergency: false
[DEBUG] 17:06:50.583 [AiEngine] Using JS Search
[DEBUG] 17:06:50.775 [AiEngine] Adaptive time: 3000ms, depth: 4, reason: midgame, tactical, emergency: false
[DEBUG] 17:06:50.775 [AiEngine] Using JS Search
[DEBUG] 17:06:50.901 [AiEngine] Adaptive time: 3000ms, depth: 4, reason: midgame, emergency: false
[DEBUG] 17:06:50.901 [AiEngine] Using JS Search
[DEBUG] 17:06:51.002 [AiEngine] Adaptive time: 3000ms, depth: 4, reason: midgame, emergency: false
[DEBUG] 17:06:51.002 [AiEngine] Using JS Search
[DEBUG] 17:06:51.147 [AiEngine] Adaptive time: 3000ms, depth: 4, reason: midgame, tactical, emergency: false
[DEBUG] 17:06:51.147 [AiEngine] Using JS Search
[DEBUG] 17:06:51.270 [AiEngine] Adaptive time: 3000ms, depth: 4, reason: midgame, emergency: false
[DEBUG] 17:06:51.270 [AiEngine] Using JS Search
[DEBUG] 17:06:51.322 [AiEngine] Adaptive time: 3000ms, depth: 4, reason: midgame, tactical, emergency: false
[DEBUG] 17:06:51.322 [AiEngine] Using JS Search
[DEBUG] 17:06:51.401 [AiEngine] Adaptive time: 3000ms, depth: 4, reason: midgame, emergency: false
[DEBUG] 17:06:51.401 [AiEngine] Using JS Search
[DEBUG] 17:06:51.465 [AiEngine] Adaptive time: 3000ms, depth: 4, reason: midgame, tactical, emergency: false
[DEBUG] 17:06:51.465 [AiEngine] Using JS Search
[DEBUG] 17:06:51.541 [AiEngine] Adaptive time: 3000ms, depth: 4, reason: midgame, emergency: false
[DEBUG] 17:06:51.541 [AiEngine] Using JS Search
[DEBUG] 17:06:51.599 [AiEngine] Adaptive time: 3000ms, depth: 4, reason: midgame, tactical, emergency: false
[DEBUG] 17:06:51.599 [AiEngine] Using JS Search
[DEBUG] 17:06:51.728 [AiEngine] Adaptive time: 3000ms, depth: 4, reason: midgame, emergency: false
[DEBUG] 17:06:51.728 [AiEngine] Using JS Search
[DEBUG] 17:06:51.768 [AiEngine] Adaptive time: 3000ms, depth: 4, reason: midgame, tactical, emergency: false
[DEBUG] 17:06:51.768 [AiEngine] Using JS Search
[DEBUG] 17:06:51.905 [AiEngine] Adaptive time: 3000ms, depth: 4, reason: midgame, emergency: false
[DEBUG] 17:06:51.905 [AiEngine] Using JS Search
[DEBUG] 17:06:51.961 [AiEngine] Adaptive time: 3000ms, depth: 4, reason: midgame, emergency: false
[DEBUG] 17:06:51.961 [AiEngine] Using JS Search
[DEBUG] 17:06:52.139 [AiEngine] Adaptive time: 3000ms, depth: 4, reason: midgame, emergency: false
[DEBUG] 17:06:52.139 [AiEngine] Using JS Search
[DEBUG] 17:06:52.210 [AiEngine] Adaptive time: 3000ms, depth: 4, reason: midgame, emergency: false
[DEBUG] 17:06:52.210 [AiEngine] Using JS Search
[DEBUG] 17:06:52.320 [AiEngine] Adaptive time: 3000ms, depth: 4, reason: midgame, emergency: false
[DEBUG] 17:06:52.320 [AiEngine] Using JS Search
[DEBUG] 17:06:52.396 [AiEngine] Adaptive time: 3000ms, depth: 4, reason: midgame, emergency: false
[DEBUG] 17:06:52.396 [AiEngine] Using JS Search
[DEBUG] 17:06:52.495 [AiEngine] Adaptive time: 3000ms, depth: 4, reason: midgame, emergency: false
[DEBUG] 17:06:52.495 [AiEngine] Using JS Search
[DEBUG] 17:06:52.562 [AiEngine] Adaptive time: 3000ms, depth: 4, reason: midgame, tactical, emergency: false
[DEBUG] 17:06:52.562 [AiEngine] Using JS Search
[DEBUG] 17:06:52.643 [AiEngine] Adaptive time: 3000ms, depth: 4, reason: midgame, emergency: false
[DEBUG] 17:06:52.643 [AiEngine] Using JS Search
[DEBUG] 17:06:52.730 [AiEngine] Adaptive time: 3000ms, depth: 4, reason: midgame, tactical, emergency: false
[DEBUG] 17:06:52.730 [AiEngine] Using JS Search
[DEBUG] 17:06:52.834 [AiEngine] Adaptive time: 3000ms, depth: 4, reason: midgame, emergency: false
[DEBUG] 17:06:52.834 [AiEngine] Using JS Search
[DEBUG] 17:06:52.884 [AiEngine] Adaptive time: 3000ms, depth: 4, reason: midgame, tactical, emergency: false
[DEBUG] 17:06:52.884 [AiEngine] Using JS Search
[DEBUG] 17:06:53.046 [AiEngine] Adaptive time: 3000ms, depth: 4, reason: midgame, emergency: false
[DEBUG] 17:06:53.046 [AiEngine] Using JS Search
[DEBUG] 17:06:53.122 [AiEngine] Adaptive time: 3000ms, depth: 4, reason: midgame, emergency: false
[DEBUG] 17:06:53.122 [AiEngine] Using JS Search
[DEBUG] 17:06:53.377 [AiEngine] Adaptive time: 3000ms, depth: 4, reason: midgame, emergency: false
[DEBUG] 17:06:53.377 [AiEngine] Using JS Search
[DEBUG] 17:06:53.426 [AiEngine] Adaptive time: 3000ms, depth: 4, reason: midgame, emergency: false
[DEBUG] 17:06:53.426 [AiEngine] Using JS Search
[DEBUG] 17:06:53.692 [AiEngine] Adaptive time: 3000ms, depth: 4, reason: midgame, emergency: false
[DEBUG] 17:06:53.692 [AiEngine] Using JS Search
[DEBUG] 17:06:53.797 [AiEngine] Adaptive time: 3000ms, depth: 4, reason: midgame, tactical, emergency: false
[DEBUG] 17:06:53.797 [AiEngine] Using JS Search
[DEBUG] 17:06:53.953 [AiEngine] Adaptive time: 3000ms, depth: 4, reason: midgame, emergency: false
[DEBUG] 17:06:53.953 [AiEngine] Using JS Search
[DEBUG] 17:06:54.015 [AiEngine] Adaptive time: 3000ms, depth: 4, reason: midgame, emergency: false
[DEBUG] 17:06:54.015 [AiEngine] Using JS Search
[DEBUG] 17:06:54.134 [AiEngine] Adaptive time: 3000ms, depth: 4, reason: midgame, emergency: false
[DEBUG] 17:06:54.134 [AiEngine] Using JS Search
[DEBUG] 17:06:54.170 [AiEngine] Adaptive time: 500ms, depth: 4, reason: midgame, opening, emergency: false
[DEBUG] 17:06:54.170 [AiEngine] Using JS Search
[DEBUG] 17:06:54.171 [AiEngine] Adaptive time: 500ms, depth: 4, reason: midgame, opening, emergency: false
[DEBUG] 17:06:54.171 [AiEngine] Using JS Search
[DEBUG] 17:06:54.171 [AiEngine] Adaptive time: 500ms, depth: 4, reason: midgame, opening, emergency: false
[DEBUG] 17:06:54.171 [AiEngine] Using JS Search
[DEBUG] 17:06:54.171 [AiEngine] Adaptive time: 500ms, depth: 4, reason: midgame, opening, tactical, emergency: false
[DEBUG] 17:06:54.171 [AiEngine] Using JS Search
[DEBUG] 17:06:54.197 [AiEngine] Adaptive time: 500ms, depth: 4, reason: midgame, opening, emergency: false
[DEBUG] 17:06:54.197 [AiEngine] Using JS Search
[DEBUG] 17:06:54.397 [AiEngine] Adaptive time: 500ms, depth: 4, reason: midgame, opening, tactical, emergency: false
[DEBUG] 17:06:54.397 [AiEngine] Using JS Search
[DEBUG] 17:06:54.511 [AiEngine] Adaptive time: 500ms, depth: 4, reason: midgame, opening, emergency: false
[DEBUG] 17:06:54.511 [AiEngine] Using JS Search
[DEBUG] 17:06:54.734 [AiEngine] Adaptive time: 500ms, depth: 4, reason: midgame, opening, tactical, emergency: false
[DEBUG] 17:06:54.734 [AiEngine] Using JS Search
[DEBUG] 17:06:54.844 [AiEngine] Adaptive time: 500ms, depth: 4, reason: midgame, opening, emergency: false
[DEBUG] 17:06:54.844 [AiEngine] Using JS Search
[DEBUG] 17:06:55.009 [AiEngine] Adaptive time: 500ms, depth: 4, reason: midgame, opening, tactical, emergency: false
[DEBUG] 17:06:55.009 [AiEngine] Using JS Search
[DEBUG] 17:06:55.207 [AiEngine] Adaptive time: 500ms, depth: 4, reason: midgame, opening, emergency: false
[DEBUG] 17:06:55.207 [AiEngine] Using JS Search
[DEBUG] 17:06:55.504 [AiEngine] Adaptive time: 500ms, depth: 4, reason: midgame, opening, tactical, emergency: false
[DEBUG] 17:06:55.504 [AiEngine] Using JS Search
[DEBUG] 17:06:55.718 [AiEngine] Adaptive time: 500ms, depth: 4, reason: midgame, opening, tactical, emergency: false
[DEBUG] 17:06:55.718 [AiEngine] Using JS Search
[DEBUG] 17:06:56.064 [AiEngine] Adaptive time: 500ms, depth: 4, reason: midgame, opening, tactical, emergency: false
[DEBUG] 17:06:56.064 [AiEngine] Using JS Search
[DEBUG] 17:06:56.263 [AiEngine] Adaptive time: 500ms, depth: 4, reason: midgame, opening, emergency: false
[DEBUG] 17:06:56.263 [AiEngine] Using JS Search
[DEBUG] 17:06:56.418 [AiEngine] Adaptive time: 500ms, depth: 4, reason: midgame, opening, tactical, emergency: false
[DEBUG] 17:06:56.418 [AiEngine] Using JS Search
[DEBUG] 17:06:56.503 [AiEngine] Adaptive time: 500ms, depth: 4, reason: midgame, opening, in-check, emergency: false
[DEBUG] 17:06:56.503 [AiEngine] Using JS Search
[DEBUG] 17:06:56.503 [AiEngine] Adaptive time: 500ms, depth: 4, reason: midgame, opening, emergency: false
[DEBUG] 17:06:56.503 [AiEngine] Using JS Search
[DEBUG] 17:06:56.503 [AiEngine] Adaptive time: 500ms, depth: 4, reason: midgame, opening, emergency: false
[DEBUG] 17:06:56.503 [AiEngine] Using JS Search
[DEBUG] 17:06:56.504 [AiEngine] Adaptive time: 500ms, depth: 4, reason: midgame, opening, emergency: false
[DEBUG] 17:06:56.504 [AiEngine] Using JS Search
[DEBUG] 17:06:56.504 [AiEngine] Adaptive time: 500ms, depth: 4, reason: midgame, opening, tactical, emergency: false
[DEBUG] 17:06:56.504 [AiEngine] Using JS Search
[DEBUG] 17:06:56.526 [AiEngine] Adaptive time: 500ms, depth: 4, reason: midgame, opening, emergency: false
[DEBUG] 17:06:56.526 [AiEngine] Using JS Search
[DEBUG] 17:06:56.664 [AiEngine] Adaptive time: 500ms, depth: 4, reason: midgame, opening, emergency: false
[DEBUG] 17:06:56.664 [AiEngine] Using JS Search
[DEBUG] 17:06:56.664 [AiEngine] Adaptive time: 500ms, depth: 4, reason: midgame, opening, in-check, emergency: false
[DEBUG] 17:06:56.664 [AiEngine] Using JS Search
[DEBUG] 17:06:56.665 [AiEngine] Adaptive time: 500ms, depth: 4, reason: midgame, opening, emergency: false
[DEBUG] 17:06:56.665 [AiEngine] Using JS Search
[DEBUG] 17:06:56.665 [AiEngine] Adaptive time: 500ms, depth: 4, reason: midgame, opening, emergency: false
[DEBUG] 17:06:56.665 [AiEngine] Using JS Search
[DEBUG] 17:06:56.665 [AiEngine] Adaptive time: 500ms, depth: 4, reason: midgame, opening, emergency: false
[DEBUG] 17:06:56.665 [AiEngine] Using JS Search
[DEBUG] 17:06:56.666 [AiEngine] Adaptive time: 500ms, depth: 4, reason: midgame, opening, tactical, emergency: false
[DEBUG] 17:06:56.666 [AiEngine] Using JS Search
[DEBUG] 17:06:56.678 [AiEngine] Adaptive time: 500ms, depth: 4, reason: midgame, opening, emergency: false
[DEBUG] 17:06:56.678 [AiEngine] Using JS Search
[DEBUG] 17:06:57.177 [AiEngine] Adaptive time: 500ms, depth: 4, reason: midgame, opening, tactical, emergency: false
[DEBUG] 17:06:57.177 [AiEngine] Using JS Search
[DEBUG] 17:06:57.304 [AiEngine] Adaptive time: 500ms, depth: 4, reason: midgame, opening, emergency: false
[DEBUG] 17:06:57.304 [AiEngine] Using JS Search
[DEBUG] 17:06:57.720 [AiEngine] Adaptive time: 500ms, depth: 4, reason: midgame, opening, tactical, emergency: false
[DEBUG] 17:06:57.720 [AiEngine] Using JS Search
[DEBUG] 17:06:57.913 [AiEngine] Adaptive time: 500ms, depth: 4, reason: midgame, opening, emergency: false
[DEBUG] 17:06:57.913 [AiEngine] Using JS Search
[DEBUG] 17:06:57.984 [AiEngine] Adaptive time: 500ms, depth: 4, reason: midgame, opening, tactical, emergency: false
[DEBUG] 17:06:57.984 [AiEngine] Using JS Search
[DEBUG] 17:06:58.030 [AiEngine] Adaptive time: 500ms, depth: 4, reason: midgame, opening, emergency: false
[DEBUG] 17:06:58.030 [AiEngine] Using JS Search
[DEBUG] 17:06:58.111 [AiEngine] Adaptive time: 500ms, depth: 4, reason: midgame, opening, tactical, emergency: false
[DEBUG] 17:06:58.112 [AiEngine] Using JS Search
[DEBUG] 17:06:58.243 [AiEngine] Adaptive time: 500ms, depth: 4, reason: midgame, opening, emergency: false
[DEBUG] 17:06:58.243 [AiEngine] Using JS Search
[DEBUG] 17:06:58.253 [AiEngine] Adaptive time: 500ms, depth: 4, reason: midgame, opening, tactical, emergency: false
[DEBUG] 17:06:58.253 [AiEngine] Using JS Search
[DEBUG] 17:06:58.253 [AiEngine] Adaptive time: 500ms, depth: 4, reason: midgame, opening, in-check, emergency: false
[DEBUG] 17:06:58.253 [AiEngine] Using JS Search
[DEBUG] 17:06:58.253 [AiEngine] Adaptive time: 500ms, depth: 4, reason: midgame, opening, emergency: false
[DEBUG] 17:06:58.253 [AiEngine] Using JS Search
[DEBUG] 17:06:58.253 [AiEngine] Adaptive time: 500ms, depth: 4, reason: midgame, opening, emergency: false
[DEBUG] 17:06:58.253 [AiEngine] Using JS Search
[DEBUG] 17:06:58.254 [AiEngine] Adaptive time: 500ms, depth: 4, reason: midgame, opening, emergency: false
[DEBUG] 17:06:58.254 [AiEngine] Using JS Search
[DEBUG] 17:06:58.254 [AiEngine] Adaptive time: 500ms, depth: 4, reason: midgame, opening, tactical, emergency: false
[DEBUG] 17:06:58.254 [AiEngine] Using JS Search
[DEBUG] 17:06:58.285 [AiEngine] Adaptive time: 500ms, depth: 4, reason: midgame, opening, emergency: false
[DEBUG] 17:06:58.285 [AiEngine] Using JS Search
[DEBUG] 17:06:58.715 [AiEngine] Adaptive time: 500ms, depth: 4, reason: midgame, opening, tactical, emergency: false
[DEBUG] 17:06:58.715 [AiEngine] Using JS Search
[DEBUG] 17:06:58.910 [AiEngine] Adaptive time: 500ms, depth: 4, reason: midgame, opening, emergency: false
[DEBUG] 17:06:58.910 [AiEngine] Using JS Search
[DEBUG] 17:06:59.077 [AiEngine] Adaptive time: 500ms, depth: 4, reason: midgame, opening, tactical, emergency: false
[DEBUG] 17:06:59.077 [AiEngine] Using JS Search
[DEBUG] 17:06:59.228 [AiEngine] Adaptive time: 500ms, depth: 4, reason: midgame, opening, tactical, emergency: false
[DEBUG] 17:06:59.228 [AiEngine] Using JS Search
[DEBUG] 17:06:59.320 [AiEngine] Adaptive time: 500ms, depth: 4, reason: midgame, opening, emergency: false
[DEBUG] 17:06:59.320 [AiEngine] Using JS Search
[DEBUG] 17:06:59.479 [AiEngine] Adaptive time: 500ms, depth: 4, reason: midgame, opening, tactical, emergency: false
[DEBUG] 17:06:59.479 [AiEngine] Using JS Search
[DEBUG] 17:06:59.743 [AiEngine] Adaptive time: 500ms, depth: 4, reason: midgame, opening, emergency: false
[DEBUG] 17:06:59.743 [AiEngine] Using JS Search
[DEBUG] 17:06:59.939 [AiEngine] Adaptive time: 500ms, depth: 4, reason: midgame, opening, tactical, emergency: false
[DEBUG] 17:06:59.939 [AiEngine] Using JS Search
[DEBUG] 17:07:00.070 [AiEngine] Adaptive time: 500ms, depth: 4, reason: midgame, opening, tactical, emergency: false
[DEBUG] 17:07:00.070 [AiEngine] Using JS Search
[DEBUG] 17:07:00.358 [AiEngine] Adaptive time: 500ms, depth: 4, reason: midgame, opening, emergency: false
[DEBUG] 17:07:00.358 [AiEngine] Using JS Search
[DEBUG] 17:07:00.409 [AiEngine] Adaptive time: 500ms, depth: 4, reason: midgame, opening, tactical, emergency: false
[DEBUG] 17:07:00.409 [AiEngine] Using JS Search
[DEBUG] 17:07:00.585 [AiEngine] Adaptive time: 500ms, depth: 4, reason: midgame, opening, emergency: false
[DEBUG] 17:07:00.585 [AiEngine] Using JS Search
[DEBUG] 17:07:00.636 [AiEngine] Adaptive time: 500ms, depth: 4, reason: midgame, opening, tactical, emergency: false
[DEBUG] 17:07:00.636 [AiEngine] Using JS Search
[DEBUG] 17:07:00.709 [AiEngine] Adaptive time: 500ms, depth: 4, reason: midgame, opening, emergency: false
[DEBUG] 17:07:00.709 [AiEngine] Using JS Search
[DEBUG] 17:07:01.281 [AiEngine] Adaptive time: 500ms, depth: 4, reason: midgame, opening, tactical, emergency: false
[DEBUG] 17:07:01.281 [AiEngine] Using JS Search
[DEBUG] 17:07:01.622 [AiEngine] Adaptive time: 500ms, depth: 4, reason: midgame, opening, tactical, emergency: false
[DEBUG] 17:07:01.622 [AiEngine] Using JS Search
[DEBUG] 17:07:01.934 [AiEngine] Adaptive time: 500ms, depth: 4, reason: midgame, opening, tactical, emergency: false
[DEBUG] 17:07:01.934 [AiEngine] Using JS Search
[DEBUG] 17:07:02.082 [AiEngine] Adaptive time: 500ms, depth: 4, reason: midgame, opening, tactical, emergency: false
[DEBUG] 17:07:02.082 [AiEngine] Using JS Search
[DEBUG] 17:07:02.264 [AiEngine] Adaptive time: 500ms, depth: 4, reason: midgame, opening, tactical, emergency: false
[DEBUG] 17:07:02.264 [AiEngine] Using JS Search
[DEBUG] 17:07:02.445 [AiEngine] Adaptive time: 500ms, depth: 4, reason: midgame, opening, tactical, emergency: false
[DEBUG] 17:07:02.445 [AiEngine] Using JS Search
[DEBUG] 17:07:02.659 [AiEngine] Adaptive time: 500ms, depth: 4, reason: midgame, opening, tactical, emergency: false
[DEBUG] 17:07:02.659 [AiEngine] Using JS Search
[DEBUG] 17:07:02.797 [AiEngine] Adaptive time: 500ms, depth: 4, reason: midgame, opening, tactical, emergency: false
[DEBUG] 17:07:02.797 [AiEngine] Using JS Search
[DEBUG] 17:07:03.091 [AiEngine] Adaptive time: 500ms, depth: 4, reason: midgame, opening, tactical, emergency: false
[DEBUG] 17:07:03.091 [AiEngine] Using JS Search
[DEBUG] 17:07:03.213 [AiEngine] Adaptive time: 500ms, depth: 4, reason: midgame, opening, tactical, emergency: false
[DEBUG] 17:07:03.213 [AiEngine] Using JS Search
[DEBUG] 17:07:03.320 [AiEngine] Adaptive time: 500ms, depth: 4, reason: midgame, opening, tactical, emergency: false
[DEBUG] 17:07:03.320 [AiEngine] Using JS Search
[DEBUG] 17:07:03.322 [AiEngine] Adaptive time: 500ms, depth: 4, reason: midgame, opening, emergency: false
[DEBUG] 17:07:03.322 [AiEngine] Using JS Search
[DEBUG] 17:07:03.504 [AiEngine] Adaptive time: 500ms, depth: 4, reason: midgame, opening, tactical, emergency: false
[DEBUG] 17:07:03.505 [AiEngine] Using JS Search
[DEBUG] 17:07:03.506 [AiEngine] Adaptive time: 500ms, depth: 4, reason: midgame, opening, emergency: false
[DEBUG] 17:07:03.506 [AiEngine] Using JS Search
[DEBUG] 17:07:03.672 [AiEngine] Adaptive time: 500ms, depth: 4, reason: midgame, opening, tactical, emergency: false
[DEBUG] 17:07:03.672 [AiEngine] Using JS Search
[DEBUG] 17:07:03.673 [AiEngine] Adaptive time: 500ms, depth: 4, reason: midgame, opening, emergency: false
[DEBUG] 17:07:03.673 [AiEngine] Using JS Search
[DEBUG] 17:07:03.736 [AiEngine] Adaptive time: 500ms, depth: 4, reason: midgame, opening, tactical, emergency: false
[DEBUG] 17:07:03.736 [AiEngine] Using JS Search
[DEBUG] 17:07:03.737 [AiEngine] Adaptive time: 500ms, depth: 4, reason: midgame, opening, emergency: false
[DEBUG] 17:07:03.737 [AiEngine] Using JS Search
[DEBUG] 17:07:03.799 [AiEngine] Adaptive time: 500ms, depth: 4, reason: midgame, opening, tactical, emergency: false
[DEBUG] 17:07:03.799 [AiEngine] Using JS Search
[DEBUG] 17:07:03.801 [AiEngine] Adaptive time: 500ms, depth: 4, reason: midgame, opening, emergency: false
[DEBUG] 17:07:03.801 [AiEngine] Using JS Search
[DEBUG] 17:07:03.866 [AiEngine] Adaptive time: 500ms, depth: 4, reason: midgame, opening, tactical, emergency: false
[DEBUG] 17:07:03.866 [AiEngine] Using JS Search
[DEBUG] 17:07:03.869 [AiEngine] Adaptive time: 3000ms, depth: 4, reason: midgame, in-check, emergency: false
[DEBUG] 17:07:03.869 [AiEngine] Using JS Search
[DEBUG] 17:07:03.881 [AiEngine] Adaptive time: 3000ms, depth: 4, reason: midgame, emergency: false
[DEBUG] 17:07:03.881 [AiEngine] Using JS Search
[DEBUG] 17:07:03.882 [AiEngine] Adaptive time: 3000ms, depth: 4, reason: midgame, emergency: false
[DEBUG] 17:07:03.882 [AiEngine] Using JS Search
[DEBUG] 17:07:04.003 [AiEngine] Adaptive time: 3000ms, depth: 4, reason: midgame, tactical, emergency: false
[DEBUG] 17:07:04.003 [AiEngine] Using JS Search
[DEBUG] 17:07:04.004 [AiEngine] Adaptive time: 3000ms, depth: 4, reason: midgame, emergency: false
[DEBUG] 17:07:04.004 [AiEngine] Using JS Search
[DEBUG] 17:07:04.044 [AiEngine] Adaptive time: 3000ms, depth: 4, reason: midgame, in-check, emergency: false
[DEBUG] 17:07:04.044 [AiEngine] Using JS Search
[DEBUG] 17:07:04.045 [AiEngine] Adaptive time: 3000ms, depth: 4, reason: midgame, emergency: false
[DEBUG] 17:07:04.045 [AiEngine] Using JS Search
[DEBUG] 17:07:04.064 [AiEngine] Adaptive time: 3000ms, depth: 4, reason: midgame, tactical, emergency: false
[DEBUG] 17:07:04.064 [AiEngine] Using JS Search
[DEBUG] 17:07:04.122 [AiEngine] Adaptive time: 3000ms, depth: 4, reason: midgame, emergency: false
[DEBUG] 17:07:04.122 [AiEngine] Using JS Search
[DEBUG] 17:07:04.211 [AiEngine] Adaptive time: 3000ms, depth: 4, reason: midgame, emergency: false
[DEBUG] 17:07:04.211 [AiEngine] Using JS Search
[DEBUG] 17:07:04.318 [AiEngine] Adaptive time: 3000ms, depth: 4, reason: midgame, emergency: false
[DEBUG] 17:07:04.318 [AiEngine] Using JS Search
[DEBUG] 17:07:04.484 [AiEngine] Adaptive time: 3000ms, depth: 4, reason: midgame, emergency: false
[DEBUG] 17:07:04.484 [AiEngine] Using JS Search
[DEBUG] 17:07:04.631 [AiEngine] Adaptive time: 3000ms, depth: 4, reason: midgame, emergency: false
[DEBUG] 17:07:04.631 [AiEngine] Using JS Search
[DEBUG] 17:07:04.836 [AiEngine] Adaptive time: 3000ms, depth: 4, reason: midgame, emergency: false
[DEBUG] 17:07:04.836 [AiEngine] Using JS Search
[DEBUG] 17:07:04.985 [AiEngine] Adaptive time: 3000ms, depth: 4, reason: midgame, emergency: false
[DEBUG] 17:07:04.986 [AiEngine] Using JS Search
[DEBUG] 17:07:05.148 [AiEngine] Adaptive time: 3000ms, depth: 4, reason: midgame, emergency: false
[DEBUG] 17:07:05.148 [AiEngine] Using JS Search
[DEBUG] 17:07:05.185 [AiEngine] Adaptive time: 3000ms, depth: 4, reason: midgame, emergency: false
[DEBUG] 17:07:05.186 [AiEngine] Using JS Search
[DEBUG] 17:07:05.308 [AiEngine] Adaptive time: 3000ms, depth: 4, reason: midgame, tactical, emergency: false
[DEBUG] 17:07:05.308 [AiEngine] Using JS Search
[DEBUG] 17:07:05.362 [AiEngine] Adaptive time: 3000ms, depth: 4, reason: midgame, emergency: false
[DEBUG] 17:07:05.362 [AiEngine] Using JS Search
[DEBUG] 17:07:05.468 [AiEngine] Adaptive time: 3000ms, depth: 4, reason: midgame, tactical, emergency: false
[DEBUG] 17:07:05.468 [AiEngine] Using JS Search
[DEBUG] 17:07:05.582 [AiEngine] Adaptive time: 3000ms, depth: 4, reason: midgame, emergency: false
[DEBUG] 17:07:05.582 [AiEngine] Using JS Search
[DEBUG] 17:07:05.821 [AiEngine] Adaptive time: 3000ms, depth: 4, reason: midgame, tactical, emergency: false
[DEBUG] 17:07:05.821 [AiEngine] Using JS Search
[DEBUG] 17:07:05.994 [AiEngine] Adaptive time: 3000ms, depth: 4, reason: midgame, in-check, emergency: false
[DEBUG] 17:07:05.994 [AiEngine] Using JS Search
[DEBUG] 17:07:06.025 [AiEngine] Adaptive time: 3000ms, depth: 4, reason: midgame, tactical, emergency: false
[DEBUG] 17:07:06.025 [AiEngine] Using JS Search
[DEBUG] 17:07:06.059 [AiEngine] Adaptive time: 3000ms, depth: 4, reason: standard, emergency: false
[DEBUG] 17:07:06.059 [AiEngine] Using JS Search
[DEBUG] 17:07:06.086 [AiEngine] Adaptive time: 3000ms, depth: 4, reason: tactical, emergency: false
[DEBUG] 17:07:06.087 [AiEngine] Using JS Search
[DEBUG] 17:07:06.113 [AiEngine] Adaptive time: 3000ms, depth: 4, reason: standard, emergency: false
[DEBUG] 17:07:06.113 [AiEngine] Using JS Search
[DEBUG] 17:07:06.130 [AiEngine] Adaptive time: 3000ms, depth: 4, reason: tactical, emergency: false
[DEBUG] 17:07:06.130 [AiEngine] Using JS Search
[DEBUG] 17:07:06.135 [AiEngine] Adaptive time: 3000ms, depth: 4, reason: standard, emergency: false
[DEBUG] 17:07:06.135 [AiEngine] Using JS Search
[DEBUG] 17:07:06.143 [AiEngine] Adaptive time: 3000ms, depth: 4, reason: standard, emergency: false
[DEBUG] 17:07:06.143 [AiEngine] Using JS Search
[DEBUG] 17:07:06.148 [AiEngine] Adaptive time: 3000ms, depth: 4, reason: standard, emergency: false
[DEBUG] 17:07:06.148 [AiEngine] Using JS Search
[DEBUG] 17:07:06.153 [AiEngine] Adaptive time: 3000ms, depth: 4, reason: standard, emergency: false
[DEBUG] 17:07:06.153 [AiEngine] Using JS Search
[DEBUG] 17:07:06.156 [AiEngine] Adaptive time: 3000ms, depth: 4, reason: standard, emergency: false
[DEBUG] 17:07:06.156 [AiEngine] Using JS Search
[DEBUG] 17:07:06.160 [AiEngine] Adaptive time: 3000ms, depth: 4, reason: standard, emergency: false
[DEBUG] 17:07:06.161 [AiEngine] Using JS Search
[DEBUG] 17:07:06.163 [AiEngine] Adaptive time: 3000ms, depth: 4, reason: endgame, emergency: false
[DEBUG] 17:07:06.163 [AiEngine] Using JS Search
[DEBUG] 17:07:06.167 [AiEngine] Adaptive time: 3000ms, depth: 4, reason: endgame, emergency: false
[DEBUG] 17:07:06.167 [AiEngine] Using JS Search
[DEBUG] 17:07:06.171 [AiEngine] Adaptive time: 3000ms, depth: 4, reason: endgame, emergency: false
[DEBUG] 17:07:06.171 [AiEngine] Using JS Search
[DEBUG] 17:07:06.177 [AiEngine] Adaptive time: 3000ms, depth: 4, reason: endgame, tactical, emergency: false
[DEBUG] 17:07:06.177 [AiEngine] Using JS Search
[DEBUG] 17:07:06.180 [AiEngine] Adaptive time: 3000ms, depth: 4, reason: endgame, emergency: false
[DEBUG] 17:07:06.180 [AiEngine] Using JS Search
[DEBUG] 17:07:06.183 [AiEngine] Adaptive time: 3000ms, depth: 4, reason: endgame, emergency: false
[DEBUG] 17:07:06.184 [AiEngine] Using JS Search
[DEBUG] 17:07:06.186 [AiEngine] Adaptive time: 3000ms, depth: 4, reason: endgame, emergency: false
[DEBUG] 17:07:06.186 [AiEngine] Using JS Search
[DEBUG] 17:07:06.189 [AiEngine] Adaptive time: 3000ms, depth: 4, reason: endgame, tactical, emergency: false
[DEBUG] 17:07:06.189 [AiEngine] Using JS Search
[DEBUG] 17:07:06.190 [AiEngine] Adaptive time: 3000ms, depth: 4, reason: endgame, emergency: false
[DEBUG] 17:07:06.190 [AiEngine] Using JS Search
[DEBUG] 17:07:06.193 [AiEngine] Adaptive time: 3000ms, depth: 4, reason: endgame, emergency: false
[DEBUG] 17:07:06.193 [AiEngine] Using JS Search
[DEBUG] 17:07:06.194 [AiEngine] Adaptive time: 3000ms, depth: 4, reason: endgame, emergency: false
[DEBUG] 17:07:06.194 [AiEngine] Using JS Search
[DEBUG] 17:07:06.196 [AiEngine] Adaptive time: 3000ms, depth: 4, reason: endgame, tactical, emergency: false
[DEBUG] 17:07:06.196 [AiEngine] Using JS Search
[DEBUG] 17:07:06.197 [AiEngine] Adaptive time: 3000ms, depth: 4, reason: endgame, emergency: false
[DEBUG] 17:07:06.197 [AiEngine] Using JS Search
[DEBUG] 17:07:06.200 [AiEngine] Adaptive time: 3000ms, depth: 4, reason: endgame, tactical, emergency: false
[DEBUG] 17:07:06.200 [AiEngine] Using JS Search
[DEBUG] 17:07:06.201 [AiEngine] Adaptive time: 3000ms, depth: 4, reason: endgame, emergency: false
[DEBUG] 17:07:06.201 [AiEngine] Using JS Search
[DEBUG] 17:07:06.203 [AiEngine] Adaptive time: 3000ms, depth: 4, reason: endgame, tactical, emergency: false
[DEBUG] 17:07:06.203 [AiEngine] Using JS Search
[DEBUG] 17:07:06.204 [AiEngine] Adaptive time: 3000ms, depth: 4, reason: endgame, emergency: false
[DEBUG] 17:07:06.204 [AiEngine] Using JS Search
[DEBUG] 17:07:06.207 [AiEngine] Adaptive time: 3000ms, depth: 4, reason: endgame, tactical, emergency: false
[DEBUG] 17:07:06.207 [AiEngine] Using JS Search
[DEBUG] 17:07:06.208 [AiEngine] Adaptive time: 3000ms, depth: 4, reason: endgame, emergency: false
[DEBUG] 17:07:06.209 [AiEngine] Using JS Search
[DEBUG] 17:07:06.211 [AiEngine] Adaptive time: 3000ms, depth: 4, reason: endgame, tactical, emergency: false
[DEBUG] 17:07:06.211 [AiEngine] Using JS Search
[DEBUG] 17:07:06.213 [AiEngine] Adaptive time: 3000ms, depth: 4, reason: endgame, emergency: false
[DEBUG] 17:07:06.213 [AiEngine] Using JS Search
[DEBUG] 17:07:06.215 [AiEngine] Adaptive time: 3000ms, depth: 4, reason: endgame, tactical, emergency: false
[DEBUG] 17:07:06.215 [AiEngine] Using JS Search
[DEBUG] 17:07:06.216 [AiEngine] Adaptive time: 3000ms, depth: 4, reason: endgame, emergency: false
[DEBUG] 17:07:06.216 [AiEngine] Using JS Search
[DEBUG] 17:07:06.218 [AiEngine] Adaptive time: 3000ms, depth: 4, reason: endgame, tactical, emergency: false
[DEBUG] 17:07:06.218 [AiEngine] Using JS Search
[DEBUG] 17:07:06.219 [AiEngine] Adaptive time: 3000ms, depth: 4, reason: endgame, emergency: false
[DEBUG] 17:07:06.219 [AiEngine] Using JS Search
[DEBUG] 17:07:06.221 [AiEngine] Adaptive time: 3000ms, depth: 4, reason: endgame, tactical, emergency: false
[DEBUG] 17:07:06.221 [AiEngine] Using JS Search
[DEBUG] 17:07:06.223 [AiEngine] Adaptive time: 500ms, depth: 4, reason: midgame, opening, emergency: false
[DEBUG] 17:07:06.223 [AiEngine] Using JS Search
[DEBUG] 17:07:06.224 [AiEngine] Adaptive time: 500ms, depth: 4, reason: midgame, opening, emergency: false
[DEBUG] 17:07:06.224 [AiEngine] Using JS Search
[DEBUG] 17:07:06.224 [AiEngine] Adaptive time: 500ms, depth: 4, reason: midgame, opening, emergency: false
[DEBUG] 17:07:06.224 [AiEngine] Using JS Search
[DEBUG] 17:07:06.224 [AiEngine] Adaptive time: 500ms, depth: 4, reason: midgame, opening, tactical, emergency: false
[DEBUG] 17:07:06.224 [AiEngine] Using JS Search
[DEBUG] 17:07:06.259 [AiEngine] Adaptive time: 500ms, depth: 4, reason: midgame, opening, emergency: false
[DEBUG] 17:07:06.259 [AiEngine] Using JS Search
[DEBUG] 17:07:06.400 [AiEngine] Adaptive time: 500ms, depth: 4, reason: midgame, opening, emergency: false
[DEBUG] 17:07:06.400 [AiEngine] Using JS Search
[DEBUG] 17:07:06.872 [AiEngine] Adaptive time: 500ms, depth: 4, reason: midgame, opening, emergency: false
[DEBUG] 17:07:06.872 [AiEngine] Using JS Search
[DEBUG] 17:07:07.243 [AiEngine] Adaptive time: 500ms, depth: 4, reason: midgame, opening, emergency: false
[DEBUG] 17:07:07.243 [AiEngine] Using JS Search
[DEBUG] 17:07:07.401 [AiEngine] Adaptive time: 500ms, depth: 4, reason: midgame, opening, emergency: false
[DEBUG] 17:07:07.401 [AiEngine] Using JS Search
[DEBUG] 17:07:07.643 [AiEngine] Adaptive time: 500ms, depth: 4, reason: midgame, opening, emergency: false
[DEBUG] 17:07:07.643 [AiEngine] Using JS Search
[DEBUG] 17:07:08.112 [AiEngine] Adaptive time: 500ms, depth: 4, reason: midgame, opening, tactical, emergency: false
[DEBUG] 17:07:08.112 [AiEngine] Using JS Search
[DEBUG] 17:07:08.279 [AiEngine] Adaptive time: 500ms, depth: 4, reason: midgame, opening, tactical, emergency: false
[DEBUG] 17:07:08.279 [AiEngine] Using JS Search
[DEBUG] 17:07:08.427 [AiEngine] Adaptive time: 500ms, depth: 4, reason: midgame, opening, emergency: false
[DEBUG] 17:07:08.428 [AiEngine] Using JS Search
[DEBUG] 17:07:08.524 [AiEngine] Adaptive time: 500ms, depth: 4, reason: midgame, opening, tactical, emergency: false
[DEBUG] 17:07:08.524 [AiEngine] Using JS Search
[DEBUG] 17:07:08.690 [AiEngine] Adaptive time: 500ms, depth: 4, reason: midgame, opening, emergency: false
[DEBUG] 17:07:08.690 [AiEngine] Using JS Search
[DEBUG] 17:07:08.845 [AiEngine] Adaptive time: 500ms, depth: 4, reason: midgame, opening, tactical, emergency: false
[DEBUG] 17:07:08.845 [AiEngine] Using JS Search
[DEBUG] 17:07:09.023 [AiEngine] Adaptive time: 500ms, depth: 4, reason: midgame, opening, emergency: false
[DEBUG] 17:07:09.023 [AiEngine] Using JS Search
[DEBUG] 17:07:09.395 [AiEngine] Adaptive time: 500ms, depth: 4, reason: midgame, opening, tactical, emergency: false
[DEBUG] 17:07:09.395 [AiEngine] Using JS Search
[DEBUG] 17:07:09.709 [AiEngine] Adaptive time: 500ms, depth: 4, reason: midgame, opening, emergency: false
[DEBUG] 17:07:09.709 [AiEngine] Using JS Search
[DEBUG] 17:07:10.053 [AiEngine] Adaptive time: 500ms, depth: 4, reason: midgame, opening, tactical, emergency: false
[DEBUG] 17:07:10.053 [AiEngine] Using JS Search
[DEBUG] 17:07:10.209 [AiEngine] Adaptive time: 500ms, depth: 4, reason: midgame, opening, emergency: false
[DEBUG] 17:07:10.209 [AiEngine] Using JS Search
[DEBUG] 17:07:10.471 [AiEngine] Adaptive time: 500ms, depth: 4, reason: midgame, opening, tactical, emergency: false
[DEBUG] 17:07:10.471 [AiEngine] Using JS Search
[DEBUG] 17:07:10.650 [AiEngine] Adaptive time: 500ms, depth: 4, reason: midgame, opening, emergency: false
[DEBUG] 17:07:10.650 [AiEngine] Using JS Search
[DEBUG] 17:07:10.882 [AiEngine] Adaptive time: 500ms, depth: 4, reason: midgame, opening, tactical, emergency: false
[DEBUG] 17:07:10.882 [AiEngine] Using JS Search
[DEBUG] 17:07:10.956 [AiEngine] Adaptive time: 500ms, depth: 4, reason: midgame, opening, emergency: false
[DEBUG] 17:07:10.956 [AiEngine] Using JS Search
[DEBUG] 17:07:11.170 [AiEngine] Adaptive time: 500ms, depth: 4, reason: midgame, opening, tactical, emergency: false
[DEBUG] 17:07:11.170 [AiEngine] Using JS Search
[DEBUG] 17:07:11.309 [AiEngine] Adaptive time: 500ms, depth: 4, reason: midgame, opening, emergency: false
[DEBUG] 17:07:11.309 [AiEngine] Using JS Search
[DEBUG] 17:07:11.423 [AiEngine] Adaptive time: 500ms, depth: 4, reason: midgame, opening, tactical, emergency: false
[DEBUG] 17:07:11.423 [AiEngine] Using JS Search
[DEBUG] 17:07:11.478 [AiEngine] Adaptive time: 500ms, depth: 4, reason: midgame, opening, emergency: false
[DEBUG] 17:07:11.478 [AiEngine] Using JS Search
[DEBUG] 17:07:11.517 [AiEngine] Adaptive time: 500ms, depth: 4, reason: midgame, opening, tactical, emergency: false
[DEBUG] 17:07:11.517 [AiEngine] Using JS Search
[DEBUG] 17:07:11.576 [AiEngine] Adaptive time: 500ms, depth: 4, reason: midgame, opening, emergency: false
[DEBUG] 17:07:11.576 [AiEngine] Using JS Search
[DEBUG] 17:07:11.703 [AiEngine] Adaptive time: 500ms, depth: 4, reason: midgame, opening, tactical, emergency: false
[DEBUG] 17:07:11.704 [AiEngine] Using JS Search
[DEBUG] 17:07:11.800 [AiEngine] Adaptive time: 500ms, depth: 4, reason: midgame, opening, emergency: false
[DEBUG] 17:07:11.800 [AiEngine] Using JS Search
[DEBUG] 17:07:11.835 [AiEngine] Adaptive time: 500ms, depth: 4, reason: midgame, opening, tactical, emergency: false
[DEBUG] 17:07:11.835 [AiEngine] Using JS Search
[DEBUG] 17:07:11.876 [AiEngine] Adaptive time: 500ms, depth: 4, reason: midgame, opening, in-check, emergency: false
[DEBUG] 17:07:11.876 [AiEngine] Using JS Search
[DEBUG] 17:07:11.884 [AiEngine] Adaptive time: 500ms, depth: 4, reason: midgame, opening, tactical, emergency: false
[DEBUG] 17:07:11.884 [AiEngine] Using JS Search
[DEBUG] 17:07:11.941 [AiEngine] Adaptive time: 500ms, depth: 4, reason: midgame, opening, emergency: false
[DEBUG] 17:07:11.941 [AiEngine] Using JS Search
[DEBUG] 17:07:11.965 [AiEngine] Adaptive time: 500ms, depth: 4, reason: midgame, opening, tactical, emergency: false
[DEBUG] 17:07:11.965 [AiEngine] Using JS Search
[DEBUG] 17:07:11.967 [AiEngine] Adaptive time: 500ms, depth: 4, reason: midgame, opening, emergency: false
[DEBUG] 17:07:11.967 [AiEngine] Using JS Search
[DEBUG] 17:07:12.015 [AiEngine] Adaptive time: 500ms, depth: 4, reason: midgame, opening, tactical, emergency: false
[DEBUG] 17:07:12.015 [AiEngine] Using JS Search
[DEBUG] 17:07:12.016 [AiEngine] Adaptive time: 3000ms, depth: 4, reason: midgame, tactical, emergency: false
[DEBUG] 17:07:12.016 [AiEngine] Using JS Search
[DEBUG] 17:07:12.071 [AiEngine] Adaptive time: 3000ms, depth: 4, reason: midgame, emergency: false
[DEBUG] 17:07:12.071 [AiEngine] Using JS Search
[DEBUG] 17:07:12.072 [AiEngine] Adaptive time: 3000ms, depth: 4, reason: midgame, tactical, emergency: false
[DEBUG] 17:07:12.072 [AiEngine] Using JS Search
[DEBUG] 17:07:12.177 [AiEngine] Adaptive time: 3000ms, depth: 4, reason: midgame, tactical, emergency: false
[DEBUG] 17:07:12.177 [AiEngine] Using JS Search
[DEBUG] 17:07:12.354 [AiEngine] Adaptive time: 3000ms, depth: 4, reason: midgame, emergency: false
[DEBUG] 17:07:12.354 [AiEngine] Using JS Search
[DEBUG] 17:07:12.386 [AiEngine] Adaptive time: 3000ms, depth: 4, reason: midgame, tactical, emergency: false
[DEBUG] 17:07:12.386 [AiEngine] Using JS Search
[DEBUG] 17:07:12.549 [AiEngine] Adaptive time: 3000ms, depth: 4, reason: midgame, emergency: false
[DEBUG] 17:07:12.549 [AiEngine] Using JS Search
[DEBUG] 17:07:12.592 [AiEngine] Adaptive time: 3000ms, depth: 4, reason: midgame, tactical, emergency: false
[DEBUG] 17:07:12.592 [AiEngine] Using JS Search
[DEBUG] 17:07:12.593 [AiEngine] Adaptive time: 3000ms, depth: 4, reason: standard, emergency: false
[DEBUG] 17:07:12.593 [AiEngine] Using JS Search
[DEBUG] 17:07:12.700 [AiEngine] Adaptive time: 3000ms, depth: 4, reason: tactical, emergency: false
[DEBUG] 17:07:12.700 [AiEngine] Using JS Search
[DEBUG] 17:07:12.701 [AiEngine] Adaptive time: 3000ms, depth: 4, reason: standard, emergency: false
[DEBUG] 17:07:12.701 [AiEngine] Using JS Search
[DEBUG] 17:07:12.789 [AiEngine] Adaptive time: 3000ms, depth: 4, reason: standard, emergency: false
[DEBUG] 17:07:12.789 [AiEngine] Using JS Search
[DEBUG] 17:07:12.790 [AiEngine] Adaptive time: 3000ms, depth: 4, reason: standard, emergency: false
[DEBUG] 17:07:12.790 [AiEngine] Using JS Search
[DEBUG] 17:07:12.860 [AiEngine] Adaptive time: 3000ms, depth: 4, reason: standard, emergency: false
[DEBUG] 17:07:12.860 [AiEngine] Using JS Search
[DEBUG] 17:07:12.860 [AiEngine] Adaptive time: 3000ms, depth: 4, reason: standard, emergency: false
[DEBUG] 17:07:12.860 [AiEngine] Using JS Search
[DEBUG] 17:07:12.978 [AiEngine] Adaptive time: 3000ms, depth: 4, reason: standard, emergency: false
[DEBUG] 17:07:12.978 [AiEngine] Using JS Search
[DEBUG] 17:07:12.979 [AiEngine] Adaptive time: 3000ms, depth: 4, reason: standard, emergency: false
[DEBUG] 17:07:12.979 [AiEngine] Using JS Search
[DEBUG] 17:07:13.075 [AiEngine] Adaptive time: 3000ms, depth: 4, reason: tactical, emergency: false
[DEBUG] 17:07:13.075 [AiEngine] Using JS Search
[DEBUG] 17:07:13.076 [AiEngine] Adaptive time: 3000ms, depth: 4, reason: standard, emergency: false
[DEBUG] 17:07:13.076 [AiEngine] Using JS Search
[DEBUG] 17:07:13.128 [AiEngine] Adaptive time: 3000ms, depth: 4, reason: tactical, emergency: false
[DEBUG] 17:07:13.128 [AiEngine] Using JS Search
[DEBUG] 17:07:13.129 [AiEngine] Adaptive time: 3000ms, depth: 4, reason: standard, emergency: false
[DEBUG] 17:07:13.129 [AiEngine] Using JS Search
[DEBUG] 17:07:13.215 [AiEngine] Adaptive time: 3000ms, depth: 4, reason: tactical, emergency: false
[DEBUG] 17:07:13.215 [AiEngine] Using JS Search
[DEBUG] 17:07:13.216 [AiEngine] Adaptive time: 3000ms, depth: 4, reason: standard, emergency: false
[DEBUG] 17:07:13.216 [AiEngine] Using JS Search
[DEBUG] 17:07:13.298 [AiEngine] Adaptive time: 3000ms, depth: 4, reason: standard, emergency: false
[DEBUG] 17:07:13.298 [AiEngine] Using JS Search
[DEBUG] 17:07:13.299 [AiEngine] Adaptive time: 3000ms, depth: 4, reason: standard, emergency: false
[DEBUG] 17:07:13.299 [AiEngine] Using JS Search
[DEBUG] 17:07:13.395 [AiEngine] Adaptive time: 3000ms, depth: 4, reason: standard, emergency: false
[DEBUG] 17:07:13.395 [AiEngine] Using JS Search
[DEBUG] 17:07:13.407 [AiEngine] Adaptive time: 3000ms, depth: 4, reason: standard, emergency: false
[DEBUG] 17:07:13.407 [AiEngine] Using JS Search
[DEBUG] 17:07:13.481 [AiEngine] Adaptive time: 3000ms, depth: 4, reason: standard, emergency: false
[DEBUG] 17:07:13.481 [AiEngine] Using JS Search
[DEBUG] 17:07:13.482 [AiEngine] Adaptive time: 3000ms, depth: 4, reason: standard, emergency: false
[DEBUG] 17:07:13.482 [AiEngine] Using JS Search
[DEBUG] 17:07:13.578 [AiEngine] Adaptive time: 3000ms, depth: 4, reason: standard, emergency: false
[DEBUG] 17:07:13.578 [AiEngine] Using JS Search
[DEBUG] 17:07:13.579 [AiEngine] Adaptive time: 3000ms, depth: 4, reason: standard, emergency: false
[DEBUG] 17:07:13.579 [AiEngine] Using JS Search
[DEBUG] 17:07:13.665 [AiEngine] Adaptive time: 3000ms, depth: 4, reason: in-check, emergency: false
[DEBUG] 17:07:13.665 [AiEngine] Using JS Search
[DEBUG] 17:07:13.666 [AiEngine] Adaptive time: 3000ms, depth: 4, reason: standard, emergency: false
[DEBUG] 17:07:13.666 [AiEngine] Using JS Search
[DEBUG] 17:07:13.734 [AiEngine] Adaptive time: 3000ms, depth: 4, reason: standard, emergency: false
[DEBUG] 17:07:13.734 [AiEngine] Using JS Search
[DEBUG] 17:07:13.735 [AiEngine] Adaptive time: 3000ms, depth: 4, reason: tactical, emergency: false
[DEBUG] 17:07:13.735 [AiEngine] Using JS Search
[DEBUG] 17:07:13.764 [AiEngine] Adaptive time: 3000ms, depth: 4, reason: in-check, emergency: false
[DEBUG] 17:07:13.764 [AiEngine] Using JS Search
[DEBUG] 17:07:13.764 [AiEngine] Adaptive time: 3000ms, depth: 4, reason: standard, emergency: false
[DEBUG] 17:07:13.764 [AiEngine] Using JS Search
[DEBUG] 17:07:13.833 [AiEngine] Adaptive time: 3000ms, depth: 4, reason: standard, emergency: false
[DEBUG] 17:07:13.833 [AiEngine] Using JS Search
[DEBUG] 17:07:13.837 [AiEngine] Adaptive time: 3000ms, depth: 4, reason: endgame, emergency: false
[DEBUG] 17:07:13.837 [AiEngine] Using JS Search
[DEBUG] 17:07:13.842 [AiEngine] Adaptive time: 3000ms, depth: 4, reason: endgame, emergency: false
[DEBUG] 17:07:13.842 [AiEngine] Using JS Search
[DEBUG] 17:07:13.844 [AiEngine] Adaptive time: 3000ms, depth: 4, reason: endgame, emergency: false
[DEBUG] 17:07:13.844 [AiEngine] Using JS Search
[DEBUG] 17:07:13.849 [AiEngine] Adaptive time: 3000ms, depth: 4, reason: endgame, emergency: false
[DEBUG] 17:07:13.849 [AiEngine] Using JS Search
[DEBUG] 17:07:13.850 [AiEngine] Adaptive time: 3000ms, depth: 4, reason: endgame, emergency: false
[DEBUG] 17:07:13.850 [AiEngine] Using JS Search
[DEBUG] 17:07:13.854 [AiEngine] Adaptive time: 3000ms, depth: 4, reason: endgame, emergency: false
[DEBUG] 17:07:13.854 [AiEngine] Using JS Search
[DEBUG] 17:07:13.855 [AiEngine] Adaptive time: 3000ms, depth: 4, reason: endgame, emergency: false
[DEBUG] 17:07:13.855 [AiEngine] Using JS Search
[DEBUG] 17:07:13.860 [AiEngine] Adaptive time: 3000ms, depth: 4, reason: endgame, emergency: false
[DEBUG] 17:07:13.860 [AiEngine] Using JS Search
[DEBUG] 17:07:13.861 [AiEngine] Adaptive time: 3000ms, depth: 4, reason: endgame, emergency: false
[DEBUG] 17:07:13.861 [AiEngine] Using JS Search
[DEBUG] 17:07:13.863 [AiEngine] Adaptive time: 3000ms, depth: 4, reason: endgame, emergency: false
[DEBUG] 17:07:13.863 [AiEngine] Using JS Search
[DEBUG] 17:07:13.864 [AiEngine] Adaptive time: 3000ms, depth: 4, reason: endgame, emergency: false
[DEBUG] 17:07:13.864 [AiEngine] Using JS Search
[DEBUG] 17:07:13.865 [AiEngine] Adaptive time: 3000ms, depth: 4, reason: endgame, emergency: false
[DEBUG] 17:07:13.865 [AiEngine] Using JS Search
[DEBUG] 17:07:13.866 [AiEngine] Adaptive time: 3000ms, depth: 4, reason: endgame, emergency: false
[DEBUG] 17:07:13.866 [AiEngine] Using JS Search
[DEBUG] 17:07:13.867 [AiEngine] Adaptive time: 3000ms, depth: 4, reason: endgame, emergency: false
[DEBUG] 17:07:13.867 [AiEngine] Using JS Search
[DEBUG] 17:07:13.868 [AiEngine] Adaptive time: 3000ms, depth: 4, reason: endgame, emergency: false
[DEBUG] 17:07:13.868 [AiEngine] Using JS Search
[DEBUG] 17:07:13.871 [AiEngine] Adaptive time: 3000ms, depth: 4, reason: endgame, emergency: false
[DEBUG] 17:07:13.871 [AiEngine] Using JS Search
[DEBUG] 17:07:13.872 [AiEngine] Adaptive time: 3000ms, depth: 4, reason: endgame, emergency: false
[DEBUG] 17:07:13.872 [AiEngine] Using JS Search
[DEBUG] 17:07:13.875 [AiEngine] Adaptive time: 3000ms, depth: 4, reason: endgame, emergency: false
[DEBUG] 17:07:13.875 [AiEngine] Using JS Search
[DEBUG] 17:07:13.877 [AiEngine] Adaptive time: 3000ms, depth: 4, reason: endgame, emergency: false
[DEBUG] 17:07:13.877 [AiEngine] Using JS Search
[DEBUG] 17:07:13.880 [AiEngine] Adaptive time: 3000ms, depth: 4, reason: endgame, emergency: false
[DEBUG] 17:07:13.880 [AiEngine] Using JS Search
[DEBUG] 17:07:13.882 [AiEngine] Adaptive time: 3000ms, depth: 4, reason: endgame, emergency: false
[DEBUG] 17:07:13.882 [AiEngine] Using JS Search
[DEBUG] 17:07:13.884 [AiEngine] Adaptive time: 3000ms, depth: 4, reason: endgame, emergency: false
[DEBUG] 17:07:13.884 [AiEngine] Using JS Search
[DEBUG] 17:07:13.886 [AiEngine] Adaptive time: 500ms, depth: 4, reason: midgame, opening, emergency: false
[DEBUG] 17:07:13.886 [AiEngine] Using JS Search
[DEBUG] 17:07:13.887 [AiEngine] Adaptive time: 500ms, depth: 4, reason: midgame, opening, emergency: false
[DEBUG] 17:07:13.887 [AiEngine] Using JS Search
[DEBUG] 17:07:13.887 [AiEngine] Adaptive time: 500ms, depth: 4, reason: midgame, opening, emergency: false
[DEBUG] 17:07:13.887 [AiEngine] Using JS Search
[DEBUG] 17:07:13.887 [AiEngine] Adaptive time: 500ms, depth: 4, reason: midgame, opening, tactical, emergency: false
[DEBUG] 17:07:13.887 [AiEngine] Using JS Search
[DEBUG] 17:07:13.909 [AiEngine] Adaptive time: 500ms, depth: 4, reason: midgame, opening, emergency: false
[DEBUG] 17:07:13.909 [AiEngine] Using JS Search
[DEBUG] 17:07:14.067 [AiEngine] Adaptive time: 500ms, depth: 4, reason: midgame, opening, emergency: false
[DEBUG] 17:07:14.067 [AiEngine] Using JS Search
[DEBUG] 17:07:14.701 [AiEngine] Adaptive time: 500ms, depth: 4, reason: midgame, opening, tactical, emergency: false
[DEBUG] 17:07:14.701 [AiEngine] Using JS Search
[DEBUG] 17:07:15.027 [AiEngine] Adaptive time: 500ms, depth: 4, reason: midgame, opening, emergency: false
[DEBUG] 17:07:15.027 [AiEngine] Using JS Search
[DEBUG] 17:07:15.171 [AiEngine] Adaptive time: 500ms, depth: 4, reason: midgame, opening, tactical, emergency: false
[DEBUG] 17:07:15.171 [AiEngine] Using JS Search
[DEBUG] 17:07:15.451 [AiEngine] Adaptive time: 500ms, depth: 4, reason: midgame, opening, emergency: false
[DEBUG] 17:07:15.451 [AiEngine] Using JS Search
[DEBUG] 17:07:15.492 [AiEngine] Adaptive time: 500ms, depth: 4, reason: midgame, opening, tactical, emergency: false
[DEBUG] 17:07:15.492 [AiEngine] Using JS Search
[DEBUG] 17:07:15.633 [AiEngine] Adaptive time: 500ms, depth: 4, reason: midgame, opening, emergency: false
[DEBUG] 17:07:15.633 [AiEngine] Using JS Search
[DEBUG] 17:07:15.693 [AiEngine] Adaptive time: 500ms, depth: 4, reason: midgame, opening, tactical, emergency: false
[DEBUG] 17:07:15.693 [AiEngine] Using JS Search
[DEBUG] 17:07:15.894 [AiEngine] Adaptive time: 500ms, depth: 4, reason: midgame, opening, emergency: false
[DEBUG] 17:07:15.894 [AiEngine] Using JS Search
[DEBUG] 17:07:15.945 [AiEngine] Adaptive time: 500ms, depth: 4, reason: midgame, opening, tactical, emergency: false
[DEBUG] 17:07:15.945 [AiEngine] Using JS Search
[DEBUG] 17:07:15.953 [AiEngine] Adaptive time: 500ms, depth: 4, reason: midgame, opening, in-check, emergency: false
[DEBUG] 17:07:15.953 [AiEngine] Using JS Search
[DEBUG] 17:07:15.959 [AiEngine] Adaptive time: 500ms, depth: 4, reason: midgame, opening, tactical, emergency: false
[DEBUG] 17:07:15.959 [AiEngine] Using JS Search
[DEBUG] 17:07:16.213 [AiEngine] Adaptive time: 500ms, depth: 4, reason: midgame, opening, emergency: false
[DEBUG] 17:07:16.213 [AiEngine] Using JS Search
[DEBUG] 17:07:16.251 [AiEngine] Adaptive time: 500ms, depth: 4, reason: midgame, opening, tactical, emergency: false
[DEBUG] 17:07:16.251 [AiEngine] Using JS Search
[DEBUG] 17:07:16.268 [AiEngine] Adaptive time: 500ms, depth: 4, reason: midgame, opening, emergency: false
[DEBUG] 17:07:16.269 [AiEngine] Using JS Search
[DEBUG] 17:07:16.300 [AiEngine] Adaptive time: 500ms, depth: 4, reason: midgame, opening, tactical, emergency: false
[DEBUG] 17:07:16.300 [AiEngine] Using JS Search
[DEBUG] 17:07:16.389 [AiEngine] Adaptive time: 500ms, depth: 4, reason: midgame, opening, emergency: false
[DEBUG] 17:07:16.389 [AiEngine] Using JS Search
[DEBUG] 17:07:16.438 [AiEngine] Adaptive time: 500ms, depth: 4, reason: midgame, opening, tactical, emergency: false
[DEBUG] 17:07:16.438 [AiEngine] Using JS Search
[DEBUG] 17:07:16.515 [AiEngine] Adaptive time: 500ms, depth: 4, reason: midgame, opening, emergency: false
[DEBUG] 17:07:16.515 [AiEngine] Using JS Search
[DEBUG] 17:07:16.549 [AiEngine] Adaptive time: 500ms, depth: 4, reason: midgame, opening, tactical, emergency: false
[DEBUG] 17:07:16.549 [AiEngine] Using JS Search
[DEBUG] 17:07:16.858 [AiEngine] Adaptive time: 500ms, depth: 4, reason: midgame, opening, emergency: false
[DEBUG] 17:07:16.858 [AiEngine] Using JS Search
[DEBUG] 17:07:16.883 [AiEngine] Adaptive time: 500ms, depth: 4, reason: midgame, opening, tactical, emergency: false
[DEBUG] 17:07:16.883 [AiEngine] Using JS Search
[DEBUG] 17:07:16.884 [AiEngine] Adaptive time: 500ms, depth: 4, reason: midgame, opening, emergency: false
[DEBUG] 17:07:16.884 [AiEngine] Using JS Search
[DEBUG] 17:07:16.911 [AiEngine] Adaptive time: 500ms, depth: 4, reason: midgame, opening, tactical, emergency: false
[DEBUG] 17:07:16.911 [AiEngine] Using JS Search
[DEBUG] 17:07:16.913 [AiEngine] Adaptive time: 500ms, depth: 4, reason: midgame, opening, emergency: false
[DEBUG] 17:07:16.913 [AiEngine] Using JS Search
[DEBUG] 17:07:16.944 [AiEngine] Adaptive time: 500ms, depth: 4, reason: midgame, opening, tactical, emergency: false
[DEBUG] 17:07:16.944 [AiEngine] Using JS Search
[DEBUG] 17:07:16.946 [AiEngine] Adaptive time: 500ms, depth: 4, reason: midgame, opening, in-check, emergency: false
[DEBUG] 17:07:16.946 [AiEngine] Using JS Search
[DEBUG] 17:07:17.020 [AiEngine] Adaptive time: 500ms, depth: 4, reason: midgame, opening, emergency: false
[DEBUG] 17:07:17.021 [AiEngine] Using JS Search
[DEBUG] 17:07:17.021 [AiEngine] Adaptive time: 500ms, depth: 4, reason: midgame, opening, emergency: false
[DEBUG] 17:07:17.021 [AiEngine] Using JS Search
[DEBUG] 17:07:17.177 [AiEngine] Adaptive time: 500ms, depth: 4, reason: midgame, opening, emergency: false
[DEBUG] 17:07:17.177 [AiEngine] Using JS Search
[DEBUG] 17:07:17.178 [AiEngine] Adaptive time: 500ms, depth: 4, reason: midgame, opening, emergency: false
[DEBUG] 17:07:17.178 [AiEngine] Using JS Search
[DEBUG] 17:07:17.373 [AiEngine] Adaptive time: 500ms, depth: 4, reason: midgame, opening, emergency: false
[DEBUG] 17:07:17.373 [AiEngine] Using JS Search
[DEBUG] 17:07:17.374 [AiEngine] Adaptive time: 500ms, depth: 4, reason: midgame, opening, emergency: false
[DEBUG] 17:07:17.374 [AiEngine] Using JS Search
[DEBUG] 17:07:17.441 [AiEngine] Adaptive time: 500ms, depth: 4, reason: midgame, opening, emergency: false
[DEBUG] 17:07:17.441 [AiEngine] Using JS Search
[DEBUG] 17:07:17.442 [AiEngine] Adaptive time: 500ms, depth: 4, reason: midgame, opening, emergency: false
[DEBUG] 17:07:17.442 [AiEngine] Using JS Search
[DEBUG] 17:07:17.505 [AiEngine] Adaptive time: 3000ms, depth: 4, reason: midgame, emergency: false
[DEBUG] 17:07:17.505 [AiEngine] Using JS Search
[DEBUG] 17:07:17.506 [AiEngine] Adaptive time: 3000ms, depth: 4, reason: midgame, emergency: false
[DEBUG] 17:07:17.506 [AiEngine] Using JS Search
[DEBUG] 17:07:17.578 [AiEngine] Adaptive time: 3000ms, depth: 4, reason: standard, emergency: false
[DEBUG] 17:07:17.578 [AiEngine] Using JS Search
[DEBUG] 17:07:17.579 [AiEngine] Adaptive time: 3000ms, depth: 4, reason: tactical, emergency: false
[DEBUG] 17:07:17.579 [AiEngine] Using JS Search
[DEBUG] 17:07:17.601 [AiEngine] Adaptive time: 3000ms, depth: 4, reason: standard, emergency: false
[DEBUG] 17:07:17.601 [AiEngine] Using JS Search
[DEBUG] 17:07:17.602 [AiEngine] Adaptive time: 3000ms, depth: 4, reason: tactical, emergency: false
[DEBUG] 17:07:17.602 [AiEngine] Using JS Search
[DEBUG] 17:07:17.657 [AiEngine] Adaptive time: 3000ms, depth: 4, reason: in-check, emergency: false
[DEBUG] 17:07:17.657 [AiEngine] Using JS Search
[DEBUG] 17:07:17.658 [AiEngine] Adaptive time: 3000ms, depth: 4, reason: standard, emergency: false
[DEBUG] 17:07:17.658 [AiEngine] Using JS Search
[DEBUG] 17:07:17.731 [AiEngine] Adaptive time: 3000ms, depth: 4, reason: standard, emergency: false
[DEBUG] 17:07:17.732 [AiEngine] Using JS Search
[DEBUG] 17:07:17.732 [AiEngine] Adaptive time: 3000ms, depth: 4, reason: standard, emergency: false
[DEBUG] 17:07:17.732 [AiEngine] Using JS Search
[DEBUG] 17:07:17.869 [AiEngine] Adaptive time: 3000ms, depth: 4, reason: standard, emergency: false
[DEBUG] 17:07:17.869 [AiEngine] Using JS Search
[DEBUG] 17:07:17.871 [AiEngine] Adaptive time: 3000ms, depth: 4, reason: standard, emergency: false
[DEBUG] 17:07:17.871 [AiEngine] Using JS Search
[DEBUG] 17:07:17.920 [AiEngine] Adaptive time: 3000ms, depth: 4, reason: standard, emergency: false
[DEBUG] 17:07:17.920 [AiEngine] Using JS Search
[DEBUG] 17:07:17.923 [AiEngine] Adaptive time: 3000ms, depth: 4, reason: standard, emergency: false
[DEBUG] 17:07:17.923 [AiEngine] Using JS Search
[DEBUG] 17:07:18.029 [AiEngine] Adaptive time: 3000ms, depth: 4, reason: tactical, emergency: false
[DEBUG] 17:07:18.029 [AiEngine] Using JS Search
[DEBUG] 17:07:18.030 [AiEngine] Adaptive time: 3000ms, depth: 4, reason: standard, emergency: false
[DEBUG] 17:07:18.031 [AiEngine] Using JS Search
[DEBUG] 17:07:18.129 [AiEngine] Adaptive time: 3000ms, depth: 4, reason: tactical, emergency: false
[DEBUG] 17:07:18.129 [AiEngine] Using JS Search
[DEBUG] 17:07:18.251 [AiEngine] Adaptive time: 3000ms, depth: 4, reason: standard, emergency: false
[DEBUG] 17:07:18.251 [AiEngine] Using JS Search
[DEBUG] 17:07:18.303 [AiEngine] Adaptive time: 3000ms, depth: 4, reason: tactical, emergency: false
[DEBUG] 17:07:18.303 [AiEngine] Using JS Search
[DEBUG] 17:07:18.304 [AiEngine] Adaptive time: 3000ms, depth: 4, reason: standard, emergency: false
[DEBUG] 17:07:18.304 [AiEngine] Using JS Search
[DEBUG] 17:07:18.333 [AiEngine] Adaptive time: 3000ms, depth: 4, reason: tactical, emergency: false
[DEBUG] 17:07:18.333 [AiEngine] Using JS Search
[DEBUG] 17:07:18.336 [AiEngine] Adaptive time: 3000ms, depth: 4, reason: in-check, emergency: false
[DEBUG] 17:07:18.336 [AiEngine] Using JS Search
[DEBUG] 17:07:18.366 [AiEngine] Adaptive time: 3000ms, depth: 4, reason: tactical, emergency: false
[DEBUG] 17:07:18.366 [AiEngine] Using JS Search
[DEBUG] 17:07:18.368 [AiEngine] Adaptive time: 3000ms, depth: 4, reason: standard, emergency: false
[DEBUG] 17:07:18.368 [AiEngine] Using JS Search
[DEBUG] 17:07:18.452 [AiEngine] Adaptive time: 3000ms, depth: 4, reason: tactical, emergency: false
[DEBUG] 17:07:18.452 [AiEngine] Using JS Search
[DEBUG] 17:07:18.454 [AiEngine] Adaptive time: 3000ms, depth: 4, reason: standard, emergency: false
[DEBUG] 17:07:18.455 [AiEngine] Using JS Search
[DEBUG] 17:07:18.478 [AiEngine] Adaptive time: 3000ms, depth: 4, reason: endgame, emergency: false
[DEBUG] 17:07:18.478 [AiEngine] Using JS Search
[DEBUG] 17:07:18.484 [AiEngine] Adaptive time: 3000ms, depth: 4, reason: endgame, emergency: false
[DEBUG] 17:07:18.484 [AiEngine] Using JS Search
[DEBUG] 17:07:18.495 [AiEngine] Adaptive time: 3000ms, depth: 4, reason: endgame, emergency: false
[DEBUG] 17:07:18.495 [AiEngine] Using JS Search
[DEBUG] 17:07:18.501 [AiEngine] Adaptive time: 3000ms, depth: 4, reason: endgame, emergency: false
[DEBUG] 17:07:18.501 [AiEngine] Using JS Search
[DEBUG] 17:07:18.510 [AiEngine] Adaptive time: 3000ms, depth: 4, reason: endgame, emergency: false
[DEBUG] 17:07:18.510 [AiEngine] Using JS Search
[DEBUG] 17:07:18.514 [AiEngine] Adaptive time: 3000ms, depth: 4, reason: endgame, emergency: false
[DEBUG] 17:07:18.514 [AiEngine] Using JS Search
[DEBUG] 17:07:18.520 [AiEngine] Adaptive time: 3000ms, depth: 4, reason: endgame, emergency: false
[DEBUG] 17:07:18.521 [AiEngine] Using JS Search
[DEBUG] 17:07:18.525 [AiEngine] Adaptive time: 3000ms, depth: 4, reason: endgame, emergency: false
[DEBUG] 17:07:18.525 [AiEngine] Using JS Search
[DEBUG] 17:07:18.532 [AiEngine] Adaptive time: 3000ms, depth: 4, reason: endgame, emergency: false
[DEBUG] 17:07:18.532 [AiEngine] Using JS Search
[DEBUG] 17:07:18.536 [AiEngine] Adaptive time: 3000ms, depth: 4, reason: endgame, emergency: false
[DEBUG] 17:07:18.536 [AiEngine] Using JS Search
[DEBUG] 17:07:18.542 [AiEngine] Adaptive time: 3000ms, depth: 4, reason: endgame, emergency: false
[DEBUG] 17:07:18.542 [AiEngine] Using JS Search
[DEBUG] 17:07:18.546 [AiEngine] Adaptive time: 3000ms, depth: 4, reason: endgame, emergency: false
[DEBUG] 17:07:18.546 [AiEngine] Using JS Search
[DEBUG] 17:07:18.552 [AiEngine] Adaptive time: 3000ms, depth: 4, reason: endgame, emergency: false
[DEBUG] 17:07:18.552 [AiEngine] Using JS Search
[DEBUG] 17:07:18.556 [AiEngine] Adaptive time: 3000ms, depth: 4, reason: endgame, emergency: false
[DEBUG] 17:07:18.556 [AiEngine] Using JS Search
[DEBUG] 17:07:18.563 [AiEngine] Adaptive time: 3000ms, depth: 4, reason: endgame, emergency: false
[DEBUG] 17:07:18.563 [AiEngine] Using JS Search
[DEBUG] 17:07:18.566 [AiEngine] Adaptive time: 3000ms, depth: 4, reason: endgame, emergency: false
[DEBUG] 17:07:18.566 [AiEngine] Using JS Search
[DEBUG] 17:07:18.573 [AiEngine] Adaptive time: 3000ms, depth: 4, reason: endgame, tactical, emergency: false
[DEBUG] 17:07:18.574 [AiEngine] Using JS Search
[DEBUG] 17:07:18.578 [AiEngine] Adaptive time: 3000ms, depth: 4, reason: endgame, emergency: false
[DEBUG] 17:07:18.578 [AiEngine] Using JS Search
[DEBUG] 17:07:18.587 [AiEngine] Adaptive time: 3000ms, depth: 4, reason: endgame, tactical, emergency: false
[DEBUG] 17:07:18.587 [AiEngine] Using JS Search
[DEBUG] 17:07:18.590 [AiEngine] Adaptive time: 3000ms, depth: 4, reason: endgame, emergency: false
[DEBUG] 17:07:18.590 [AiEngine] Using JS Search
[DEBUG] 17:07:18.597 [AiEngine] Adaptive time: 3000ms, depth: 4, reason: endgame, tactical, emergency: false
[DEBUG] 17:07:18.597 [AiEngine] Using JS Search
[DEBUG] 17:07:18.600 [AiEngine] Adaptive time: 3000ms, depth: 4, reason: endgame, emergency: false
[DEBUG] 17:07:18.600 [AiEngine] Using JS Search
[DEBUG] 17:07:18.606 [AiEngine] Adaptive time: 3000ms, depth: 4, reason: endgame, tactical, emergency: false
[DEBUG] 17:07:18.606 [AiEngine] Using JS Search
[DEBUG] 17:07:18.608 [AiEngine] Adaptive time: 3000ms, depth: 4, reason: endgame, emergency: false
[DEBUG] 17:07:18.608 [AiEngine] Using JS Search
[DEBUG] 17:07:18.611 [AiEngine] Adaptive time: 3000ms, depth: 4, reason: endgame, tactical, emergency: false
[DEBUG] 17:07:18.611 [AiEngine] Using JS Search
[DEBUG] 17:07:18.614 [AiEngine] Adaptive time: 3000ms, depth: 4, reason: endgame, emergency: false
[DEBUG] 17:07:18.614 [AiEngine] Using JS Search
[DEBUG] 17:07:18.619 [AiEngine] Adaptive time: 3000ms, depth: 4, reason: endgame, tactical, emergency: false
[DEBUG] 17:07:18.619 [AiEngine] Using JS Search
[DEBUG] 17:07:18.622 [AiEngine] Adaptive time: 3000ms, depth: 4, reason: endgame, emergency: false
[DEBUG] 17:07:18.622 [AiEngine] Using JS Search
[DEBUG] 17:07:18.627 [AiEngine] Adaptive time: 3000ms, depth: 4, reason: endgame, emergency: false
[DEBUG] 17:07:18.627 [AiEngine] Using JS Search
[DEBUG] 17:07:18.629 [AiEngine] Adaptive time: 3000ms, depth: 4, reason: endgame, emergency: false
[DEBUG] 17:07:18.629 [AiEngine] Using JS Search
[DEBUG] 17:07:18.633 [AiEngine] Adaptive time: 3000ms, depth: 4, reason: endgame, tactical, emergency: false
[DEBUG] 17:07:18.633 [AiEngine] Using JS Search
[DEBUG] 17:07:18.635 [AiEngine] Adaptive time: 3000ms, depth: 4, reason: endgame, emergency: false
[DEBUG] 17:07:18.635 [AiEngine] Using JS Search
[DEBUG] 17:07:18.639 [AiEngine] Adaptive time: 3000ms, depth: 4, reason: endgame, emergency: false
[DEBUG] 17:07:18.639 [AiEngine] Using JS Search
[DEBUG] 17:07:18.644 [AiEngine] Adaptive time: 3000ms, depth: 4, reason: endgame, emergency: false
[DEBUG] 17:07:18.644 [AiEngine] Using JS Search
[DEBUG] 17:07:18.647 [AiEngine] Adaptive time: 500ms, depth: 4, reason: midgame, opening, emergency: false
[DEBUG] 17:07:18.647 [AiEngine] Using JS Search
[DEBUG] 17:07:18.647 [AiEngine] Adaptive time: 500ms, depth: 4, reason: midgame, opening, emergency: false
[DEBUG] 17:07:18.647 [AiEngine] Using JS Search
[DEBUG] 17:07:18.648 [AiEngine] Adaptive time: 500ms, depth: 4, reason: midgame, opening, emergency: false
[DEBUG] 17:07:18.648 [AiEngine] Using JS Search
[DEBUG] 17:07:18.648 [AiEngine] Adaptive time: 500ms, depth: 4, reason: midgame, opening, tactical, emergency: false
[DEBUG] 17:07:18.648 [AiEngine] Using JS Search
[DEBUG] 17:07:18.667 [AiEngine] Adaptive time: 500ms, depth: 4, reason: midgame, opening, emergency: false
[DEBUG] 17:07:18.667 [AiEngine] Using JS Search
[DEBUG] 17:07:18.707 [AiEngine] Adaptive time: 500ms, depth: 4, reason: midgame, opening, emergency: false
[DEBUG] 17:07:18.707 [AiEngine] Using JS Search
[DEBUG] 17:07:19.228 [AiEngine] Adaptive time: 500ms, depth: 4, reason: midgame, opening, tactical, emergency: false
[DEBUG] 17:07:19.228 [AiEngine] Using JS Search
[DEBUG] 17:07:19.546 [AiEngine] Adaptive time: 500ms, depth: 4, reason: midgame, opening, emergency: false
[DEBUG] 17:07:19.546 [AiEngine] Using JS Search
[DEBUG] 17:07:19.703 [AiEngine] Adaptive time: 500ms, depth: 4, reason: midgame, opening, tactical, emergency: false
[DEBUG] 17:07:19.703 [AiEngine] Using JS Search
[DEBUG] 17:07:20.030 [AiEngine] Adaptive time: 500ms, depth: 4, reason: midgame, opening, emergency: false
[DEBUG] 17:07:20.030 [AiEngine] Using JS Search
[DEBUG] 17:07:20.848 [AiEngine] Adaptive time: 500ms, depth: 4, reason: midgame, opening, tactical, emergency: false
[DEBUG] 17:07:20.848 [AiEngine] Using JS Search
[DEBUG] 17:07:21.078 [AiEngine] Adaptive time: 500ms, depth: 4, reason: midgame, opening, emergency: false
[DEBUG] 17:07:21.078 [AiEngine] Using JS Search
[DEBUG] 17:07:21.146 [AiEngine] Adaptive time: 500ms, depth: 4, reason: midgame, opening, in-check, emergency: false
[DEBUG] 17:07:21.147 [AiEngine] Using JS Search
[DEBUG] 17:07:21.272 [AiEngine] Adaptive time: 500ms, depth: 4, reason: midgame, opening, emergency: false
[DEBUG] 17:07:21.272 [AiEngine] Using JS Search
[DEBUG] 17:07:21.304 [AiEngine] Adaptive time: 500ms, depth: 4, reason: midgame, opening, tactical, emergency: false
[DEBUG] 17:07:21.305 [AiEngine] Using JS Search
[DEBUG] 17:07:21.306 [AiEngine] Adaptive time: 500ms, depth: 4, reason: midgame, opening, emergency: false
[DEBUG] 17:07:21.306 [AiEngine] Using JS Search
[DEBUG] 17:07:21.373 [AiEngine] Adaptive time: 500ms, depth: 4, reason: midgame, opening, tactical, emergency: false
[DEBUG] 17:07:21.373 [AiEngine] Using JS Search
[DEBUG] 17:07:21.375 [AiEngine] Adaptive time: 500ms, depth: 4, reason: midgame, opening, emergency: false
[DEBUG] 17:07:21.375 [AiEngine] Using JS Search
[DEBUG] 17:07:21.425 [AiEngine] Adaptive time: 500ms, depth: 4, reason: midgame, opening, tactical, emergency: false
[DEBUG] 17:07:21.425 [AiEngine] Using JS Search
[DEBUG] 17:07:21.427 [AiEngine] Adaptive time: 500ms, depth: 4, reason: midgame, opening, in-check, emergency: false
[DEBUG] 17:07:21.427 [AiEngine] Using JS Search
[DEBUG] 17:07:21.561 [AiEngine] Adaptive time: 500ms, depth: 4, reason: midgame, opening, emergency: false
[DEBUG] 17:07:21.561 [AiEngine] Using JS Search
[DEBUG] 17:07:21.707 [AiEngine] Adaptive time: 500ms, depth: 4, reason: midgame, opening, emergency: false
[DEBUG] 17:07:21.707 [AiEngine] Using JS Search
[DEBUG] 17:07:22.042 [AiEngine] Adaptive time: 500ms, depth: 4, reason: midgame, opening, emergency: false
[DEBUG] 17:07:22.043 [AiEngine] Using JS Search
[DEBUG] 17:07:22.173 [AiEngine] Adaptive time: 500ms, depth: 4, reason: midgame, opening, emergency: false
[DEBUG] 17:07:22.173 [AiEngine] Using JS Search
[DEBUG] 17:07:22.225 [AiEngine] Adaptive time: 500ms, depth: 4, reason: midgame, opening, in-check, emergency: false
[DEBUG] 17:07:22.225 [AiEngine] Using JS Search
[DEBUG] 17:07:22.355 [AiEngine] Adaptive time: 500ms, depth: 4, reason: midgame, opening, tactical, emergency: false
[DEBUG] 17:07:22.355 [AiEngine] Using JS Search
[DEBUG] 17:07:22.424 [AiEngine] Adaptive time: 500ms, depth: 4, reason: midgame, opening, emergency: false
[DEBUG] 17:07:22.425 [AiEngine] Using JS Search
[DEBUG] 17:07:22.610 [AiEngine] Adaptive time: 500ms, depth: 4, reason: midgame, opening, tactical, emergency: false
[DEBUG] 17:07:22.610 [AiEngine] Using JS Search
[DEBUG] 17:07:22.687 [AiEngine] Adaptive time: 500ms, depth: 4, reason: midgame, opening, emergency: false
[DEBUG] 17:07:22.688 [AiEngine] Using JS Search
[DEBUG] 17:07:22.837 [AiEngine] Adaptive time: 500ms, depth: 4, reason: midgame, opening, tactical, emergency: false
[DEBUG] 17:07:22.837 [AiEngine] Using JS Search
[DEBUG] 17:07:22.923 [AiEngine] Adaptive time: 500ms, depth: 4, reason: midgame, opening, emergency: false
[DEBUG] 17:07:22.923 [AiEngine] Using JS Search
[DEBUG] 17:07:23.111 [AiEngine] Adaptive time: 500ms, depth: 4, reason: midgame, opening, emergency: false
[DEBUG] 17:07:23.111 [AiEngine] Using JS Search
[DEBUG] 17:07:23.208 [AiEngine] Adaptive time: 500ms, depth: 4, reason: midgame, opening, emergency: false
[DEBUG] 17:07:23.208 [AiEngine] Using JS Search
[DEBUG] 17:07:23.613 [AiEngine] Adaptive time: 500ms, depth: 4, reason: midgame, opening, emergency: false
[DEBUG] 17:07:23.613 [AiEngine] Using JS Search
[DEBUG] 17:07:23.677 [AiEngine] Adaptive time: 500ms, depth: 4, reason: midgame, opening, in-check, emergency: false
[DEBUG] 17:07:23.677 [AiEngine] Using JS Search
[DEBUG] 17:07:23.728 [AiEngine] Adaptive time: 500ms, depth: 4, reason: midgame, opening, emergency: false
[DEBUG] 17:07:23.728 [AiEngine] Using JS Search
[DEBUG] 17:07:23.765 [AiEngine] Adaptive time: 500ms, depth: 4, reason: midgame, opening, tactical, emergency: false
[DEBUG] 17:07:23.765 [AiEngine] Using JS Search
[DEBUG] 17:07:23.894 [AiEngine] Adaptive time: 500ms, depth: 4, reason: midgame, opening, emergency: false
[DEBUG] 17:07:23.895 [AiEngine] Using JS Search
[DEBUG] 17:07:23.934 [AiEngine] Adaptive time: 500ms, depth: 4, reason: midgame, opening, in-check, emergency: false
[DEBUG] 17:07:23.934 [AiEngine] Using JS Search
[DEBUG] 17:07:23.957 [AiEngine] Adaptive time: 500ms, depth: 4, reason: midgame, opening, emergency: false
[DEBUG] 17:07:23.957 [AiEngine] Using JS Search
[DEBUG] 17:07:23.982 [AiEngine] Adaptive time: 3000ms, depth: 4, reason: midgame, tactical, emergency: false
[DEBUG] 17:07:23.982 [AiEngine] Using JS Search
[DEBUG] 17:07:24.008 [AiEngine] Adaptive time: 3000ms, depth: 4, reason: midgame, emergency: false
[DEBUG] 17:07:24.008 [AiEngine] Using JS Search
[DEBUG] 17:07:24.037 [AiEngine] Adaptive time: 3000ms, depth: 4, reason: midgame, tactical, emergency: false
[DEBUG] 17:07:24.037 [AiEngine] Using JS Search
[DEBUG] 17:07:24.066 [AiEngine] Adaptive time: 3000ms, depth: 4, reason: midgame, in-check, emergency: false
[DEBUG] 17:07:24.066 [AiEngine] Using JS Search
[DEBUG] 17:07:24.089 [AiEngine] Adaptive time: 3000ms, depth: 4, reason: midgame, tactical, emergency: false
[DEBUG] 17:07:24.089 [AiEngine] Using JS Search
[DEBUG] 17:07:24.101 [AiEngine] Adaptive time: 3000ms, depth: 4, reason: midgame, emergency: false
[DEBUG] 17:07:24.101 [AiEngine] Using JS Search
[DEBUG] 17:07:24.127 [AiEngine] Adaptive time: 3000ms, depth: 4, reason: midgame, emergency: false
[DEBUG] 17:07:24.127 [AiEngine] Using JS Search
[DEBUG] 17:07:24.282 [AiEngine] Adaptive time: 3000ms, depth: 4, reason: midgame, emergency: false
[DEBUG] 17:07:24.282 [AiEngine] Using JS Search
[DEBUG] 17:07:24.306 [AiEngine] Adaptive time: 3000ms, depth: 4, reason: midgame, emergency: false
[DEBUG] 17:07:24.306 [AiEngine] Using JS Search
[DEBUG] 17:07:24.391 [AiEngine] Adaptive time: 3000ms, depth: 4, reason: midgame, in-check, emergency: false
[DEBUG] 17:07:24.391 [AiEngine] Using JS Search
[DEBUG] 17:07:24.398 [AiEngine] Adaptive time: 3000ms, depth: 4, reason: midgame, emergency: false
[DEBUG] 17:07:24.398 [AiEngine] Using JS Search
[DEBUG] 17:07:24.542 [AiEngine] Adaptive time: 3000ms, depth: 4, reason: midgame, emergency: false
[DEBUG] 17:07:24.542 [AiEngine] Using JS Search
[DEBUG] 17:07:24.559 [AiEngine] Adaptive time: 3000ms, depth: 4, reason: midgame, emergency: false
[DEBUG] 17:07:24.559 [AiEngine] Using JS Search
[DEBUG] 17:07:24.770 [AiEngine] Adaptive time: 3000ms, depth: 4, reason: midgame, emergency: false
[DEBUG] 17:07:24.770 [AiEngine] Using JS Search
[DEBUG] 17:07:24.787 [AiEngine] Adaptive time: 3000ms, depth: 4, reason: midgame, emergency: false
[DEBUG] 17:07:24.787 [AiEngine] Using JS Search
[DEBUG] 17:07:24.895 [AiEngine] Adaptive time: 3000ms, depth: 4, reason: midgame, emergency: false
[DEBUG] 17:07:24.895 [AiEngine] Using JS Search
[DEBUG] 17:07:24.912 [AiEngine] Adaptive time: 3000ms, depth: 4, reason: midgame, emergency: false
[DEBUG] 17:07:24.912 [AiEngine] Using JS Search
[DEBUG] 17:07:25.079 [AiEngine] Adaptive time: 3000ms, depth: 4, reason: midgame, emergency: false
[DEBUG] 17:07:25.079 [AiEngine] Using JS Search
[DEBUG] 17:07:25.097 [AiEngine] Adaptive time: 3000ms, depth: 4, reason: midgame, emergency: false
[DEBUG] 17:07:25.097 [AiEngine] Using JS Search
[DEBUG] 17:07:25.274 [AiEngine] Adaptive time: 3000ms, depth: 4, reason: midgame, emergency: false
[DEBUG] 17:07:25.274 [AiEngine] Using JS Search
[DEBUG] 17:07:25.291 [AiEngine] Adaptive time: 3000ms, depth: 4, reason: midgame, emergency: false
[DEBUG] 17:07:25.291 [AiEngine] Using JS Search
[DEBUG] 17:07:25.426 [AiEngine] Adaptive time: 3000ms, depth: 4, reason: midgame, emergency: false
[DEBUG] 17:07:25.426 [AiEngine] Using JS Search
[DEBUG] 17:07:25.443 [AiEngine] Adaptive time: 3000ms, depth: 4, reason: midgame, emergency: false
[DEBUG] 17:07:25.443 [AiEngine] Using JS Search
[DEBUG] 17:07:25.546 [AiEngine] Adaptive time: 3000ms, depth: 4, reason: midgame, emergency: false
[DEBUG] 17:07:25.547 [AiEngine] Using JS Search
[DEBUG] 17:07:25.562 [AiEngine] Adaptive time: 3000ms, depth: 4, reason: midgame, emergency: false
[DEBUG] 17:07:25.562 [AiEngine] Using JS Search
[DEBUG] 17:07:25.694 [AiEngine] Adaptive time: 3000ms, depth: 4, reason: midgame, emergency: false
[DEBUG] 17:07:25.694 [AiEngine] Using JS Search
[DEBUG] 17:07:25.707 [AiEngine] Adaptive time: 3000ms, depth: 4, reason: midgame, tactical, emergency: false
[DEBUG] 17:07:25.707 [AiEngine] Using JS Search
[DEBUG] 17:07:25.766 [AiEngine] Adaptive time: 3000ms, depth: 4, reason: midgame, emergency: false
[DEBUG] 17:07:25.766 [AiEngine] Using JS Search
[DEBUG] 17:07:25.785 [AiEngine] Adaptive time: 3000ms, depth: 4, reason: standard, emergency: false
[DEBUG] 17:07:25.785 [AiEngine] Using JS Search
[DEBUG] 17:07:25.940 [AiEngine] Adaptive time: 3000ms, depth: 4, reason: tactical, emergency: false
[DEBUG] 17:07:25.940 [AiEngine] Using JS Search
[DEBUG] 17:07:25.953 [AiEngine] Adaptive time: 3000ms, depth: 4, reason: standard, emergency: false
[DEBUG] 17:07:25.954 [AiEngine] Using JS Search
[DEBUG] 17:07:26.059 [AiEngine] Adaptive time: 3000ms, depth: 4, reason: in-check, emergency: false
[DEBUG] 17:07:26.059 [AiEngine] Using JS Search
[DEBUG] 17:07:26.063 [AiEngine] Adaptive time: 3000ms, depth: 4, reason: standard, emergency: false
[DEBUG] 17:07:26.063 [AiEngine] Using JS Search
[DEBUG] 17:07:26.196 [AiEngine] Adaptive time: 3000ms, depth: 4, reason: tactical, emergency: false
[DEBUG] 17:07:26.196 [AiEngine] Using JS Search
[DEBUG] 17:07:26.206 [AiEngine] Adaptive time: 3000ms, depth: 4, reason: standard, emergency: false
[DEBUG] 17:07:26.206 [AiEngine] Using JS Search
[DEBUG] 17:07:26.304 [AiEngine] Adaptive time: 3000ms, depth: 4, reason: tactical, emergency: false
[DEBUG] 17:07:26.304 [AiEngine] Using JS Search
[DEBUG] 17:07:26.313 [AiEngine] Adaptive time: 3000ms, depth: 4, reason: standard, emergency: false
[DEBUG] 17:07:26.313 [AiEngine] Using JS Search
[DEBUG] 17:07:26.456 [AiEngine] Adaptive time: 3000ms, depth: 4, reason: tactical, emergency: false
[DEBUG] 17:07:26.456 [AiEngine] Using JS Search
[DEBUG] 17:07:26.466 [AiEngine] Adaptive time: 3000ms, depth: 4, reason: standard, emergency: false
[DEBUG] 17:07:26.466 [AiEngine] Using JS Search
[DEBUG] 17:07:26.565 [AiEngine] Adaptive time: 3000ms, depth: 4, reason: tactical, emergency: false
[DEBUG] 17:07:26.565 [AiEngine] Using JS Search
[DEBUG] 17:07:26.576 [AiEngine] Adaptive time: 3000ms, depth: 4, reason: standard, emergency: false
[DEBUG] 17:07:26.576 [AiEngine] Using JS Search
[DEBUG] 17:07:26.720 [AiEngine] Adaptive time: 3000ms, depth: 4, reason: tactical, emergency: false
[DEBUG] 17:07:26.720 [AiEngine] Using JS Search
[DEBUG] 17:07:26.730 [AiEngine] Adaptive time: 3000ms, depth: 4, reason: tactical, emergency: false
[DEBUG] 17:07:26.730 [AiEngine] Using JS Search
[DEBUG] 17:07:26.777 [AiEngine] Adaptive time: 3000ms, depth: 4, reason: standard, emergency: false
[DEBUG] 17:07:26.777 [AiEngine] Using JS Search
[DEBUG] 17:07:26.784 [AiEngine] Adaptive time: 3000ms, depth: 4, reason: in-check, emergency: false
[DEBUG] 17:07:26.784 [AiEngine] Using JS Search
[DEBUG] 17:07:26.855 [AiEngine] Adaptive time: 3000ms, depth: 4, reason: standard, emergency: false
[DEBUG] 17:07:26.855 [AiEngine] Using JS Search
[DEBUG] 17:07:26.861 [AiEngine] Adaptive time: 3000ms, depth: 4, reason: standard, emergency: false
[DEBUG] 17:07:26.861 [AiEngine] Using JS Search
[DEBUG] 17:07:26.865 [AiEngine] Adaptive time: 3000ms, depth: 4, reason: standard, emergency: false
[DEBUG] 17:07:26.865 [AiEngine] Using JS Search
[DEBUG] 17:07:26.871 [AiEngine] Adaptive time: 3000ms, depth: 4, reason: tactical, emergency: false
[DEBUG] 17:07:26.871 [AiEngine] Using JS Search
[DEBUG] 17:07:26.874 [AiEngine] Adaptive time: 3000ms, depth: 4, reason: endgame, emergency: false
[DEBUG] 17:07:26.875 [AiEngine] Using JS Search
[DEBUG] 17:07:26.879 [AiEngine] Adaptive time: 3000ms, depth: 4, reason: endgame, emergency: false
[DEBUG] 17:07:26.879 [AiEngine] Using JS Search
[DEBUG] 17:07:26.882 [AiEngine] Adaptive time: 3000ms, depth: 4, reason: endgame, emergency: false
[DEBUG] 17:07:26.882 [AiEngine] Using JS Search
[DEBUG] 17:07:26.885 [AiEngine] Adaptive time: 3000ms, depth: 4, reason: endgame, emergency: false
[DEBUG] 17:07:26.885 [AiEngine] Using JS Search
[DEBUG] 17:07:26.887 [AiEngine] Adaptive time: 3000ms, depth: 4, reason: endgame, emergency: false
[DEBUG] 17:07:26.887 [AiEngine] Using JS Search
[DEBUG] 17:07:26.890 [AiEngine] Adaptive time: 3000ms, depth: 4, reason: endgame, tactical, emergency: false
[DEBUG] 17:07:26.890 [AiEngine] Using JS Search
[DEBUG] 17:07:26.892 [AiEngine] Adaptive time: 3000ms, depth: 4, reason: endgame, emergency: false
[DEBUG] 17:07:26.892 [AiEngine] Using JS Search
[DEBUG] 17:07:26.896 [AiEngine] Adaptive time: 3000ms, depth: 4, reason: endgame, tactical, emergency: false
[DEBUG] 17:07:26.896 [AiEngine] Using JS Search
[DEBUG] 17:07:26.898 [AiEngine] Adaptive time: 3000ms, depth: 4, reason: endgame, emergency: false
[DEBUG] 17:07:26.898 [AiEngine] Using JS Search
[DEBUG] 17:07:26.901 [AiEngine] Adaptive time: 3000ms, depth: 4, reason: endgame, tactical, emergency: false
[DEBUG] 17:07:26.901 [AiEngine] Using JS Search
[DEBUG] 17:07:26.903 [AiEngine] Adaptive time: 3000ms, depth: 4, reason: endgame, emergency: false
[DEBUG] 17:07:26.903 [AiEngine] Using JS Search
[DEBUG] 17:07:26.906 [AiEngine] Adaptive time: 500ms, depth: 4, reason: midgame, opening, emergency: false
[DEBUG] 17:07:26.906 [AiEngine] Using JS Search
[DEBUG] 17:07:26.906 [AiEngine] Adaptive time: 500ms, depth: 4, reason: midgame, opening, emergency: false
[DEBUG] 17:07:26.906 [AiEngine] Using JS Search
[DEBUG] 17:07:26.907 [AiEngine] Adaptive time: 500ms, depth: 4, reason: midgame, opening, emergency: false
[DEBUG] 17:07:26.907 [AiEngine] Using JS Search
[DEBUG] 17:07:26.907 [AiEngine] Adaptive time: 500ms, depth: 4, reason: midgame, opening, tactical, emergency: false
[DEBUG] 17:07:26.907 [AiEngine] Using JS Search
[DEBUG] 17:07:26.926 [AiEngine] Adaptive time: 500ms, depth: 4, reason: midgame, opening, emergency: false
[DEBUG] 17:07:26.926 [AiEngine] Using JS Search
[DEBUG] 17:07:27.016 [AiEngine] Adaptive time: 500ms, depth: 4, reason: midgame, opening, emergency: false
[DEBUG] 17:07:27.016 [AiEngine] Using JS Search
[DEBUG] 17:07:27.303 [AiEngine] Adaptive time: 500ms, depth: 4, reason: midgame, opening, emergency: false
[DEBUG] 17:07:27.303 [AiEngine] Using JS Search
[DEBUG] 17:07:27.558 [AiEngine] Adaptive time: 500ms, depth: 4, reason: midgame, opening, emergency: false
[DEBUG] 17:07:27.558 [AiEngine] Using JS Search
[DEBUG] 17:07:27.853 [AiEngine] Adaptive time: 500ms, depth: 4, reason: midgame, opening, emergency: false
[DEBUG] 17:07:27.853 [AiEngine] Using JS Search
[DEBUG] 17:07:28.107 [AiEngine] Adaptive time: 500ms, depth: 4, reason: midgame, opening, emergency: false
[DEBUG] 17:07:28.107 [AiEngine] Using JS Search
[DEBUG] 17:07:28.419 [AiEngine] Adaptive time: 500ms, depth: 4, reason: midgame, opening, emergency: false
[DEBUG] 17:07:28.419 [AiEngine] Using JS Search
[DEBUG] 17:07:28.632 [AiEngine] Adaptive time: 500ms, depth: 4, reason: midgame, opening, emergency: false
[DEBUG] 17:07:28.632 [AiEngine] Using JS Search
[DEBUG] 17:07:28.776 [AiEngine] Adaptive time: 500ms, depth: 4, reason: midgame, opening, emergency: false
[DEBUG] 17:07:28.776 [AiEngine] Using JS Search
[DEBUG] 17:07:29.078 [AiEngine] Adaptive time: 500ms, depth: 4, reason: midgame, opening, emergency: false
[DEBUG] 17:07:29.078 [AiEngine] Using JS Search
[DEBUG] 17:07:29.337 [AiEngine] Adaptive time: 500ms, depth: 4, reason: midgame, opening, tactical, emergency: false
[DEBUG] 17:07:29.337 [AiEngine] Using JS Search
[DEBUG] 17:07:29.428 [AiEngine] Adaptive time: 500ms, depth: 4, reason: midgame, opening, tactical, emergency: false
[DEBUG] 17:07:29.428 [AiEngine] Using JS Search
[DEBUG] 17:07:29.649 [AiEngine] Adaptive time: 500ms, depth: 4, reason: midgame, opening, emergency: false
[DEBUG] 17:07:29.649 [AiEngine] Using JS Search
[DEBUG] 17:07:29.682 [AiEngine] Adaptive time: 500ms, depth: 4, reason: midgame, opening, tactical, emergency: false
[DEBUG] 17:07:29.682 [AiEngine] Using JS Search
[DEBUG] 17:07:29.842 [AiEngine] Adaptive time: 500ms, depth: 4, reason: midgame, opening, emergency: false
[DEBUG] 17:07:29.842 [AiEngine] Using JS Search
[DEBUG] 17:07:29.892 [AiEngine] Adaptive time: 500ms, depth: 4, reason: midgame, opening, tactical, emergency: false
[DEBUG] 17:07:29.892 [AiEngine] Using JS Search
[DEBUG] 17:07:29.900 [AiEngine] Adaptive time: 500ms, depth: 4, reason: midgame, opening, in-check, emergency: false
[DEBUG] 17:07:29.900 [AiEngine] Using JS Search
[DEBUG] 17:07:29.908 [AiEngine] Adaptive time: 500ms, depth: 4, reason: midgame, opening, tactical, emergency: false
[DEBUG] 17:07:29.908 [AiEngine] Using JS Search
[DEBUG] 17:07:29.916 [AiEngine] Adaptive time: 500ms, depth: 4, reason: midgame, opening, in-check, emergency: false
[DEBUG] 17:07:29.916 [AiEngine] Using JS Search
[DEBUG] 17:07:29.919 [AiEngine] Adaptive time: 500ms, depth: 4, reason: midgame, opening, tactical, emergency: false
[DEBUG] 17:07:29.919 [AiEngine] Using JS Search
[DEBUG] 17:07:29.925 [AiEngine] Adaptive time: 500ms, depth: 4, reason: midgame, opening, in-check, emergency: false
[DEBUG] 17:07:29.925 [AiEngine] Using JS Search
[DEBUG] 17:07:29.932 [AiEngine] Adaptive time: 500ms, depth: 4, reason: midgame, opening, tactical, emergency: false
[DEBUG] 17:07:29.932 [AiEngine] Using JS Search
[DEBUG] 17:07:29.934 [AiEngine] Adaptive time: 500ms, depth: 4, reason: midgame, opening, emergency: false
[DEBUG] 17:07:29.934 [AiEngine] Using JS Search
[DEBUG] 17:07:30.071 [AiEngine] Adaptive time: 500ms, depth: 4, reason: midgame, opening, emergency: false
[DEBUG] 17:07:30.071 [AiEngine] Using JS Search
[DEBUG] 17:07:30.073 [AiEngine] Adaptive time: 500ms, depth: 4, reason: midgame, opening, emergency: false
[DEBUG] 17:07:30.073 [AiEngine] Using JS Search
[DEBUG] 17:07:30.261 [AiEngine] Adaptive time: 500ms, depth: 4, reason: midgame, opening, emergency: false
[DEBUG] 17:07:30.261 [AiEngine] Using JS Search
[DEBUG] 17:07:30.262 [AiEngine] Adaptive time: 500ms, depth: 4, reason: midgame, opening, emergency: false
[DEBUG] 17:07:30.262 [AiEngine] Using JS Search
[DEBUG] 17:07:30.469 [AiEngine] Adaptive time: 500ms, depth: 4, reason: midgame, opening, emergency: false
[DEBUG] 17:07:30.469 [AiEngine] Using JS Search
[DEBUG] 17:07:30.470 [AiEngine] Adaptive time: 500ms, depth: 4, reason: midgame, opening, emergency: false
[DEBUG] 17:07:30.470 [AiEngine] Using JS Search
[DEBUG] 17:07:30.710 [AiEngine] Adaptive time: 500ms, depth: 4, reason: midgame, opening, emergency: false
[DEBUG] 17:07:30.710 [AiEngine] Using JS Search
[DEBUG] 17:07:30.729 [AiEngine] Adaptive time: 500ms, depth: 4, reason: midgame, opening, emergency: false
[DEBUG] 17:07:30.729 [AiEngine] Using JS Search
[DEBUG] 17:07:30.787 [AiEngine] Adaptive time: 500ms, depth: 4, reason: midgame, opening, emergency: false
[DEBUG] 17:07:30.787 [AiEngine] Using JS Search
[DEBUG] 17:07:30.798 [AiEngine] Adaptive time: 500ms, depth: 4, reason: midgame, opening, emergency: false
[DEBUG] 17:07:30.798 [AiEngine] Using JS Search
[DEBUG] 17:07:30.821 [AiEngine] Adaptive time: 500ms, depth: 4, reason: midgame, opening, emergency: false
[DEBUG] 17:07:30.821 [AiEngine] Using JS Search
[DEBUG] 17:07:30.822 [AiEngine] Adaptive time: 500ms, depth: 4, reason: midgame, opening, emergency: false
[DEBUG] 17:07:30.822 [AiEngine] Using JS Search
[DEBUG] 17:07:30.912 [AiEngine] Adaptive time: 500ms, depth: 4, reason: midgame, opening, tactical, emergency: false
[DEBUG] 17:07:30.912 [AiEngine] Using JS Search
[DEBUG] 17:07:30.913 [AiEngine] Adaptive time: 3000ms, depth: 4, reason: midgame, emergency: false
[DEBUG] 17:07:30.913 [AiEngine] Using JS Search
[DEBUG] 17:07:30.998 [AiEngine] Adaptive time: 3000ms, depth: 4, reason: midgame, tactical, emergency: false
[DEBUG] 17:07:30.998 [AiEngine] Using JS Search
[DEBUG] 17:07:30.999 [AiEngine] Adaptive time: 3000ms, depth: 4, reason: midgame, emergency: false
[DEBUG] 17:07:30.999 [AiEngine] Using JS Search
[DEBUG] 17:07:31.128 [AiEngine] Adaptive time: 3000ms, depth: 4, reason: midgame, tactical, emergency: false
[DEBUG] 17:07:31.128 [AiEngine] Using JS Search
[DEBUG] 17:07:31.129 [AiEngine] Adaptive time: 3000ms, depth: 4, reason: midgame, emergency: false
[DEBUG] 17:07:31.129 [AiEngine] Using JS Search
[DEBUG] 17:07:31.228 [AiEngine] Adaptive time: 3000ms, depth: 4, reason: midgame, tactical, emergency: false
[DEBUG] 17:07:31.228 [AiEngine] Using JS Search
[DEBUG] 17:07:31.229 [AiEngine] Adaptive time: 3000ms, depth: 4, reason: midgame, emergency: false
[DEBUG] 17:07:31.229 [AiEngine] Using JS Search
[DEBUG] 17:07:31.378 [AiEngine] Adaptive time: 3000ms, depth: 4, reason: midgame, tactical, emergency: false
[DEBUG] 17:07:31.378 [AiEngine] Using JS Search
[DEBUG] 17:07:31.379 [AiEngine] Adaptive time: 3000ms, depth: 4, reason: midgame, emergency: false
[DEBUG] 17:07:31.379 [AiEngine] Using JS Search
[DEBUG] 17:07:31.470 [AiEngine] Adaptive time: 3000ms, depth: 4, reason: midgame, tactical, emergency: false
[DEBUG] 17:07:31.470 [AiEngine] Using JS Search
[DEBUG] 17:07:31.471 [AiEngine] Adaptive time: 3000ms, depth: 4, reason: midgame, emergency: false
[DEBUG] 17:07:31.471 [AiEngine] Using JS Search
[DEBUG] 17:07:31.594 [AiEngine] Adaptive time: 3000ms, depth: 4, reason: midgame, tactical, emergency: false
[DEBUG] 17:07:31.594 [AiEngine] Using JS Search
[DEBUG] 17:07:31.595 [AiEngine] Adaptive time: 3000ms, depth: 4, reason: midgame, tactical, emergency: false
[DEBUG] 17:07:31.595 [AiEngine] Using JS Search
[DEBUG] 17:07:31.730 [AiEngine] Adaptive time: 3000ms, depth: 4, reason: midgame, tactical, emergency: false
[DEBUG] 17:07:31.730 [AiEngine] Using JS Search
[DEBUG] 17:07:31.730 [AiEngine] Adaptive time: 3000ms, depth: 4, reason: midgame, tactical, emergency: false
[DEBUG] 17:07:31.730 [AiEngine] Using JS Search
[DEBUG] 17:07:31.866 [AiEngine] Adaptive time: 3000ms, depth: 4, reason: midgame, tactical, emergency: false
[DEBUG] 17:07:31.866 [AiEngine] Using JS Search
[DEBUG] 17:07:31.866 [AiEngine] Adaptive time: 3000ms, depth: 4, reason: midgame, emergency: false
[DEBUG] 17:07:31.866 [AiEngine] Using JS Search
[DEBUG] 17:07:31.962 [AiEngine] Adaptive time: 3000ms, depth: 4, reason: midgame, tactical, emergency: false
[DEBUG] 17:07:31.962 [AiEngine] Using JS Search
[DEBUG] 17:07:31.963 [AiEngine] Adaptive time: 3000ms, depth: 4, reason: midgame, emergency: false
[DEBUG] 17:07:31.963 [AiEngine] Using JS Search
[DEBUG] 17:07:32.132 [AiEngine] Adaptive time: 3000ms, depth: 4, reason: midgame, tactical, emergency: false
[DEBUG] 17:07:32.132 [AiEngine] Using JS Search
[DEBUG] 17:07:32.133 [AiEngine] Adaptive time: 3000ms, depth: 4, reason: midgame, emergency: false
[DEBUG] 17:07:32.133 [AiEngine] Using JS Search
[DEBUG] 17:07:32.203 [AiEngine] Adaptive time: 3000ms, depth: 4, reason: midgame, emergency: false
[DEBUG] 17:07:32.203 [AiEngine] Using JS Search
[DEBUG] 17:07:32.204 [AiEngine] Adaptive time: 3000ms, depth: 4, reason: midgame, emergency: false
[DEBUG] 17:07:32.204 [AiEngine] Using JS Search
[DEBUG] 17:07:32.275 [AiEngine] Adaptive time: 3000ms, depth: 4, reason: midgame, emergency: false
[DEBUG] 17:07:32.275 [AiEngine] Using JS Search
[DEBUG] 17:07:32.284 [AiEngine] Adaptive time: 3000ms, depth: 4, reason: standard, emergency: false
[DEBUG] 17:07:32.284 [AiEngine] Using JS Search
[DEBUG] 17:07:32.297 [AiEngine] Adaptive time: 3000ms, depth: 4, reason: tactical, emergency: false
[DEBUG] 17:07:32.297 [AiEngine] Using JS Search
[DEBUG] 17:07:32.304 [AiEngine] Adaptive time: 3000ms, depth: 4, reason: standard, emergency: false
[DEBUG] 17:07:32.304 [AiEngine] Using JS Search
[DEBUG] 17:07:32.315 [AiEngine] Adaptive time: 3000ms, depth: 4, reason: tactical, emergency: false
[DEBUG] 17:07:32.315 [AiEngine] Using JS Search
[DEBUG] 17:07:32.321 [AiEngine] Adaptive time: 3000ms, depth: 4, reason: standard, emergency: false
[DEBUG] 17:07:32.321 [AiEngine] Using JS Search
[DEBUG] 17:07:32.331 [AiEngine] Adaptive time: 3000ms, depth: 4, reason: tactical, emergency: false
[DEBUG] 17:07:32.331 [AiEngine] Using JS Search
[DEBUG] 17:07:32.337 [AiEngine] Adaptive time: 3000ms, depth: 4, reason: standard, emergency: false
[DEBUG] 17:07:32.337 [AiEngine] Using JS Search
[DEBUG] 17:07:32.346 [AiEngine] Adaptive time: 3000ms, depth: 4, reason: tactical, emergency: false
[DEBUG] 17:07:32.346 [AiEngine] Using JS Search
[DEBUG] 17:07:32.350 [AiEngine] Adaptive time: 3000ms, depth: 4, reason: standard, emergency: false
[DEBUG] 17:07:32.350 [AiEngine] Using JS Search
[DEBUG] 17:07:32.358 [AiEngine] Adaptive time: 3000ms, depth: 4, reason: tactical, emergency: false
[DEBUG] 17:07:32.358 [AiEngine] Using JS Search
[DEBUG] 17:07:32.362 [AiEngine] Adaptive time: 3000ms, depth: 4, reason: standard, emergency: false
[DEBUG] 17:07:32.362 [AiEngine] Using JS Search
[DEBUG] 17:07:32.371 [AiEngine] Adaptive time: 3000ms, depth: 4, reason: standard, emergency: false
[DEBUG] 17:07:32.371 [AiEngine] Using JS Search
[DEBUG] 17:07:32.374 [AiEngine] Adaptive time: 3000ms, depth: 4, reason: standard, emergency: false
[DEBUG] 17:07:32.374 [AiEngine] Using JS Search
[DEBUG] 17:07:32.381 [AiEngine] Adaptive time: 3000ms, depth: 4, reason: standard, emergency: false
[DEBUG] 17:07:32.381 [AiEngine] Using JS Search
[DEBUG] 17:07:32.384 [AiEngine] Adaptive time: 3000ms, depth: 4, reason: standard, emergency: false
[DEBUG] 17:07:32.384 [AiEngine] Using JS Search
[DEBUG] 17:07:32.389 [AiEngine] Adaptive time: 3000ms, depth: 4, reason: standard, emergency: false
[DEBUG] 17:07:32.389 [AiEngine] Using JS Search
[DEBUG] 17:07:32.393 [AiEngine] Adaptive time: 3000ms, depth: 4, reason: standard, emergency: false
[DEBUG] 17:07:32.393 [AiEngine] Using JS Search
[DEBUG] 17:07:32.397 [AiEngine] Adaptive time: 3000ms, depth: 4, reason: standard, emergency: false
[DEBUG] 17:07:32.397 [AiEngine] Using JS Search
[DEBUG] 17:07:32.400 [AiEngine] Adaptive time: 3000ms, depth: 4, reason: standard, emergency: false
[DEBUG] 17:07:32.400 [AiEngine] Using JS Search
[DEBUG] 17:07:32.405 [AiEngine] Adaptive time: 3000ms, depth: 4, reason: standard, emergency: false
[DEBUG] 17:07:32.405 [AiEngine] Using JS Search
[DEBUG] 17:07:32.408 [AiEngine] Adaptive time: 3000ms, depth: 4, reason: standard, emergency: false
[DEBUG] 17:07:32.408 [AiEngine] Using JS Search
[DEBUG] 17:07:32.413 [AiEngine] Adaptive time: 3000ms, depth: 4, reason: tactical, emergency: false
[DEBUG] 17:07:32.413 [AiEngine] Using JS Search
[DEBUG] 17:07:32.415 [AiEngine] Adaptive time: 3000ms, depth: 4, reason: standard, emergency: false
[DEBUG] 17:07:32.415 [AiEngine] Using JS Search
[DEBUG] 17:07:32.418 [AiEngine] Adaptive time: 3000ms, depth: 4, reason: tactical, emergency: false
[DEBUG] 17:07:32.418 [AiEngine] Using JS Search
[DEBUG] 17:07:32.420 [AiEngine] Adaptive time: 3000ms, depth: 4, reason: in-check, emergency: false
[DEBUG] 17:07:32.420 [AiEngine] Using JS Search
[DEBUG] 17:07:32.422 [AiEngine] Adaptive time: 3000ms, depth: 4, reason: standard, emergency: false
[DEBUG] 17:07:32.422 [AiEngine] Using JS Search
[DEBUG] 17:07:32.424 [AiEngine] Adaptive time: 3000ms, depth: 4, reason: standard, emergency: false
[DEBUG] 17:07:32.424 [AiEngine] Using JS Search
[DEBUG] 17:07:32.428 [AiEngine] Adaptive time: 3000ms, depth: 4, reason: tactical, emergency: false
[DEBUG] 17:07:32.428 [AiEngine] Using JS Search
[DEBUG] 17:07:32.430 [AiEngine] Adaptive time: 3000ms, depth: 4, reason: standard, emergency: false
[DEBUG] 17:07:32.430 [AiEngine] Using JS Search
[DEBUG] 17:07:32.433 [AiEngine] Adaptive time: 3000ms, depth: 4, reason: standard, emergency: false
[DEBUG] 17:07:32.433 [AiEngine] Using JS Search
[DEBUG] 17:07:32.436 [AiEngine] Adaptive time: 3000ms, depth: 4, reason: standard, emergency: false
[DEBUG] 17:07:32.436 [AiEngine] Using JS Search
[DEBUG] 17:07:32.439 [AiEngine] Adaptive time: 3000ms, depth: 4, reason: tactical, emergency: false
[DEBUG] 17:07:32.439 [AiEngine] Using JS Search
[DEBUG] 17:07:32.441 [AiEngine] Adaptive time: 3000ms, depth: 4, reason: standard, emergency: false
[DEBUG] 17:07:32.441 [AiEngine] Using JS Search
[DEBUG] 17:07:32.445 [AiEngine] Adaptive time: 3000ms, depth: 4, reason: tactical, emergency: false
[DEBUG] 17:07:32.445 [AiEngine] Using JS Search
[DEBUG] 17:07:32.449 [AiEngine] Adaptive time: 3000ms, depth: 4, reason: standard, emergency: false
[DEBUG] 17:07:32.449 [AiEngine] Using JS Search
[DEBUG] 17:07:32.454 [AiEngine] Adaptive time: 3000ms, depth: 4, reason: tactical, emergency: false
[DEBUG] 17:07:32.454 [AiEngine] Using JS Search
[DEBUG] 17:07:32.456 [AiEngine] Adaptive time: 500ms, depth: 4, reason: midgame, opening, emergency: false
[DEBUG] 17:07:32.456 [AiEngine] Using JS Search
[DEBUG] 17:07:32.457 [AiEngine] Adaptive time: 500ms, depth: 4, reason: midgame, opening, emergency: false
[DEBUG] 17:07:32.457 [AiEngine] Using JS Search
[DEBUG] 17:07:32.457 [AiEngine] Adaptive time: 500ms, depth: 4, reason: midgame, opening, emergency: false
[DEBUG] 17:07:32.457 [AiEngine] Using JS Search
[DEBUG] 17:07:32.457 [AiEngine] Adaptive time: 500ms, depth: 4, reason: midgame, opening, tactical, emergency: false
[DEBUG] 17:07:32.457 [AiEngine] Using JS Search
[DEBUG] 17:07:32.476 [AiEngine] Adaptive time: 500ms, depth: 4, reason: midgame, opening, emergency: false
[DEBUG] 17:07:32.476 [AiEngine] Using JS Search
[DEBUG] 17:07:32.532 [AiEngine] Adaptive time: 500ms, depth: 4, reason: midgame, opening, emergency: false
[DEBUG] 17:07:32.532 [AiEngine] Using JS Search
[DEBUG] 17:07:32.764 [AiEngine] Adaptive time: 500ms, depth: 4, reason: midgame, opening, emergency: false
[DEBUG] 17:07:32.764 [AiEngine] Using JS Search
[DEBUG] 17:07:32.939 [AiEngine] Adaptive time: 500ms, depth: 4, reason: midgame, opening, emergency: false
[DEBUG] 17:07:32.939 [AiEngine] Using JS Search
[DEBUG] 17:07:33.191 [AiEngine] Adaptive time: 500ms, depth: 4, reason: midgame, opening, emergency: false
[DEBUG] 17:07:33.191 [AiEngine] Using JS Search
[DEBUG] 17:07:33.496 [AiEngine] Adaptive time: 500ms, depth: 4, reason: midgame, opening, emergency: false
[DEBUG] 17:07:33.496 [AiEngine] Using JS Search
[DEBUG] 17:07:33.613 [AiEngine] Adaptive time: 500ms, depth: 4, reason: midgame, opening, emergency: false
[DEBUG] 17:07:33.613 [AiEngine] Using JS Search
[DEBUG] 17:07:34.035 [AiEngine] Adaptive time: 500ms, depth: 4, reason: midgame, opening, emergency: false
[DEBUG] 17:07:34.035 [AiEngine] Using JS Search
[DEBUG] 17:07:34.245 [AiEngine] Adaptive time: 500ms, depth: 4, reason: midgame, opening, emergency: false
[DEBUG] 17:07:34.246 [AiEngine] Using JS Search
[DEBUG] 17:07:34.573 [AiEngine] Adaptive time: 500ms, depth: 4, reason: midgame, opening, emergency: false
[DEBUG] 17:07:34.573 [AiEngine] Using JS Search
[DEBUG] 17:07:34.735 [AiEngine] Adaptive time: 500ms, depth: 4, reason: midgame, opening, tactical, emergency: false
[DEBUG] 17:07:34.735 [AiEngine] Using JS Search
[DEBUG] 17:07:35.120 [AiEngine] Adaptive time: 500ms, depth: 4, reason: midgame, opening, tactical, emergency: false
[DEBUG] 17:07:35.120 [AiEngine] Using JS Search
[DEBUG] 17:07:35.200 [AiEngine] Adaptive time: 500ms, depth: 4, reason: midgame, opening, tactical, emergency: false
[DEBUG] 17:07:35.200 [AiEngine] Using JS Search
[DEBUG] 17:07:35.406 [AiEngine] Adaptive time: 500ms, depth: 4, reason: midgame, opening, tactical, emergency: false
[DEBUG] 17:07:35.406 [AiEngine] Using JS Search
[DEBUG] 17:07:35.546 [AiEngine] Adaptive time: 500ms, depth: 4, reason: midgame, opening, tactical, emergency: false
[DEBUG] 17:07:35.546 [AiEngine] Using JS Search
[DEBUG] 17:07:35.983 [AiEngine] Adaptive time: 500ms, depth: 4, reason: midgame, opening, tactical, emergency: false
[DEBUG] 17:07:35.983 [AiEngine] Using JS Search
[DEBUG] 17:07:36.092 [AiEngine] Adaptive time: 500ms, depth: 4, reason: midgame, opening, emergency: false
[DEBUG] 17:07:36.093 [AiEngine] Using JS Search
[DEBUG] 17:07:36.270 [AiEngine] Adaptive time: 500ms, depth: 4, reason: midgame, opening, tactical, emergency: false
[DEBUG] 17:07:36.270 [AiEngine] Using JS Search
[DEBUG] 17:07:36.393 [AiEngine] Adaptive time: 500ms, depth: 4, reason: midgame, opening, emergency: false
[DEBUG] 17:07:36.393 [AiEngine] Using JS Search
[DEBUG] 17:07:36.639 [AiEngine] Adaptive time: 500ms, depth: 4, reason: midgame, opening, tactical, emergency: false
[DEBUG] 17:07:36.639 [AiEngine] Using JS Search
[DEBUG] 17:07:36.837 [AiEngine] Adaptive time: 500ms, depth: 4, reason: midgame, opening, tactical, emergency: false
[DEBUG] 17:07:36.837 [AiEngine] Using JS Search
[DEBUG] 17:07:36.963 [AiEngine] Adaptive time: 500ms, depth: 4, reason: midgame, opening, tactical, emergency: false
[DEBUG] 17:07:36.963 [AiEngine] Using JS Search
[DEBUG] 17:07:37.060 [AiEngine] Adaptive time: 500ms, depth: 4, reason: midgame, opening, emergency: false
[DEBUG] 17:07:37.060 [AiEngine] Using JS Search
[DEBUG] 17:07:37.457 [AiEngine] Adaptive time: 500ms, depth: 4, reason: midgame, opening, tactical, emergency: false
[DEBUG] 17:07:37.457 [AiEngine] Using JS Search
[DEBUG] 17:07:37.734 [AiEngine] Adaptive time: 500ms, depth: 4, reason: midgame, opening, emergency: false
[DEBUG] 17:07:37.734 [AiEngine] Using JS Search
[DEBUG] 17:07:37.774 [AiEngine] Adaptive time: 500ms, depth: 4, reason: midgame, opening, tactical, emergency: false
[DEBUG] 17:07:37.774 [AiEngine] Using JS Search
[DEBUG] 17:07:37.911 [AiEngine] Adaptive time: 500ms, depth: 4, reason: midgame, opening, emergency: false
[DEBUG] 17:07:37.911 [AiEngine] Using JS Search
[DEBUG] 17:07:37.935 [AiEngine] Adaptive time: 500ms, depth: 4, reason: midgame, opening, tactical, emergency: false
[DEBUG] 17:07:37.935 [AiEngine] Using JS Search
[DEBUG] 17:07:37.987 [AiEngine] Adaptive time: 500ms, depth: 4, reason: midgame, opening, emergency: false
[DEBUG] 17:07:37.987 [AiEngine] Using JS Search
[DEBUG] 17:07:38.009 [AiEngine] Adaptive time: 500ms, depth: 4, reason: midgame, opening, tactical, emergency: false
[DEBUG] 17:07:38.009 [AiEngine] Using JS Search
[DEBUG] 17:07:38.010 [AiEngine] Adaptive time: 500ms, depth: 4, reason: midgame, opening, emergency: false
[DEBUG] 17:07:38.010 [AiEngine] Using JS Search
[DEBUG] 17:07:38.088 [AiEngine] Adaptive time: 500ms, depth: 4, reason: midgame, opening, emergency: false
[DEBUG] 17:07:38.088 [AiEngine] Using JS Search
[DEBUG] 17:07:38.089 [AiEngine] Adaptive time: 500ms, depth: 4, reason: midgame, opening, emergency: false
[DEBUG] 17:07:38.089 [AiEngine] Using JS Search
[DEBUG] 17:07:38.167 [AiEngine] Adaptive time: 500ms, depth: 4, reason: midgame, opening, emergency: false
[DEBUG] 17:07:38.167 [AiEngine] Using JS Search
[DEBUG] 17:07:38.277 [AiEngine] Adaptive time: 500ms, depth: 4, reason: midgame, opening, emergency: false
[DEBUG] 17:07:38.277 [AiEngine] Using JS Search
[DEBUG] 17:07:38.486 [AiEngine] Adaptive time: 500ms, depth: 4, reason: midgame, opening, emergency: false
[DEBUG] 17:07:38.486 [AiEngine] Using JS Search
[DEBUG] 17:07:38.646 [AiEngine] Adaptive time: 3000ms, depth: 4, reason: midgame, emergency: false
[DEBUG] 17:07:38.646 [AiEngine] Using JS Search
[DEBUG] 17:07:38.688 [AiEngine] Adaptive time: 3000ms, depth: 4, reason: midgame, emergency: false
[DEBUG] 17:07:38.688 [AiEngine] Using JS Search
[DEBUG] 17:07:38.775 [AiEngine] Adaptive time: 3000ms, depth: 4, reason: midgame, emergency: false
[DEBUG] 17:07:38.775 [AiEngine] Using JS Search
[DEBUG] 17:07:38.794 [AiEngine] Adaptive time: 3000ms, depth: 4, reason: midgame, tactical, emergency: false
[DEBUG] 17:07:38.794 [AiEngine] Using JS Search
[DEBUG] 17:07:38.856 [AiEngine] Adaptive time: 3000ms, depth: 4, reason: midgame, emergency: false
[DEBUG] 17:07:38.856 [AiEngine] Using JS Search
[DEBUG] 17:07:38.869 [AiEngine] Adaptive time: 3000ms, depth: 4, reason: midgame, tactical, emergency: false
[DEBUG] 17:07:38.869 [AiEngine] Using JS Search
[DEBUG] 17:07:38.870 [AiEngine] Adaptive time: 3000ms, depth: 4, reason: midgame, emergency: false
[DEBUG] 17:07:38.870 [AiEngine] Using JS Search
[DEBUG] 17:07:38.933 [AiEngine] Adaptive time: 3000ms, depth: 4, reason: midgame, tactical, emergency: false
[DEBUG] 17:07:38.934 [AiEngine] Using JS Search
[DEBUG] 17:07:38.934 [AiEngine] Adaptive time: 3000ms, depth: 4, reason: midgame, emergency: false
[DEBUG] 17:07:38.934 [AiEngine] Using JS Search
[DEBUG] 17:07:39.024 [AiEngine] Adaptive time: 3000ms, depth: 4, reason: midgame, tactical, emergency: false
[DEBUG] 17:07:39.024 [AiEngine] Using JS Search
[DEBUG] 17:07:39.025 [AiEngine] Adaptive time: 3000ms, depth: 4, reason: midgame, emergency: false
[DEBUG] 17:07:39.025 [AiEngine] Using JS Search
[DEBUG] 17:07:39.142 [AiEngine] Adaptive time: 3000ms, depth: 4, reason: midgame, tactical, emergency: false
[DEBUG] 17:07:39.142 [AiEngine] Using JS Search
[DEBUG] 17:07:39.143 [AiEngine] Adaptive time: 3000ms, depth: 4, reason: midgame, emergency: false
[DEBUG] 17:07:39.143 [AiEngine] Using JS Search
[DEBUG] 17:07:39.227 [AiEngine] Adaptive time: 3000ms, depth: 4, reason: midgame, tactical, emergency: false
[DEBUG] 17:07:39.227 [AiEngine] Using JS Search
[DEBUG] 17:07:39.228 [AiEngine] Adaptive time: 3000ms, depth: 4, reason: midgame, tactical, emergency: false
[DEBUG] 17:07:39.228 [AiEngine] Using JS Search
[DEBUG] 17:07:39.319 [AiEngine] Adaptive time: 3000ms, depth: 4, reason: midgame, in-check, emergency: false
[DEBUG] 17:07:39.319 [AiEngine] Using JS Search
[DEBUG] 17:07:39.319 [AiEngine] Adaptive time: 3000ms, depth: 4, reason: midgame, emergency: false
[DEBUG] 17:07:39.319 [AiEngine] Using JS Search
[DEBUG] 17:07:39.400 [AiEngine] Adaptive time: 3000ms, depth: 4, reason: midgame, tactical, emergency: false
[DEBUG] 17:07:39.400 [AiEngine] Using JS Search
[DEBUG] 17:07:39.402 [AiEngine] Adaptive time: 3000ms, depth: 4, reason: midgame, tactical, emergency: false
[DEBUG] 17:07:39.402 [AiEngine] Using JS Search
[DEBUG] 17:07:39.528 [AiEngine] Adaptive time: 3000ms, depth: 4, reason: tactical, emergency: false
[DEBUG] 17:07:39.528 [AiEngine] Using JS Search
[DEBUG] 17:07:39.562 [AiEngine] Adaptive time: 3000ms, depth: 4, reason: standard, emergency: false
[DEBUG] 17:07:39.562 [AiEngine] Using JS Search
[DEBUG] 17:07:39.648 [AiEngine] Adaptive time: 3000ms, depth: 4, reason: standard, emergency: false
[DEBUG] 17:07:39.648 [AiEngine] Using JS Search
[DEBUG] 17:07:39.733 [AiEngine] Adaptive time: 3000ms, depth: 4, reason: standard, emergency: false
[DEBUG] 17:07:39.733 [AiEngine] Using JS Search
[DEBUG] 17:07:39.895 [AiEngine] Adaptive time: 3000ms, depth: 4, reason: standard, emergency: false
[DEBUG] 17:07:39.895 [AiEngine] Using JS Search
[DEBUG] 17:07:39.957 [AiEngine] Adaptive time: 3000ms, depth: 4, reason: standard, emergency: false
[DEBUG] 17:07:39.957 [AiEngine] Using JS Search
[DEBUG] 17:07:40.051 [AiEngine] Adaptive time: 3000ms, depth: 4, reason: standard, emergency: false
[DEBUG] 17:07:40.051 [AiEngine] Using JS Search
[DEBUG] 17:07:40.071 [AiEngine] Adaptive time: 3000ms, depth: 4, reason: standard, emergency: false
[DEBUG] 17:07:40.071 [AiEngine] Using JS Search
[DEBUG] 17:07:40.229 [AiEngine] Adaptive time: 3000ms, depth: 4, reason: standard, emergency: false
[DEBUG] 17:07:40.229 [AiEngine] Using JS Search
[DEBUG] 17:07:40.303 [AiEngine] Adaptive time: 3000ms, depth: 4, reason: standard, emergency: false
[DEBUG] 17:07:40.303 [AiEngine] Using JS Search
[DEBUG] 17:07:40.398 [AiEngine] Adaptive time: 3000ms, depth: 4, reason: standard, emergency: false
[DEBUG] 17:07:40.398 [AiEngine] Using JS Search
[DEBUG] 17:07:40.499 [AiEngine] Adaptive time: 3000ms, depth: 4, reason: standard, emergency: false
[DEBUG] 17:07:40.499 [AiEngine] Using JS Search
[DEBUG] 17:07:40.544 [AiEngine] Adaptive time: 3000ms, depth: 4, reason: tactical, emergency: false
[DEBUG] 17:07:40.544 [AiEngine] Using JS Search
[DEBUG] 17:07:40.601 [AiEngine] Adaptive time: 3000ms, depth: 4, reason: in-check, emergency: false
[DEBUG] 17:07:40.601 [AiEngine] Using JS Search
[DEBUG] 17:07:40.638 [AiEngine] Adaptive time: 3000ms, depth: 4, reason: tactical, emergency: false
[DEBUG] 17:07:40.638 [AiEngine] Using JS Search
[DEBUG] 17:07:40.682 [AiEngine] Adaptive time: 3000ms, depth: 4, reason: standard, emergency: false
[DEBUG] 17:07:40.682 [AiEngine] Using JS Search
[DEBUG] 17:07:40.708 [AiEngine] Adaptive time: 3000ms, depth: 4, reason: tactical, emergency: false
[DEBUG] 17:07:40.708 [AiEngine] Using JS Search
[DEBUG] 17:07:40.715 [AiEngine] Adaptive time: 3000ms, depth: 4, reason: standard, emergency: false
[DEBUG] 17:07:40.715 [AiEngine] Using JS Search
[DEBUG] 17:07:40.729 [AiEngine] Adaptive time: 3000ms, depth: 4, reason: tactical, emergency: false
[DEBUG] 17:07:40.729 [AiEngine] Using JS Search
[DEBUG] 17:07:40.733 [AiEngine] Adaptive time: 3000ms, depth: 4, reason: standard, emergency: false
[DEBUG] 17:07:40.733 [AiEngine] Using JS Search
[DEBUG] 17:07:40.739 [AiEngine] Adaptive time: 3000ms, depth: 4, reason: tactical, emergency: false
[DEBUG] 17:07:40.739 [AiEngine] Using JS Search
[DEBUG] 17:07:40.741 [AiEngine] Adaptive time: 3000ms, depth: 4, reason: endgame, emergency: false
[DEBUG] 17:07:40.741 [AiEngine] Using JS Search
[DEBUG] 17:07:40.745 [AiEngine] Adaptive time: 3000ms, depth: 4, reason: endgame, tactical, emergency: false
[DEBUG] 17:07:40.745 [AiEngine] Using JS Search
[DEBUG] 17:07:40.747 [AiEngine] Adaptive time: 3000ms, depth: 4, reason: endgame, in-check, emergency: false
[DEBUG] 17:07:40.747 [AiEngine] Using JS Search
[DEBUG] 17:07:40.751 [AiEngine] Adaptive time: 3000ms, depth: 4, reason: endgame, tactical, emergency: false
[DEBUG] 17:07:40.751 [AiEngine] Using JS Search
[DEBUG] 17:07:40.754 [AiEngine] Adaptive time: 3000ms, depth: 4, reason: endgame, emergency: false
[DEBUG] 17:07:40.754 [AiEngine] Using JS Search
[DEBUG] 17:07:40.759 [AiEngine] Adaptive time: 3000ms, depth: 4, reason: endgame, tactical, emergency: false
[DEBUG] 17:07:40.759 [AiEngine] Using JS Search
[DEBUG] 17:07:40.762 [AiEngine] Adaptive time: 3000ms, depth: 4, reason: endgame, emergency: false
[DEBUG] 17:07:40.762 [AiEngine] Using JS Search
[DEBUG] 17:07:40.766 [AiEngine] Adaptive time: 3000ms, depth: 4, reason: endgame, tactical, emergency: false
[DEBUG] 17:07:40.766 [AiEngine] Using JS Search
[DEBUG] 17:07:40.769 [AiEngine] Adaptive time: 3000ms, depth: 4, reason: endgame, emergency: false
[DEBUG] 17:07:40.769 [AiEngine] Using JS Search
[DEBUG] 17:07:40.774 [AiEngine] Adaptive time: 3000ms, depth: 4, reason: endgame, emergency: false
[DEBUG] 17:07:40.774 [AiEngine] Using JS Search
[DEBUG] 17:07:40.778 [AiEngine] Adaptive time: 3000ms, depth: 4, reason: endgame, emergency: false
[DEBUG] 17:07:40.778 [AiEngine] Using JS Search
[DEBUG] 17:07:40.781 [AiEngine] Adaptive time: 3000ms, depth: 4, reason: endgame, emergency: false
[DEBUG] 17:07:40.781 [AiEngine] Using JS Search
[DEBUG] 17:07:40.787 [AiEngine] Adaptive time: 3000ms, depth: 4, reason: endgame, emergency: false
[DEBUG] 17:07:40.787 [AiEngine] Using JS Search
[DEBUG] 17:07:40.792 [AiEngine] Adaptive time: 3000ms, depth: 4, reason: endgame, emergency: false
[DEBUG] 17:07:40.792 [AiEngine] Using JS Search
[DEBUG] 17:07:40.797 [AiEngine] Adaptive time: 3000ms, depth: 4, reason: endgame, emergency: false
[DEBUG] 17:07:40.797 [AiEngine] Using JS Search
[DEBUG] 17:07:40.800 [AiEngine] Adaptive time: 3000ms, depth: 4, reason: endgame, emergency: false
[DEBUG] 17:07:40.800 [AiEngine] Using JS Search
[DEBUG] 17:07:40.803 [AiEngine] Adaptive time: 3000ms, depth: 4, reason: endgame, emergency: false
[DEBUG] 17:07:40.803 [AiEngine] Using JS Search
[DEBUG] 17:07:40.805 [AiEngine] Adaptive time: 3000ms, depth: 4, reason: endgame, emergency: false
[DEBUG] 17:07:40.805 [AiEngine] Using JS Search
[DEBUG] 17:07:40.809 [AiEngine] Adaptive time: 3000ms, depth: 4, reason: endgame, emergency: false
[DEBUG] 17:07:40.809 [AiEngine] Using JS Search
[DEBUG] 17:07:40.812 [AiEngine] Adaptive time: 3000ms, depth: 4, reason: endgame, emergency: false
[DEBUG] 17:07:40.812 [AiEngine] Using JS Search
[DEBUG] 17:07:40.817 [AiEngine] Adaptive time: 500ms, depth: 4, reason: midgame, opening, emergency: false
[DEBUG] 17:07:40.817 [AiEngine] Using JS Search
[DEBUG] 17:07:40.817 [AiEngine] Adaptive time: 500ms, depth: 4, reason: midgame, opening, emergency: false
[DEBUG] 17:07:40.817 [AiEngine] Using JS Search
[DEBUG] 17:07:40.817 [AiEngine] Adaptive time: 500ms, depth: 4, reason: midgame, opening, emergency: false
[DEBUG] 17:07:40.817 [AiEngine] Using JS Search
[DEBUG] 17:07:40.817 [AiEngine] Adaptive time: 500ms, depth: 4, reason: midgame, opening, tactical, emergency: false
[DEBUG] 17:07:40.817 [AiEngine] Using JS Search
[DEBUG] 17:07:40.824 [AiEngine] Adaptive time: 500ms, depth: 4, reason: midgame, opening, emergency: false
[DEBUG] 17:07:40.824 [AiEngine] Using JS Search
[DEBUG] 17:07:40.878 [AiEngine] Adaptive time: 500ms, depth: 4, reason: midgame, opening, emergency: false
[DEBUG] 17:07:40.878 [AiEngine] Using JS Search
[DEBUG] 17:07:41.190 [AiEngine] Adaptive time: 500ms, depth: 4, reason: midgame, opening, emergency: false
[DEBUG] 17:07:41.190 [AiEngine] Using JS Search
[DEBUG] 17:07:41.531 [AiEngine] Adaptive time: 500ms, depth: 4, reason: midgame, opening, emergency: false
[DEBUG] 17:07:41.531 [AiEngine] Using JS Search
[DEBUG] 17:07:42.128 [AiEngine] Adaptive time: 500ms, depth: 4, reason: midgame, opening, emergency: false
[DEBUG] 17:07:42.128 [AiEngine] Using JS Search
[DEBUG] 17:07:42.414 [AiEngine] Adaptive time: 500ms, depth: 4, reason: midgame, opening, emergency: false
[DEBUG] 17:07:42.414 [AiEngine] Using JS Search
[DEBUG] 17:07:42.557 [AiEngine] Adaptive time: 500ms, depth: 4, reason: midgame, opening, emergency: false
[DEBUG] 17:07:42.557 [AiEngine] Using JS Search
[DEBUG] 17:07:42.989 [AiEngine] Adaptive time: 500ms, depth: 4, reason: midgame, opening, emergency: false
[DEBUG] 17:07:42.989 [AiEngine] Using JS Search
[DEBUG] 17:07:43.193 [AiEngine] Adaptive time: 500ms, depth: 4, reason: midgame, opening, tactical, emergency: false
[DEBUG] 17:07:43.193 [AiEngine] Using JS Search
[DEBUG] 17:07:43.589 [AiEngine] Adaptive time: 500ms, depth: 4, reason: midgame, opening, tactical, emergency: false
[DEBUG] 17:07:43.589 [AiEngine] Using JS Search
[DEBUG] 17:07:43.764 [AiEngine] Adaptive time: 500ms, depth: 4, reason: midgame, opening, tactical, emergency: false
[DEBUG] 17:07:43.764 [AiEngine] Using JS Search
[DEBUG] 17:07:43.942 [AiEngine] Adaptive time: 500ms, depth: 4, reason: midgame, opening, tactical, emergency: false
[DEBUG] 17:07:43.942 [AiEngine] Using JS Search
[DEBUG] 17:07:44.068 [AiEngine] Adaptive time: 500ms, depth: 4, reason: midgame, opening, tactical, emergency: false
[DEBUG] 17:07:44.068 [AiEngine] Using JS Search
[DEBUG] 17:07:44.212 [AiEngine] Adaptive time: 500ms, depth: 4, reason: midgame, opening, tactical, emergency: false
[DEBUG] 17:07:44.212 [AiEngine] Using JS Search
[DEBUG] 17:07:44.587 [AiEngine] Adaptive time: 500ms, depth: 4, reason: midgame, opening, tactical, emergency: false
[DEBUG] 17:07:44.587 [AiEngine] Using JS Search
[DEBUG] 17:07:44.710 [AiEngine] Adaptive time: 500ms, depth: 4, reason: midgame, opening, emergency: false
[DEBUG] 17:07:44.711 [AiEngine] Using JS Search
[DEBUG] 17:07:44.933 [AiEngine] Adaptive time: 500ms, depth: 4, reason: midgame, opening, tactical, emergency: false
[DEBUG] 17:07:44.933 [AiEngine] Using JS Search
[DEBUG] 17:07:45.158 [AiEngine] Adaptive time: 500ms, depth: 4, reason: midgame, opening, emergency: false
[DEBUG] 17:07:45.158 [AiEngine] Using JS Search
[DEBUG] 17:07:45.555 [AiEngine] Adaptive time: 500ms, depth: 4, reason: midgame, opening, tactical, emergency: false
[DEBUG] 17:07:45.555 [AiEngine] Using JS Search
[DEBUG] 17:07:45.722 [AiEngine] Adaptive time: 500ms, depth: 4, reason: midgame, opening, tactical, emergency: false
[DEBUG] 17:07:45.722 [AiEngine] Using JS Search
[DEBUG] 17:07:45.842 [AiEngine] Adaptive time: 500ms, depth: 4, reason: midgame, opening, emergency: false
[DEBUG] 17:07:45.842 [AiEngine] Using JS Search
[DEBUG] 17:07:45.892 [AiEngine] Adaptive time: 500ms, depth: 4, reason: midgame, opening, tactical, emergency: false
[DEBUG] 17:07:45.892 [AiEngine] Using JS Search
[DEBUG] 17:07:46.051 [AiEngine] Adaptive time: 500ms, depth: 4, reason: midgame, opening, emergency: false
[DEBUG] 17:07:46.052 [AiEngine] Using JS Search
[DEBUG] 17:07:46.385 [AiEngine] Adaptive time: 500ms, depth: 4, reason: midgame, opening, tactical, emergency: false
[DEBUG] 17:07:46.385 [AiEngine] Using JS Search
[DEBUG] 17:07:46.594 [AiEngine] Adaptive time: 500ms, depth: 4, reason: midgame, opening, emergency: false
[DEBUG] 17:07:46.594 [AiEngine] Using JS Search
[DEBUG] 17:07:46.645 [AiEngine] Adaptive time: 500ms, depth: 4, reason: midgame, opening, tactical, emergency: false
[DEBUG] 17:07:46.645 [AiEngine] Using JS Search
[DEBUG] 17:07:46.806 [AiEngine] Adaptive time: 500ms, depth: 4, reason: midgame, opening, in-check, emergency: false
[DEBUG] 17:07:46.806 [AiEngine] Using JS Search
[DEBUG] 17:07:46.823 [AiEngine] Adaptive time: 500ms, depth: 4, reason: midgame, opening, tactical, emergency: false
[DEBUG] 17:07:46.823 [AiEngine] Using JS Search
[DEBUG] 17:07:46.824 [AiEngine] Adaptive time: 500ms, depth: 4, reason: midgame, opening, emergency: false
[DEBUG] 17:07:46.824 [AiEngine] Using JS Search
[DEBUG] 17:07:47.347 [AiEngine] Adaptive time: 500ms, depth: 4, reason: midgame, opening, tactical, emergency: false
[DEBUG] 17:07:47.348 [AiEngine] Using JS Search
[DEBUG] 17:07:47.349 [AiEngine] Adaptive time: 500ms, depth: 4, reason: midgame, opening, emergency: false
[DEBUG] 17:07:47.349 [AiEngine] Using JS Search
[DEBUG] 17:07:47.487 [AiEngine] Adaptive time: 500ms, depth: 4, reason: midgame, opening, tactical, emergency: false
[DEBUG] 17:07:47.487 [AiEngine] Using JS Search
[DEBUG] 17:07:47.665 [AiEngine] Adaptive time: 500ms, depth: 4, reason: midgame, opening, emergency: false
[DEBUG] 17:07:47.665 [AiEngine] Using JS Search
[DEBUG] 17:07:47.886 [AiEngine] Adaptive time: 500ms, depth: 4, reason: midgame, opening, tactical, emergency: false
[DEBUG] 17:07:47.886 [AiEngine] Using JS Search
[DEBUG] 17:07:48.013 [AiEngine] Adaptive time: 500ms, depth: 4, reason: midgame, opening, emergency: false
[DEBUG] 17:07:48.013 [AiEngine] Using JS Search
[DEBUG] 17:07:48.353 [AiEngine] Adaptive time: 500ms, depth: 4, reason: midgame, opening, tactical, emergency: false
[DEBUG] 17:07:48.353 [AiEngine] Using JS Search
[DEBUG] 17:07:48.528 [AiEngine] Adaptive time: 3000ms, depth: 4, reason: midgame, emergency: false
[DEBUG] 17:07:48.528 [AiEngine] Using JS Search
[DEBUG] 17:07:48.692 [AiEngine] Adaptive time: 3000ms, depth: 4, reason: midgame, tactical, emergency: false
[DEBUG] 17:07:48.692 [AiEngine] Using JS Search
[DEBUG] 17:07:49.067 [AiEngine] Adaptive time: 3000ms, depth: 4, reason: midgame, emergency: false
[DEBUG] 17:07:49.067 [AiEngine] Using JS Search
[DEBUG] 17:07:49.373 [AiEngine] Adaptive time: 3000ms, depth: 4, reason: midgame, tactical, emergency: false
[DEBUG] 17:07:49.373 [AiEngine] Using JS Search
[DEBUG] 17:07:49.466 [AiEngine] Adaptive time: 3000ms, depth: 4, reason: midgame, emergency: false
[DEBUG] 17:07:49.466 [AiEngine] Using JS Search
[DEBUG] 17:07:49.624 [AiEngine] Adaptive time: 3000ms, depth: 4, reason: midgame, tactical, emergency: false
[DEBUG] 17:07:49.624 [AiEngine] Using JS Search
[DEBUG] 17:07:49.825 [AiEngine] Adaptive time: 3000ms, depth: 4, reason: midgame, emergency: false
[DEBUG] 17:07:49.825 [AiEngine] Using JS Search
[DEBUG] 17:07:49.896 [AiEngine] Adaptive time: 3000ms, depth: 4, reason: midgame, tactical, emergency: false
[DEBUG] 17:07:49.896 [AiEngine] Using JS Search
[DEBUG] 17:07:49.995 [AiEngine] Adaptive time: 3000ms, depth: 4, reason: midgame, emergency: false
[DEBUG] 17:07:49.995 [AiEngine] Using JS Search
[DEBUG] 17:07:50.022 [AiEngine] Adaptive time: 3000ms, depth: 4, reason: midgame, tactical, emergency: false
[DEBUG] 17:07:50.022 [AiEngine] Using JS Search
[DEBUG] 17:07:50.103 [AiEngine] Adaptive time: 3000ms, depth: 4, reason: midgame, emergency: false
[DEBUG] 17:07:50.103 [AiEngine] Using JS Search
[DEBUG] 17:07:50.130 [AiEngine] Adaptive time: 3000ms, depth: 4, reason: midgame, tactical, emergency: false
[DEBUG] 17:07:50.130 [AiEngine] Using JS Search
[DEBUG] 17:07:50.176 [AiEngine] Adaptive time: 3000ms, depth: 4, reason: midgame, in-check, emergency: false
[DEBUG] 17:07:50.176 [AiEngine] Using JS Search
[DEBUG] 17:07:50.191 [AiEngine] Adaptive time: 3000ms, depth: 4, reason: midgame, tactical, emergency: false
[DEBUG] 17:07:50.191 [AiEngine] Using JS Search
[DEBUG] 17:07:50.192 [AiEngine] Adaptive time: 3000ms, depth: 4, reason: midgame, emergency: false
[DEBUG] 17:07:50.192 [AiEngine] Using JS Search
[DEBUG] 17:07:50.208 [AiEngine] Adaptive time: 3000ms, depth: 4, reason: midgame, tactical, emergency: false
[DEBUG] 17:07:50.208 [AiEngine] Using JS Search
[DEBUG] 17:07:50.209 [AiEngine] Adaptive time: 3000ms, depth: 4, reason: midgame, emergency: false
[DEBUG] 17:07:50.209 [AiEngine] Using JS Search
[DEBUG] 17:07:50.266 [AiEngine] Adaptive time: 3000ms, depth: 4, reason: midgame, tactical, emergency: false
[DEBUG] 17:07:50.266 [AiEngine] Using JS Search
[DEBUG] 17:07:50.267 [AiEngine] Adaptive time: 3000ms, depth: 4, reason: midgame, emergency: false
[DEBUG] 17:07:50.267 [AiEngine] Using JS Search
[DEBUG] 17:07:50.328 [AiEngine] Adaptive time: 3000ms, depth: 4, reason: midgame, tactical, emergency: false
[DEBUG] 17:07:50.328 [AiEngine] Using JS Search
[DEBUG] 17:07:50.329 [AiEngine] Adaptive time: 3000ms, depth: 4, reason: midgame, emergency: false
[DEBUG] 17:07:50.329 [AiEngine] Using JS Search
[DEBUG] 17:07:50.404 [AiEngine] Adaptive time: 3000ms, depth: 4, reason: midgame, tactical, emergency: false
[DEBUG] 17:07:50.404 [AiEngine] Using JS Search
[DEBUG] 17:07:50.404 [AiEngine] Adaptive time: 3000ms, depth: 4, reason: midgame, emergency: false
[DEBUG] 17:07:50.405 [AiEngine] Using JS Search
[DEBUG] 17:07:50.433 [AiEngine] Adaptive time: 3000ms, depth: 4, reason: tactical, emergency: false
[DEBUG] 17:07:50.433 [AiEngine] Using JS Search
[DEBUG] 17:07:50.436 [AiEngine] Adaptive time: 3000ms, depth: 4, reason: in-check, emergency: false
[DEBUG] 17:07:50.436 [AiEngine] Using JS Search
[DEBUG] 17:07:50.458 [AiEngine] Adaptive time: 3000ms, depth: 4, reason: tactical, emergency: false
[DEBUG] 17:07:50.458 [AiEngine] Using JS Search
[DEBUG] 17:07:50.461 [AiEngine] Adaptive time: 3000ms, depth: 4, reason: in-check, emergency: false
[DEBUG] 17:07:50.461 [AiEngine] Using JS Search
[DEBUG] 17:07:50.474 [AiEngine] Adaptive time: 3000ms, depth: 4, reason: tactical, emergency: false
[DEBUG] 17:07:50.474 [AiEngine] Using JS Search
[DEBUG] 17:07:50.477 [AiEngine] Adaptive time: 3000ms, depth: 4, reason: in-check, emergency: false
[DEBUG] 17:07:50.477 [AiEngine] Using JS Search
[DEBUG] 17:07:50.488 [AiEngine] Adaptive time: 3000ms, depth: 4, reason: tactical, emergency: false
[DEBUG] 17:07:50.488 [AiEngine] Using JS Search
[DEBUG] 17:07:50.489 [AiEngine] Adaptive time: 3000ms, depth: 4, reason: in-check, emergency: false
[DEBUG] 17:07:50.489 [AiEngine] Using JS Search
[DEBUG] 17:07:50.491 [AiEngine] Adaptive time: 3000ms, depth: 4, reason: tactical, emergency: false
[DEBUG] 17:07:50.491 [AiEngine] Using JS Search
[DEBUG] 17:07:50.492 [AiEngine] Adaptive time: 3000ms, depth: 4, reason: standard, emergency: false
[DEBUG] 17:07:50.492 [AiEngine] Using JS Search
[DEBUG] 17:07:50.503 [AiEngine] Adaptive time: 3000ms, depth: 4, reason: tactical, emergency: false
[DEBUG] 17:07:50.503 [AiEngine] Using JS Search
[DEBUG] 17:07:50.504 [AiEngine] Adaptive time: 3000ms, depth: 4, reason: standard, emergency: false
[DEBUG] 17:07:50.504 [AiEngine] Using JS Search
[DEBUG] 17:07:50.508 [AiEngine] Adaptive time: 3000ms, depth: 4, reason: tactical, emergency: false
[DEBUG] 17:07:50.508 [AiEngine] Using JS Search
[DEBUG] 17:07:50.509 [AiEngine] Adaptive time: 3000ms, depth: 4, reason: standard, emergency: false
[DEBUG] 17:07:50.509 [AiEngine] Using JS Search
[DEBUG] 17:07:50.522 [AiEngine] Adaptive time: 3000ms, depth: 4, reason: tactical, emergency: false
[DEBUG] 17:07:50.522 [AiEngine] Using JS Search
[DEBUG] 17:07:50.523 [AiEngine] Adaptive time: 3000ms, depth: 4, reason: standard, emergency: false
[DEBUG] 17:07:50.523 [AiEngine] Using JS Search
[DEBUG] 17:07:50.533 [AiEngine] Adaptive time: 3000ms, depth: 4, reason: tactical, emergency: false
[DEBUG] 17:07:50.533 [AiEngine] Using JS Search
[DEBUG] 17:07:50.534 [AiEngine] Adaptive time: 3000ms, depth: 4, reason: standard, emergency: false
[DEBUG] 17:07:50.534 [AiEngine] Using JS Search
[DEBUG] 17:07:50.544 [AiEngine] Adaptive time: 3000ms, depth: 4, reason: tactical, emergency: false
[DEBUG] 17:07:50.544 [AiEngine] Using JS Search
[DEBUG] 17:07:50.544 [AiEngine] Adaptive time: 3000ms, depth: 4, reason: standard, emergency: false
[DEBUG] 17:07:50.545 [AiEngine] Using JS Search
[DEBUG] 17:07:50.553 [AiEngine] Adaptive time: 3000ms, depth: 4, reason: tactical, emergency: false
[DEBUG] 17:07:50.553 [AiEngine] Using JS Search
[DEBUG] 17:07:50.554 [AiEngine] Adaptive time: 3000ms, depth: 4, reason: standard, emergency: false
[DEBUG] 17:07:50.554 [AiEngine] Using JS Search
[DEBUG] 17:07:50.566 [AiEngine] Adaptive time: 3000ms, depth: 4, reason: tactical, emergency: false
[DEBUG] 17:07:50.566 [AiEngine] Using JS Search
[DEBUG] 17:07:50.569 [AiEngine] Adaptive time: 3000ms, depth: 4, reason: in-check, emergency: false
[DEBUG] 17:07:50.569 [AiEngine] Using JS Search
[DEBUG] 17:07:50.575 [AiEngine] Adaptive time: 3000ms, depth: 4, reason: tactical, emergency: false
[DEBUG] 17:07:50.575 [AiEngine] Using JS Search
[DEBUG] 17:07:50.576 [AiEngine] Adaptive time: 3000ms, depth: 4, reason: standard, emergency: false
[DEBUG] 17:07:50.576 [AiEngine] Using JS Search
[DEBUG] 17:07:50.584 [AiEngine] Adaptive time: 3000ms, depth: 4, reason: standard, emergency: false
[DEBUG] 17:07:50.585 [AiEngine] Using JS Search
[DEBUG] 17:07:50.585 [AiEngine] Adaptive time: 3000ms, depth: 4, reason: standard, emergency: false
[DEBUG] 17:07:50.585 [AiEngine] Using JS Search
[DEBUG] 17:07:50.594 [AiEngine] Adaptive time: 3000ms, depth: 4, reason: tactical, emergency: false
[DEBUG] 17:07:50.594 [AiEngine] Using JS Search
[DEBUG] 17:07:50.595 [AiEngine] Adaptive time: 3000ms, depth: 4, reason: standard, emergency: false
[DEBUG] 17:07:50.595 [AiEngine] Using JS Search
[DEBUG] 17:07:50.602 [AiEngine] Adaptive time: 3000ms, depth: 4, reason: standard, emergency: false
[DEBUG] 17:07:50.602 [AiEngine] Using JS Search
[DEBUG] 17:07:50.602 [AiEngine] Adaptive time: 3000ms, depth: 4, reason: standard, emergency: false
[DEBUG] 17:07:50.603 [AiEngine] Using JS Search
[DEBUG] 17:07:50.606 [AiEngine] Adaptive time: 3000ms, depth: 4, reason: standard, emergency: false
[DEBUG] 17:07:50.606 [AiEngine] Using JS Search
[DEBUG] 17:07:50.607 [AiEngine] Adaptive time: 3000ms, depth: 4, reason: standard, emergency: false
[DEBUG] 17:07:50.607 [AiEngine] Using JS Search
[DEBUG] 17:07:50.610 [AiEngine] Adaptive time: 3000ms, depth: 4, reason: tactical, emergency: false
[DEBUG] 17:07:50.610 [AiEngine] Using JS Search
[DEBUG] 17:07:50.612 [AiEngine] Adaptive time: 3000ms, depth: 4, reason: standard, emergency: false
[DEBUG] 17:07:50.612 [AiEngine] Using JS Search
[DEBUG] 17:07:50.620 [AiEngine] Adaptive time: 3000ms, depth: 4, reason: standard, emergency: false
[DEBUG] 17:07:50.620 [AiEngine] Using JS Search
[DEBUG] 17:07:50.621 [AiEngine] Adaptive time: 500ms, depth: 4, reason: midgame, opening, emergency: false
[DEBUG] 17:07:50.621 [AiEngine] Using JS Search
[DEBUG] 17:07:50.621 [AiEngine] Adaptive time: 500ms, depth: 4, reason: midgame, opening, emergency: false
[DEBUG] 17:07:50.621 [AiEngine] Using JS Search
[DEBUG] 17:07:50.621 [AiEngine] Adaptive time: 500ms, depth: 4, reason: midgame, opening, emergency: false
[DEBUG] 17:07:50.621 [AiEngine] Using JS Search
[DEBUG] 17:07:50.622 [AiEngine] Adaptive time: 500ms, depth: 4, reason: midgame, opening, tactical, emergency: false
[DEBUG] 17:07:50.622 [AiEngine] Using JS Search
[DEBUG] 17:07:50.640 [AiEngine] Adaptive time: 500ms, depth: 4, reason: midgame, opening, emergency: false
[DEBUG] 17:07:50.640 [AiEngine] Using JS Search
[DEBUG] 17:07:50.662 [AiEngine] Adaptive time: 500ms, depth: 4, reason: midgame, opening, emergency: false
[DEBUG] 17:07:50.662 [AiEngine] Using JS Search
[DEBUG] 17:07:50.898 [AiEngine] Adaptive time: 500ms, depth: 4, reason: midgame, opening, emergency: false
[DEBUG] 17:07:50.898 [AiEngine] Using JS Search
[DEBUG] 17:07:51.225 [AiEngine] Adaptive time: 500ms, depth: 4, reason: midgame, opening, emergency: false
[DEBUG] 17:07:51.225 [AiEngine] Using JS Search
[DEBUG] 17:07:51.646 [AiEngine] Adaptive time: 500ms, depth: 4, reason: midgame, opening, tactical, emergency: false
[DEBUG] 17:07:51.646 [AiEngine] Using JS Search
[DEBUG] 17:07:51.906 [AiEngine] Adaptive time: 500ms, depth: 4, reason: midgame, opening, emergency: false
[DEBUG] 17:07:51.906 [AiEngine] Using JS Search
[DEBUG] 17:07:52.159 [AiEngine] Adaptive time: 500ms, depth: 4, reason: midgame, opening, tactical, emergency: false
[DEBUG] 17:07:52.159 [AiEngine] Using JS Search
[DEBUG] 17:07:52.312 [AiEngine] Adaptive time: 500ms, depth: 4, reason: midgame, opening, tactical, emergency: false
[DEBUG] 17:07:52.312 [AiEngine] Using JS Search
[DEBUG] 17:07:52.496 [AiEngine] Adaptive time: 500ms, depth: 4, reason: midgame, opening, emergency: false
[DEBUG] 17:07:52.496 [AiEngine] Using JS Search
[DEBUG] 17:07:52.642 [AiEngine] Adaptive time: 500ms, depth: 4, reason: midgame, opening, tactical, emergency: false
[DEBUG] 17:07:52.642 [AiEngine] Using JS Search
[DEBUG] 17:07:52.766 [AiEngine] Adaptive time: 500ms, depth: 4, reason: midgame, opening, emergency: false
[DEBUG] 17:07:52.766 [AiEngine] Using JS Search
[DEBUG] 17:07:52.897 [AiEngine] Adaptive time: 500ms, depth: 4, reason: midgame, opening, tactical, emergency: false
[DEBUG] 17:07:52.897 [AiEngine] Using JS Search
[DEBUG] 17:07:52.938 [AiEngine] Adaptive time: 500ms, depth: 4, reason: midgame, opening, tactical, emergency: false
[DEBUG] 17:07:52.938 [AiEngine] Using JS Search
[DEBUG] 17:07:53.161 [AiEngine] Adaptive time: 500ms, depth: 4, reason: midgame, opening, emergency: false
[DEBUG] 17:07:53.162 [AiEngine] Using JS Search
[DEBUG] 17:07:53.272 [AiEngine] Adaptive time: 500ms, depth: 4, reason: midgame, opening, tactical, emergency: false
[DEBUG] 17:07:53.272 [AiEngine] Using JS Search
[DEBUG] 17:07:53.439 [AiEngine] Adaptive time: 500ms, depth: 4, reason: midgame, opening, emergency: false
[DEBUG] 17:07:53.439 [AiEngine] Using JS Search
[DEBUG] 17:07:53.785 [AiEngine] Adaptive time: 500ms, depth: 4, reason: midgame, opening, tactical, emergency: false
[DEBUG] 17:07:53.785 [AiEngine] Using JS Search
[DEBUG] 17:07:53.926 [AiEngine] Adaptive time: 500ms, depth: 4, reason: midgame, opening, emergency: false
[DEBUG] 17:07:53.926 [AiEngine] Using JS Search
[DEBUG] 17:07:54.171 [AiEngine] Adaptive time: 500ms, depth: 4, reason: midgame, opening, tactical, emergency: false
[DEBUG] 17:07:54.171 [AiEngine] Using JS Search
[DEBUG] 17:07:54.352 [AiEngine] Adaptive time: 500ms, depth: 4, reason: midgame, opening, emergency: false
[DEBUG] 17:07:54.352 [AiEngine] Using JS Search
[DEBUG] 17:07:54.593 [AiEngine] Adaptive time: 500ms, depth: 4, reason: midgame, opening, emergency: false
[DEBUG] 17:07:54.593 [AiEngine] Using JS Search
[DEBUG] 17:07:54.756 [AiEngine] Adaptive time: 500ms, depth: 4, reason: midgame, opening, emergency: false
[DEBUG] 17:07:54.756 [AiEngine] Using JS Search
[DEBUG] 17:07:55.009 [AiEngine] Adaptive time: 500ms, depth: 4, reason: midgame, opening, emergency: false
[DEBUG] 17:07:55.009 [AiEngine] Using JS Search
[DEBUG] 17:07:55.174 [AiEngine] Adaptive time: 500ms, depth: 4, reason: midgame, opening, emergency: false
[DEBUG] 17:07:55.174 [AiEngine] Using JS Search
[DEBUG] 17:07:55.388 [AiEngine] Adaptive time: 500ms, depth: 4, reason: midgame, opening, tactical, emergency: false
[DEBUG] 17:07:55.388 [AiEngine] Using JS Search
[DEBUG] 17:07:55.571 [AiEngine] Adaptive time: 500ms, depth: 4, reason: midgame, opening, emergency: false
[DEBUG] 17:07:55.571 [AiEngine] Using JS Search
[DEBUG] 17:07:55.877 [AiEngine] Adaptive time: 500ms, depth: 4, reason: midgame, opening, tactical, emergency: false
[DEBUG] 17:07:55.877 [AiEngine] Using JS Search
[DEBUG] 17:07:56.126 [AiEngine] Adaptive time: 500ms, depth: 4, reason: midgame, opening, emergency: false
[DEBUG] 17:07:56.126 [AiEngine] Using JS Search
[DEBUG] 17:07:56.338 [AiEngine] Adaptive time: 500ms, depth: 4, reason: midgame, opening, tactical, emergency: false
[DEBUG] 17:07:56.338 [AiEngine] Using JS Search
[DEBUG] 17:07:56.552 [AiEngine] Adaptive time: 500ms, depth: 4, reason: midgame, opening, emergency: false
[DEBUG] 17:07:56.552 [AiEngine] Using JS Search
[DEBUG] 17:07:56.772 [AiEngine] Adaptive time: 500ms, depth: 4, reason: midgame, opening, tactical, emergency: false
[DEBUG] 17:07:56.772 [AiEngine] Using JS Search
[DEBUG] 17:07:56.986 [AiEngine] Adaptive time: 500ms, depth: 4, reason: midgame, opening, emergency: false
[DEBUG] 17:07:56.986 [AiEngine] Using JS Search
[DEBUG] 17:07:57.172 [AiEngine] Adaptive time: 500ms, depth: 4, reason: midgame, opening, tactical, emergency: false
[DEBUG] 17:07:57.172 [AiEngine] Using JS Search
[DEBUG] 17:07:57.382 [AiEngine] Adaptive time: 500ms, depth: 4, reason: midgame, opening, emergency: false
[DEBUG] 17:07:57.382 [AiEngine] Using JS Search
[DEBUG] 17:07:57.607 [AiEngine] Adaptive time: 500ms, depth: 4, reason: midgame, opening, tactical, emergency: false
[DEBUG] 17:07:57.607 [AiEngine] Using JS Search
[DEBUG] 17:07:57.925 [AiEngine] Adaptive time: 500ms, depth: 4, reason: midgame, opening, emergency: false
[DEBUG] 17:07:57.925 [AiEngine] Using JS Search
[DEBUG] 17:07:58.191 [AiEngine] Adaptive time: 3000ms, depth: 4, reason: midgame, tactical, emergency: false
[DEBUG] 17:07:58.191 [AiEngine] Using JS Search
[DEBUG] 17:07:58.735 [AiEngine] Adaptive time: 3000ms, depth: 4, reason: midgame, emergency: false
[DEBUG] 17:07:58.735 [AiEngine] Using JS Search
[DEBUG] 17:07:58.900 [AiEngine] Adaptive time: 3000ms, depth: 4, reason: midgame, tactical, emergency: false
[DEBUG] 17:07:58.900 [AiEngine] Using JS Search
[DEBUG] 17:07:59.341 [AiEngine] Adaptive time: 3000ms, depth: 4, reason: midgame, emergency: false
[DEBUG] 17:07:59.342 [AiEngine] Using JS Search
[DEBUG] 17:07:59.534 [AiEngine] Adaptive time: 3000ms, depth: 4, reason: midgame, tactical, emergency: false
[DEBUG] 17:07:59.534 [AiEngine] Using JS Search
[DEBUG] 17:07:59.814 [AiEngine] Adaptive time: 3000ms, depth: 4, reason: midgame, emergency: false
[DEBUG] 17:07:59.814 [AiEngine] Using JS Search
[DEBUG] 17:08:00.043 [AiEngine] Adaptive time: 3000ms, depth: 4, reason: midgame, tactical, emergency: false
[DEBUG] 17:08:00.043 [AiEngine] Using JS Search
[DEBUG] 17:08:00.433 [AiEngine] Adaptive time: 3000ms, depth: 4, reason: midgame, tactical, emergency: false
[DEBUG] 17:08:00.434 [AiEngine] Using JS Search
[DEBUG] 17:08:00.702 [AiEngine] Adaptive time: 3000ms, depth: 4, reason: midgame, tactical, emergency: false
[DEBUG] 17:08:00.702 [AiEngine] Using JS Search
[DEBUG] 17:08:00.883 [AiEngine] Adaptive time: 3000ms, depth: 4, reason: midgame, tactical, emergency: false
[DEBUG] 17:08:00.883 [AiEngine] Using JS Search
[DEBUG] 17:08:01.128 [AiEngine] Adaptive time: 3000ms, depth: 4, reason: midgame, tactical, emergency: false
[DEBUG] 17:08:01.128 [AiEngine] Using JS Search
[DEBUG] 17:08:01.372 [AiEngine] Adaptive time: 3000ms, depth: 4, reason: midgame, tactical, emergency: false
[DEBUG] 17:08:01.372 [AiEngine] Using JS Search
[DEBUG] 17:08:01.693 [AiEngine] Adaptive time: 3000ms, depth: 4, reason: midgame, tactical, emergency: false
[DEBUG] 17:08:01.693 [AiEngine] Using JS Search
[DEBUG] 17:08:01.836 [AiEngine] Adaptive time: 3000ms, depth: 4, reason: midgame, tactical, emergency: false
[DEBUG] 17:08:01.836 [AiEngine] Using JS Search
[DEBUG] 17:08:02.220 [AiEngine] Adaptive time: 3000ms, depth: 4, reason: midgame, tactical, emergency: false
[DEBUG] 17:08:02.220 [AiEngine] Using JS Search
[DEBUG] 17:08:02.412 [AiEngine] Adaptive time: 3000ms, depth: 4, reason: midgame, tactical, emergency: false
[DEBUG] 17:08:02.412 [AiEngine] Using JS Search
[DEBUG] 17:08:02.747 [AiEngine] Adaptive time: 3000ms, depth: 4, reason: midgame, tactical, emergency: false
[DEBUG] 17:08:02.747 [AiEngine] Using JS Search
[DEBUG] 17:08:03.070 [AiEngine] Adaptive time: 3000ms, depth: 4, reason: midgame, tactical, emergency: false
[DEBUG] 17:08:03.070 [AiEngine] Using JS Search
[DEBUG] 17:08:03.495 [AiEngine] Adaptive time: 3000ms, depth: 4, reason: midgame, tactical, emergency: false
[DEBUG] 17:08:03.495 [AiEngine] Using JS Search
[DEBUG] 17:08:03.662 [AiEngine] Adaptive time: 3000ms, depth: 4, reason: midgame, tactical, emergency: false
[DEBUG] 17:08:03.663 [AiEngine] Using JS Search
[DEBUG] 17:08:03.795 [AiEngine] Adaptive time: 3000ms, depth: 4, reason: midgame, tactical, emergency: false
[DEBUG] 17:08:03.795 [AiEngine] Using JS Search
[DEBUG] 17:08:04.325 [AiEngine] Adaptive time: 3000ms, depth: 4, reason: midgame, tactical, emergency: false
[DEBUG] 17:08:04.325 [AiEngine] Using JS Search
[DEBUG] 17:08:04.503 [AiEngine] Adaptive time: 3000ms, depth: 4, reason: midgame, tactical, emergency: false
[DEBUG] 17:08:04.503 [AiEngine] Using JS Search
[DEBUG] 17:08:04.909 [AiEngine] Adaptive time: 3000ms, depth: 4, reason: midgame, tactical, emergency: false
[DEBUG] 17:08:04.909 [AiEngine] Using JS Search
[DEBUG] 17:08:05.138 [AiEngine] Adaptive time: 3000ms, depth: 4, reason: midgame, tactical, emergency: false
[DEBUG] 17:08:05.138 [AiEngine] Using JS Search
[DEBUG] 17:08:05.449 [AiEngine] Adaptive time: 3000ms, depth: 4, reason: midgame, tactical, emergency: false
[DEBUG] 17:08:05.449 [AiEngine] Using JS Search
[DEBUG] 17:08:05.796 [AiEngine] Adaptive time: 3000ms, depth: 4, reason: midgame, tactical, emergency: false
[DEBUG] 17:08:05.796 [AiEngine] Using JS Search
[DEBUG] 17:08:05.984 [AiEngine] Adaptive time: 3000ms, depth: 4, reason: midgame, tactical, emergency: false
[DEBUG] 17:08:05.985 [AiEngine] Using JS Search
[DEBUG] 17:08:06.122 [AiEngine] Adaptive time: 3000ms, depth: 4, reason: midgame, tactical, emergency: false
[DEBUG] 17:08:06.122 [AiEngine] Using JS Search
[DEBUG] 17:08:06.197 [AiEngine] Adaptive time: 3000ms, depth: 4, reason: midgame, in-check, emergency: false
[DEBUG] 17:08:06.197 [AiEngine] Using JS Search
[DEBUG] 17:08:06.307 [AiEngine] Adaptive time: 3000ms, depth: 4, reason: midgame, tactical, emergency: false
[DEBUG] 17:08:06.307 [AiEngine] Using JS Search
[DEBUG] 17:08:06.364 [AiEngine] Adaptive time: 3000ms, depth: 4, reason: midgame, tactical, emergency: false
[DEBUG] 17:08:06.364 [AiEngine] Using JS Search
[DEBUG] 17:08:06.562 [AiEngine] Adaptive time: 3000ms, depth: 4, reason: midgame, tactical, emergency: false
[DEBUG] 17:08:06.562 [AiEngine] Using JS Search
[DEBUG] 17:08:06.724 [AiEngine] Adaptive time: 500ms, depth: 4, reason: midgame, opening, emergency: false
[DEBUG] 17:08:06.724 [AiEngine] Using JS Search
[DEBUG] 17:08:06.725 [AiEngine] Adaptive time: 500ms, depth: 4, reason: midgame, opening, emergency: false
[DEBUG] 17:08:06.725 [AiEngine] Using JS Search
[DEBUG] 17:08:06.725 [AiEngine] Adaptive time: 500ms, depth: 4, reason: midgame, opening, emergency: false
[DEBUG] 17:08:06.725 [AiEngine] Using JS Search
[DEBUG] 17:08:06.725 [AiEngine] Adaptive time: 500ms, depth: 4, reason: midgame, opening, tactical, emergency: false
[DEBUG] 17:08:06.725 [AiEngine] Using JS Search
[DEBUG] 17:08:06.745 [AiEngine] Adaptive time: 500ms, depth: 4, reason: midgame, opening, emergency: false
[DEBUG] 17:08:06.745 [AiEngine] Using JS Search
[DEBUG] 17:08:06.792 [AiEngine] Adaptive time: 500ms, depth: 4, reason: midgame, opening, emergency: false
[DEBUG] 17:08:06.792 [AiEngine] Using JS Search
[DEBUG] 17:08:06.921 [AiEngine] Adaptive time: 500ms, depth: 4, reason: midgame, opening, emergency: false
[DEBUG] 17:08:06.921 [AiEngine] Using JS Search
[DEBUG] 17:08:06.993 [AiEngine] Adaptive time: 500ms, depth: 4, reason: midgame, opening, emergency: false
[DEBUG] 17:08:06.993 [AiEngine] Using JS Search
[DEBUG] 17:08:07.267 [AiEngine] Adaptive time: 500ms, depth: 4, reason: midgame, opening, emergency: false
[DEBUG] 17:08:07.267 [AiEngine] Using JS Search
[DEBUG] 17:08:07.604 [AiEngine] Adaptive time: 500ms, depth: 4, reason: midgame, opening, emergency: false
[DEBUG] 17:08:07.604 [AiEngine] Using JS Search
[DEBUG] 17:08:07.715 [AiEngine] Adaptive time: 500ms, depth: 4, reason: midgame, opening, emergency: false
[DEBUG] 17:08:07.715 [AiEngine] Using JS Search
[DEBUG] 17:08:07.996 [AiEngine] Adaptive time: 500ms, depth: 4, reason: midgame, opening, emergency: false
[DEBUG] 17:08:07.996 [AiEngine] Using JS Search
[DEBUG] 17:08:08.073 [AiEngine] Adaptive time: 500ms, depth: 4, reason: midgame, opening, tactical, emergency: false
[DEBUG] 17:08:08.073 [AiEngine] Using JS Search
[DEBUG] 17:08:08.328 [AiEngine] Adaptive time: 500ms, depth: 4, reason: midgame, opening, emergency: false
[DEBUG] 17:08:08.328 [AiEngine] Using JS Search
[DEBUG] 17:08:08.525 [AiEngine] Adaptive time: 500ms, depth: 4, reason: midgame, opening, tactical, emergency: false
[DEBUG] 17:08:08.525 [AiEngine] Using JS Search
[DEBUG] 17:08:08.627 [AiEngine] Adaptive time: 500ms, depth: 4, reason: midgame, opening, tactical, emergency: false
[DEBUG] 17:08:08.627 [AiEngine] Using JS Search
[DEBUG] 17:08:08.846 [AiEngine] Adaptive time: 500ms, depth: 4, reason: midgame, opening, tactical, emergency: false
[DEBUG] 17:08:08.846 [AiEngine] Using JS Search
[DEBUG] 17:08:09.022 [AiEngine] Adaptive time: 500ms, depth: 4, reason: midgame, opening, tactical, emergency: false
[DEBUG] 17:08:09.022 [AiEngine] Using JS Search
[DEBUG] 17:08:09.155 [AiEngine] Adaptive time: 500ms, depth: 4, reason: midgame, opening, emergency: false
[DEBUG] 17:08:09.155 [AiEngine] Using JS Search
[DEBUG] 17:08:09.208 [AiEngine] Adaptive time: 500ms, depth: 4, reason: midgame, opening, tactical, emergency: false
[DEBUG] 17:08:09.208 [AiEngine] Using JS Search
[DEBUG] 17:08:09.341 [AiEngine] Adaptive time: 500ms, depth: 4, reason: midgame, opening, emergency: false
[DEBUG] 17:08:09.341 [AiEngine] Using JS Search
[DEBUG] 17:08:09.387 [AiEngine] Adaptive time: 500ms, depth: 4, reason: midgame, opening, tactical, emergency: false
[DEBUG] 17:08:09.387 [AiEngine] Using JS Search
[DEBUG] 17:08:09.482 [AiEngine] Adaptive time: 500ms, depth: 4, reason: midgame, opening, in-check, emergency: false
[DEBUG] 17:08:09.482 [AiEngine] Using JS Search
[DEBUG] 17:08:09.563 [AiEngine] Adaptive time: 500ms, depth: 4, reason: midgame, opening, tactical, emergency: false
[DEBUG] 17:08:09.563 [AiEngine] Using JS Search
[DEBUG] 17:08:09.563 [AiEngine] Adaptive time: 500ms, depth: 4, reason: midgame, opening, emergency: false
[DEBUG] 17:08:09.563 [AiEngine] Using JS Search
[DEBUG] 17:08:09.677 [AiEngine] Adaptive time: 500ms, depth: 4, reason: midgame, opening, emergency: false
[DEBUG] 17:08:09.677 [AiEngine] Using JS Search
[DEBUG] 17:08:09.780 [AiEngine] Adaptive time: 500ms, depth: 4, reason: midgame, opening, emergency: false
[DEBUG] 17:08:09.780 [AiEngine] Using JS Search
[DEBUG] 17:08:09.910 [AiEngine] Adaptive time: 500ms, depth: 4, reason: midgame, opening, emergency: false
[DEBUG] 17:08:09.910 [AiEngine] Using JS Search
[DEBUG] 17:08:10.024 [AiEngine] Adaptive time: 500ms, depth: 4, reason: midgame, opening, emergency: false
[DEBUG] 17:08:10.024 [AiEngine] Using JS Search
[DEBUG] 17:08:10.270 [AiEngine] Adaptive time: 500ms, depth: 4, reason: midgame, opening, emergency: false
[DEBUG] 17:08:10.270 [AiEngine] Using JS Search
[DEBUG] 17:08:10.405 [AiEngine] Adaptive time: 500ms, depth: 4, reason: midgame, opening, emergency: false
[DEBUG] 17:08:10.405 [AiEngine] Using JS Search
[DEBUG] 17:08:10.613 [AiEngine] Adaptive time: 500ms, depth: 4, reason: midgame, opening, emergency: false
[DEBUG] 17:08:10.613 [AiEngine] Using JS Search
[DEBUG] 17:08:10.792 [AiEngine] Adaptive time: 500ms, depth: 4, reason: midgame, opening, emergency: false
[DEBUG] 17:08:10.792 [AiEngine] Using JS Search
[DEBUG] 17:08:11.013 [AiEngine] Adaptive time: 500ms, depth: 4, reason: midgame, opening, emergency: false
[DEBUG] 17:08:11.013 [AiEngine] Using JS Search
[DEBUG] 17:08:11.118 [AiEngine] Adaptive time: 500ms, depth: 4, reason: midgame, opening, emergency: false
[DEBUG] 17:08:11.118 [AiEngine] Using JS Search
[DEBUG] 17:08:11.349 [AiEngine] Adaptive time: 500ms, depth: 4, reason: midgame, opening, tactical, emergency: false
[DEBUG] 17:08:11.349 [AiEngine] Using JS Search
[DEBUG] 17:08:11.467 [AiEngine] Adaptive time: 500ms, depth: 4, reason: midgame, opening, emergency: false
[DEBUG] 17:08:11.467 [AiEngine] Using JS Search
[DEBUG] 17:08:11.726 [AiEngine] Adaptive time: 500ms, depth: 4, reason: midgame, opening, tactical, emergency: false
[DEBUG] 17:08:11.726 [AiEngine] Using JS Search
[DEBUG] 17:08:11.834 [AiEngine] Adaptive time: 500ms, depth: 4, reason: midgame, opening, emergency: false
[DEBUG] 17:08:11.834 [AiEngine] Using JS Search
[DEBUG] 17:08:12.004 [AiEngine] Adaptive time: 500ms, depth: 4, reason: midgame, opening, tactical, emergency: false
[DEBUG] 17:08:12.005 [AiEngine] Using JS Search
[DEBUG] 17:08:12.073 [AiEngine] Adaptive time: 3000ms, depth: 4, reason: midgame, emergency: false
[DEBUG] 17:08:12.073 [AiEngine] Using JS Search
[DEBUG] 17:08:12.158 [AiEngine] Adaptive time: 3000ms, depth: 4, reason: midgame, in-check, emergency: false
[DEBUG] 17:08:12.158 [AiEngine] Using JS Search
[DEBUG] 17:08:12.276 [AiEngine] Adaptive time: 3000ms, depth: 4, reason: midgame, tactical, emergency: false
[DEBUG] 17:08:12.276 [AiEngine] Using JS Search
[DEBUG] 17:08:12.397 [AiEngine] Adaptive time: 3000ms, depth: 4, reason: midgame, tactical, emergency: false
[DEBUG] 17:08:12.397 [AiEngine] Using JS Search
[DEBUG] 17:08:12.523 [AiEngine] Adaptive time: 3000ms, depth: 4, reason: midgame, in-check, tactical, emergency: false
[DEBUG] 17:08:12.523 [AiEngine] Using JS Search
[DEBUG] 17:08:12.714 [AiEngine] Adaptive time: 3000ms, depth: 4, reason: midgame, tactical, emergency: false
[DEBUG] 17:08:12.714 [AiEngine] Using JS Search
[DEBUG] 17:08:12.787 [AiEngine] Adaptive time: 3000ms, depth: 4, reason: midgame, tactical, emergency: false
[DEBUG] 17:08:12.787 [AiEngine] Using JS Search
[DEBUG] 17:08:12.919 [AiEngine] Adaptive time: 3000ms, depth: 4, reason: midgame, emergency: false
[DEBUG] 17:08:12.919 [AiEngine] Using JS Search
[DEBUG] 17:08:12.953 [AiEngine] Adaptive time: 3000ms, depth: 4, reason: midgame, tactical, emergency: false
[DEBUG] 17:08:12.953 [AiEngine] Using JS Search
[DEBUG] 17:08:13.065 [AiEngine] Adaptive time: 3000ms, depth: 4, reason: midgame, tactical, emergency: false
[DEBUG] 17:08:13.065 [AiEngine] Using JS Search
[DEBUG] 17:08:13.215 [AiEngine] Adaptive time: 3000ms, depth: 4, reason: midgame, tactical, emergency: false
[DEBUG] 17:08:13.215 [AiEngine] Using JS Search
[DEBUG] 17:08:13.425 [AiEngine] Adaptive time: 3000ms, depth: 4, reason: midgame, tactical, emergency: false
[DEBUG] 17:08:13.426 [AiEngine] Using JS Search
[DEBUG] 17:08:13.592 [AiEngine] Adaptive time: 3000ms, depth: 4, reason: midgame, tactical, emergency: false
[DEBUG] 17:08:13.592 [AiEngine] Using JS Search
[DEBUG] 17:08:13.829 [AiEngine] Adaptive time: 3000ms, depth: 4, reason: midgame, tactical, emergency: false
[DEBUG] 17:08:13.830 [AiEngine] Using JS Search
[DEBUG] 17:08:13.904 [AiEngine] Adaptive time: 3000ms, depth: 4, reason: midgame, in-check, emergency: false
[DEBUG] 17:08:13.904 [AiEngine] Using JS Search
[DEBUG] 17:08:14.166 [AiEngine] Adaptive time: 3000ms, depth: 4, reason: midgame, tactical, emergency: false
[DEBUG] 17:08:14.166 [AiEngine] Using JS Search
[DEBUG] 17:08:14.256 [AiEngine] Adaptive time: 3000ms, depth: 4, reason: midgame, tactical, emergency: false
[DEBUG] 17:08:14.256 [AiEngine] Using JS Search
[DEBUG] 17:08:14.429 [AiEngine] Adaptive time: 3000ms, depth: 4, reason: midgame, in-check, emergency: false
[DEBUG] 17:08:14.429 [AiEngine] Using JS Search
[DEBUG] 17:08:14.443 [AiEngine] Adaptive time: 3000ms, depth: 4, reason: midgame, tactical, emergency: false
[DEBUG] 17:08:14.443 [AiEngine] Using JS Search
[DEBUG] 17:08:14.548 [AiEngine] Adaptive time: 3000ms, depth: 4, reason: standard, emergency: false
[DEBUG] 17:08:14.548 [AiEngine] Using JS Search
[DEBUG] 17:08:14.586 [AiEngine] Adaptive time: 3000ms, depth: 4, reason: tactical, emergency: false
[DEBUG] 17:08:14.586 [AiEngine] Using JS Search
[DEBUG] 17:08:14.716 [AiEngine] Adaptive time: 3000ms, depth: 4, reason: standard, emergency: false
[DEBUG] 17:08:14.716 [AiEngine] Using JS Search
[DEBUG] 17:08:14.745 [AiEngine] Adaptive time: 3000ms, depth: 4, reason: tactical, emergency: false
[DEBUG] 17:08:14.745 [AiEngine] Using JS Search
[DEBUG] 17:08:14.938 [AiEngine] Adaptive time: 3000ms, depth: 4, reason: standard, emergency: false
[DEBUG] 17:08:14.938 [AiEngine] Using JS Search
[DEBUG] 17:08:14.957 [AiEngine] Adaptive time: 3000ms, depth: 4, reason: tactical, emergency: false
[DEBUG] 17:08:14.957 [AiEngine] Using JS Search
[DEBUG] 17:08:15.227 [AiEngine] Adaptive time: 3000ms, depth: 4, reason: standard, emergency: false
[DEBUG] 17:08:15.227 [AiEngine] Using JS Search
[DEBUG] 17:08:15.253 [AiEngine] Adaptive time: 3000ms, depth: 4, reason: tactical, emergency: false
[DEBUG] 17:08:15.253 [AiEngine] Using JS Search
[DEBUG] 17:08:15.435 [AiEngine] Adaptive time: 3000ms, depth: 4, reason: in-check, emergency: false
[DEBUG] 17:08:15.436 [AiEngine] Using JS Search
[DEBUG] 17:08:15.442 [AiEngine] Adaptive time: 3000ms, depth: 4, reason: tactical, emergency: false
[DEBUG] 17:08:15.442 [AiEngine] Using JS Search
[DEBUG] 17:08:15.532 [AiEngine] Adaptive time: 3000ms, depth: 4, reason: standard, emergency: false
[DEBUG] 17:08:15.532 [AiEngine] Using JS Search
[DEBUG] 17:08:15.551 [AiEngine] Adaptive time: 3000ms, depth: 4, reason: tactical, emergency: false
[DEBUG] 17:08:15.551 [AiEngine] Using JS Search
[DEBUG] 17:08:15.553 [AiEngine] Adaptive time: 3000ms, depth: 4, reason: standard, emergency: false
[DEBUG] 17:08:15.553 [AiEngine] Using JS Search
[DEBUG] 17:08:15.654 [AiEngine] Adaptive time: 3000ms, depth: 4, reason: tactical, emergency: false
[DEBUG] 17:08:15.654 [AiEngine] Using JS Search
[DEBUG] 17:08:15.655 [AiEngine] Adaptive time: 3000ms, depth: 4, reason: standard, emergency: false
[DEBUG] 17:08:15.655 [AiEngine] Using JS Search
[DEBUG] 17:08:15.675 [AiEngine] Adaptive time: 3000ms, depth: 4, reason: in-check, emergency: false
[DEBUG] 17:08:15.675 [AiEngine] Using JS Search
[DEBUG] 17:08:15.676 [AiEngine] Adaptive time: 3000ms, depth: 4, reason: tactical, emergency: false
[DEBUG] 17:08:15.676 [AiEngine] Using JS Search
[DEBUG] 17:08:15.703 [AiEngine] Adaptive time: 3000ms, depth: 4, reason: in-check, emergency: false
[DEBUG] 17:08:15.703 [AiEngine] Using JS Search
[DEBUG] 17:08:15.703 [AiEngine] Adaptive time: 3000ms, depth: 4, reason: standard, emergency: false
[DEBUG] 17:08:15.703 [AiEngine] Using JS Search
[DEBUG] 17:08:15.760 [AiEngine] Adaptive time: 3000ms, depth: 4, reason: tactical, emergency: false
[DEBUG] 17:08:15.760 [AiEngine] Using JS Search
[DEBUG] 17:08:15.761 [AiEngine] Adaptive time: 3000ms, depth: 4, reason: endgame, emergency: false
[DEBUG] 17:08:15.761 [AiEngine] Using JS Search
[DEBUG] 17:08:15.808 [AiEngine] Adaptive time: 3000ms, depth: 4, reason: endgame, tactical, emergency: false
[DEBUG] 17:08:15.808 [AiEngine] Using JS Search
[DEBUG] 17:08:15.809 [AiEngine] Adaptive time: 3000ms, depth: 4, reason: endgame, emergency: false
[DEBUG] 17:08:15.809 [AiEngine] Using JS Search
[DEBUG] 17:08:15.821 [AiEngine] Adaptive time: 3000ms, depth: 4, reason: endgame, tactical, emergency: false
[DEBUG] 17:08:15.821 [AiEngine] Using JS Search
[DEBUG] 17:08:15.823 [AiEngine] Adaptive time: 3000ms, depth: 4, reason: endgame, in-check, emergency: false
[DEBUG] 17:08:15.823 [AiEngine] Using JS Search
[DEBUG] 17:08:15.861 [AiEngine] Adaptive time: 3000ms, depth: 4, reason: endgame, tactical, emergency: false
[DEBUG] 17:08:15.861 [AiEngine] Using JS Search
[DEBUG] 17:08:15.862 [AiEngine] Adaptive time: 3000ms, depth: 4, reason: endgame, emergency: false
[DEBUG] 17:08:15.862 [AiEngine] Using JS Search
[DEBUG] 17:08:15.960 [AiEngine] Adaptive time: 3000ms, depth: 4, reason: endgame, emergency: false
[DEBUG] 17:08:15.960 [AiEngine] Using JS Search
[DEBUG] 17:08:15.961 [AiEngine] Adaptive time: 3000ms, depth: 4, reason: endgame, emergency: false
[DEBUG] 17:08:15.961 [AiEngine] Using JS Search
[DEBUG] 17:08:16.006 [AiEngine] Adaptive time: 3000ms, depth: 4, reason: endgame, emergency: false
[DEBUG] 17:08:16.006 [AiEngine] Using JS Search
[DEBUG] 17:08:16.007 [AiEngine] Adaptive time: 3000ms, depth: 4, reason: endgame, emergency: false
[DEBUG] 17:08:16.007 [AiEngine] Using JS Search
[DEBUG] 17:08:16.035 [AiEngine] Adaptive time: 3000ms, depth: 4, reason: endgame, emergency: false
[DEBUG] 17:08:16.035 [AiEngine] Using JS Search
[DEBUG] 17:08:16.036 [AiEngine] Adaptive time: 3000ms, depth: 4, reason: endgame, tactical, emergency: false
[DEBUG] 17:08:16.036 [AiEngine] Using JS Search
[DEBUG] 17:08:16.069 [AiEngine] Adaptive time: 3000ms, depth: 4, reason: endgame, emergency: false
[DEBUG] 17:08:16.069 [AiEngine] Using JS Search
[DEBUG] 17:08:16.069 [AiEngine] Adaptive time: 3000ms, depth: 4, reason: endgame, emergency: false
[DEBUG] 17:08:16.069 [AiEngine] Using JS Search
[DEBUG] 17:08:16.103 [AiEngine] Adaptive time: 3000ms, depth: 4, reason: endgame, emergency: false
[DEBUG] 17:08:16.103 [AiEngine] Using JS Search
[DEBUG] 17:08:16.104 [AiEngine] Adaptive time: 3000ms, depth: 4, reason: endgame, emergency: false
[DEBUG] 17:08:16.104 [AiEngine] Using JS Search
[DEBUG] 17:08:16.164 [AiEngine] Adaptive time: 3000ms, depth: 4, reason: endgame, emergency: false
[DEBUG] 17:08:16.165 [AiEngine] Using JS Search
[DEBUG] 17:08:16.166 [AiEngine] Adaptive time: 3000ms, depth: 4, reason: endgame, emergency: false
[DEBUG] 17:08:16.166 [AiEngine] Using JS Search
[DEBUG] 17:08:16.206 [AiEngine] Adaptive time: 3000ms, depth: 4, reason: endgame, emergency: false
[DEBUG] 17:08:16.206 [AiEngine] Using JS Search
[DEBUG] 17:08:16.206 [AiEngine] Adaptive time: 3000ms, depth: 4, reason: endgame, tactical, emergency: false
[DEBUG] 17:08:16.206 [AiEngine] Using JS Search
[DEBUG] 17:08:16.222 [AiEngine] Adaptive time: 500ms, depth: 4, reason: midgame, opening, emergency: false
[DEBUG] 17:08:16.222 [AiEngine] Using JS Search
[DEBUG] 17:08:16.222 [AiEngine] Adaptive time: 500ms, depth: 4, reason: midgame, opening, emergency: false
[DEBUG] 17:08:16.222 [AiEngine] Using JS Search
[DEBUG] 17:08:16.222 [AiEngine] Adaptive time: 500ms, depth: 4, reason: midgame, opening, emergency: false
[DEBUG] 17:08:16.222 [AiEngine] Using JS Search
[DEBUG] 17:08:16.223 [AiEngine] Adaptive time: 500ms, depth: 4, reason: midgame, opening, tactical, emergency: false
[DEBUG] 17:08:16.223 [AiEngine] Using JS Search
[DEBUG] 17:08:16.242 [AiEngine] Adaptive time: 500ms, depth: 4, reason: midgame, opening, emergency: false
[DEBUG] 17:08:16.242 [AiEngine] Using JS Search
[DEBUG] 17:08:16.257 [AiEngine] Adaptive time: 500ms, depth: 4, reason: midgame, opening, emergency: false
[DEBUG] 17:08:16.258 [AiEngine] Using JS Search
[DEBUG] 17:08:16.296 [AiEngine] Adaptive time: 500ms, depth: 4, reason: midgame, opening, emergency: false
[DEBUG] 17:08:16.296 [AiEngine] Using JS Search
[DEBUG] 17:08:16.442 [AiEngine] Adaptive time: 500ms, depth: 4, reason: midgame, opening, emergency: false
[DEBUG] 17:08:16.442 [AiEngine] Using JS Search
[DEBUG] 17:08:17.011 [AiEngine] Adaptive time: 500ms, depth: 4, reason: midgame, opening, emergency: false
[DEBUG] 17:08:17.011 [AiEngine] Using JS Search
[DEBUG] 17:08:17.201 [AiEngine] Adaptive time: 500ms, depth: 4, reason: midgame, opening, emergency: false
[DEBUG] 17:08:17.201 [AiEngine] Using JS Search
[DEBUG] 17:08:17.399 [AiEngine] Adaptive time: 500ms, depth: 4, reason: midgame, opening, emergency: false
[DEBUG] 17:08:17.399 [AiEngine] Using JS Search
[DEBUG] 17:08:17.446 [AiEngine] Adaptive time: 500ms, depth: 4, reason: midgame, opening, tactical, emergency: false
[DEBUG] 17:08:17.446 [AiEngine] Using JS Search
[DEBUG] 17:08:17.487 [AiEngine] Adaptive time: 500ms, depth: 4, reason: midgame, opening, in-check, emergency: false
[DEBUG] 17:08:17.487 [AiEngine] Using JS Search
[DEBUG] 17:08:17.596 [AiEngine] Adaptive time: 500ms, depth: 4, reason: midgame, opening, tactical, emergency: false
[DEBUG] 17:08:17.596 [AiEngine] Using JS Search
[DEBUG] 17:08:17.632 [AiEngine] Adaptive time: 500ms, depth: 4, reason: midgame, opening, emergency: false
[DEBUG] 17:08:17.632 [AiEngine] Using JS Search
[DEBUG] 17:08:17.773 [AiEngine] Adaptive time: 500ms, depth: 4, reason: midgame, opening, emergency: false
[DEBUG] 17:08:17.773 [AiEngine] Using JS Search
[DEBUG] 17:08:17.817 [AiEngine] Adaptive time: 500ms, depth: 4, reason: midgame, opening, tactical, emergency: false
[DEBUG] 17:08:17.817 [AiEngine] Using JS Search
[DEBUG] 17:08:17.984 [AiEngine] Adaptive time: 500ms, depth: 4, reason: midgame, opening, emergency: false
[DEBUG] 17:08:17.984 [AiEngine] Using JS Search
[DEBUG] 17:08:18.290 [AiEngine] Adaptive time: 500ms, depth: 4, reason: midgame, opening, tactical, emergency: false
[DEBUG] 17:08:18.290 [AiEngine] Using JS Search
[DEBUG] 17:08:18.491 [AiEngine] Adaptive time: 500ms, depth: 4, reason: midgame, opening, emergency: false
[DEBUG] 17:08:18.491 [AiEngine] Using JS Search
[DEBUG] 17:08:18.693 [AiEngine] Adaptive time: 500ms, depth: 4, reason: midgame, opening, tactical, emergency: false
[DEBUG] 17:08:18.693 [AiEngine] Using JS Search
[DEBUG] 17:08:18.956 [AiEngine] Adaptive time: 500ms, depth: 4, reason: midgame, opening, emergency: false
[DEBUG] 17:08:18.956 [AiEngine] Using JS Search
[DEBUG] 17:08:19.246 [AiEngine] Adaptive time: 500ms, depth: 4, reason: midgame, opening, tactical, emergency: false
[DEBUG] 17:08:19.246 [AiEngine] Using JS Search
[DEBUG] 17:08:19.327 [AiEngine] Adaptive time: 500ms, depth: 4, reason: midgame, opening, emergency: false
[DEBUG] 17:08:19.327 [AiEngine] Using JS Search
[DEBUG] 17:08:19.656 [AiEngine] Adaptive time: 500ms, depth: 4, reason: midgame, opening, tactical, emergency: false
[DEBUG] 17:08:19.656 [AiEngine] Using JS Search
[DEBUG] 17:08:19.736 [AiEngine] Adaptive time: 500ms, depth: 4, reason: midgame, opening, emergency: false
[DEBUG] 17:08:19.736 [AiEngine] Using JS Search
[DEBUG] 17:08:20.048 [AiEngine] Adaptive time: 500ms, depth: 4, reason: midgame, opening, tactical, emergency: false
[DEBUG] 17:08:20.048 [AiEngine] Using JS Search
[DEBUG] 17:08:20.209 [AiEngine] Adaptive time: 500ms, depth: 4, reason: midgame, opening, emergency: false
[DEBUG] 17:08:20.209 [AiEngine] Using JS Search
[DEBUG] 17:08:20.483 [AiEngine] Adaptive time: 500ms, depth: 4, reason: midgame, opening, emergency: false
[DEBUG] 17:08:20.483 [AiEngine] Using JS Search
[DEBUG] 17:08:21.061 [AiEngine] Adaptive time: 500ms, depth: 4, reason: midgame, opening, emergency: false
[DEBUG] 17:08:21.062 [AiEngine] Using JS Search
[DEBUG] 17:08:21.148 [AiEngine] Adaptive time: 500ms, depth: 4, reason: midgame, opening, tactical, emergency: false
[DEBUG] 17:08:21.148 [AiEngine] Using JS Search
[DEBUG] 17:08:21.264 [AiEngine] Adaptive time: 500ms, depth: 4, reason: midgame, opening, emergency: false
[DEBUG] 17:08:21.264 [AiEngine] Using JS Search
[DEBUG] 17:08:21.339 [AiEngine] Adaptive time: 500ms, depth: 4, reason: midgame, opening, tactical, emergency: false
[DEBUG] 17:08:21.339 [AiEngine] Using JS Search
[DEBUG] 17:08:21.414 [AiEngine] Adaptive time: 500ms, depth: 4, reason: midgame, opening, emergency: false
[DEBUG] 17:08:21.414 [AiEngine] Using JS Search
[DEBUG] 17:08:21.476 [AiEngine] Adaptive time: 500ms, depth: 4, reason: midgame, opening, tactical, emergency: false
[DEBUG] 17:08:21.476 [AiEngine] Using JS Search
[DEBUG] 17:08:21.789 [AiEngine] Adaptive time: 500ms, depth: 4, reason: midgame, opening, emergency: false
[DEBUG] 17:08:21.789 [AiEngine] Using JS Search
[DEBUG] 17:08:21.789 [AiEngine] Adaptive time: 500ms, depth: 4, reason: midgame, opening, tactical, emergency: false
[DEBUG] 17:08:21.790 [AiEngine] Using JS Search
[DEBUG] 17:08:21.790 [AiEngine] Adaptive time: 500ms, depth: 4, reason: midgame, opening, in-check, emergency: false
[DEBUG] 17:08:21.790 [AiEngine] Using JS Search
[DEBUG] 17:08:21.790 [AiEngine] Adaptive time: 500ms, depth: 4, reason: midgame, opening, emergency: false
[DEBUG] 17:08:21.790 [AiEngine] Using JS Search
[DEBUG] 17:08:21.790 [AiEngine] Adaptive time: 500ms, depth: 4, reason: midgame, opening, emergency: false
[DEBUG] 17:08:21.791 [AiEngine] Using JS Search
[DEBUG] 17:08:21.791 [AiEngine] Adaptive time: 500ms, depth: 4, reason: midgame, opening, emergency: false
[DEBUG] 17:08:21.791 [AiEngine] Using JS Search
[DEBUG] 17:08:21.791 [AiEngine] Adaptive time: 500ms, depth: 4, reason: midgame, opening, tactical, emergency: false
[DEBUG] 17:08:21.791 [AiEngine] Using JS Search
[DEBUG] 17:08:21.811 [AiEngine] Adaptive time: 500ms, depth: 4, reason: midgame, opening, emergency: false
[DEBUG] 17:08:21.811 [AiEngine] Using JS Search
[DEBUG] 17:08:21.826 [AiEngine] Adaptive time: 500ms, depth: 4, reason: midgame, opening, emergency: false
[DEBUG] 17:08:21.826 [AiEngine] Using JS Search
[DEBUG] 17:08:21.913 [AiEngine] Adaptive time: 500ms, depth: 4, reason: midgame, opening, emergency: false
[DEBUG] 17:08:21.913 [AiEngine] Using JS Search
[DEBUG] 17:08:22.212 [AiEngine] Adaptive time: 500ms, depth: 4, reason: midgame, opening, emergency: false
[DEBUG] 17:08:22.212 [AiEngine] Using JS Search
[DEBUG] 17:08:22.485 [AiEngine] Adaptive time: 500ms, depth: 4, reason: midgame, opening, emergency: false
[DEBUG] 17:08:22.485 [AiEngine] Using JS Search
[DEBUG] 17:08:22.740 [AiEngine] Adaptive time: 500ms, depth: 4, reason: midgame, opening, emergency: false
[DEBUG] 17:08:22.740 [AiEngine] Using JS Search
[DEBUG] 17:08:23.423 [AiEngine] Adaptive time: 500ms, depth: 4, reason: midgame, opening, tactical, emergency: false
[DEBUG] 17:08:23.423 [AiEngine] Using JS Search
[DEBUG] 17:08:23.613 [AiEngine] Adaptive time: 500ms, depth: 4, reason: midgame, opening, tactical, emergency: false
[DEBUG] 17:08:23.614 [AiEngine] Using JS Search
[DEBUG] 17:08:23.775 [AiEngine] Adaptive time: 500ms, depth: 4, reason: midgame, opening, emergency: false
[DEBUG] 17:08:23.775 [AiEngine] Using JS Search
[DEBUG] 17:08:23.970 [AiEngine] Adaptive time: 500ms, depth: 4, reason: midgame, opening, emergency: false
[DEBUG] 17:08:23.970 [AiEngine] Using JS Search
[DEBUG] 17:08:24.039 [AiEngine] Adaptive time: 500ms, depth: 4, reason: midgame, opening, tactical, emergency: false
[DEBUG] 17:08:24.039 [AiEngine] Using JS Search
[DEBUG] 17:08:24.664 [AiEngine] Adaptive time: 500ms, depth: 4, reason: midgame, opening, emergency: false
[DEBUG] 17:08:24.664 [AiEngine] Using JS Search
[DEBUG] 17:08:24.712 [AiEngine] Adaptive time: 500ms, depth: 4, reason: midgame, opening, tactical, emergency: false
[DEBUG] 17:08:24.712 [AiEngine] Using JS Search
[DEBUG] 17:08:24.879 [AiEngine] Adaptive time: 500ms, depth: 4, reason: midgame, opening, emergency: false
[DEBUG] 17:08:24.879 [AiEngine] Using JS Search
[DEBUG] 17:08:24.934 [AiEngine] Adaptive time: 500ms, depth: 4, reason: midgame, opening, tactical, emergency: false
[DEBUG] 17:08:24.934 [AiEngine] Using JS Search
[DEBUG] 17:08:25.227 [AiEngine] Adaptive time: 500ms, depth: 4, reason: midgame, opening, emergency: false
[DEBUG] 17:08:25.227 [AiEngine] Using JS Search
[DEBUG] 17:08:25.271 [AiEngine] Adaptive time: 500ms, depth: 4, reason: midgame, opening, tactical, emergency: false
[DEBUG] 17:08:25.271 [AiEngine] Using JS Search
[DEBUG] 17:08:25.473 [AiEngine] Adaptive time: 500ms, depth: 4, reason: midgame, opening, emergency: false
[DEBUG] 17:08:25.473 [AiEngine] Using JS Search
[DEBUG] 17:08:25.506 [AiEngine] Adaptive time: 500ms, depth: 4, reason: midgame, opening, tactical, emergency: false
[DEBUG] 17:08:25.506 [AiEngine] Using JS Search
[DEBUG] 17:08:25.791 [AiEngine] Adaptive time: 500ms, depth: 4, reason: midgame, opening, emergency: false
[DEBUG] 17:08:25.791 [AiEngine] Using JS Search
[DEBUG] 17:08:25.858 [AiEngine] Adaptive time: 500ms, depth: 4, reason: midgame, opening, tactical, emergency: false
[DEBUG] 17:08:25.858 [AiEngine] Using JS Search
[DEBUG] 17:08:25.919 [AiEngine] Adaptive time: 500ms, depth: 4, reason: midgame, opening, emergency: false
[DEBUG] 17:08:25.919 [AiEngine] Using JS Search
[DEBUG] 17:08:25.943 [AiEngine] Adaptive time: 500ms, depth: 4, reason: midgame, opening, tactical, emergency: false
[DEBUG] 17:08:25.943 [AiEngine] Using JS Search
[DEBUG] 17:08:26.447 [AiEngine] Adaptive time: 500ms, depth: 4, reason: midgame, opening, emergency: false
[DEBUG] 17:08:26.447 [AiEngine] Using JS Search
[DEBUG] 17:08:26.464 [AiEngine] Adaptive time: 500ms, depth: 4, reason: midgame, opening, tactical, emergency: false
[DEBUG] 17:08:26.464 [AiEngine] Using JS Search
[DEBUG] 17:08:26.803 [AiEngine] Adaptive time: 500ms, depth: 4, reason: midgame, opening, emergency: false
[DEBUG] 17:08:26.803 [AiEngine] Using JS Search
[DEBUG] 17:08:27.015 [AiEngine] Adaptive time: 500ms, depth: 4, reason: midgame, opening, tactical, emergency: false
[DEBUG] 17:08:27.015 [AiEngine] Using JS Search
[DEBUG] 17:08:27.016 [AiEngine] Adaptive time: 500ms, depth: 4, reason: midgame, opening, emergency: false
[DEBUG] 17:08:27.016 [AiEngine] Using JS Search
[DEBUG] 17:08:27.129 [AiEngine] Adaptive time: 500ms, depth: 4, reason: midgame, opening, tactical, emergency: false
[DEBUG] 17:08:27.129 [AiEngine] Using JS Search
[DEBUG] 17:08:27.131 [AiEngine] Adaptive time: 500ms, depth: 4, reason: midgame, opening, in-check, emergency: false
[DEBUG] 17:08:27.131 [AiEngine] Using JS Search
[DEBUG] 17:08:27.229 [AiEngine] Adaptive time: 500ms, depth: 4, reason: midgame, opening, emergency: false
[DEBUG] 17:08:27.229 [AiEngine] Using JS Search
[DEBUG] 17:08:27.230 [AiEngine] Adaptive time: 500ms, depth: 4, reason: midgame, opening, emergency: false
[DEBUG] 17:08:27.230 [AiEngine] Using JS Search
[DEBUG] 17:08:27.483 [AiEngine] Adaptive time: 500ms, depth: 4, reason: midgame, opening, emergency: false
[DEBUG] 17:08:27.484 [AiEngine] Using JS Search
[DEBUG] 17:08:27.484 [AiEngine] Adaptive time: 500ms, depth: 4, reason: midgame, opening, tactical, emergency: false
[DEBUG] 17:08:27.484 [AiEngine] Using JS Search
[DEBUG] 17:08:27.573 [AiEngine] Adaptive time: 500ms, depth: 4, reason: midgame, opening, emergency: false
[DEBUG] 17:08:27.574 [AiEngine] Using JS Search
[DEBUG] 17:08:27.790 [AiEngine] Adaptive time: 500ms, depth: 4, reason: midgame, opening, emergency: false
[DEBUG] 17:08:27.790 [AiEngine] Using JS Search
[DEBUG] 17:08:27.857 [AiEngine] Adaptive time: 3000ms, depth: 4, reason: midgame, emergency: false
[DEBUG] 17:08:27.857 [AiEngine] Using JS Search
[DEBUG] 17:08:28.048 [AiEngine] Adaptive time: 3000ms, depth: 4, reason: midgame, emergency: false
[DEBUG] 17:08:28.048 [AiEngine] Using JS Search
[DEBUG] 17:08:28.169 [AiEngine] Adaptive time: 3000ms, depth: 4, reason: midgame, emergency: false
[DEBUG] 17:08:28.169 [AiEngine] Using JS Search
[DEBUG] 17:08:28.177 [AiEngine] Adaptive time: 3000ms, depth: 4, reason: midgame, tactical, emergency: false
[DEBUG] 17:08:28.177 [AiEngine] Using JS Search
[DEBUG] 17:08:28.338 [AiEngine] Adaptive time: 3000ms, depth: 4, reason: midgame, emergency: false
[DEBUG] 17:08:28.338 [AiEngine] Using JS Search
[DEBUG] 17:08:28.427 [AiEngine] Adaptive time: 3000ms, depth: 4, reason: midgame, emergency: false
[DEBUG] 17:08:28.427 [AiEngine] Using JS Search
[DEBUG] 17:08:28.925 [AiEngine] Adaptive time: 3000ms, depth: 4, reason: midgame, emergency: false
[DEBUG] 17:08:28.925 [AiEngine] Using JS Search
[DEBUG] 17:08:29.018 [AiEngine] Adaptive time: 3000ms, depth: 4, reason: midgame, tactical, emergency: false
[DEBUG] 17:08:29.018 [AiEngine] Using JS Search
[DEBUG] 17:08:29.101 [AiEngine] Adaptive time: 3000ms, depth: 4, reason: midgame, emergency: false
[DEBUG] 17:08:29.101 [AiEngine] Using JS Search
[DEBUG] 17:08:29.314 [AiEngine] Adaptive time: 3000ms, depth: 4, reason: midgame, tactical, emergency: false
[DEBUG] 17:08:29.314 [AiEngine] Using JS Search
[DEBUG] 17:08:29.509 [AiEngine] Adaptive time: 3000ms, depth: 4, reason: midgame, emergency: false
[DEBUG] 17:08:29.509 [AiEngine] Using JS Search
