[DEBUG] 16:17:10.124 [AiEngine] Adaptive time: 500ms, depth: 3, reason: midgame, opening, emergency: false
[DEBUG] 16:17:10.130 [AiEngine] Using JS Search
[DEBUG] 16:17:10.303 [AiEngine] Adaptive time: 500ms, depth: 3, reason: midgame, opening, emergency: false
[DEBUG] 16:17:10.303 [AiEngine] Using JS Search
[DEBUG] 16:17:10.376 [AiEngine] Adaptive time: 500ms, depth: 3, reason: midgame, opening, emergency: false
[DEBUG] 16:17:10.376 [AiEngine] Using JS Search
[DEBUG] 16:17:10.459 [AiEngine] Adaptive time: 500ms, depth: 3, reason: midgame, opening, emergency: false
[DEBUG] 16:17:10.459 [AiEngine] Using JS Search
[DEBUG] 16:17:10.536 [AiEngine] Adaptive time: 500ms, depth: 3, reason: midgame, opening, emergency: false
[DEBUG] 16:17:10.536 [AiEngine] Using JS Search
[DEBUG] 16:17:10.604 [AiEngine] Adaptive time: 500ms, depth: 3, reason: midgame, opening, emergency: false
[DEBUG] 16:17:10.604 [AiEngine] Using JS Search
[DEBUG] 16:17:10.683 [AiEngine] Adaptive time: 500ms, depth: 3, reason: midgame, opening, emergency: false
[DEBUG] 16:17:10.684 [AiEngine] Using JS Search
[DEBUG] 16:17:10.779 [AiEngine] Adaptive time: 500ms, depth: 3, reason: midgame, opening, emergency: false
[DEBUG] 16:17:10.780 [AiEngine] Using JS Search
[DEBUG] 16:17:10.853 [AiEngine] Adaptive time: 500ms, depth: 3, reason: midgame, opening, emergency: false
[DEBUG] 16:17:10.853 [AiEngine] Using JS Search
[DEBUG] 16:17:11.109 [AiEngine] Adaptive time: 500ms, depth: 3, reason: midgame, opening, tactical, emergency: false
[DEBUG] 16:17:11.109 [AiEngine] Using JS Search
[DEBUG] 16:17:11.207 [AiEngine] Adaptive time: 500ms, depth: 3, reason: midgame, opening, emergency: false
[DEBUG] 16:17:11.207 [AiEngine] Using JS Search
[DEBUG] 16:17:11.256 [AiEngine] Adaptive time: 500ms, depth: 3, reason: midgame, opening, emergency: false
[DEBUG] 16:17:11.256 [AiEngine] Using JS Search
[DEBUG] 16:17:11.295 [AiEngine] Adaptive time: 500ms, depth: 3, reason: midgame, opening, tactical, emergency: false
[DEBUG] 16:17:11.295 [AiEngine] Using JS Search
[DEBUG] 16:17:11.348 [AiEngine] Adaptive time: 500ms, depth: 3, reason: midgame, opening, in-check, emergency: false
[DEBUG] 16:17:11.348 [AiEngine] Using JS Search
[DEBUG] 16:17:11.360 [AiEngine] Adaptive time: 500ms, depth: 3, reason: midgame, opening, emergency: false
[DEBUG] 16:17:11.360 [AiEngine] Using JS Search
[DEBUG] 16:17:11.430 [AiEngine] Adaptive time: 500ms, depth: 3, reason: midgame, opening, tactical, emergency: false
[DEBUG] 16:17:11.430 [AiEngine] Using JS Search
[DEBUG] 16:17:11.479 [AiEngine] Adaptive time: 500ms, depth: 3, reason: midgame, opening, tactical, emergency: false
[DEBUG] 16:17:11.480 [AiEngine] Using JS Search
[DEBUG] 16:17:11.564 [AiEngine] Adaptive time: 500ms, depth: 3, reason: midgame, opening, tactical, emergency: false
[DEBUG] 16:17:11.564 [AiEngine] Using JS Search
[DEBUG] 16:17:11.604 [AiEngine] Adaptive time: 500ms, depth: 3, reason: midgame, opening, tactical, emergency: false
[DEBUG] 16:17:11.604 [AiEngine] Using JS Search
[DEBUG] 16:17:11.665 [AiEngine] Adaptive time: 500ms, depth: 3, reason: midgame, opening, tactical, emergency: false
[DEBUG] 16:17:11.665 [AiEngine] Using JS Search
[DEBUG] 16:17:11.692 [AiEngine] Adaptive time: 500ms, depth: 3, reason: midgame, opening, tactical, emergency: false
[DEBUG] 16:17:11.692 [AiEngine] Using JS Search
[DEBUG] 16:17:11.759 [AiEngine] Adaptive time: 500ms, depth: 3, reason: midgame, opening, tactical, emergency: false
[DEBUG] 16:17:11.759 [AiEngine] Using JS Search
[DEBUG] 16:17:11.789 [AiEngine] Adaptive time: 500ms, depth: 3, reason: midgame, opening, emergency: false
[DEBUG] 16:17:11.789 [AiEngine] Using JS Search
[DEBUG] 16:17:11.842 [AiEngine] Adaptive time: 500ms, depth: 3, reason: midgame, opening, tactical, emergency: false
[DEBUG] 16:17:11.842 [AiEngine] Using JS Search
[DEBUG] 16:17:11.880 [AiEngine] Adaptive time: 500ms, depth: 3, reason: midgame, opening, emergency: false
[DEBUG] 16:17:11.880 [AiEngine] Using JS Search
[DEBUG] 16:17:11.943 [AiEngine] Adaptive time: 500ms, depth: 3, reason: midgame, opening, tactical, emergency: false
[DEBUG] 16:17:11.943 [AiEngine] Using JS Search
[DEBUG] 16:17:11.968 [AiEngine] Adaptive time: 500ms, depth: 3, reason: midgame, opening, tactical, emergency: false
[DEBUG] 16:17:11.968 [AiEngine] Using JS Search
[DEBUG] 16:17:12.029 [AiEngine] Adaptive time: 500ms, depth: 3, reason: midgame, opening, tactical, emergency: false
[DEBUG] 16:17:12.029 [AiEngine] Using JS Search
[DEBUG] 16:17:12.061 [AiEngine] Adaptive time: 500ms, depth: 3, reason: midgame, opening, tactical, emergency: false
[DEBUG] 16:17:12.061 [AiEngine] Using JS Search
[DEBUG] 16:17:12.157 [AiEngine] Adaptive time: 500ms, depth: 3, reason: midgame, opening, tactical, emergency: false
[DEBUG] 16:17:12.157 [AiEngine] Using JS Search
[DEBUG] 16:17:12.176 [AiEngine] Adaptive time: 500ms, depth: 3, reason: midgame, opening, tactical, emergency: false
[DEBUG] 16:17:12.176 [AiEngine] Using JS Search
[DEBUG] 16:17:12.300 [AiEngine] Adaptive time: 500ms, depth: 3, reason: midgame, opening, tactical, emergency: false
[DEBUG] 16:17:12.300 [AiEngine] Using JS Search
[DEBUG] 16:17:12.320 [AiEngine] Adaptive time: 500ms, depth: 3, reason: midgame, opening, tactical, emergency: false
[DEBUG] 16:17:12.320 [AiEngine] Using JS Search
[DEBUG] 16:17:12.434 [AiEngine] Adaptive time: 500ms, depth: 3, reason: midgame, opening, emergency: false
[DEBUG] 16:17:12.434 [AiEngine] Using JS Search
[DEBUG] 16:17:12.480 [AiEngine] Adaptive time: 500ms, depth: 3, reason: midgame, opening, tactical, emergency: false
[DEBUG] 16:17:12.481 [AiEngine] Using JS Search
[DEBUG] 16:17:12.580 [AiEngine] Adaptive time: 500ms, depth: 3, reason: midgame, opening, emergency: false
[DEBUG] 16:17:12.580 [AiEngine] Using JS Search
[DEBUG] 16:17:12.624 [AiEngine] Adaptive time: 500ms, depth: 3, reason: midgame, opening, tactical, emergency: false
[DEBUG] 16:17:12.624 [AiEngine] Using JS Search
[DEBUG] 16:17:12.624 [AiEngine] Adaptive time: 500ms, depth: 3, reason: midgame, opening, in-check, emergency: false
[DEBUG] 16:17:12.624 [AiEngine] Using JS Search
[DEBUG] 16:17:12.647 [AiEngine] Adaptive time: 500ms, depth: 3, reason: midgame, opening, tactical, emergency: false
[DEBUG] 16:17:12.647 [AiEngine] Using JS Search
[DEBUG] 16:17:12.777 [AiEngine] Adaptive time: 500ms, depth: 3, reason: midgame, opening, tactical, emergency: false
[DEBUG] 16:17:12.777 [AiEngine] Using JS Search
[DEBUG] 16:17:12.801 [AiEngine] Adaptive time: 3000ms, depth: 3, reason: midgame, tactical, emergency: false
[DEBUG] 16:17:12.801 [AiEngine] Using JS Search
[DEBUG] 16:17:12.945 [AiEngine] Adaptive time: 3000ms, depth: 3, reason: midgame, in-check, emergency: false
[DEBUG] 16:17:12.945 [AiEngine] Using JS Search
[DEBUG] 16:17:12.952 [AiEngine] Adaptive time: 3000ms, depth: 3, reason: midgame, tactical, emergency: false
[DEBUG] 16:17:12.952 [AiEngine] Using JS Search
[DEBUG] 16:17:13.055 [AiEngine] Adaptive time: 3000ms, depth: 3, reason: midgame, in-check, emergency: false
[DEBUG] 16:17:13.055 [AiEngine] Using JS Search
[DEBUG] 16:17:13.072 [AiEngine] Adaptive time: 3000ms, depth: 3, reason: midgame, tactical, emergency: false
[DEBUG] 16:17:13.073 [AiEngine] Using JS Search
[DEBUG] 16:17:13.109 [AiEngine] Adaptive time: 3000ms, depth: 3, reason: tactical, emergency: false
[DEBUG] 16:17:13.109 [AiEngine] Using JS Search
[DEBUG] 16:17:13.153 [AiEngine] Adaptive time: 3000ms, depth: 3, reason: tactical, emergency: false
[DEBUG] 16:17:13.153 [AiEngine] Using JS Search
[DEBUG] 16:17:13.222 [AiEngine] Adaptive time: 3000ms, depth: 3, reason: tactical, emergency: false
[DEBUG] 16:17:13.222 [AiEngine] Using JS Search
[DEBUG] 16:17:13.312 [AiEngine] Adaptive time: 3000ms, depth: 3, reason: tactical, emergency: false
[DEBUG] 16:17:13.312 [AiEngine] Using JS Search
[DEBUG] 16:17:13.359 [AiEngine] Adaptive time: 3000ms, depth: 3, reason: in-check, emergency: false
[DEBUG] 16:17:13.359 [AiEngine] Using JS Search
[DEBUG] 16:17:13.390 [AiEngine] Adaptive time: 3000ms, depth: 3, reason: tactical, emergency: false
[DEBUG] 16:17:13.390 [AiEngine] Using JS Search
[DEBUG] 16:17:13.467 [AiEngine] Adaptive time: 3000ms, depth: 3, reason: tactical, emergency: false
[DEBUG] 16:17:13.468 [AiEngine] Using JS Search
[DEBUG] 16:17:13.511 [AiEngine] Adaptive time: 3000ms, depth: 3, reason: standard, emergency: false
[DEBUG] 16:17:13.511 [AiEngine] Using JS Search
[DEBUG] 16:17:13.546 [AiEngine] Adaptive time: 3000ms, depth: 3, reason: tactical, emergency: false
[DEBUG] 16:17:13.546 [AiEngine] Using JS Search
[DEBUG] 16:17:13.587 [AiEngine] Adaptive time: 3000ms, depth: 3, reason: standard, emergency: false
[DEBUG] 16:17:13.587 [AiEngine] Using JS Search
[DEBUG] 16:17:13.632 [AiEngine] Adaptive time: 3000ms, depth: 3, reason: tactical, emergency: false
[DEBUG] 16:17:13.632 [AiEngine] Using JS Search
[DEBUG] 16:17:13.681 [AiEngine] Adaptive time: 3000ms, depth: 3, reason: tactical, emergency: false
[DEBUG] 16:17:13.681 [AiEngine] Using JS Search
[DEBUG] 16:17:13.718 [AiEngine] Adaptive time: 3000ms, depth: 3, reason: tactical, emergency: false
[DEBUG] 16:17:13.718 [AiEngine] Using JS Search
[DEBUG] 16:17:13.748 [AiEngine] Adaptive time: 3000ms, depth: 3, reason: tactical, emergency: false
[DEBUG] 16:17:13.748 [AiEngine] Using JS Search
[DEBUG] 16:17:13.780 [AiEngine] Adaptive time: 3000ms, depth: 3, reason: endgame, tactical, emergency: false
[DEBUG] 16:17:13.780 [AiEngine] Using JS Search
[DEBUG] 16:17:13.801 [AiEngine] Adaptive time: 3000ms, depth: 3, reason: endgame, tactical, emergency: false
[DEBUG] 16:17:13.801 [AiEngine] Using JS Search
[DEBUG] 16:17:13.812 [AiEngine] Adaptive time: 3000ms, depth: 3, reason: endgame, tactical, emergency: false
[DEBUG] 16:17:13.812 [AiEngine] Using JS Search
[DEBUG] 16:17:13.826 [AiEngine] Adaptive time: 3000ms, depth: 3, reason: endgame, tactical, emergency: false
[DEBUG] 16:17:13.826 [AiEngine] Using JS Search
[DEBUG] 16:17:13.860 [AiEngine] Adaptive time: 3000ms, depth: 3, reason: endgame, tactical, emergency: false
[DEBUG] 16:17:13.860 [AiEngine] Using JS Search
[DEBUG] 16:17:13.877 [AiEngine] Adaptive time: 3000ms, depth: 3, reason: endgame, tactical, emergency: false
[DEBUG] 16:17:13.877 [AiEngine] Using JS Search
[DEBUG] 16:17:13.886 [AiEngine] Adaptive time: 3000ms, depth: 3, reason: endgame, in-check, emergency: false
[DEBUG] 16:17:13.886 [AiEngine] Using JS Search
[DEBUG] 16:17:13.891 [AiEngine] Adaptive time: 3000ms, depth: 3, reason: endgame, tactical, emergency: false
[DEBUG] 16:17:13.891 [AiEngine] Using JS Search
[DEBUG] 16:17:13.902 [AiEngine] Adaptive time: 3000ms, depth: 3, reason: endgame, tactical, emergency: false
[DEBUG] 16:17:13.902 [AiEngine] Using JS Search
[DEBUG] 16:17:13.922 [AiEngine] Adaptive time: 3000ms, depth: 3, reason: endgame, in-check, emergency: false
[DEBUG] 16:17:13.922 [AiEngine] Using JS Search
[DEBUG] 16:17:13.926 [AiEngine] Adaptive time: 3000ms, depth: 3, reason: endgame, emergency: false
[DEBUG] 16:17:13.926 [AiEngine] Using JS Search
[DEBUG] 16:17:13.941 [AiEngine] Adaptive time: 3000ms, depth: 3, reason: endgame, in-check, emergency: false
[DEBUG] 16:17:13.941 [AiEngine] Using JS Search
[DEBUG] 16:17:13.950 [AiEngine] Adaptive time: 3000ms, depth: 3, reason: endgame, tactical, emergency: false
[DEBUG] 16:17:13.950 [AiEngine] Using JS Search
[DEBUG] 16:17:13.968 [AiEngine] Adaptive time: 3000ms, depth: 3, reason: endgame, tactical, emergency: false
[DEBUG] 16:17:13.968 [AiEngine] Using JS Search
[DEBUG] 16:17:13.994 [AiEngine] Adaptive time: 3000ms, depth: 3, reason: endgame, tactical, emergency: false
[DEBUG] 16:17:13.994 [AiEngine] Using JS Search
[DEBUG] 16:17:14.015 [AiEngine] Adaptive time: 3000ms, depth: 3, reason: endgame, tactical, emergency: false
[DEBUG] 16:17:14.015 [AiEngine] Using JS Search
[DEBUG] 16:17:14.036 [AiEngine] Adaptive time: 3000ms, depth: 3, reason: endgame, tactical, emergency: false
[DEBUG] 16:17:14.036 [AiEngine] Using JS Search
[DEBUG] 16:17:14.059 [AiEngine] Adaptive time: 3000ms, depth: 3, reason: endgame, tactical, emergency: false
[DEBUG] 16:17:14.059 [AiEngine] Using JS Search
[DEBUG] 16:17:14.070 [AiEngine] Adaptive time: 3000ms, depth: 3, reason: endgame, tactical, emergency: false
[DEBUG] 16:17:14.070 [AiEngine] Using JS Search
[DEBUG] 16:17:14.083 [AiEngine] Adaptive time: 3000ms, depth: 3, reason: endgame, tactical, emergency: false
[DEBUG] 16:17:14.083 [AiEngine] Using JS Search
[DEBUG] 16:17:14.093 [AiEngine] Adaptive time: 3000ms, depth: 3, reason: endgame, tactical, emergency: false
[DEBUG] 16:17:14.093 [AiEngine] Using JS Search
[DEBUG] 16:17:14.109 [AiEngine] Adaptive time: 3000ms, depth: 3, reason: endgame, tactical, emergency: false
[DEBUG] 16:17:14.109 [AiEngine] Using JS Search
[DEBUG] 16:17:14.122 [AiEngine] Adaptive time: 3000ms, depth: 3, reason: endgame, tactical, emergency: false
[DEBUG] 16:17:14.122 [AiEngine] Using JS Search
[DEBUG] 16:17:14.154 [AiEngine] Adaptive time: 3000ms, depth: 3, reason: endgame, emergency: false
[DEBUG] 16:17:14.154 [AiEngine] Using JS Search
[DEBUG] 16:17:14.160 [AiEngine] Adaptive time: 3000ms, depth: 3, reason: endgame, tactical, emergency: false
[DEBUG] 16:17:14.160 [AiEngine] Using JS Search
[DEBUG] 16:17:14.181 [AiEngine] Adaptive time: 3000ms, depth: 3, reason: endgame, emergency: false
[DEBUG] 16:17:14.181 [AiEngine] Using JS Search
[DEBUG] 16:17:14.184 [AiEngine] Adaptive time: 3000ms, depth: 3, reason: endgame, tactical, emergency: false
[DEBUG] 16:17:14.184 [AiEngine] Using JS Search
[DEBUG] 16:17:14.206 [AiEngine] Adaptive time: 3000ms, depth: 3, reason: endgame, emergency: false
[DEBUG] 16:17:14.206 [AiEngine] Using JS Search
[DEBUG] 16:17:14.211 [AiEngine] Adaptive time: 3000ms, depth: 3, reason: endgame, emergency: false
[DEBUG] 16:17:14.211 [AiEngine] Using JS Search
[DEBUG] 16:17:14.218 [AiEngine] Adaptive time: 3000ms, depth: 3, reason: endgame, emergency: false
[DEBUG] 16:17:14.218 [AiEngine] Using JS Search
[DEBUG] 16:17:14.225 [AiEngine] Adaptive time: 3000ms, depth: 3, reason: endgame, tactical, emergency: false
[DEBUG] 16:17:14.225 [AiEngine] Using JS Search
[DEBUG] 16:17:14.238 [AiEngine] Adaptive time: 3000ms, depth: 3, reason: endgame, emergency: false
[DEBUG] 16:17:14.238 [AiEngine] Using JS Search
[DEBUG] 16:17:14.245 [AiEngine] Adaptive time: 3000ms, depth: 3, reason: endgame, tactical, emergency: false
[DEBUG] 16:17:14.245 [AiEngine] Using JS Search
[DEBUG] 16:17:14.257 [AiEngine] Adaptive time: 3000ms, depth: 3, reason: endgame, emergency: false
[DEBUG] 16:17:14.257 [AiEngine] Using JS Search
[DEBUG] 16:17:14.264 [AiEngine] Adaptive time: 3000ms, depth: 3, reason: endgame, tactical, emergency: false
[DEBUG] 16:17:14.264 [AiEngine] Using JS Search
[DEBUG] 16:17:14.273 [AiEngine] Adaptive time: 3000ms, depth: 3, reason: endgame, emergency: false
[DEBUG] 16:17:14.274 [AiEngine] Using JS Search
[DEBUG] 16:17:14.276 [AiEngine] Adaptive time: 3000ms, depth: 3, reason: endgame, tactical, emergency: false
[DEBUG] 16:17:14.276 [AiEngine] Using JS Search
[DEBUG] 16:17:14.301 [AiEngine] Adaptive time: 3000ms, depth: 3, reason: endgame, emergency: false
[DEBUG] 16:17:14.301 [AiEngine] Using JS Search
[DEBUG] 16:17:14.308 [AiEngine] Adaptive time: 3000ms, depth: 3, reason: endgame, tactical, emergency: false
[DEBUG] 16:17:14.308 [AiEngine] Using JS Search
[DEBUG] 16:17:14.315 [AiEngine] Adaptive time: 3000ms, depth: 3, reason: endgame, in-check, emergency: false
[DEBUG] 16:17:14.315 [AiEngine] Using JS Search
[DEBUG] 16:17:14.321 [AiEngine] Adaptive time: 3000ms, depth: 3, reason: endgame, tactical, emergency: false
[DEBUG] 16:17:14.322 [AiEngine] Using JS Search
[DEBUG] 16:17:14.329 [AiEngine] Adaptive time: 500ms, depth: 3, reason: midgame, opening, emergency: false
[DEBUG] 16:17:14.329 [AiEngine] Using JS Search
[DEBUG] 16:17:14.372 [AiEngine] Adaptive time: 500ms, depth: 3, reason: midgame, opening, emergency: false
[DEBUG] 16:17:14.372 [AiEngine] Using JS Search
[DEBUG] 16:17:14.423 [AiEngine] Adaptive time: 500ms, depth: 3, reason: midgame, opening, emergency: false
[DEBUG] 16:17:14.424 [AiEngine] Using JS Search
[DEBUG] 16:17:14.549 [AiEngine] Adaptive time: 500ms, depth: 3, reason: midgame, opening, tactical, emergency: false
[DEBUG] 16:17:14.549 [AiEngine] Using JS Search
[DEBUG] 16:17:14.621 [AiEngine] Adaptive time: 500ms, depth: 3, reason: midgame, opening, emergency: false
[DEBUG] 16:17:14.621 [AiEngine] Using JS Search
[DEBUG] 16:17:14.659 [AiEngine] Adaptive time: 500ms, depth: 3, reason: midgame, opening, tactical, emergency: false
[DEBUG] 16:17:14.659 [AiEngine] Using JS Search
[DEBUG] 16:17:14.732 [AiEngine] Adaptive time: 500ms, depth: 3, reason: midgame, opening, in-check, tactical, emergency: false
[DEBUG] 16:17:14.732 [AiEngine] Using JS Search
[DEBUG] 16:17:14.841 [AiEngine] Adaptive time: 500ms, depth: 3, reason: midgame, opening, emergency: false
[DEBUG] 16:17:14.841 [AiEngine] Using JS Search
[DEBUG] 16:17:14.890 [AiEngine] Adaptive time: 500ms, depth: 3, reason: midgame, opening, tactical, emergency: false
[DEBUG] 16:17:14.891 [AiEngine] Using JS Search
[DEBUG] 16:17:14.949 [AiEngine] Adaptive time: 500ms, depth: 3, reason: midgame, opening, emergency: false
[DEBUG] 16:17:14.949 [AiEngine] Using JS Search
[DEBUG] 16:17:15.015 [AiEngine] Adaptive time: 500ms, depth: 3, reason: midgame, opening, tactical, emergency: false
[DEBUG] 16:17:15.015 [AiEngine] Using JS Search
[DEBUG] 16:17:15.051 [AiEngine] Adaptive time: 500ms, depth: 3, reason: midgame, opening, tactical, emergency: false
[DEBUG] 16:17:15.052 [AiEngine] Using JS Search
[DEBUG] 16:17:15.127 [AiEngine] Adaptive time: 500ms, depth: 3, reason: midgame, opening, tactical, emergency: false
[DEBUG] 16:17:15.127 [AiEngine] Using JS Search
[DEBUG] 16:17:15.159 [AiEngine] Adaptive time: 500ms, depth: 3, reason: midgame, opening, emergency: false
[DEBUG] 16:17:15.159 [AiEngine] Using JS Search
[DEBUG] 16:17:15.184 [AiEngine] Adaptive time: 500ms, depth: 3, reason: midgame, opening, tactical, emergency: false
[DEBUG] 16:17:15.184 [AiEngine] Using JS Search
[DEBUG] 16:17:15.220 [AiEngine] Adaptive time: 500ms, depth: 3, reason: midgame, opening, emergency: false
[DEBUG] 16:17:15.220 [AiEngine] Using JS Search
[DEBUG] 16:17:15.284 [AiEngine] Adaptive time: 500ms, depth: 3, reason: midgame, opening, tactical, emergency: false
[DEBUG] 16:17:15.284 [AiEngine] Using JS Search
[DEBUG] 16:17:15.319 [AiEngine] Adaptive time: 500ms, depth: 3, reason: midgame, opening, emergency: false
[DEBUG] 16:17:15.319 [AiEngine] Using JS Search
[DEBUG] 16:17:15.353 [AiEngine] Adaptive time: 500ms, depth: 3, reason: midgame, opening, emergency: false
[DEBUG] 16:17:15.353 [AiEngine] Using JS Search
[DEBUG] 16:17:15.533 [AiEngine] Adaptive time: 500ms, depth: 3, reason: midgame, opening, tactical, emergency: false
[DEBUG] 16:17:15.533 [AiEngine] Using JS Search
[DEBUG] 16:17:15.628 [AiEngine] Adaptive time: 500ms, depth: 3, reason: midgame, opening, emergency: false
[DEBUG] 16:17:15.628 [AiEngine] Using JS Search
[DEBUG] 16:17:15.721 [AiEngine] Adaptive time: 500ms, depth: 3, reason: midgame, opening, tactical, emergency: false
[DEBUG] 16:17:15.721 [AiEngine] Using JS Search
[DEBUG] 16:17:15.878 [AiEngine] Adaptive time: 500ms, depth: 3, reason: midgame, opening, emergency: false
[DEBUG] 16:17:15.878 [AiEngine] Using JS Search
[DEBUG] 16:17:16.016 [AiEngine] Adaptive time: 500ms, depth: 3, reason: midgame, opening, tactical, emergency: false
[DEBUG] 16:17:16.016 [AiEngine] Using JS Search
[DEBUG] 16:17:16.131 [AiEngine] Adaptive time: 500ms, depth: 3, reason: midgame, opening, emergency: false
[DEBUG] 16:17:16.131 [AiEngine] Using JS Search
[DEBUG] 16:17:16.159 [AiEngine] Adaptive time: 500ms, depth: 3, reason: midgame, opening, tactical, emergency: false
[DEBUG] 16:17:16.160 [AiEngine] Using JS Search
[DEBUG] 16:17:16.179 [AiEngine] Adaptive time: 500ms, depth: 3, reason: midgame, opening, tactical, emergency: false
[DEBUG] 16:17:16.179 [AiEngine] Using JS Search
[DEBUG] 16:17:16.238 [AiEngine] Adaptive time: 500ms, depth: 3, reason: midgame, opening, tactical, emergency: false
[DEBUG] 16:17:16.238 [AiEngine] Using JS Search
[DEBUG] 16:17:16.262 [AiEngine] Adaptive time: 500ms, depth: 3, reason: midgame, opening, tactical, emergency: false
[DEBUG] 16:17:16.262 [AiEngine] Using JS Search
[DEBUG] 16:17:16.309 [AiEngine] Adaptive time: 500ms, depth: 3, reason: midgame, opening, tactical, emergency: false
[DEBUG] 16:17:16.309 [AiEngine] Using JS Search
[DEBUG] 16:17:16.356 [AiEngine] Adaptive time: 500ms, depth: 3, reason: midgame, opening, tactical, emergency: false
[DEBUG] 16:17:16.356 [AiEngine] Using JS Search
[DEBUG] 16:17:16.388 [AiEngine] Adaptive time: 500ms, depth: 3, reason: midgame, opening, in-check, tactical, emergency: false
[DEBUG] 16:17:16.388 [AiEngine] Using JS Search
[DEBUG] 16:17:16.428 [AiEngine] Adaptive time: 500ms, depth: 3, reason: midgame, opening, emergency: false
[DEBUG] 16:17:16.428 [AiEngine] Using JS Search
[DEBUG] 16:17:16.485 [AiEngine] Adaptive time: 500ms, depth: 3, reason: midgame, opening, tactical, emergency: false
[DEBUG] 16:17:16.485 [AiEngine] Using JS Search
[DEBUG] 16:17:16.517 [AiEngine] Adaptive time: 500ms, depth: 3, reason: midgame, opening, emergency: false
[DEBUG] 16:17:16.517 [AiEngine] Using JS Search
[DEBUG] 16:17:16.582 [AiEngine] Adaptive time: 500ms, depth: 3, reason: midgame, opening, tactical, emergency: false
[DEBUG] 16:17:16.583 [AiEngine] Using JS Search
[DEBUG] 16:17:16.614 [AiEngine] Adaptive time: 500ms, depth: 3, reason: midgame, opening, emergency: false
[DEBUG] 16:17:16.614 [AiEngine] Using JS Search
[DEBUG] 16:17:16.659 [AiEngine] Adaptive time: 500ms, depth: 3, reason: midgame, opening, tactical, emergency: false
[DEBUG] 16:17:16.659 [AiEngine] Using JS Search
[DEBUG] 16:17:16.677 [AiEngine] Adaptive time: 500ms, depth: 3, reason: midgame, opening, emergency: false
[DEBUG] 16:17:16.677 [AiEngine] Using JS Search
[DEBUG] 16:17:16.735 [AiEngine] Adaptive time: 500ms, depth: 3, reason: midgame, opening, tactical, emergency: false
[DEBUG] 16:17:16.735 [AiEngine] Using JS Search
[DEBUG] 16:17:16.751 [AiEngine] Adaptive time: 3000ms, depth: 3, reason: midgame, tactical, emergency: false
[DEBUG] 16:17:16.751 [AiEngine] Using JS Search
[DEBUG] 16:17:16.822 [AiEngine] Adaptive time: 3000ms, depth: 3, reason: midgame, tactical, emergency: false
[DEBUG] 16:17:16.822 [AiEngine] Using JS Search
[DEBUG] 16:17:16.843 [AiEngine] Adaptive time: 3000ms, depth: 3, reason: midgame, in-check, emergency: false
[DEBUG] 16:17:16.843 [AiEngine] Using JS Search
[DEBUG] 16:17:16.880 [AiEngine] Adaptive time: 3000ms, depth: 3, reason: midgame, tactical, emergency: false
[DEBUG] 16:17:16.880 [AiEngine] Using JS Search
[DEBUG] 16:17:16.902 [AiEngine] Adaptive time: 3000ms, depth: 3, reason: midgame, emergency: false
[DEBUG] 16:17:16.902 [AiEngine] Using JS Search
[DEBUG] 16:17:16.967 [AiEngine] Adaptive time: 3000ms, depth: 3, reason: midgame, tactical, emergency: false
[DEBUG] 16:17:16.967 [AiEngine] Using JS Search
[DEBUG] 16:17:16.996 [AiEngine] Adaptive time: 3000ms, depth: 3, reason: midgame, tactical, emergency: false
[DEBUG] 16:17:16.996 [AiEngine] Using JS Search
[DEBUG] 16:17:17.085 [AiEngine] Adaptive time: 3000ms, depth: 3, reason: midgame, tactical, emergency: false
[DEBUG] 16:17:17.086 [AiEngine] Using JS Search
[DEBUG] 16:17:17.160 [AiEngine] Adaptive time: 3000ms, depth: 3, reason: midgame, tactical, emergency: false
[DEBUG] 16:17:17.161 [AiEngine] Using JS Search
[DEBUG] 16:17:17.274 [AiEngine] Adaptive time: 3000ms, depth: 3, reason: midgame, tactical, emergency: false
[DEBUG] 16:17:17.274 [AiEngine] Using JS Search
[DEBUG] 16:17:17.314 [AiEngine] Adaptive time: 3000ms, depth: 3, reason: midgame, in-check, emergency: false
[DEBUG] 16:17:17.314 [AiEngine] Using JS Search
[DEBUG] 16:17:17.327 [AiEngine] Adaptive time: 3000ms, depth: 3, reason: midgame, tactical, emergency: false
[DEBUG] 16:17:17.327 [AiEngine] Using JS Search
[DEBUG] 16:17:17.361 [AiEngine] Adaptive time: 3000ms, depth: 3, reason: midgame, tactical, emergency: false
[DEBUG] 16:17:17.361 [AiEngine] Using JS Search
[DEBUG] 16:17:17.433 [AiEngine] Adaptive time: 3000ms, depth: 3, reason: midgame, tactical, emergency: false
[DEBUG] 16:17:17.433 [AiEngine] Using JS Search
[DEBUG] 16:17:17.474 [AiEngine] Adaptive time: 3000ms, depth: 3, reason: midgame, tactical, emergency: false
[DEBUG] 16:17:17.474 [AiEngine] Using JS Search
[DEBUG] 16:17:17.568 [AiEngine] Adaptive time: 3000ms, depth: 3, reason: midgame, tactical, emergency: false
[DEBUG] 16:17:17.568 [AiEngine] Using JS Search
[DEBUG] 16:17:17.608 [AiEngine] Adaptive time: 3000ms, depth: 3, reason: standard, emergency: false
[DEBUG] 16:17:17.608 [AiEngine] Using JS Search
[DEBUG] 16:17:17.638 [AiEngine] Adaptive time: 3000ms, depth: 3, reason: tactical, emergency: false
[DEBUG] 16:17:17.638 [AiEngine] Using JS Search
[DEBUG] 16:17:17.690 [AiEngine] Adaptive time: 3000ms, depth: 3, reason: standard, emergency: false
[DEBUG] 16:17:17.691 [AiEngine] Using JS Search
[DEBUG] 16:17:17.721 [AiEngine] Adaptive time: 3000ms, depth: 3, reason: tactical, emergency: false
[DEBUG] 16:17:17.722 [AiEngine] Using JS Search
[DEBUG] 16:17:17.739 [AiEngine] Adaptive time: 3000ms, depth: 3, reason: standard, emergency: false
[DEBUG] 16:17:17.739 [AiEngine] Using JS Search
[DEBUG] 16:17:17.755 [AiEngine] Adaptive time: 3000ms, depth: 3, reason: tactical, emergency: false
[DEBUG] 16:17:17.755 [AiEngine] Using JS Search
[DEBUG] 16:17:17.774 [AiEngine] Adaptive time: 3000ms, depth: 3, reason: in-check, emergency: false
[DEBUG] 16:17:17.774 [AiEngine] Using JS Search
[DEBUG] 16:17:17.779 [AiEngine] Adaptive time: 3000ms, depth: 3, reason: tactical, emergency: false
[DEBUG] 16:17:17.779 [AiEngine] Using JS Search
[DEBUG] 16:17:17.817 [AiEngine] Adaptive time: 3000ms, depth: 3, reason: standard, emergency: false
[DEBUG] 16:17:17.817 [AiEngine] Using JS Search
[DEBUG] 16:17:17.874 [AiEngine] Adaptive time: 3000ms, depth: 3, reason: tactical, emergency: false
[DEBUG] 16:17:17.874 [AiEngine] Using JS Search
[DEBUG] 16:17:17.904 [AiEngine] Adaptive time: 3000ms, depth: 3, reason: standard, emergency: false
[DEBUG] 16:17:17.904 [AiEngine] Using JS Search
[DEBUG] 16:17:17.929 [AiEngine] Adaptive time: 3000ms, depth: 3, reason: tactical, emergency: false
[DEBUG] 16:17:17.929 [AiEngine] Using JS Search
[DEBUG] 16:17:17.977 [AiEngine] Adaptive time: 3000ms, depth: 3, reason: standard, emergency: false
[DEBUG] 16:17:17.977 [AiEngine] Using JS Search
[DEBUG] 16:17:17.994 [AiEngine] Adaptive time: 3000ms, depth: 3, reason: tactical, emergency: false
[DEBUG] 16:17:17.994 [AiEngine] Using JS Search
[DEBUG] 16:17:18.014 [AiEngine] Adaptive time: 3000ms, depth: 3, reason: standard, emergency: false
[DEBUG] 16:17:18.014 [AiEngine] Using JS Search
[DEBUG] 16:17:18.034 [AiEngine] Adaptive time: 3000ms, depth: 3, reason: tactical, emergency: false
[DEBUG] 16:17:18.035 [AiEngine] Using JS Search
[DEBUG] 16:17:18.048 [AiEngine] Adaptive time: 3000ms, depth: 3, reason: standard, emergency: false
[DEBUG] 16:17:18.048 [AiEngine] Using JS Search
[DEBUG] 16:17:18.078 [AiEngine] Adaptive time: 3000ms, depth: 3, reason: tactical, emergency: false
[DEBUG] 16:17:18.078 [AiEngine] Using JS Search
[DEBUG] 16:17:18.094 [AiEngine] Adaptive time: 3000ms, depth: 3, reason: in-check, emergency: false
[DEBUG] 16:17:18.094 [AiEngine] Using JS Search
[DEBUG] 16:17:18.131 [AiEngine] Adaptive time: 3000ms, depth: 3, reason: tactical, emergency: false
[DEBUG] 16:17:18.131 [AiEngine] Using JS Search
[DEBUG] 16:17:18.144 [AiEngine] Adaptive time: 3000ms, depth: 3, reason: in-check, emergency: false
[DEBUG] 16:17:18.144 [AiEngine] Using JS Search
[DEBUG] 16:17:18.151 [AiEngine] Adaptive time: 3000ms, depth: 3, reason: tactical, emergency: false
[DEBUG] 16:17:18.151 [AiEngine] Using JS Search
[DEBUG] 16:17:18.166 [AiEngine] Adaptive time: 3000ms, depth: 3, reason: standard, emergency: false
[DEBUG] 16:17:18.166 [AiEngine] Using JS Search
[DEBUG] 16:17:18.189 [AiEngine] Adaptive time: 3000ms, depth: 3, reason: tactical, emergency: false
[DEBUG] 16:17:18.190 [AiEngine] Using JS Search
[DEBUG] 16:17:18.205 [AiEngine] Adaptive time: 3000ms, depth: 3, reason: standard, emergency: false
[DEBUG] 16:17:18.205 [AiEngine] Using JS Search
[DEBUG] 16:17:18.230 [AiEngine] Adaptive time: 3000ms, depth: 3, reason: endgame, tactical, emergency: false
[DEBUG] 16:17:18.230 [AiEngine] Using JS Search
[DEBUG] 16:17:18.245 [AiEngine] Adaptive time: 3000ms, depth: 3, reason: endgame, emergency: false
[DEBUG] 16:17:18.245 [AiEngine] Using JS Search
[DEBUG] 16:17:18.276 [AiEngine] Adaptive time: 3000ms, depth: 3, reason: endgame, tactical, emergency: false
[DEBUG] 16:17:18.276 [AiEngine] Using JS Search
[DEBUG] 16:17:18.289 [AiEngine] Adaptive time: 3000ms, depth: 3, reason: endgame, in-check, emergency: false
[DEBUG] 16:17:18.290 [AiEngine] Using JS Search
[DEBUG] 16:17:18.297 [AiEngine] Adaptive time: 3000ms, depth: 3, reason: endgame, tactical, emergency: false
[DEBUG] 16:17:18.297 [AiEngine] Using JS Search
[DEBUG] 16:17:18.309 [AiEngine] Adaptive time: 3000ms, depth: 3, reason: endgame, emergency: false
[DEBUG] 16:17:18.309 [AiEngine] Using JS Search
[DEBUG] 16:17:18.331 [AiEngine] Adaptive time: 3000ms, depth: 3, reason: endgame, tactical, emergency: false
[DEBUG] 16:17:18.331 [AiEngine] Using JS Search
[DEBUG] 16:17:18.342 [AiEngine] Adaptive time: 3000ms, depth: 3, reason: endgame, emergency: false
[DEBUG] 16:17:18.342 [AiEngine] Using JS Search
[DEBUG] 16:17:18.359 [AiEngine] Adaptive time: 3000ms, depth: 3, reason: endgame, tactical, emergency: false
[DEBUG] 16:17:18.359 [AiEngine] Using JS Search
[DEBUG] 16:17:18.369 [AiEngine] Adaptive time: 3000ms, depth: 3, reason: endgame, tactical, emergency: false
[DEBUG] 16:17:18.369 [AiEngine] Using JS Search
[DEBUG] 16:17:18.381 [AiEngine] Adaptive time: 3000ms, depth: 3, reason: endgame, tactical, emergency: false
[DEBUG] 16:17:18.381 [AiEngine] Using JS Search
[DEBUG] 16:17:18.390 [AiEngine] Adaptive time: 3000ms, depth: 3, reason: endgame, in-check, emergency: false
[DEBUG] 16:17:18.391 [AiEngine] Using JS Search
[DEBUG] 16:17:18.397 [AiEngine] Adaptive time: 3000ms, depth: 3, reason: endgame, tactical, emergency: false
[DEBUG] 16:17:18.397 [AiEngine] Using JS Search
[DEBUG] 16:17:18.410 [AiEngine] Adaptive time: 3000ms, depth: 3, reason: endgame, in-check, emergency: false
[DEBUG] 16:17:18.410 [AiEngine] Using JS Search
[DEBUG] 16:17:18.428 [AiEngine] Adaptive time: 3000ms, depth: 3, reason: endgame, tactical, emergency: false
[DEBUG] 16:17:18.428 [AiEngine] Using JS Search
[DEBUG] 16:17:18.445 [AiEngine] Adaptive time: 3000ms, depth: 3, reason: endgame, in-check, emergency: false
[DEBUG] 16:17:18.446 [AiEngine] Using JS Search
[DEBUG] 16:17:18.453 [AiEngine] Adaptive time: 3000ms, depth: 3, reason: endgame, tactical, emergency: false
[DEBUG] 16:17:18.453 [AiEngine] Using JS Search
[DEBUG] 16:17:18.464 [AiEngine] Adaptive time: 3000ms, depth: 3, reason: endgame, emergency: false
[DEBUG] 16:17:18.464 [AiEngine] Using JS Search
[DEBUG] 16:17:18.492 [AiEngine] Adaptive time: 3000ms, depth: 3, reason: endgame, tactical, emergency: false
[DEBUG] 16:17:18.492 [AiEngine] Using JS Search
[DEBUG] 16:17:18.504 [AiEngine] Adaptive time: 500ms, depth: 3, reason: midgame, opening, emergency: false
[DEBUG] 16:17:18.504 [AiEngine] Using JS Search
[DEBUG] 16:17:18.538 [AiEngine] Adaptive time: 500ms, depth: 3, reason: midgame, opening, emergency: false
[DEBUG] 16:17:18.538 [AiEngine] Using JS Search
[DEBUG] 16:17:18.609 [AiEngine] Adaptive time: 500ms, depth: 3, reason: midgame, opening, tactical, emergency: false
[DEBUG] 16:17:18.609 [AiEngine] Using JS Search
[DEBUG] 16:17:18.733 [AiEngine] Adaptive time: 500ms, depth: 3, reason: midgame, opening, emergency: false
[DEBUG] 16:17:18.733 [AiEngine] Using JS Search
[DEBUG] 16:17:18.802 [AiEngine] Adaptive time: 500ms, depth: 3, reason: midgame, opening, tactical, emergency: false
[DEBUG] 16:17:18.802 [AiEngine] Using JS Search
[DEBUG] 16:17:18.884 [AiEngine] Adaptive time: 500ms, depth: 3, reason: midgame, opening, emergency: false
[DEBUG] 16:17:18.884 [AiEngine] Using JS Search
[DEBUG] 16:17:18.916 [AiEngine] Adaptive time: 500ms, depth: 3, reason: midgame, opening, tactical, emergency: false
[DEBUG] 16:17:18.917 [AiEngine] Using JS Search
[DEBUG] 16:17:19.005 [AiEngine] Adaptive time: 500ms, depth: 3, reason: midgame, opening, emergency: false
[DEBUG] 16:17:19.005 [AiEngine] Using JS Search
[DEBUG] 16:17:19.049 [AiEngine] Adaptive time: 500ms, depth: 3, reason: midgame, opening, emergency: false
[DEBUG] 16:17:19.049 [AiEngine] Using JS Search
[DEBUG] 16:17:19.101 [AiEngine] Adaptive time: 500ms, depth: 3, reason: midgame, opening, tactical, emergency: false
[DEBUG] 16:17:19.101 [AiEngine] Using JS Search
[DEBUG] 16:17:19.138 [AiEngine] Adaptive time: 500ms, depth: 3, reason: midgame, opening, tactical, emergency: false
[DEBUG] 16:17:19.138 [AiEngine] Using JS Search
[DEBUG] 16:17:19.184 [AiEngine] Adaptive time: 500ms, depth: 3, reason: midgame, opening, tactical, emergency: false
[DEBUG] 16:17:19.184 [AiEngine] Using JS Search
[DEBUG] 16:17:19.275 [AiEngine] Adaptive time: 500ms, depth: 3, reason: midgame, opening, tactical, emergency: false
[DEBUG] 16:17:19.275 [AiEngine] Using JS Search
[DEBUG] 16:17:19.410 [AiEngine] Adaptive time: 500ms, depth: 3, reason: midgame, opening, tactical, emergency: false
[DEBUG] 16:17:19.411 [AiEngine] Using JS Search
[DEBUG] 16:17:19.565 [AiEngine] Adaptive time: 500ms, depth: 3, reason: midgame, opening, tactical, emergency: false
[DEBUG] 16:17:19.565 [AiEngine] Using JS Search
[DEBUG] 16:17:20.077 [AiEngine] Adaptive time: 500ms, depth: 3, reason: midgame, opening, in-check, emergency: false
[DEBUG] 16:17:20.077 [AiEngine] Using JS Search
[DEBUG] 16:17:20.195 [AiEngine] Adaptive time: 500ms, depth: 3, reason: midgame, opening, emergency: false
[DEBUG] 16:17:20.195 [AiEngine] Using JS Search
[DEBUG] 16:17:20.867 [AiEngine] Adaptive time: 500ms, depth: 3, reason: midgame, opening, tactical, emergency: false
[DEBUG] 16:17:20.867 [AiEngine] Using JS Search
[DEBUG] 16:17:21.241 [AiEngine] Adaptive time: 500ms, depth: 3, reason: midgame, opening, emergency: false
[DEBUG] 16:17:21.241 [AiEngine] Using JS Search
[DEBUG] 16:17:21.314 [AiEngine] Adaptive time: 500ms, depth: 3, reason: midgame, opening, tactical, emergency: false
[DEBUG] 16:17:21.314 [AiEngine] Using JS Search
[DEBUG] 16:17:21.574 [AiEngine] Adaptive time: 500ms, depth: 3, reason: midgame, opening, emergency: false
[DEBUG] 16:17:21.574 [AiEngine] Using JS Search
[DEBUG] 16:17:21.620 [AiEngine] Adaptive time: 500ms, depth: 3, reason: midgame, opening, tactical, emergency: false
[DEBUG] 16:17:21.620 [AiEngine] Using JS Search
[DEBUG] 16:17:21.652 [AiEngine] Adaptive time: 500ms, depth: 3, reason: midgame, opening, emergency: false
[DEBUG] 16:17:21.652 [AiEngine] Using JS Search
[DEBUG] 16:17:21.776 [AiEngine] Adaptive time: 500ms, depth: 3, reason: midgame, opening, tactical, emergency: false
[DEBUG] 16:17:21.776 [AiEngine] Using JS Search
[DEBUG] 16:17:21.799 [AiEngine] Adaptive time: 500ms, depth: 3, reason: midgame, opening, tactical, emergency: false
[DEBUG] 16:17:21.799 [AiEngine] Using JS Search
[DEBUG] 16:17:21.924 [AiEngine] Adaptive time: 500ms, depth: 3, reason: midgame, opening, tactical, emergency: false
[DEBUG] 16:17:21.924 [AiEngine] Using JS Search
[DEBUG] 16:17:21.947 [AiEngine] Adaptive time: 500ms, depth: 3, reason: midgame, opening, tactical, emergency: false
[DEBUG] 16:17:21.947 [AiEngine] Using JS Search
[DEBUG] 16:17:22.025 [AiEngine] Adaptive time: 500ms, depth: 3, reason: midgame, opening, in-check, emergency: false
[DEBUG] 16:17:22.025 [AiEngine] Using JS Search
[DEBUG] 16:17:22.038 [AiEngine] Adaptive time: 500ms, depth: 3, reason: midgame, opening, tactical, emergency: false
[DEBUG] 16:17:22.038 [AiEngine] Using JS Search
[DEBUG] 16:17:22.086 [AiEngine] Adaptive time: 500ms, depth: 3, reason: midgame, opening, tactical, emergency: false
[DEBUG] 16:17:22.086 [AiEngine] Using JS Search
[DEBUG] 16:17:22.141 [AiEngine] Adaptive time: 500ms, depth: 3, reason: midgame, opening, tactical, emergency: false
[DEBUG] 16:17:22.141 [AiEngine] Using JS Search
[DEBUG] 16:17:22.185 [AiEngine] Adaptive time: 500ms, depth: 3, reason: midgame, opening, tactical, emergency: false
[DEBUG] 16:17:22.185 [AiEngine] Using JS Search
[DEBUG] 16:17:22.244 [AiEngine] Adaptive time: 500ms, depth: 3, reason: midgame, opening, tactical, emergency: false
[DEBUG] 16:17:22.245 [AiEngine] Using JS Search
[DEBUG] 16:17:22.302 [AiEngine] Adaptive time: 500ms, depth: 3, reason: midgame, opening, tactical, emergency: false
[DEBUG] 16:17:22.302 [AiEngine] Using JS Search
[DEBUG] 16:17:22.315 [AiEngine] Adaptive time: 500ms, depth: 3, reason: midgame, opening, tactical, emergency: false
[DEBUG] 16:17:22.315 [AiEngine] Using JS Search
[DEBUG] 16:17:22.354 [AiEngine] Adaptive time: 500ms, depth: 3, reason: midgame, opening, tactical, emergency: false
[DEBUG] 16:17:22.355 [AiEngine] Using JS Search
[DEBUG] 16:17:22.392 [AiEngine] Adaptive time: 500ms, depth: 3, reason: midgame, opening, tactical, emergency: false
[DEBUG] 16:17:22.392 [AiEngine] Using JS Search
[DEBUG] 16:17:22.439 [AiEngine] Adaptive time: 500ms, depth: 3, reason: midgame, opening, in-check, emergency: false
[DEBUG] 16:17:22.439 [AiEngine] Using JS Search
[DEBUG] 16:17:22.452 [AiEngine] Adaptive time: 500ms, depth: 3, reason: midgame, opening, tactical, emergency: false
[DEBUG] 16:17:22.452 [AiEngine] Using JS Search
[DEBUG] 16:17:22.491 [AiEngine] Adaptive time: 500ms, depth: 3, reason: midgame, opening, tactical, emergency: false
[DEBUG] 16:17:22.491 [AiEngine] Using JS Search
[DEBUG] 16:17:22.516 [AiEngine] Adaptive time: 3000ms, depth: 3, reason: midgame, tactical, emergency: false
[DEBUG] 16:17:22.516 [AiEngine] Using JS Search
[DEBUG] 16:17:22.549 [AiEngine] Adaptive time: 3000ms, depth: 3, reason: tactical, emergency: false
[DEBUG] 16:17:22.549 [AiEngine] Using JS Search
[DEBUG] 16:17:22.591 [AiEngine] Adaptive time: 3000ms, depth: 3, reason: tactical, emergency: false
[DEBUG] 16:17:22.591 [AiEngine] Using JS Search
[DEBUG] 16:17:22.615 [AiEngine] Adaptive time: 3000ms, depth: 3, reason: in-check, emergency: false
[DEBUG] 16:17:22.615 [AiEngine] Using JS Search
[DEBUG] 16:17:22.629 [AiEngine] Adaptive time: 3000ms, depth: 3, reason: tactical, emergency: false
[DEBUG] 16:17:22.629 [AiEngine] Using JS Search
[DEBUG] 16:17:22.659 [AiEngine] Adaptive time: 3000ms, depth: 3, reason: tactical, emergency: false
[DEBUG] 16:17:22.659 [AiEngine] Using JS Search
[DEBUG] 16:17:22.756 [AiEngine] Adaptive time: 3000ms, depth: 3, reason: tactical, emergency: false
[DEBUG] 16:17:22.756 [AiEngine] Using JS Search
[DEBUG] 16:17:22.797 [AiEngine] Adaptive time: 3000ms, depth: 3, reason: in-check, emergency: false
[DEBUG] 16:17:22.797 [AiEngine] Using JS Search
[DEBUG] 16:17:22.820 [AiEngine] Adaptive time: 3000ms, depth: 3, reason: tactical, emergency: false
[DEBUG] 16:17:22.820 [AiEngine] Using JS Search
[DEBUG] 16:17:22.838 [AiEngine] Adaptive time: 3000ms, depth: 3, reason: endgame, in-check, emergency: false
[DEBUG] 16:17:22.838 [AiEngine] Using JS Search
[DEBUG] 16:17:22.849 [AiEngine] Adaptive time: 3000ms, depth: 3, reason: endgame, tactical, emergency: false
[DEBUG] 16:17:22.849 [AiEngine] Using JS Search
[DEBUG] 16:17:22.883 [AiEngine] Adaptive time: 3000ms, depth: 3, reason: endgame, tactical, emergency: false
[DEBUG] 16:17:22.883 [AiEngine] Using JS Search
[DEBUG] 16:17:22.935 [AiEngine] Adaptive time: 3000ms, depth: 3, reason: endgame, tactical, emergency: false
[DEBUG] 16:17:22.935 [AiEngine] Using JS Search
[DEBUG] 16:17:22.949 [AiEngine] Adaptive time: 3000ms, depth: 3, reason: endgame, tactical, emergency: false
[DEBUG] 16:17:22.949 [AiEngine] Using JS Search
[DEBUG] 16:17:22.992 [AiEngine] Adaptive time: 3000ms, depth: 3, reason: endgame, in-check, emergency: false
[DEBUG] 16:17:22.992 [AiEngine] Using JS Search
[DEBUG] 16:17:23.001 [AiEngine] Adaptive time: 3000ms, depth: 3, reason: endgame, tactical, emergency: false
[DEBUG] 16:17:23.001 [AiEngine] Using JS Search
[DEBUG] 16:17:23.170 [AiEngine] Adaptive time: 3000ms, depth: 3, reason: endgame, tactical, emergency: false
[DEBUG] 16:17:23.170 [AiEngine] Using JS Search
[DEBUG] 16:17:23.235 [AiEngine] Adaptive time: 3000ms, depth: 3, reason: endgame, tactical, emergency: false
[DEBUG] 16:17:23.235 [AiEngine] Using JS Search
[DEBUG] 16:17:23.276 [AiEngine] Adaptive time: 3000ms, depth: 3, reason: endgame, tactical, emergency: false
[DEBUG] 16:17:23.276 [AiEngine] Using JS Search
[DEBUG] 16:17:23.314 [AiEngine] Adaptive time: 3000ms, depth: 3, reason: endgame, tactical, emergency: false
[DEBUG] 16:17:23.314 [AiEngine] Using JS Search
[DEBUG] 16:17:23.355 [AiEngine] Adaptive time: 3000ms, depth: 3, reason: endgame, tactical, emergency: false
[DEBUG] 16:17:23.355 [AiEngine] Using JS Search
[DEBUG] 16:17:23.387 [AiEngine] Adaptive time: 3000ms, depth: 3, reason: endgame, tactical, emergency: false
[DEBUG] 16:17:23.388 [AiEngine] Using JS Search
[DEBUG] 16:17:23.415 [AiEngine] Adaptive time: 3000ms, depth: 3, reason: endgame, in-check, emergency: false
[DEBUG] 16:17:23.415 [AiEngine] Using JS Search
[DEBUG] 16:17:23.421 [AiEngine] Adaptive time: 3000ms, depth: 3, reason: endgame, tactical, emergency: false
[DEBUG] 16:17:23.421 [AiEngine] Using JS Search
[DEBUG] 16:17:23.462 [AiEngine] Adaptive time: 3000ms, depth: 3, reason: endgame, emergency: false
[DEBUG] 16:17:23.463 [AiEngine] Using JS Search
[DEBUG] 16:17:23.496 [AiEngine] Adaptive time: 3000ms, depth: 3, reason: endgame, tactical, emergency: false
[DEBUG] 16:17:23.496 [AiEngine] Using JS Search
[DEBUG] 16:17:23.521 [AiEngine] Adaptive time: 3000ms, depth: 3, reason: endgame, tactical, emergency: false
[DEBUG] 16:17:23.521 [AiEngine] Using JS Search
[DEBUG] 16:17:23.541 [AiEngine] Adaptive time: 3000ms, depth: 3, reason: endgame, tactical, emergency: false
[DEBUG] 16:17:23.541 [AiEngine] Using JS Search
[DEBUG] 16:17:23.564 [AiEngine] Adaptive time: 3000ms, depth: 3, reason: endgame, tactical, emergency: false
[DEBUG] 16:17:23.564 [AiEngine] Using JS Search
[DEBUG] 16:17:23.584 [AiEngine] Adaptive time: 3000ms, depth: 3, reason: endgame, tactical, emergency: false
[DEBUG] 16:17:23.585 [AiEngine] Using JS Search
[DEBUG] 16:17:23.600 [AiEngine] Adaptive time: 3000ms, depth: 3, reason: endgame, tactical, emergency: false
[DEBUG] 16:17:23.600 [AiEngine] Using JS Search
[DEBUG] 16:17:23.630 [AiEngine] Adaptive time: 3000ms, depth: 3, reason: endgame, tactical, emergency: false
[DEBUG] 16:17:23.630 [AiEngine] Using JS Search
[DEBUG] 16:17:23.647 [AiEngine] Adaptive time: 3000ms, depth: 3, reason: endgame, tactical, emergency: false
[DEBUG] 16:17:23.647 [AiEngine] Using JS Search
[DEBUG] 16:17:23.681 [AiEngine] Adaptive time: 3000ms, depth: 3, reason: endgame, tactical, emergency: false
[DEBUG] 16:17:23.681 [AiEngine] Using JS Search
[DEBUG] 16:17:23.694 [AiEngine] Adaptive time: 3000ms, depth: 3, reason: endgame, in-check, emergency: false
[DEBUG] 16:17:23.694 [AiEngine] Using JS Search
[DEBUG] 16:17:23.700 [AiEngine] Adaptive time: 3000ms, depth: 3, reason: endgame, emergency: false
[DEBUG] 16:17:23.700 [AiEngine] Using JS Search
[DEBUG] 16:17:23.713 [AiEngine] Adaptive time: 3000ms, depth: 3, reason: endgame, emergency: false
[DEBUG] 16:17:23.713 [AiEngine] Using JS Search
[DEBUG] 16:17:23.720 [AiEngine] Adaptive time: 3000ms, depth: 3, reason: endgame, emergency: false
[DEBUG] 16:17:23.720 [AiEngine] Using JS Search
[DEBUG] 16:17:23.737 [AiEngine] Adaptive time: 3000ms, depth: 3, reason: endgame, emergency: false
[DEBUG] 16:17:23.737 [AiEngine] Using JS Search
[DEBUG] 16:17:23.763 [AiEngine] Adaptive time: 3000ms, depth: 3, reason: endgame, tactical, emergency: false
[DEBUG] 16:17:23.764 [AiEngine] Using JS Search
[DEBUG] 16:17:23.781 [AiEngine] Adaptive time: 3000ms, depth: 3, reason: endgame, emergency: false
[DEBUG] 16:17:23.781 [AiEngine] Using JS Search
[DEBUG] 16:17:23.792 [AiEngine] Adaptive time: 3000ms, depth: 3, reason: endgame, tactical, emergency: false
[DEBUG] 16:17:23.792 [AiEngine] Using JS Search
[DEBUG] 16:17:23.805 [AiEngine] Adaptive time: 3000ms, depth: 3, reason: endgame, emergency: false
[DEBUG] 16:17:23.805 [AiEngine] Using JS Search
[DEBUG] 16:17:23.821 [AiEngine] Adaptive time: 3000ms, depth: 3, reason: endgame, emergency: false
[DEBUG] 16:17:23.821 [AiEngine] Using JS Search
[DEBUG] 16:17:23.868 [AiEngine] Adaptive time: 3000ms, depth: 3, reason: endgame, emergency: false
[DEBUG] 16:17:23.869 [AiEngine] Using JS Search
[DEBUG] 16:17:23.885 [AiEngine] Adaptive time: 3000ms, depth: 3, reason: endgame, emergency: false
[DEBUG] 16:17:23.885 [AiEngine] Using JS Search
[DEBUG] 16:17:23.895 [AiEngine] Adaptive time: 3000ms, depth: 3, reason: endgame, emergency: false
[DEBUG] 16:17:23.895 [AiEngine] Using JS Search
[DEBUG] 16:17:23.900 [AiEngine] Adaptive time: 3000ms, depth: 3, reason: endgame, in-check, emergency: false
[DEBUG] 16:17:23.900 [AiEngine] Using JS Search
[DEBUG] 16:17:23.903 [AiEngine] Adaptive time: 3000ms, depth: 3, reason: endgame, tactical, emergency: false
[DEBUG] 16:17:23.903 [AiEngine] Using JS Search
[DEBUG] 16:17:23.910 [AiEngine] Adaptive time: 3000ms, depth: 3, reason: endgame, in-check, emergency: false
[DEBUG] 16:17:23.910 [AiEngine] Using JS Search
[DEBUG] 16:17:23.913 [AiEngine] Adaptive time: 3000ms, depth: 3, reason: endgame, tactical, emergency: false
[DEBUG] 16:17:23.913 [AiEngine] Using JS Search
[DEBUG] 16:17:23.922 [AiEngine] Adaptive time: 3000ms, depth: 3, reason: endgame, emergency: false
[DEBUG] 16:17:23.922 [AiEngine] Using JS Search
[DEBUG] 16:17:23.925 [AiEngine] Adaptive time: 3000ms, depth: 3, reason: endgame, tactical, emergency: false
[DEBUG] 16:17:23.926 [AiEngine] Using JS Search
[DEBUG] 16:17:23.931 [AiEngine] Adaptive time: 3000ms, depth: 3, reason: endgame, emergency: false
[DEBUG] 16:17:23.931 [AiEngine] Using JS Search
[DEBUG] 16:17:23.936 [AiEngine] Adaptive time: 3000ms, depth: 3, reason: endgame, tactical, emergency: false
[DEBUG] 16:17:23.936 [AiEngine] Using JS Search
[DEBUG] 16:17:23.942 [AiEngine] Adaptive time: 3000ms, depth: 3, reason: endgame, emergency: false
[DEBUG] 16:17:23.942 [AiEngine] Using JS Search
[DEBUG] 16:17:23.945 [AiEngine] Adaptive time: 3000ms, depth: 3, reason: endgame, emergency: false
[DEBUG] 16:17:23.945 [AiEngine] Using JS Search
[DEBUG] 16:17:23.951 [AiEngine] Adaptive time: 3000ms, depth: 3, reason: endgame, emergency: false
[DEBUG] 16:17:23.951 [AiEngine] Using JS Search
[DEBUG] 16:17:23.954 [AiEngine] Adaptive time: 3000ms, depth: 3, reason: endgame, emergency: false
[DEBUG] 16:17:23.954 [AiEngine] Using JS Search
[DEBUG] 16:17:23.959 [AiEngine] Adaptive time: 3000ms, depth: 3, reason: endgame, emergency: false
[DEBUG] 16:17:23.959 [AiEngine] Using JS Search
[DEBUG] 16:17:23.962 [AiEngine] Adaptive time: 500ms, depth: 3, reason: midgame, opening, emergency: false
[DEBUG] 16:17:23.962 [AiEngine] Using JS Search
[DEBUG] 16:17:23.997 [AiEngine] Adaptive time: 500ms, depth: 3, reason: midgame, opening, emergency: false
[DEBUG] 16:17:23.997 [AiEngine] Using JS Search
[DEBUG] 16:17:24.033 [AiEngine] Adaptive time: 500ms, depth: 3, reason: midgame, opening, emergency: false
[DEBUG] 16:17:24.033 [AiEngine] Using JS Search
[DEBUG] 16:17:24.098 [AiEngine] Adaptive time: 500ms, depth: 3, reason: midgame, opening, tactical, emergency: false
[DEBUG] 16:17:24.098 [AiEngine] Using JS Search
[DEBUG] 16:17:24.123 [AiEngine] Adaptive time: 500ms, depth: 3, reason: midgame, opening, emergency: false
[DEBUG] 16:17:24.123 [AiEngine] Using JS Search
[DEBUG] 16:17:24.143 [AiEngine] Adaptive time: 500ms, depth: 3, reason: midgame, opening, tactical, emergency: false
[DEBUG] 16:17:24.143 [AiEngine] Using JS Search
[DEBUG] 16:17:24.275 [AiEngine] Adaptive time: 500ms, depth: 3, reason: midgame, opening, in-check, tactical, emergency: false
[DEBUG] 16:17:24.275 [AiEngine] Using JS Search
[DEBUG] 16:17:24.320 [AiEngine] Adaptive time: 500ms, depth: 3, reason: midgame, opening, emergency: false
[DEBUG] 16:17:24.320 [AiEngine] Using JS Search
[DEBUG] 16:17:24.381 [AiEngine] Adaptive time: 500ms, depth: 3, reason: midgame, opening, emergency: false
[DEBUG] 16:17:24.381 [AiEngine] Using JS Search
[DEBUG] 16:17:24.455 [AiEngine] Adaptive time: 500ms, depth: 3, reason: midgame, opening, emergency: false
[DEBUG] 16:17:24.455 [AiEngine] Using JS Search
[DEBUG] 16:17:24.526 [AiEngine] Adaptive time: 500ms, depth: 3, reason: midgame, opening, emergency: false
[DEBUG] 16:17:24.526 [AiEngine] Using JS Search
[DEBUG] 16:17:24.563 [AiEngine] Adaptive time: 500ms, depth: 3, reason: midgame, opening, emergency: false
[DEBUG] 16:17:24.563 [AiEngine] Using JS Search
[DEBUG] 16:17:24.617 [AiEngine] Adaptive time: 500ms, depth: 3, reason: midgame, opening, tactical, emergency: false
[DEBUG] 16:17:24.617 [AiEngine] Using JS Search
[DEBUG] 16:17:24.734 [AiEngine] Adaptive time: 500ms, depth: 3, reason: midgame, opening, emergency: false
[DEBUG] 16:17:24.734 [AiEngine] Using JS Search
[DEBUG] 16:17:24.832 [AiEngine] Adaptive time: 500ms, depth: 3, reason: midgame, opening, in-check, emergency: false
[DEBUG] 16:17:24.832 [AiEngine] Using JS Search
[DEBUG] 16:17:24.895 [AiEngine] Adaptive time: 500ms, depth: 3, reason: midgame, opening, emergency: false
[DEBUG] 16:17:24.895 [AiEngine] Using JS Search
[DEBUG] 16:17:24.968 [AiEngine] Adaptive time: 500ms, depth: 3, reason: midgame, opening, tactical, emergency: false
[DEBUG] 16:17:24.968 [AiEngine] Using JS Search
[DEBUG] 16:17:25.022 [AiEngine] Adaptive time: 500ms, depth: 3, reason: midgame, opening, emergency: false
[DEBUG] 16:17:25.022 [AiEngine] Using JS Search
[DEBUG] 16:17:25.066 [AiEngine] Adaptive time: 500ms, depth: 3, reason: midgame, opening, tactical, emergency: false
[DEBUG] 16:17:25.066 [AiEngine] Using JS Search
[DEBUG] 16:17:25.088 [AiEngine] Adaptive time: 500ms, depth: 3, reason: midgame, opening, tactical, emergency: false
[DEBUG] 16:17:25.088 [AiEngine] Using JS Search
[DEBUG] 16:17:25.172 [AiEngine] Adaptive time: 500ms, depth: 3, reason: midgame, opening, in-check, emergency: false
[DEBUG] 16:17:25.172 [AiEngine] Using JS Search
[DEBUG] 16:17:25.185 [AiEngine] Adaptive time: 500ms, depth: 3, reason: midgame, opening, emergency: false
[DEBUG] 16:17:25.185 [AiEngine] Using JS Search
[DEBUG] 16:17:25.289 [AiEngine] Adaptive time: 500ms, depth: 3, reason: midgame, opening, tactical, emergency: false
[DEBUG] 16:17:25.289 [AiEngine] Using JS Search
[DEBUG] 16:17:25.422 [AiEngine] Adaptive time: 500ms, depth: 3, reason: midgame, opening, emergency: false
[DEBUG] 16:17:25.422 [AiEngine] Using JS Search
[DEBUG] 16:17:25.586 [AiEngine] Adaptive time: 500ms, depth: 3, reason: midgame, opening, tactical, emergency: false
[DEBUG] 16:17:25.587 [AiEngine] Using JS Search
[DEBUG] 16:17:25.716 [AiEngine] Adaptive time: 500ms, depth: 3, reason: midgame, opening, in-check, emergency: false
[DEBUG] 16:17:25.716 [AiEngine] Using JS Search
[DEBUG] 16:17:25.758 [AiEngine] Adaptive time: 500ms, depth: 3, reason: midgame, opening, tactical, emergency: false
[DEBUG] 16:17:25.759 [AiEngine] Using JS Search
[DEBUG] 16:17:25.936 [AiEngine] Adaptive time: 500ms, depth: 3, reason: midgame, opening, emergency: false
[DEBUG] 16:17:25.936 [AiEngine] Using JS Search
[DEBUG] 16:17:26.006 [AiEngine] Adaptive time: 500ms, depth: 3, reason: midgame, opening, tactical, emergency: false
[DEBUG] 16:17:26.006 [AiEngine] Using JS Search
[DEBUG] 16:17:26.076 [AiEngine] Adaptive time: 500ms, depth: 3, reason: midgame, opening, emergency: false
[DEBUG] 16:17:26.076 [AiEngine] Using JS Search
[DEBUG] 16:17:26.314 [AiEngine] Adaptive time: 500ms, depth: 3, reason: midgame, opening, tactical, emergency: false
[DEBUG] 16:17:26.314 [AiEngine] Using JS Search
[DEBUG] 16:17:26.651 [AiEngine] Adaptive time: 500ms, depth: 3, reason: midgame, opening, emergency: false
[DEBUG] 16:17:26.651 [AiEngine] Using JS Search
[DEBUG] 16:17:26.827 [AiEngine] Adaptive time: 500ms, depth: 3, reason: midgame, opening, tactical, emergency: false
[DEBUG] 16:17:26.827 [AiEngine] Using JS Search
[DEBUG] 16:17:27.483 [AiEngine] Adaptive time: 500ms, depth: 3, reason: midgame, opening, emergency: false
[DEBUG] 16:17:27.483 [AiEngine] Using JS Search
[DEBUG] 16:17:27.626 [AiEngine] Adaptive time: 500ms, depth: 3, reason: midgame, opening, tactical, emergency: false
[DEBUG] 16:17:27.626 [AiEngine] Using JS Search
[DEBUG] 16:17:28.145 [AiEngine] Adaptive time: 500ms, depth: 3, reason: midgame, opening, in-check, emergency: false
[DEBUG] 16:17:28.146 [AiEngine] Using JS Search
[DEBUG] 16:17:28.196 [AiEngine] Adaptive time: 500ms, depth: 3, reason: midgame, opening, tactical, emergency: false
[DEBUG] 16:17:28.196 [AiEngine] Using JS Search
[DEBUG] 16:17:28.312 [AiEngine] Adaptive time: 500ms, depth: 3, reason: midgame, opening, emergency: false
[DEBUG] 16:17:28.312 [AiEngine] Using JS Search
[DEBUG] 16:17:28.417 [AiEngine] Adaptive time: 500ms, depth: 3, reason: midgame, opening, tactical, emergency: false
[DEBUG] 16:17:28.418 [AiEngine] Using JS Search
[DEBUG] 16:17:28.480 [AiEngine] Adaptive time: 500ms, depth: 3, reason: midgame, opening, emergency: false
[DEBUG] 16:17:28.480 [AiEngine] Using JS Search
[DEBUG] 16:17:28.562 [AiEngine] Adaptive time: 3000ms, depth: 3, reason: midgame, tactical, emergency: false
[DEBUG] 16:17:28.563 [AiEngine] Using JS Search
[DEBUG] 16:17:28.668 [AiEngine] Adaptive time: 3000ms, depth: 3, reason: midgame, in-check, emergency: false
[DEBUG] 16:17:28.668 [AiEngine] Using JS Search
[DEBUG] 16:17:28.754 [AiEngine] Adaptive time: 3000ms, depth: 3, reason: midgame, tactical, emergency: false
[DEBUG] 16:17:28.754 [AiEngine] Using JS Search
[DEBUG] 16:17:28.841 [AiEngine] Adaptive time: 3000ms, depth: 3, reason: midgame, in-check, emergency: false
[DEBUG] 16:17:28.841 [AiEngine] Using JS Search
[DEBUG] 16:17:28.929 [AiEngine] Adaptive time: 3000ms, depth: 3, reason: midgame, tactical, emergency: false
[DEBUG] 16:17:28.929 [AiEngine] Using JS Search
[DEBUG] 16:17:29.028 [AiEngine] Adaptive time: 3000ms, depth: 3, reason: midgame, emergency: false
[DEBUG] 16:17:29.028 [AiEngine] Using JS Search
[DEBUG] 16:17:29.104 [AiEngine] Adaptive time: 3000ms, depth: 3, reason: midgame, tactical, emergency: false
[DEBUG] 16:17:29.104 [AiEngine] Using JS Search
[DEBUG] 16:17:29.129 [AiEngine] Adaptive time: 3000ms, depth: 3, reason: midgame, emergency: false
[DEBUG] 16:17:29.129 [AiEngine] Using JS Search
[DEBUG] 16:17:29.579 [AiEngine] Adaptive time: 3000ms, depth: 3, reason: midgame, tactical, emergency: false
[DEBUG] 16:17:29.579 [AiEngine] Using JS Search
[DEBUG] 16:17:30.962 [AiEngine] Adaptive time: 3000ms, depth: 3, reason: midgame, tactical, emergency: false
[DEBUG] 16:17:30.962 [AiEngine] Using JS Search
[DEBUG] 16:17:31.391 [AiEngine] Adaptive time: 3000ms, depth: 3, reason: midgame, tactical, emergency: false
[DEBUG] 16:17:31.391 [AiEngine] Using JS Search
[DEBUG] 16:17:31.490 [AiEngine] Adaptive time: 3000ms, depth: 3, reason: midgame, tactical, emergency: false
[DEBUG] 16:17:31.490 [AiEngine] Using JS Search
[DEBUG] 16:17:31.560 [AiEngine] Adaptive time: 3000ms, depth: 3, reason: midgame, tactical, emergency: false
[DEBUG] 16:17:31.560 [AiEngine] Using JS Search
[DEBUG] 16:17:31.643 [AiEngine] Adaptive time: 3000ms, depth: 3, reason: midgame, tactical, emergency: false
[DEBUG] 16:17:31.644 [AiEngine] Using JS Search
[DEBUG] 16:17:31.742 [AiEngine] Adaptive time: 3000ms, depth: 3, reason: midgame, tactical, emergency: false
[DEBUG] 16:17:31.742 [AiEngine] Using JS Search
[DEBUG] 16:17:31.781 [AiEngine] Adaptive time: 3000ms, depth: 3, reason: midgame, tactical, emergency: false
[DEBUG] 16:17:31.781 [AiEngine] Using JS Search
[DEBUG] 16:17:31.925 [AiEngine] Adaptive time: 3000ms, depth: 3, reason: midgame, tactical, emergency: false
[DEBUG] 16:17:31.925 [AiEngine] Using JS Search
[DEBUG] 16:17:31.967 [AiEngine] Adaptive time: 3000ms, depth: 3, reason: midgame, tactical, emergency: false
[DEBUG] 16:17:31.967 [AiEngine] Using JS Search
[DEBUG] 16:17:32.026 [AiEngine] Adaptive time: 3000ms, depth: 3, reason: midgame, emergency: false
[DEBUG] 16:17:32.026 [AiEngine] Using JS Search
[DEBUG] 16:17:32.067 [AiEngine] Adaptive time: 3000ms, depth: 3, reason: midgame, tactical, emergency: false
[DEBUG] 16:17:32.067 [AiEngine] Using JS Search
[DEBUG] 16:17:32.279 [AiEngine] Adaptive time: 3000ms, depth: 3, reason: midgame, emergency: false
[DEBUG] 16:17:32.279 [AiEngine] Using JS Search
[DEBUG] 16:17:32.497 [AiEngine] Adaptive time: 3000ms, depth: 3, reason: midgame, tactical, emergency: false
[DEBUG] 16:17:32.497 [AiEngine] Using JS Search
[DEBUG] 16:17:32.863 [AiEngine] Adaptive time: 3000ms, depth: 3, reason: midgame, emergency: false
[DEBUG] 16:17:32.863 [AiEngine] Using JS Search
[DEBUG] 16:17:33.009 [AiEngine] Adaptive time: 3000ms, depth: 3, reason: midgame, tactical, emergency: false
[DEBUG] 16:17:33.010 [AiEngine] Using JS Search
[DEBUG] 16:17:33.147 [AiEngine] Adaptive time: 3000ms, depth: 3, reason: midgame, emergency: false
[DEBUG] 16:17:33.147 [AiEngine] Using JS Search
[DEBUG] 16:17:33.183 [AiEngine] Adaptive time: 3000ms, depth: 3, reason: midgame, tactical, emergency: false
[DEBUG] 16:17:33.183 [AiEngine] Using JS Search
[DEBUG] 16:17:33.218 [AiEngine] Adaptive time: 3000ms, depth: 3, reason: midgame, tactical, emergency: false
[DEBUG] 16:17:33.219 [AiEngine] Using JS Search
[DEBUG] 16:17:33.286 [AiEngine] Adaptive time: 3000ms, depth: 3, reason: midgame, tactical, emergency: false
[DEBUG] 16:17:33.286 [AiEngine] Using JS Search
[DEBUG] 16:17:33.356 [AiEngine] Adaptive time: 3000ms, depth: 3, reason: tactical, emergency: false
[DEBUG] 16:17:33.356 [AiEngine] Using JS Search
[DEBUG] 16:17:33.438 [AiEngine] Adaptive time: 3000ms, depth: 3, reason: tactical, emergency: false
[DEBUG] 16:17:33.438 [AiEngine] Using JS Search
[DEBUG] 16:17:33.549 [AiEngine] Adaptive time: 3000ms, depth: 3, reason: standard, emergency: false
[DEBUG] 16:17:33.549 [AiEngine] Using JS Search
[DEBUG] 16:17:33.605 [AiEngine] Adaptive time: 3000ms, depth: 3, reason: tactical, emergency: false
[DEBUG] 16:17:33.605 [AiEngine] Using JS Search
[DEBUG] 16:17:33.684 [AiEngine] Adaptive time: 3000ms, depth: 3, reason: tactical, emergency: false
[DEBUG] 16:17:33.684 [AiEngine] Using JS Search
[DEBUG] 16:17:33.735 [AiEngine] Adaptive time: 3000ms, depth: 3, reason: tactical, emergency: false
[DEBUG] 16:17:33.735 [AiEngine] Using JS Search
[DEBUG] 16:17:33.808 [AiEngine] Adaptive time: 3000ms, depth: 3, reason: tactical, emergency: false
[DEBUG] 16:17:33.808 [AiEngine] Using JS Search
[DEBUG] 16:17:33.863 [AiEngine] Adaptive time: 3000ms, depth: 3, reason: in-check, emergency: false
[DEBUG] 16:17:33.863 [AiEngine] Using JS Search
[DEBUG] 16:17:33.894 [AiEngine] Adaptive time: 3000ms, depth: 3, reason: tactical, emergency: false
[DEBUG] 16:17:33.894 [AiEngine] Using JS Search
[DEBUG] 16:17:33.925 [AiEngine] Adaptive time: 3000ms, depth: 3, reason: tactical, emergency: false
[DEBUG] 16:17:33.925 [AiEngine] Using JS Search
[DEBUG] 16:17:33.989 [AiEngine] Adaptive time: 3000ms, depth: 3, reason: endgame, tactical, emergency: false
[DEBUG] 16:17:33.989 [AiEngine] Using JS Search
[DEBUG] 16:17:34.019 [AiEngine] Adaptive time: 3000ms, depth: 3, reason: endgame, tactical, emergency: false
[DEBUG] 16:17:34.019 [AiEngine] Using JS Search
[DEBUG] 16:17:34.040 [AiEngine] Adaptive time: 3000ms, depth: 3, reason: endgame, in-check, emergency: false
[DEBUG] 16:17:34.041 [AiEngine] Using JS Search
[DEBUG] 16:17:34.073 [AiEngine] Adaptive time: 3000ms, depth: 3, reason: endgame, tactical, emergency: false
[DEBUG] 16:17:34.073 [AiEngine] Using JS Search
[DEBUG] 16:17:34.088 [AiEngine] Adaptive time: 3000ms, depth: 3, reason: endgame, in-check, emergency: false
[DEBUG] 16:17:34.088 [AiEngine] Using JS Search
[DEBUG] 16:17:34.105 [AiEngine] Adaptive time: 3000ms, depth: 3, reason: endgame, tactical, emergency: false
[DEBUG] 16:17:34.105 [AiEngine] Using JS Search
[DEBUG] 16:17:34.141 [AiEngine] Adaptive time: 3000ms, depth: 3, reason: endgame, in-check, emergency: false
[DEBUG] 16:17:34.142 [AiEngine] Using JS Search
[DEBUG] 16:17:34.149 [AiEngine] Adaptive time: 3000ms, depth: 3, reason: endgame, tactical, emergency: false
[DEBUG] 16:17:34.149 [AiEngine] Using JS Search
[DEBUG] 16:17:34.169 [AiEngine] Adaptive time: 3000ms, depth: 3, reason: endgame, emergency: false
[DEBUG] 16:17:34.169 [AiEngine] Using JS Search
[DEBUG] 16:17:34.185 [AiEngine] Adaptive time: 3000ms, depth: 3, reason: endgame, tactical, emergency: false
[DEBUG] 16:17:34.185 [AiEngine] Using JS Search
[DEBUG] 16:17:34.196 [AiEngine] Adaptive time: 3000ms, depth: 3, reason: endgame, emergency: false
[DEBUG] 16:17:34.196 [AiEngine] Using JS Search
[DEBUG] 16:17:34.205 [AiEngine] Adaptive time: 3000ms, depth: 3, reason: endgame, tactical, emergency: false
[DEBUG] 16:17:34.205 [AiEngine] Using JS Search
[DEBUG] 16:17:34.222 [AiEngine] Adaptive time: 3000ms, depth: 3, reason: endgame, emergency: false
[DEBUG] 16:17:34.222 [AiEngine] Using JS Search
[DEBUG] 16:17:34.243 [AiEngine] Adaptive time: 3000ms, depth: 3, reason: endgame, tactical, emergency: false
[DEBUG] 16:17:34.243 [AiEngine] Using JS Search
[DEBUG] 16:17:34.251 [AiEngine] Adaptive time: 3000ms, depth: 3, reason: endgame, emergency: false
[DEBUG] 16:17:34.251 [AiEngine] Using JS Search
[DEBUG] 16:17:34.265 [AiEngine] Adaptive time: 3000ms, depth: 3, reason: endgame, tactical, emergency: false
[DEBUG] 16:17:34.265 [AiEngine] Using JS Search
[DEBUG] 16:17:34.271 [AiEngine] Adaptive time: 3000ms, depth: 3, reason: endgame, emergency: false
[DEBUG] 16:17:34.271 [AiEngine] Using JS Search
[DEBUG] 16:17:34.284 [AiEngine] Adaptive time: 3000ms, depth: 3, reason: endgame, tactical, emergency: false
[DEBUG] 16:17:34.284 [AiEngine] Using JS Search
[DEBUG] 16:17:34.297 [AiEngine] Adaptive time: 3000ms, depth: 3, reason: endgame, emergency: false
[DEBUG] 16:17:34.297 [AiEngine] Using JS Search
[DEBUG] 16:17:34.312 [AiEngine] Adaptive time: 3000ms, depth: 3, reason: endgame, tactical, emergency: false
[DEBUG] 16:17:34.312 [AiEngine] Using JS Search
[DEBUG] 16:17:34.323 [AiEngine] Adaptive time: 3000ms, depth: 3, reason: endgame, emergency: false
[DEBUG] 16:17:34.323 [AiEngine] Using JS Search
[DEBUG] 16:17:34.338 [AiEngine] Adaptive time: 3000ms, depth: 3, reason: endgame, tactical, emergency: false
[DEBUG] 16:17:34.338 [AiEngine] Using JS Search
[DEBUG] 16:17:34.348 [AiEngine] Adaptive time: 500ms, depth: 3, reason: midgame, opening, emergency: false
[DEBUG] 16:17:34.349 [AiEngine] Using JS Search
[DEBUG] 16:17:34.383 [AiEngine] Adaptive time: 500ms, depth: 3, reason: midgame, opening, emergency: false
[DEBUG] 16:17:34.384 [AiEngine] Using JS Search
[DEBUG] 16:17:34.417 [AiEngine] Adaptive time: 500ms, depth: 3, reason: midgame, opening, tactical, emergency: false
[DEBUG] 16:17:34.417 [AiEngine] Using JS Search
[DEBUG] 16:17:34.527 [AiEngine] Adaptive time: 500ms, depth: 3, reason: midgame, opening, emergency: false
[DEBUG] 16:17:34.527 [AiEngine] Using JS Search
[DEBUG] 16:17:34.561 [AiEngine] Adaptive time: 500ms, depth: 3, reason: midgame, opening, tactical, emergency: false
[DEBUG] 16:17:34.562 [AiEngine] Using JS Search
[DEBUG] 16:17:34.703 [AiEngine] Adaptive time: 500ms, depth: 3, reason: midgame, opening, emergency: false
[DEBUG] 16:17:34.703 [AiEngine] Using JS Search
[DEBUG] 16:17:34.744 [AiEngine] Adaptive time: 500ms, depth: 3, reason: midgame, opening, emergency: false
[DEBUG] 16:17:34.745 [AiEngine] Using JS Search
[DEBUG] 16:17:34.794 [AiEngine] Adaptive time: 500ms, depth: 3, reason: midgame, opening, emergency: false
[DEBUG] 16:17:34.794 [AiEngine] Using JS Search
[DEBUG] 16:17:34.899 [AiEngine] Adaptive time: 500ms, depth: 3, reason: midgame, opening, tactical, emergency: false
[DEBUG] 16:17:34.899 [AiEngine] Using JS Search
[DEBUG] 16:17:34.964 [AiEngine] Adaptive time: 500ms, depth: 3, reason: midgame, opening, in-check, emergency: false
[DEBUG] 16:17:34.964 [AiEngine] Using JS Search
[DEBUG] 16:17:35.008 [AiEngine] Adaptive time: 500ms, depth: 3, reason: midgame, opening, emergency: false
[DEBUG] 16:17:35.008 [AiEngine] Using JS Search
[DEBUG] 16:17:35.100 [AiEngine] Adaptive time: 500ms, depth: 3, reason: midgame, opening, tactical, emergency: false
[DEBUG] 16:17:35.100 [AiEngine] Using JS Search
[DEBUG] 16:17:35.292 [AiEngine] Adaptive time: 500ms, depth: 3, reason: midgame, opening, emergency: false
[DEBUG] 16:17:35.292 [AiEngine] Using JS Search
[DEBUG] 16:17:35.402 [AiEngine] Adaptive time: 500ms, depth: 3, reason: midgame, opening, tactical, emergency: false
[DEBUG] 16:17:35.402 [AiEngine] Using JS Search
[DEBUG] 16:17:35.566 [AiEngine] Adaptive time: 500ms, depth: 3, reason: midgame, opening, emergency: false
[DEBUG] 16:17:35.566 [AiEngine] Using JS Search
[DEBUG] 16:17:35.613 [AiEngine] Adaptive time: 500ms, depth: 3, reason: midgame, opening, emergency: false
[DEBUG] 16:17:35.613 [AiEngine] Using JS Search
[DEBUG] 16:17:35.881 [AiEngine] Adaptive time: 500ms, depth: 3, reason: midgame, opening, tactical, emergency: false
[DEBUG] 16:17:35.881 [AiEngine] Using JS Search
[DEBUG] 16:17:35.965 [AiEngine] Adaptive time: 500ms, depth: 3, reason: midgame, opening, emergency: false
[DEBUG] 16:17:35.965 [AiEngine] Using JS Search
[DEBUG] 16:17:36.113 [AiEngine] Adaptive time: 500ms, depth: 3, reason: midgame, opening, tactical, emergency: false
[DEBUG] 16:17:36.113 [AiEngine] Using JS Search
[DEBUG] 16:17:36.261 [AiEngine] Adaptive time: 500ms, depth: 3, reason: midgame, opening, emergency: false
[DEBUG] 16:17:36.261 [AiEngine] Using JS Search
[DEBUG] 16:17:36.410 [AiEngine] Adaptive time: 500ms, depth: 3, reason: midgame, opening, tactical, emergency: false
[DEBUG] 16:17:36.410 [AiEngine] Using JS Search
[DEBUG] 16:17:36.481 [AiEngine] Adaptive time: 500ms, depth: 3, reason: midgame, opening, in-check, emergency: false
[DEBUG] 16:17:36.481 [AiEngine] Using JS Search
[DEBUG] 16:17:36.494 [AiEngine] Adaptive time: 500ms, depth: 3, reason: midgame, opening, tactical, emergency: false
[DEBUG] 16:17:36.494 [AiEngine] Using JS Search
[DEBUG] 16:17:36.546 [AiEngine] Adaptive time: 500ms, depth: 3, reason: midgame, opening, tactical, emergency: false
[DEBUG] 16:17:36.546 [AiEngine] Using JS Search
[DEBUG] 16:17:36.704 [AiEngine] Adaptive time: 500ms, depth: 3, reason: midgame, opening, tactical, emergency: false
[DEBUG] 16:17:36.704 [AiEngine] Using JS Search
[DEBUG] 16:17:36.800 [AiEngine] Adaptive time: 500ms, depth: 3, reason: midgame, opening, emergency: false
[DEBUG] 16:17:36.800 [AiEngine] Using JS Search
[DEBUG] 16:17:36.916 [AiEngine] Adaptive time: 500ms, depth: 3, reason: midgame, opening, tactical, emergency: false
[DEBUG] 16:17:36.916 [AiEngine] Using JS Search
[DEBUG] 16:17:37.485 [AiEngine] Adaptive time: 500ms, depth: 3, reason: midgame, opening, emergency: false
[DEBUG] 16:17:37.485 [AiEngine] Using JS Search
[DEBUG] 16:17:37.639 [AiEngine] Adaptive time: 500ms, depth: 3, reason: midgame, opening, tactical, emergency: false
[DEBUG] 16:17:37.639 [AiEngine] Using JS Search
[DEBUG] 16:17:37.980 [AiEngine] Adaptive time: 500ms, depth: 3, reason: midgame, opening, emergency: false
[DEBUG] 16:17:37.980 [AiEngine] Using JS Search
[DEBUG] 16:17:38.052 [AiEngine] Adaptive time: 500ms, depth: 3, reason: midgame, opening, tactical, emergency: false
[DEBUG] 16:17:38.052 [AiEngine] Using JS Search
[DEBUG] 16:17:38.119 [AiEngine] Adaptive time: 500ms, depth: 3, reason: midgame, opening, in-check, emergency: false
[DEBUG] 16:17:38.119 [AiEngine] Using JS Search
[DEBUG] 16:17:38.138 [AiEngine] Adaptive time: 500ms, depth: 3, reason: midgame, opening, tactical, emergency: false
[DEBUG] 16:17:38.138 [AiEngine] Using JS Search
[DEBUG] 16:17:38.172 [AiEngine] Adaptive time: 500ms, depth: 3, reason: midgame, opening, tactical, emergency: false
[DEBUG] 16:17:38.172 [AiEngine] Using JS Search
[DEBUG] 16:17:38.303 [AiEngine] Adaptive time: 500ms, depth: 3, reason: midgame, opening, emergency: false
[DEBUG] 16:17:38.303 [AiEngine] Using JS Search
[DEBUG] 16:17:38.409 [AiEngine] Adaptive time: 500ms, depth: 3, reason: midgame, opening, tactical, emergency: false
[DEBUG] 16:17:38.409 [AiEngine] Using JS Search
[DEBUG] 16:17:38.756 [AiEngine] Adaptive time: 500ms, depth: 3, reason: midgame, opening, tactical, emergency: false
[DEBUG] 16:17:38.756 [AiEngine] Using JS Search
[DEBUG] 16:17:38.811 [AiEngine] Adaptive time: 500ms, depth: 3, reason: midgame, opening, tactical, emergency: false
[DEBUG] 16:17:38.811 [AiEngine] Using JS Search
[DEBUG] 16:17:39.143 [AiEngine] Adaptive time: 500ms, depth: 3, reason: midgame, opening, tactical, emergency: false
[DEBUG] 16:17:39.143 [AiEngine] Using JS Search
[DEBUG] 16:17:39.195 [AiEngine] Adaptive time: 500ms, depth: 3, reason: midgame, opening, tactical, emergency: false
[DEBUG] 16:17:39.195 [AiEngine] Using JS Search
[DEBUG] 16:17:39.407 [AiEngine] Adaptive time: 3000ms, depth: 3, reason: midgame, in-check, emergency: false
[DEBUG] 16:17:39.407 [AiEngine] Using JS Search
[DEBUG] 16:17:39.450 [AiEngine] Adaptive time: 3000ms, depth: 3, reason: midgame, tactical, emergency: false
[DEBUG] 16:17:39.450 [AiEngine] Using JS Search
[DEBUG] 16:17:39.767 [AiEngine] Adaptive time: 3000ms, depth: 3, reason: midgame, tactical, emergency: false
[DEBUG] 16:17:39.768 [AiEngine] Using JS Search
[DEBUG] 16:17:40.038 [AiEngine] Adaptive time: 3000ms, depth: 3, reason: midgame, tactical, emergency: false
[DEBUG] 16:17:40.038 [AiEngine] Using JS Search
[DEBUG] 16:17:40.461 [AiEngine] Adaptive time: 3000ms, depth: 3, reason: midgame, tactical, emergency: false
[DEBUG] 16:17:40.461 [AiEngine] Using JS Search
[DEBUG] 16:17:40.791 [AiEngine] Adaptive time: 3000ms, depth: 3, reason: midgame, tactical, emergency: false
[DEBUG] 16:17:40.791 [AiEngine] Using JS Search
[DEBUG] 16:17:41.918 [AiEngine] Adaptive time: 3000ms, depth: 3, reason: tactical, emergency: false
[DEBUG] 16:17:41.918 [AiEngine] Using JS Search
[DEBUG] 16:17:42.020 [AiEngine] Adaptive time: 3000ms, depth: 3, reason: tactical, emergency: false
[DEBUG] 16:17:42.020 [AiEngine] Using JS Search
[DEBUG] 16:17:42.057 [AiEngine] Adaptive time: 3000ms, depth: 3, reason: tactical, emergency: false
[DEBUG] 16:17:42.057 [AiEngine] Using JS Search
[DEBUG] 16:17:42.134 [AiEngine] Adaptive time: 3000ms, depth: 3, reason: tactical, emergency: false
[DEBUG] 16:17:42.134 [AiEngine] Using JS Search
[DEBUG] 16:17:42.240 [AiEngine] Adaptive time: 3000ms, depth: 3, reason: tactical, emergency: false
[DEBUG] 16:17:42.240 [AiEngine] Using JS Search
[DEBUG] 16:17:42.385 [AiEngine] Adaptive time: 3000ms, depth: 3, reason: tactical, emergency: false
[DEBUG] 16:17:42.385 [AiEngine] Using JS Search
[DEBUG] 16:17:42.452 [AiEngine] Adaptive time: 3000ms, depth: 3, reason: tactical, emergency: false
[DEBUG] 16:17:42.452 [AiEngine] Using JS Search
[DEBUG] 16:17:42.623 [AiEngine] Adaptive time: 3000ms, depth: 3, reason: in-check, emergency: false
[DEBUG] 16:17:42.623 [AiEngine] Using JS Search
[DEBUG] 16:17:42.651 [AiEngine] Adaptive time: 3000ms, depth: 3, reason: tactical, emergency: false
[DEBUG] 16:17:42.652 [AiEngine] Using JS Search
[DEBUG] 16:17:42.699 [AiEngine] Adaptive time: 3000ms, depth: 3, reason: tactical, emergency: false
[DEBUG] 16:17:42.699 [AiEngine] Using JS Search
[DEBUG] 16:17:42.725 [AiEngine] Adaptive time: 3000ms, depth: 3, reason: tactical, emergency: false
[DEBUG] 16:17:42.725 [AiEngine] Using JS Search
[DEBUG] 16:17:42.776 [AiEngine] Adaptive time: 3000ms, depth: 3, reason: tactical, emergency: false
[DEBUG] 16:17:42.776 [AiEngine] Using JS Search
[DEBUG] 16:17:42.804 [AiEngine] Adaptive time: 3000ms, depth: 3, reason: standard, emergency: false
[DEBUG] 16:17:42.804 [AiEngine] Using JS Search
[DEBUG] 16:17:42.844 [AiEngine] Adaptive time: 3000ms, depth: 3, reason: tactical, emergency: false
[DEBUG] 16:17:42.844 [AiEngine] Using JS Search
[DEBUG] 16:17:42.867 [AiEngine] Adaptive time: 3000ms, depth: 3, reason: tactical, emergency: false
[DEBUG] 16:17:42.868 [AiEngine] Using JS Search
[DEBUG] 16:17:42.920 [AiEngine] Adaptive time: 3000ms, depth: 3, reason: tactical, emergency: false
[DEBUG] 16:17:42.920 [AiEngine] Using JS Search
[DEBUG] 16:17:42.949 [AiEngine] Adaptive time: 3000ms, depth: 3, reason: in-check, emergency: false
[DEBUG] 16:17:42.949 [AiEngine] Using JS Search
[DEBUG] 16:17:42.962 [AiEngine] Adaptive time: 3000ms, depth: 3, reason: tactical, emergency: false
[DEBUG] 16:17:42.962 [AiEngine] Using JS Search
[DEBUG] 16:17:42.985 [AiEngine] Adaptive time: 3000ms, depth: 3, reason: tactical, emergency: false
[DEBUG] 16:17:42.985 [AiEngine] Using JS Search
[DEBUG] 16:17:43.054 [AiEngine] Adaptive time: 3000ms, depth: 3, reason: endgame, tactical, emergency: false
[DEBUG] 16:17:43.055 [AiEngine] Using JS Search
[DEBUG] 16:17:43.071 [AiEngine] Adaptive time: 3000ms, depth: 3, reason: endgame, tactical, emergency: false
[DEBUG] 16:17:43.071 [AiEngine] Using JS Search
[DEBUG] 16:17:43.098 [AiEngine] Adaptive time: 3000ms, depth: 3, reason: endgame, tactical, emergency: false
[DEBUG] 16:17:43.098 [AiEngine] Using JS Search
[DEBUG] 16:17:43.109 [AiEngine] Adaptive time: 3000ms, depth: 3, reason: endgame, tactical, emergency: false
[DEBUG] 16:17:43.109 [AiEngine] Using JS Search
[DEBUG] 16:17:43.126 [AiEngine] Adaptive time: 3000ms, depth: 3, reason: endgame, tactical, emergency: false
[DEBUG] 16:17:43.126 [AiEngine] Using JS Search
[DEBUG] 16:17:43.135 [AiEngine] Adaptive time: 3000ms, depth: 3, reason: endgame, in-check, emergency: false
[DEBUG] 16:17:43.135 [AiEngine] Using JS Search
[DEBUG] 16:17:43.143 [AiEngine] Adaptive time: 3000ms, depth: 3, reason: endgame, emergency: false
[DEBUG] 16:17:43.143 [AiEngine] Using JS Search
[DEBUG] 16:17:43.160 [AiEngine] Adaptive time: 3000ms, depth: 3, reason: endgame, emergency: false
[DEBUG] 16:17:43.160 [AiEngine] Using JS Search
[DEBUG] 16:17:43.182 [AiEngine] Adaptive time: 3000ms, depth: 3, reason: endgame, emergency: false
[DEBUG] 16:17:43.182 [AiEngine] Using JS Search
[DEBUG] 16:17:43.194 [AiEngine] Adaptive time: 3000ms, depth: 3, reason: endgame, tactical, emergency: false
[DEBUG] 16:17:43.194 [AiEngine] Using JS Search
[DEBUG] 16:17:43.217 [AiEngine] Adaptive time: 3000ms, depth: 3, reason: endgame, emergency: false
[DEBUG] 16:17:43.217 [AiEngine] Using JS Search
[DEBUG] 16:17:43.230 [AiEngine] Adaptive time: 3000ms, depth: 3, reason: endgame, tactical, emergency: false
[DEBUG] 16:17:43.230 [AiEngine] Using JS Search
[DEBUG] 16:17:43.256 [AiEngine] Adaptive time: 3000ms, depth: 3, reason: endgame, emergency: false
[DEBUG] 16:17:43.256 [AiEngine] Using JS Search
[DEBUG] 16:17:43.267 [AiEngine] Adaptive time: 3000ms, depth: 3, reason: endgame, emergency: false
[DEBUG] 16:17:43.267 [AiEngine] Using JS Search
[DEBUG] 16:17:43.294 [AiEngine] Adaptive time: 3000ms, depth: 3, reason: endgame, emergency: false
[DEBUG] 16:17:43.294 [AiEngine] Using JS Search
[DEBUG] 16:17:43.330 [AiEngine] Adaptive time: 3000ms, depth: 3, reason: endgame, emergency: false
[DEBUG] 16:17:43.330 [AiEngine] Using JS Search
[DEBUG] 16:17:43.348 [AiEngine] Adaptive time: 3000ms, depth: 3, reason: endgame, emergency: false
[DEBUG] 16:17:43.349 [AiEngine] Using JS Search
[DEBUG] 16:17:43.356 [AiEngine] Adaptive time: 3000ms, depth: 3, reason: endgame, in-check, emergency: false
[DEBUG] 16:17:43.356 [AiEngine] Using JS Search
[DEBUG] 16:17:43.362 [AiEngine] Adaptive time: 3000ms, depth: 3, reason: endgame, tactical, emergency: false
[DEBUG] 16:17:43.362 [AiEngine] Using JS Search
[DEBUG] 16:17:43.377 [AiEngine] Adaptive time: 3000ms, depth: 3, reason: endgame, tactical, emergency: false
[DEBUG] 16:17:43.377 [AiEngine] Using JS Search
[DEBUG] 16:17:43.389 [AiEngine] Adaptive time: 3000ms, depth: 3, reason: endgame, in-check, emergency: false
[DEBUG] 16:17:43.389 [AiEngine] Using JS Search
[DEBUG] 16:17:43.398 [AiEngine] Adaptive time: 3000ms, depth: 3, reason: endgame, tactical, emergency: false
[DEBUG] 16:17:43.398 [AiEngine] Using JS Search
[DEBUG] 16:17:43.411 [AiEngine] Adaptive time: 3000ms, depth: 3, reason: endgame, emergency: false
[DEBUG] 16:17:43.411 [AiEngine] Using JS Search
[DEBUG] 16:17:43.416 [AiEngine] Adaptive time: 3000ms, depth: 3, reason: endgame, tactical, emergency: false
[DEBUG] 16:17:43.416 [AiEngine] Using JS Search
[DEBUG] 16:17:43.426 [AiEngine] Adaptive time: 3000ms, depth: 3, reason: endgame, emergency: false
[DEBUG] 16:17:43.426 [AiEngine] Using JS Search
[DEBUG] 16:17:43.432 [AiEngine] Adaptive time: 3000ms, depth: 3, reason: endgame, emergency: false
[DEBUG] 16:17:43.432 [AiEngine] Using JS Search
[DEBUG] 16:17:43.447 [AiEngine] Adaptive time: 3000ms, depth: 3, reason: endgame, emergency: false
[DEBUG] 16:17:43.447 [AiEngine] Using JS Search
[DEBUG] 16:17:43.453 [AiEngine] Adaptive time: 3000ms, depth: 3, reason: endgame, tactical, emergency: false
[DEBUG] 16:17:43.453 [AiEngine] Using JS Search
[DEBUG] 16:17:43.460 [AiEngine] Adaptive time: 3000ms, depth: 3, reason: endgame, emergency: false
[DEBUG] 16:17:43.460 [AiEngine] Using JS Search
[DEBUG] 16:17:43.464 [AiEngine] Adaptive time: 3000ms, depth: 3, reason: endgame, tactical, emergency: false
[DEBUG] 16:17:43.464 [AiEngine] Using JS Search
[DEBUG] 16:17:43.489 [AiEngine] Adaptive time: 3000ms, depth: 3, reason: endgame, emergency: false
[DEBUG] 16:17:43.489 [AiEngine] Using JS Search
[DEBUG] 16:17:43.498 [AiEngine] Adaptive time: 3000ms, depth: 3, reason: endgame, tactical, emergency: false
[DEBUG] 16:17:43.498 [AiEngine] Using JS Search
[DEBUG] 16:17:43.513 [AiEngine] Adaptive time: 3000ms, depth: 3, reason: endgame, emergency: false
[DEBUG] 16:17:43.513 [AiEngine] Using JS Search
[DEBUG] 16:17:43.517 [AiEngine] Adaptive time: 3000ms, depth: 3, reason: endgame, emergency: false
[DEBUG] 16:17:43.517 [AiEngine] Using JS Search
[DEBUG] 16:17:43.526 [AiEngine] Adaptive time: 3000ms, depth: 3, reason: endgame, emergency: false
[DEBUG] 16:17:43.526 [AiEngine] Using JS Search
[DEBUG] 16:17:43.531 [AiEngine] Adaptive time: 500ms, depth: 3, reason: midgame, opening, emergency: false
[DEBUG] 16:17:43.531 [AiEngine] Using JS Search
[DEBUG] 16:17:43.565 [AiEngine] Adaptive time: 500ms, depth: 3, reason: midgame, opening, emergency: false
[DEBUG] 16:17:43.565 [AiEngine] Using JS Search
[DEBUG] 16:17:43.593 [AiEngine] Adaptive time: 500ms, depth: 3, reason: midgame, opening, emergency: false
[DEBUG] 16:17:43.593 [AiEngine] Using JS Search
[DEBUG] 16:17:43.645 [AiEngine] Adaptive time: 500ms, depth: 3, reason: midgame, opening, tactical, emergency: false
[DEBUG] 16:17:43.645 [AiEngine] Using JS Search
[DEBUG] 16:17:43.736 [AiEngine] Adaptive time: 500ms, depth: 3, reason: midgame, opening, emergency: false
[DEBUG] 16:17:43.736 [AiEngine] Using JS Search
[DEBUG] 16:17:43.777 [AiEngine] Adaptive time: 500ms, depth: 3, reason: midgame, opening, tactical, emergency: false
[DEBUG] 16:17:43.777 [AiEngine] Using JS Search
[DEBUG] 16:17:43.816 [AiEngine] Adaptive time: 500ms, depth: 3, reason: midgame, opening, tactical, emergency: false
[DEBUG] 16:17:43.816 [AiEngine] Using JS Search
[DEBUG] 16:17:43.882 [AiEngine] Adaptive time: 500ms, depth: 3, reason: midgame, opening, tactical, emergency: false
[DEBUG] 16:17:43.882 [AiEngine] Using JS Search
[DEBUG] 16:17:43.978 [AiEngine] Adaptive time: 500ms, depth: 3, reason: midgame, opening, tactical, emergency: false
[DEBUG] 16:17:43.978 [AiEngine] Using JS Search
[DEBUG] 16:17:44.123 [AiEngine] Adaptive time: 500ms, depth: 3, reason: midgame, opening, tactical, emergency: false
[DEBUG] 16:17:44.123 [AiEngine] Using JS Search
[DEBUG] 16:17:44.227 [AiEngine] Adaptive time: 500ms, depth: 3, reason: midgame, opening, tactical, emergency: false
[DEBUG] 16:17:44.227 [AiEngine] Using JS Search
[DEBUG] 16:17:44.377 [AiEngine] Adaptive time: 500ms, depth: 3, reason: midgame, opening, tactical, emergency: false
[DEBUG] 16:17:44.377 [AiEngine] Using JS Search
[DEBUG] 16:17:44.482 [AiEngine] Adaptive time: 500ms, depth: 3, reason: midgame, opening, tactical, emergency: false
[DEBUG] 16:17:44.482 [AiEngine] Using JS Search
[DEBUG] 16:17:44.550 [AiEngine] Adaptive time: 500ms, depth: 3, reason: midgame, opening, tactical, emergency: false
[DEBUG] 16:17:44.550 [AiEngine] Using JS Search
[DEBUG] 16:17:44.651 [AiEngine] Adaptive time: 500ms, depth: 3, reason: midgame, opening, in-check, emergency: false
[DEBUG] 16:17:44.651 [AiEngine] Using JS Search
[DEBUG] 16:17:44.808 [AiEngine] Adaptive time: 500ms, depth: 3, reason: midgame, opening, emergency: false
[DEBUG] 16:17:44.809 [AiEngine] Using JS Search
[DEBUG] 16:17:45.055 [AiEngine] Adaptive time: 500ms, depth: 3, reason: midgame, opening, tactical, emergency: false
[DEBUG] 16:17:45.055 [AiEngine] Using JS Search
[DEBUG] 16:17:45.306 [AiEngine] Adaptive time: 500ms, depth: 3, reason: midgame, opening, in-check, emergency: false
[DEBUG] 16:17:45.306 [AiEngine] Using JS Search
[DEBUG] 16:17:45.320 [AiEngine] Adaptive time: 500ms, depth: 3, reason: midgame, opening, tactical, emergency: false
[DEBUG] 16:17:45.320 [AiEngine] Using JS Search
[DEBUG] 16:17:45.437 [AiEngine] Adaptive time: 500ms, depth: 3, reason: midgame, opening, emergency: false
[DEBUG] 16:17:45.437 [AiEngine] Using JS Search
[DEBUG] 16:17:45.546 [AiEngine] Adaptive time: 500ms, depth: 3, reason: midgame, opening, tactical, emergency: false
[DEBUG] 16:17:45.546 [AiEngine] Using JS Search
[DEBUG] 16:17:45.665 [AiEngine] Adaptive time: 500ms, depth: 3, reason: midgame, opening, emergency: false
[DEBUG] 16:17:45.665 [AiEngine] Using JS Search
[DEBUG] 16:17:45.727 [AiEngine] Adaptive time: 500ms, depth: 3, reason: midgame, opening, tactical, emergency: false
[DEBUG] 16:17:45.727 [AiEngine] Using JS Search
[DEBUG] 16:17:45.796 [AiEngine] Adaptive time: 500ms, depth: 3, reason: midgame, opening, emergency: false
[DEBUG] 16:17:45.796 [AiEngine] Using JS Search
[DEBUG] 16:17:45.838 [AiEngine] Adaptive time: 500ms, depth: 3, reason: midgame, opening, tactical, emergency: false
[DEBUG] 16:17:45.838 [AiEngine] Using JS Search
[DEBUG] 16:17:45.940 [AiEngine] Adaptive time: 500ms, depth: 3, reason: midgame, opening, in-check, emergency: false
[DEBUG] 16:17:45.940 [AiEngine] Using JS Search
[DEBUG] 16:17:45.975 [AiEngine] Adaptive time: 500ms, depth: 3, reason: midgame, opening, tactical, emergency: false
[DEBUG] 16:17:45.975 [AiEngine] Using JS Search
[DEBUG] 16:17:46.050 [AiEngine] Adaptive time: 500ms, depth: 3, reason: midgame, opening, in-check, emergency: false
[DEBUG] 16:17:46.050 [AiEngine] Using JS Search
[DEBUG] 16:17:46.086 [AiEngine] Adaptive time: 500ms, depth: 3, reason: midgame, opening, tactical, emergency: false
[DEBUG] 16:17:46.086 [AiEngine] Using JS Search
[DEBUG] 16:17:46.226 [AiEngine] Adaptive time: 500ms, depth: 3, reason: midgame, opening, emergency: false
[DEBUG] 16:17:46.226 [AiEngine] Using JS Search
[DEBUG] 16:17:46.365 [AiEngine] Adaptive time: 500ms, depth: 3, reason: midgame, opening, tactical, emergency: false
[DEBUG] 16:17:46.365 [AiEngine] Using JS Search
[DEBUG] 16:17:46.457 [AiEngine] Adaptive time: 500ms, depth: 3, reason: midgame, opening, emergency: false
[DEBUG] 16:17:46.457 [AiEngine] Using JS Search
[DEBUG] 16:17:46.587 [AiEngine] Adaptive time: 500ms, depth: 3, reason: midgame, opening, tactical, emergency: false
[DEBUG] 16:17:46.587 [AiEngine] Using JS Search
[DEBUG] 16:17:46.646 [AiEngine] Adaptive time: 500ms, depth: 3, reason: midgame, opening, tactical, emergency: false
[DEBUG] 16:17:46.646 [AiEngine] Using JS Search
[DEBUG] 16:17:46.758 [AiEngine] Adaptive time: 500ms, depth: 3, reason: midgame, opening, tactical, emergency: false
[DEBUG] 16:17:46.758 [AiEngine] Using JS Search
[DEBUG] 16:17:46.807 [AiEngine] Adaptive time: 500ms, depth: 3, reason: midgame, opening, tactical, emergency: false
[DEBUG] 16:17:46.808 [AiEngine] Using JS Search
[DEBUG] 16:17:46.974 [AiEngine] Adaptive time: 500ms, depth: 3, reason: midgame, opening, tactical, emergency: false
[DEBUG] 16:17:46.974 [AiEngine] Using JS Search
[DEBUG] 16:17:47.078 [AiEngine] Adaptive time: 500ms, depth: 3, reason: midgame, opening, tactical, emergency: false
[DEBUG] 16:17:47.078 [AiEngine] Using JS Search
[DEBUG] 16:17:47.414 [AiEngine] Adaptive time: 500ms, depth: 3, reason: midgame, opening, tactical, emergency: false
[DEBUG] 16:17:47.414 [AiEngine] Using JS Search
[DEBUG] 16:17:47.473 [AiEngine] Adaptive time: 500ms, depth: 3, reason: midgame, opening, in-check, emergency: false
[DEBUG] 16:17:47.473 [AiEngine] Using JS Search
[DEBUG] 16:17:47.496 [AiEngine] Adaptive time: 3000ms, depth: 3, reason: midgame, emergency: false
[DEBUG] 16:17:47.496 [AiEngine] Using JS Search
[DEBUG] 16:17:47.568 [AiEngine] Adaptive time: 3000ms, depth: 3, reason: midgame, tactical, emergency: false
[DEBUG] 16:17:47.568 [AiEngine] Using JS Search
[DEBUG] 16:17:47.614 [AiEngine] Adaptive time: 3000ms, depth: 3, reason: midgame, emergency: false
[DEBUG] 16:17:47.615 [AiEngine] Using JS Search
[DEBUG] 16:17:47.656 [AiEngine] Adaptive time: 3000ms, depth: 3, reason: midgame, tactical, emergency: false
[DEBUG] 16:17:47.656 [AiEngine] Using JS Search
[DEBUG] 16:17:47.852 [AiEngine] Adaptive time: 3000ms, depth: 3, reason: midgame, emergency: false
[DEBUG] 16:17:47.852 [AiEngine] Using JS Search
[DEBUG] 16:17:47.883 [AiEngine] Adaptive time: 3000ms, depth: 3, reason: midgame, tactical, emergency: false
[DEBUG] 16:17:47.883 [AiEngine] Using JS Search
[DEBUG] 16:17:48.015 [AiEngine] Adaptive time: 3000ms, depth: 3, reason: midgame, in-check, emergency: false
[DEBUG] 16:17:48.015 [AiEngine] Using JS Search
[DEBUG] 16:17:48.070 [AiEngine] Adaptive time: 3000ms, depth: 3, reason: midgame, tactical, emergency: false
[DEBUG] 16:17:48.070 [AiEngine] Using JS Search
[DEBUG] 16:17:48.215 [AiEngine] Adaptive time: 3000ms, depth: 3, reason: midgame, emergency: false
[DEBUG] 16:17:48.215 [AiEngine] Using JS Search
[DEBUG] 16:17:48.286 [AiEngine] Adaptive time: 3000ms, depth: 3, reason: midgame, tactical, emergency: false
[DEBUG] 16:17:48.286 [AiEngine] Using JS Search
[DEBUG] 16:17:48.415 [AiEngine] Adaptive time: 3000ms, depth: 3, reason: midgame, emergency: false
[DEBUG] 16:17:48.415 [AiEngine] Using JS Search
[DEBUG] 16:17:48.478 [AiEngine] Adaptive time: 3000ms, depth: 3, reason: midgame, tactical, emergency: false
[DEBUG] 16:17:48.478 [AiEngine] Using JS Search
[DEBUG] 16:17:48.581 [AiEngine] Adaptive time: 3000ms, depth: 3, reason: midgame, emergency: false
[DEBUG] 16:17:48.582 [AiEngine] Using JS Search
[DEBUG] 16:17:48.631 [AiEngine] Adaptive time: 3000ms, depth: 3, reason: midgame, tactical, emergency: false
[DEBUG] 16:17:48.631 [AiEngine] Using JS Search
[DEBUG] 16:17:48.760 [AiEngine] Adaptive time: 3000ms, depth: 3, reason: midgame, emergency: false
[DEBUG] 16:17:48.760 [AiEngine] Using JS Search
[DEBUG] 16:17:48.847 [AiEngine] Adaptive time: 3000ms, depth: 3, reason: midgame, tactical, emergency: false
[DEBUG] 16:17:48.847 [AiEngine] Using JS Search
[DEBUG] 16:17:48.903 [AiEngine] Adaptive time: 3000ms, depth: 3, reason: midgame, emergency: false
[DEBUG] 16:17:48.904 [AiEngine] Using JS Search
[DEBUG] 16:17:49.027 [AiEngine] Adaptive time: 3000ms, depth: 3, reason: midgame, tactical, emergency: false
[DEBUG] 16:17:49.027 [AiEngine] Using JS Search
[DEBUG] 16:17:49.113 [AiEngine] Adaptive time: 3000ms, depth: 3, reason: midgame, emergency: false
[DEBUG] 16:17:49.113 [AiEngine] Using JS Search
[DEBUG] 16:17:49.212 [AiEngine] Adaptive time: 3000ms, depth: 3, reason: midgame, tactical, emergency: false
[DEBUG] 16:17:49.212 [AiEngine] Using JS Search
[DEBUG] 16:17:49.275 [AiEngine] Adaptive time: 3000ms, depth: 3, reason: midgame, emergency: false
[DEBUG] 16:17:49.275 [AiEngine] Using JS Search
[DEBUG] 16:17:49.324 [AiEngine] Adaptive time: 3000ms, depth: 3, reason: midgame, tactical, emergency: false
[DEBUG] 16:17:49.324 [AiEngine] Using JS Search
[DEBUG] 16:17:49.379 [AiEngine] Adaptive time: 3000ms, depth: 3, reason: tactical, emergency: false
[DEBUG] 16:17:49.380 [AiEngine] Using JS Search
[DEBUG] 16:17:49.476 [AiEngine] Adaptive time: 3000ms, depth: 3, reason: tactical, emergency: false
[DEBUG] 16:17:49.476 [AiEngine] Using JS Search
[DEBUG] 16:17:49.533 [AiEngine] Adaptive time: 3000ms, depth: 3, reason: standard, emergency: false
[DEBUG] 16:17:49.533 [AiEngine] Using JS Search
[DEBUG] 16:17:49.624 [AiEngine] Adaptive time: 3000ms, depth: 3, reason: tactical, emergency: false
[DEBUG] 16:17:49.625 [AiEngine] Using JS Search
[DEBUG] 16:17:49.682 [AiEngine] Adaptive time: 3000ms, depth: 3, reason: tactical, emergency: false
[DEBUG] 16:17:49.682 [AiEngine] Using JS Search
[DEBUG] 16:17:49.802 [AiEngine] Adaptive time: 3000ms, depth: 3, reason: tactical, emergency: false
[DEBUG] 16:17:49.802 [AiEngine] Using JS Search
[DEBUG] 16:17:49.854 [AiEngine] Adaptive time: 3000ms, depth: 3, reason: endgame, tactical, emergency: false
[DEBUG] 16:17:49.854 [AiEngine] Using JS Search
[DEBUG] 16:17:49.923 [AiEngine] Adaptive time: 3000ms, depth: 3, reason: endgame, tactical, emergency: false
[DEBUG] 16:17:49.924 [AiEngine] Using JS Search
[DEBUG] 16:17:49.940 [AiEngine] Adaptive time: 3000ms, depth: 3, reason: endgame, emergency: false
[DEBUG] 16:17:49.940 [AiEngine] Using JS Search
[DEBUG] 16:17:49.973 [AiEngine] Adaptive time: 3000ms, depth: 3, reason: endgame, tactical, emergency: false
[DEBUG] 16:17:49.973 [AiEngine] Using JS Search
[DEBUG] 16:17:50.036 [AiEngine] Adaptive time: 3000ms, depth: 3, reason: endgame, emergency: false
[DEBUG] 16:17:50.036 [AiEngine] Using JS Search
[DEBUG] 16:17:50.071 [AiEngine] Adaptive time: 3000ms, depth: 3, reason: endgame, tactical, emergency: false
[DEBUG] 16:17:50.071 [AiEngine] Using JS Search
[DEBUG] 16:17:50.085 [AiEngine] Adaptive time: 3000ms, depth: 3, reason: endgame, emergency: false
[DEBUG] 16:17:50.085 [AiEngine] Using JS Search
[DEBUG] 16:17:50.127 [AiEngine] Adaptive time: 3000ms, depth: 3, reason: endgame, emergency: false
[DEBUG] 16:17:50.127 [AiEngine] Using JS Search
[DEBUG] 16:17:50.147 [AiEngine] Adaptive time: 3000ms, depth: 3, reason: endgame, emergency: false
[DEBUG] 16:17:50.147 [AiEngine] Using JS Search
[DEBUG] 16:17:50.191 [AiEngine] Adaptive time: 3000ms, depth: 3, reason: endgame, tactical, emergency: false
[DEBUG] 16:17:50.191 [AiEngine] Using JS Search
[DEBUG] 16:17:50.206 [AiEngine] Adaptive time: 3000ms, depth: 3, reason: endgame, emergency: false
[DEBUG] 16:17:50.206 [AiEngine] Using JS Search
[DEBUG] 16:17:50.235 [AiEngine] Adaptive time: 3000ms, depth: 3, reason: endgame, tactical, emergency: false
[DEBUG] 16:17:50.235 [AiEngine] Using JS Search
[DEBUG] 16:17:50.249 [AiEngine] Adaptive time: 3000ms, depth: 3, reason: endgame, emergency: false
[DEBUG] 16:17:50.249 [AiEngine] Using JS Search
[DEBUG] 16:17:50.261 [AiEngine] Adaptive time: 3000ms, depth: 3, reason: endgame, tactical, emergency: false
[DEBUG] 16:17:50.261 [AiEngine] Using JS Search
[DEBUG] 16:17:50.278 [AiEngine] Adaptive time: 3000ms, depth: 3, reason: endgame, emergency: false
[DEBUG] 16:17:50.278 [AiEngine] Using JS Search
[DEBUG] 16:17:50.293 [AiEngine] Adaptive time: 3000ms, depth: 3, reason: endgame, tactical, emergency: false
[DEBUG] 16:17:50.293 [AiEngine] Using JS Search
[DEBUG] 16:17:50.309 [AiEngine] Adaptive time: 3000ms, depth: 3, reason: endgame, emergency: false
[DEBUG] 16:17:50.309 [AiEngine] Using JS Search
[DEBUG] 16:17:50.321 [AiEngine] Adaptive time: 3000ms, depth: 3, reason: endgame, tactical, emergency: false
[DEBUG] 16:17:50.321 [AiEngine] Using JS Search
[DEBUG] 16:17:50.331 [AiEngine] Adaptive time: 3000ms, depth: 3, reason: endgame, emergency: false
[DEBUG] 16:17:50.331 [AiEngine] Using JS Search
[DEBUG] 16:17:50.344 [AiEngine] Adaptive time: 3000ms, depth: 3, reason: endgame, tactical, emergency: false
[DEBUG] 16:17:50.344 [AiEngine] Using JS Search
[DEBUG] 16:17:50.357 [AiEngine] Adaptive time: 3000ms, depth: 3, reason: endgame, in-check, emergency: false
[DEBUG] 16:17:50.357 [AiEngine] Using JS Search
[DEBUG] 16:17:50.365 [AiEngine] Adaptive time: 3000ms, depth: 3, reason: endgame, tactical, emergency: false
[DEBUG] 16:17:50.365 [AiEngine] Using JS Search
[DEBUG] 16:17:50.379 [AiEngine] Adaptive time: 3000ms, depth: 3, reason: endgame, in-check, emergency: false
[DEBUG] 16:17:50.379 [AiEngine] Using JS Search
[DEBUG] 16:17:50.388 [AiEngine] Adaptive time: 3000ms, depth: 3, reason: endgame, tactical, emergency: false
[DEBUG] 16:17:50.388 [AiEngine] Using JS Search
[DEBUG] 16:17:50.399 [AiEngine] Adaptive time: 3000ms, depth: 3, reason: endgame, emergency: false
[DEBUG] 16:17:50.399 [AiEngine] Using JS Search
[DEBUG] 16:17:50.414 [AiEngine] Adaptive time: 3000ms, depth: 3, reason: endgame, tactical, emergency: false
[DEBUG] 16:17:50.414 [AiEngine] Using JS Search
[DEBUG] 16:17:50.427 [AiEngine] Adaptive time: 3000ms, depth: 3, reason: endgame, emergency: false
[DEBUG] 16:17:50.427 [AiEngine] Using JS Search
[DEBUG] 16:17:50.455 [AiEngine] Adaptive time: 3000ms, depth: 3, reason: endgame, tactical, emergency: false
[DEBUG] 16:17:50.455 [AiEngine] Using JS Search
[DEBUG] 16:17:50.465 [AiEngine] Adaptive time: 3000ms, depth: 3, reason: endgame, in-check, emergency: false
[DEBUG] 16:17:50.465 [AiEngine] Using JS Search
[DEBUG] 16:17:50.475 [AiEngine] Adaptive time: 3000ms, depth: 3, reason: endgame, tactical, emergency: false
[DEBUG] 16:17:50.475 [AiEngine] Using JS Search
[DEBUG] 16:17:50.488 [AiEngine] Adaptive time: 3000ms, depth: 3, reason: endgame, emergency: false
[DEBUG] 16:17:50.488 [AiEngine] Using JS Search
[DEBUG] 16:17:50.498 [AiEngine] Adaptive time: 3000ms, depth: 3, reason: endgame, tactical, emergency: false
[DEBUG] 16:17:50.498 [AiEngine] Using JS Search
[DEBUG] 16:17:50.506 [AiEngine] Adaptive time: 500ms, depth: 3, reason: midgame, opening, emergency: false
[DEBUG] 16:17:50.506 [AiEngine] Using JS Search
[DEBUG] 16:17:50.542 [AiEngine] Adaptive time: 500ms, depth: 3, reason: midgame, opening, emergency: false
[DEBUG] 16:17:50.542 [AiEngine] Using JS Search
[DEBUG] 16:17:50.592 [AiEngine] Adaptive time: 500ms, depth: 3, reason: midgame, opening, emergency: false
[DEBUG] 16:17:50.592 [AiEngine] Using JS Search
[DEBUG] 16:17:50.634 [AiEngine] Adaptive time: 500ms, depth: 3, reason: midgame, opening, emergency: false
[DEBUG] 16:17:50.634 [AiEngine] Using JS Search
[DEBUG] 16:17:50.665 [AiEngine] Adaptive time: 500ms, depth: 3, reason: midgame, opening, emergency: false
[DEBUG] 16:17:50.665 [AiEngine] Using JS Search
[DEBUG] 16:17:50.742 [AiEngine] Adaptive time: 500ms, depth: 3, reason: midgame, opening, emergency: false
[DEBUG] 16:17:50.742 [AiEngine] Using JS Search
[DEBUG] 16:17:50.843 [AiEngine] Adaptive time: 500ms, depth: 3, reason: midgame, opening, tactical, emergency: false
[DEBUG] 16:17:50.843 [AiEngine] Using JS Search
[DEBUG] 16:17:50.917 [AiEngine] Adaptive time: 500ms, depth: 3, reason: midgame, opening, emergency: false
[DEBUG] 16:17:50.917 [AiEngine] Using JS Search
[DEBUG] 16:17:50.955 [AiEngine] Adaptive time: 500ms, depth: 3, reason: midgame, opening, emergency: false
[DEBUG] 16:17:50.955 [AiEngine] Using JS Search
[DEBUG] 16:17:50.987 [AiEngine] Adaptive time: 500ms, depth: 3, reason: midgame, opening, emergency: false
[DEBUG] 16:17:50.987 [AiEngine] Using JS Search
[DEBUG] 16:17:51.089 [AiEngine] Adaptive time: 500ms, depth: 3, reason: midgame, opening, tactical, emergency: false
[DEBUG] 16:17:51.089 [AiEngine] Using JS Search
[DEBUG] 16:17:51.131 [AiEngine] Adaptive time: 500ms, depth: 3, reason: midgame, opening, tactical, emergency: false
[DEBUG] 16:17:51.131 [AiEngine] Using JS Search
[DEBUG] 16:17:51.238 [AiEngine] Adaptive time: 500ms, depth: 3, reason: midgame, opening, in-check, tactical, emergency: false
[DEBUG] 16:17:51.238 [AiEngine] Using JS Search
[DEBUG] 16:17:51.366 [AiEngine] Adaptive time: 500ms, depth: 3, reason: midgame, opening, emergency: false
[DEBUG] 16:17:51.366 [AiEngine] Using JS Search
[DEBUG] 16:17:51.427 [AiEngine] Adaptive time: 500ms, depth: 3, reason: midgame, opening, emergency: false
[DEBUG] 16:17:51.427 [AiEngine] Using JS Search
[DEBUG] 16:17:51.470 [AiEngine] Adaptive time: 500ms, depth: 3, reason: midgame, opening, tactical, emergency: false
[DEBUG] 16:17:51.471 [AiEngine] Using JS Search
[DEBUG] 16:17:51.508 [AiEngine] Adaptive time: 500ms, depth: 3, reason: midgame, opening, tactical, emergency: false
[DEBUG] 16:17:51.508 [AiEngine] Using JS Search
[DEBUG] 16:17:51.549 [AiEngine] Adaptive time: 500ms, depth: 3, reason: midgame, opening, tactical, emergency: false
[DEBUG] 16:17:51.549 [AiEngine] Using JS Search
[DEBUG] 16:17:51.608 [AiEngine] Adaptive time: 500ms, depth: 3, reason: midgame, opening, tactical, emergency: false
[DEBUG] 16:17:51.608 [AiEngine] Using JS Search
[DEBUG] 16:17:51.637 [AiEngine] Adaptive time: 500ms, depth: 3, reason: midgame, opening, tactical, emergency: false
[DEBUG] 16:17:51.637 [AiEngine] Using JS Search
[DEBUG] 16:17:51.744 [AiEngine] Adaptive time: 500ms, depth: 3, reason: midgame, opening, in-check, emergency: false
[DEBUG] 16:17:51.744 [AiEngine] Using JS Search
[DEBUG] 16:17:51.770 [AiEngine] Adaptive time: 500ms, depth: 3, reason: midgame, opening, tactical, emergency: false
[DEBUG] 16:17:51.770 [AiEngine] Using JS Search
[DEBUG] 16:17:51.875 [AiEngine] Adaptive time: 500ms, depth: 3, reason: midgame, opening, tactical, emergency: false
[DEBUG] 16:17:51.876 [AiEngine] Using JS Search
[DEBUG] 16:17:51.939 [AiEngine] Adaptive time: 500ms, depth: 3, reason: midgame, opening, in-check, emergency: false
[DEBUG] 16:17:51.940 [AiEngine] Using JS Search
[DEBUG] 16:17:51.967 [AiEngine] Adaptive time: 500ms, depth: 3, reason: midgame, opening, emergency: false
[DEBUG] 16:17:51.968 [AiEngine] Using JS Search
[DEBUG] 16:17:52.133 [AiEngine] Adaptive time: 500ms, depth: 3, reason: midgame, opening, tactical, emergency: false
[DEBUG] 16:17:52.133 [AiEngine] Using JS Search
[DEBUG] 16:17:52.195 [AiEngine] Adaptive time: 500ms, depth: 3, reason: midgame, opening, emergency: false
[DEBUG] 16:17:52.195 [AiEngine] Using JS Search
[DEBUG] 16:17:52.318 [AiEngine] Adaptive time: 500ms, depth: 3, reason: midgame, opening, tactical, emergency: false
[DEBUG] 16:17:52.318 [AiEngine] Using JS Search
[DEBUG] 16:17:52.386 [AiEngine] Adaptive time: 500ms, depth: 3, reason: midgame, opening, in-check, emergency: false
[DEBUG] 16:17:52.386 [AiEngine] Using JS Search
[DEBUG] 16:17:52.413 [AiEngine] Adaptive time: 500ms, depth: 3, reason: midgame, opening, emergency: false
[DEBUG] 16:17:52.413 [AiEngine] Using JS Search
[DEBUG] 16:17:52.536 [AiEngine] Adaptive time: 500ms, depth: 3, reason: midgame, opening, emergency: false
[DEBUG] 16:17:52.536 [AiEngine] Using JS Search
[DEBUG] 16:17:52.640 [AiEngine] Adaptive time: 500ms, depth: 3, reason: midgame, opening, tactical, emergency: false
[DEBUG] 16:17:52.640 [AiEngine] Using JS Search
[DEBUG] 16:17:52.843 [AiEngine] Adaptive time: 500ms, depth: 3, reason: midgame, opening, in-check, emergency: false
[DEBUG] 16:17:52.844 [AiEngine] Using JS Search
[DEBUG] 16:17:52.861 [AiEngine] Adaptive time: 500ms, depth: 3, reason: midgame, opening, tactical, emergency: false
[DEBUG] 16:17:52.862 [AiEngine] Using JS Search
[DEBUG] 16:17:53.058 [AiEngine] Adaptive time: 500ms, depth: 3, reason: midgame, opening, in-check, emergency: false
[DEBUG] 16:17:53.058 [AiEngine] Using JS Search
[DEBUG] 16:17:53.144 [AiEngine] Adaptive time: 500ms, depth: 3, reason: midgame, opening, tactical, emergency: false
[DEBUG] 16:17:53.145 [AiEngine] Using JS Search
[DEBUG] 16:17:53.265 [AiEngine] Adaptive time: 500ms, depth: 3, reason: midgame, opening, in-check, emergency: false
[DEBUG] 16:17:53.266 [AiEngine] Using JS Search
[DEBUG] 16:17:53.297 [AiEngine] Adaptive time: 500ms, depth: 3, reason: midgame, opening, tactical, emergency: false
[DEBUG] 16:17:53.297 [AiEngine] Using JS Search
[DEBUG] 16:17:53.373 [AiEngine] Adaptive time: 500ms, depth: 3, reason: midgame, opening, emergency: false
[DEBUG] 16:17:53.373 [AiEngine] Using JS Search
[DEBUG] 16:17:53.520 [AiEngine] Adaptive time: 500ms, depth: 3, reason: midgame, opening, tactical, emergency: false
[DEBUG] 16:17:53.520 [AiEngine] Using JS Search
[DEBUG] 16:17:53.574 [AiEngine] Adaptive time: 3000ms, depth: 3, reason: midgame, tactical, emergency: false
[DEBUG] 16:17:53.574 [AiEngine] Using JS Search
[DEBUG] 16:17:53.721 [AiEngine] Adaptive time: 3000ms, depth: 3, reason: midgame, tactical, emergency: false
[DEBUG] 16:17:53.721 [AiEngine] Using JS Search
[DEBUG] 16:17:53.770 [AiEngine] Adaptive time: 3000ms, depth: 3, reason: midgame, tactical, emergency: false
[DEBUG] 16:17:53.770 [AiEngine] Using JS Search
[DEBUG] 16:17:53.904 [AiEngine] Adaptive time: 3000ms, depth: 3, reason: midgame, tactical, emergency: false
[DEBUG] 16:17:53.904 [AiEngine] Using JS Search
[DEBUG] 16:17:54.085 [AiEngine] Adaptive time: 3000ms, depth: 3, reason: midgame, tactical, emergency: false
[DEBUG] 16:17:54.085 [AiEngine] Using JS Search
[DEBUG] 16:17:54.144 [AiEngine] Adaptive time: 3000ms, depth: 3, reason: midgame, in-check, emergency: false
[DEBUG] 16:17:54.144 [AiEngine] Using JS Search
[DEBUG] 16:17:54.154 [AiEngine] Adaptive time: 3000ms, depth: 3, reason: midgame, tactical, emergency: false
[DEBUG] 16:17:54.154 [AiEngine] Using JS Search
[DEBUG] 16:17:54.175 [AiEngine] Adaptive time: 3000ms, depth: 3, reason: midgame, in-check, emergency: false
[DEBUG] 16:17:54.175 [AiEngine] Using JS Search
[DEBUG] 16:17:54.296 [AiEngine] Adaptive time: 3000ms, depth: 3, reason: midgame, tactical, emergency: false
[DEBUG] 16:17:54.296 [AiEngine] Using JS Search
[DEBUG] 16:17:54.365 [AiEngine] Adaptive time: 3000ms, depth: 3, reason: midgame, tactical, emergency: false
[DEBUG] 16:17:54.365 [AiEngine] Using JS Search
[DEBUG] 16:17:54.424 [AiEngine] Adaptive time: 3000ms, depth: 3, reason: midgame, in-check, emergency: false
[DEBUG] 16:17:54.424 [AiEngine] Using JS Search
[DEBUG] 16:17:54.435 [AiEngine] Adaptive time: 3000ms, depth: 3, reason: midgame, tactical, emergency: false
[DEBUG] 16:17:54.435 [AiEngine] Using JS Search
[DEBUG] 16:17:54.502 [AiEngine] Adaptive time: 3000ms, depth: 3, reason: midgame, emergency: false
[DEBUG] 16:17:54.502 [AiEngine] Using JS Search
[DEBUG] 16:17:54.579 [AiEngine] Adaptive time: 3000ms, depth: 3, reason: midgame, tactical, emergency: false
[DEBUG] 16:17:54.580 [AiEngine] Using JS Search
[DEBUG] 16:17:54.608 [AiEngine] Adaptive time: 3000ms, depth: 3, reason: midgame, emergency: false
[DEBUG] 16:17:54.608 [AiEngine] Using JS Search
[DEBUG] 16:17:54.643 [AiEngine] Adaptive time: 3000ms, depth: 3, reason: midgame, tactical, emergency: false
[DEBUG] 16:17:54.643 [AiEngine] Using JS Search
[DEBUG] 16:17:54.711 [AiEngine] Adaptive time: 3000ms, depth: 3, reason: midgame, emergency: false
[DEBUG] 16:17:54.711 [AiEngine] Using JS Search
[DEBUG] 16:17:54.747 [AiEngine] Adaptive time: 3000ms, depth: 3, reason: midgame, tactical, emergency: false
[DEBUG] 16:17:54.747 [AiEngine] Using JS Search
[DEBUG] 16:17:54.821 [AiEngine] Adaptive time: 3000ms, depth: 3, reason: midgame, in-check, emergency: false
[DEBUG] 16:17:54.821 [AiEngine] Using JS Search
[DEBUG] 16:17:54.880 [AiEngine] Adaptive time: 3000ms, depth: 3, reason: midgame, tactical, emergency: false
[DEBUG] 16:17:54.880 [AiEngine] Using JS Search
[DEBUG] 16:17:54.918 [AiEngine] Adaptive time: 3000ms, depth: 3, reason: midgame, in-check, tactical, emergency: false
[DEBUG] 16:17:54.918 [AiEngine] Using JS Search
[DEBUG] 16:17:54.931 [AiEngine] Adaptive time: 3000ms, depth: 3, reason: midgame, tactical, emergency: false
[DEBUG] 16:17:54.931 [AiEngine] Using JS Search
[DEBUG] 16:17:54.953 [AiEngine] Adaptive time: 3000ms, depth: 3, reason: midgame, in-check, emergency: false
[DEBUG] 16:17:54.953 [AiEngine] Using JS Search
[DEBUG] 16:17:54.960 [AiEngine] Adaptive time: 3000ms, depth: 3, reason: midgame, tactical, emergency: false
[DEBUG] 16:17:54.960 [AiEngine] Using JS Search
[DEBUG] 16:17:54.968 [AiEngine] Adaptive time: 3000ms, depth: 3, reason: midgame, emergency: false
[DEBUG] 16:17:54.968 [AiEngine] Using JS Search
[DEBUG] 16:17:54.999 [AiEngine] Adaptive time: 3000ms, depth: 3, reason: midgame, tactical, emergency: false
[DEBUG] 16:17:54.999 [AiEngine] Using JS Search
[DEBUG] 16:17:55.014 [AiEngine] Adaptive time: 3000ms, depth: 3, reason: midgame, emergency: false
[DEBUG] 16:17:55.014 [AiEngine] Using JS Search
[DEBUG] 16:17:55.040 [AiEngine] Adaptive time: 3000ms, depth: 3, reason: midgame, tactical, emergency: false
[DEBUG] 16:17:55.040 [AiEngine] Using JS Search
[DEBUG] 16:17:55.043 [AiEngine] Adaptive time: 3000ms, depth: 3, reason: midgame, emergency: false
[DEBUG] 16:17:55.043 [AiEngine] Using JS Search
[DEBUG] 16:17:55.067 [AiEngine] Adaptive time: 3000ms, depth: 3, reason: midgame, tactical, emergency: false
[DEBUG] 16:17:55.068 [AiEngine] Using JS Search
[DEBUG] 16:17:55.070 [AiEngine] Adaptive time: 3000ms, depth: 3, reason: tactical, emergency: false
[DEBUG] 16:17:55.070 [AiEngine] Using JS Search
[DEBUG] 16:17:55.104 [AiEngine] Adaptive time: 3000ms, depth: 3, reason: tactical, emergency: false
[DEBUG] 16:17:55.104 [AiEngine] Using JS Search
[DEBUG] 16:17:55.106 [AiEngine] Adaptive time: 3000ms, depth: 3, reason: tactical, emergency: false
[DEBUG] 16:17:55.106 [AiEngine] Using JS Search
[DEBUG] 16:17:55.129 [AiEngine] Adaptive time: 3000ms, depth: 3, reason: tactical, emergency: false
[DEBUG] 16:17:55.129 [AiEngine] Using JS Search
[DEBUG] 16:17:55.144 [AiEngine] Adaptive time: 3000ms, depth: 3, reason: standard, emergency: false
[DEBUG] 16:17:55.144 [AiEngine] Using JS Search
[DEBUG] 16:17:55.182 [AiEngine] Adaptive time: 3000ms, depth: 3, reason: tactical, emergency: false
[DEBUG] 16:17:55.182 [AiEngine] Using JS Search
[DEBUG] 16:17:55.197 [AiEngine] Adaptive time: 3000ms, depth: 3, reason: standard, emergency: false
[DEBUG] 16:17:55.197 [AiEngine] Using JS Search
[DEBUG] 16:17:55.239 [AiEngine] Adaptive time: 3000ms, depth: 3, reason: tactical, emergency: false
[DEBUG] 16:17:55.239 [AiEngine] Using JS Search
[DEBUG] 16:17:55.259 [AiEngine] Adaptive time: 3000ms, depth: 3, reason: standard, emergency: false
[DEBUG] 16:17:55.259 [AiEngine] Using JS Search
[DEBUG] 16:17:55.287 [AiEngine] Adaptive time: 3000ms, depth: 3, reason: tactical, emergency: false
[DEBUG] 16:17:55.287 [AiEngine] Using JS Search
[DEBUG] 16:17:55.307 [AiEngine] Adaptive time: 3000ms, depth: 3, reason: standard, emergency: false
[DEBUG] 16:17:55.307 [AiEngine] Using JS Search
[DEBUG] 16:17:55.338 [AiEngine] Adaptive time: 3000ms, depth: 3, reason: endgame, tactical, emergency: false
[DEBUG] 16:17:55.339 [AiEngine] Using JS Search
[DEBUG] 16:17:55.359 [AiEngine] Adaptive time: 3000ms, depth: 3, reason: endgame, emergency: false
[DEBUG] 16:17:55.360 [AiEngine] Using JS Search
[DEBUG] 16:17:55.388 [AiEngine] Adaptive time: 3000ms, depth: 3, reason: endgame, tactical, emergency: false
[DEBUG] 16:17:55.388 [AiEngine] Using JS Search
[DEBUG] 16:17:55.399 [AiEngine] Adaptive time: 3000ms, depth: 3, reason: endgame, in-check, emergency: false
[DEBUG] 16:17:55.399 [AiEngine] Using JS Search
[DEBUG] 16:17:55.449 [AiEngine] Adaptive time: 3000ms, depth: 3, reason: endgame, tactical, emergency: false
[DEBUG] 16:17:55.449 [AiEngine] Using JS Search
[DEBUG] 16:17:55.466 [AiEngine] Adaptive time: 3000ms, depth: 3, reason: endgame, emergency: false
[DEBUG] 16:17:55.466 [AiEngine] Using JS Search
[DEBUG] 16:17:55.488 [AiEngine] Adaptive time: 3000ms, depth: 3, reason: endgame, tactical, emergency: false
[DEBUG] 16:17:55.488 [AiEngine] Using JS Search
[DEBUG] 16:17:55.502 [AiEngine] Adaptive time: 3000ms, depth: 3, reason: endgame, emergency: false
[DEBUG] 16:17:55.502 [AiEngine] Using JS Search
[DEBUG] 16:17:55.528 [AiEngine] Adaptive time: 3000ms, depth: 3, reason: endgame, tactical, emergency: false
[DEBUG] 16:17:55.528 [AiEngine] Using JS Search
[DEBUG] 16:17:55.542 [AiEngine] Adaptive time: 3000ms, depth: 3, reason: endgame, in-check, emergency: false
[DEBUG] 16:17:55.542 [AiEngine] Using JS Search
[DEBUG] 16:17:55.553 [AiEngine] Adaptive time: 3000ms, depth: 3, reason: endgame, tactical, emergency: false
[DEBUG] 16:17:55.553 [AiEngine] Using JS Search
[DEBUG] 16:17:55.568 [AiEngine] Adaptive time: 3000ms, depth: 3, reason: endgame, emergency: false
[DEBUG] 16:17:55.568 [AiEngine] Using JS Search
[DEBUG] 16:17:55.593 [AiEngine] Adaptive time: 3000ms, depth: 3, reason: endgame, tactical, emergency: false
[DEBUG] 16:17:55.593 [AiEngine] Using JS Search
[DEBUG] 16:17:55.604 [AiEngine] Adaptive time: 3000ms, depth: 3, reason: endgame, tactical, emergency: false
[DEBUG] 16:17:55.604 [AiEngine] Using JS Search
[DEBUG] 16:17:55.616 [AiEngine] Adaptive time: 3000ms, depth: 3, reason: endgame, tactical, emergency: false
[DEBUG] 16:17:55.616 [AiEngine] Using JS Search
[DEBUG] 16:17:55.624 [AiEngine] Adaptive time: 3000ms, depth: 3, reason: endgame, in-check, emergency: false
[DEBUG] 16:17:55.624 [AiEngine] Using JS Search
[DEBUG] 16:17:55.629 [AiEngine] Adaptive time: 3000ms, depth: 3, reason: endgame, tactical, emergency: false
[DEBUG] 16:17:55.629 [AiEngine] Using JS Search
[DEBUG] 16:17:55.637 [AiEngine] Adaptive time: 3000ms, depth: 3, reason: endgame, emergency: false
[DEBUG] 16:17:55.637 [AiEngine] Using JS Search
[DEBUG] 16:17:55.644 [AiEngine] Adaptive time: 3000ms, depth: 3, reason: endgame, tactical, emergency: false
[DEBUG] 16:17:55.644 [AiEngine] Using JS Search
[DEBUG] 16:17:55.655 [AiEngine] Adaptive time: 500ms, depth: 3, reason: midgame, opening, emergency: false
[DEBUG] 16:17:55.655 [AiEngine] Using JS Search
[DEBUG] 16:17:55.691 [AiEngine] Adaptive time: 500ms, depth: 3, reason: midgame, opening, emergency: false
[DEBUG] 16:17:55.691 [AiEngine] Using JS Search
[DEBUG] 16:17:55.722 [AiEngine] Adaptive time: 500ms, depth: 3, reason: midgame, opening, tactical, emergency: false
[DEBUG] 16:17:55.722 [AiEngine] Using JS Search
[DEBUG] 16:17:55.816 [AiEngine] Adaptive time: 500ms, depth: 3, reason: midgame, opening, emergency: false
[DEBUG] 16:17:55.817 [AiEngine] Using JS Search
[DEBUG] 16:17:55.903 [AiEngine] Adaptive time: 500ms, depth: 3, reason: midgame, opening, tactical, emergency: false
[DEBUG] 16:17:55.903 [AiEngine] Using JS Search
[DEBUG] 16:17:55.956 [AiEngine] Adaptive time: 500ms, depth: 3, reason: midgame, opening, in-check, emergency: false
[DEBUG] 16:17:55.956 [AiEngine] Using JS Search
[DEBUG] 16:17:55.978 [AiEngine] Adaptive time: 500ms, depth: 3, reason: midgame, opening, emergency: false
[DEBUG] 16:17:55.978 [AiEngine] Using JS Search
[DEBUG] 16:17:56.068 [AiEngine] Adaptive time: 500ms, depth: 3, reason: midgame, opening, tactical, emergency: false
[DEBUG] 16:17:56.068 [AiEngine] Using JS Search
[DEBUG] 16:17:56.164 [AiEngine] Adaptive time: 500ms, depth: 3, reason: midgame, opening, emergency: false
[DEBUG] 16:17:56.164 [AiEngine] Using JS Search
[DEBUG] 16:17:56.195 [AiEngine] Adaptive time: 500ms, depth: 3, reason: midgame, opening, tactical, emergency: false
[DEBUG] 16:17:56.195 [AiEngine] Using JS Search
[DEBUG] 16:17:56.244 [AiEngine] Adaptive time: 500ms, depth: 3, reason: midgame, opening, emergency: false
[DEBUG] 16:17:56.244 [AiEngine] Using JS Search
[DEBUG] 16:17:56.335 [AiEngine] Adaptive time: 500ms, depth: 3, reason: midgame, opening, tactical, emergency: false
[DEBUG] 16:17:56.335 [AiEngine] Using JS Search
[DEBUG] 16:17:56.390 [AiEngine] Adaptive time: 500ms, depth: 3, reason: midgame, opening, emergency: false
[DEBUG] 16:17:56.390 [AiEngine] Using JS Search
[DEBUG] 16:17:56.490 [AiEngine] Adaptive time: 500ms, depth: 3, reason: midgame, opening, tactical, emergency: false
[DEBUG] 16:17:56.490 [AiEngine] Using JS Search
[DEBUG] 16:17:56.714 [AiEngine] Adaptive time: 500ms, depth: 3, reason: midgame, opening, tactical, emergency: false
[DEBUG] 16:17:56.714 [AiEngine] Using JS Search
[DEBUG] 16:17:56.815 [AiEngine] Adaptive time: 500ms, depth: 3, reason: midgame, opening, tactical, emergency: false
[DEBUG] 16:17:56.815 [AiEngine] Using JS Search
[DEBUG] 16:17:56.860 [AiEngine] Adaptive time: 500ms, depth: 3, reason: midgame, opening, tactical, emergency: false
[DEBUG] 16:17:56.861 [AiEngine] Using JS Search
[DEBUG] 16:17:56.907 [AiEngine] Adaptive time: 500ms, depth: 3, reason: midgame, opening, tactical, emergency: false
[DEBUG] 16:17:56.907 [AiEngine] Using JS Search
[DEBUG] 16:17:56.933 [AiEngine] Adaptive time: 500ms, depth: 3, reason: midgame, opening, tactical, emergency: false
[DEBUG] 16:17:56.933 [AiEngine] Using JS Search
[DEBUG] 16:17:57.038 [AiEngine] Adaptive time: 500ms, depth: 3, reason: midgame, opening, tactical, emergency: false
[DEBUG] 16:17:57.038 [AiEngine] Using JS Search
[DEBUG] 16:17:57.071 [AiEngine] Adaptive time: 500ms, depth: 3, reason: midgame, opening, emergency: false
[DEBUG] 16:17:57.071 [AiEngine] Using JS Search
[DEBUG] 16:17:57.172 [AiEngine] Adaptive time: 500ms, depth: 3, reason: midgame, opening, tactical, emergency: false
[DEBUG] 16:17:57.172 [AiEngine] Using JS Search
[DEBUG] 16:17:57.204 [AiEngine] Adaptive time: 500ms, depth: 3, reason: midgame, opening, emergency: false
[DEBUG] 16:17:57.204 [AiEngine] Using JS Search
[DEBUG] 16:17:57.269 [AiEngine] Adaptive time: 500ms, depth: 3, reason: midgame, opening, tactical, emergency: false
[DEBUG] 16:17:57.269 [AiEngine] Using JS Search
[DEBUG] 16:17:57.293 [AiEngine] Adaptive time: 500ms, depth: 3, reason: midgame, opening, emergency: false
[DEBUG] 16:17:57.293 [AiEngine] Using JS Search
[DEBUG] 16:17:57.347 [AiEngine] Adaptive time: 500ms, depth: 3, reason: midgame, opening, tactical, emergency: false
[DEBUG] 16:17:57.347 [AiEngine] Using JS Search
[DEBUG] 16:17:57.371 [AiEngine] Adaptive time: 500ms, depth: 3, reason: midgame, opening, emergency: false
[DEBUG] 16:17:57.371 [AiEngine] Using JS Search
[DEBUG] 16:17:57.473 [AiEngine] Adaptive time: 500ms, depth: 3, reason: midgame, opening, tactical, emergency: false
[DEBUG] 16:17:57.473 [AiEngine] Using JS Search
[DEBUG] 16:17:57.494 [AiEngine] Adaptive time: 500ms, depth: 3, reason: midgame, opening, tactical, emergency: false
[DEBUG] 16:17:57.494 [AiEngine] Using JS Search
[DEBUG] 16:17:57.551 [AiEngine] Adaptive time: 500ms, depth: 3, reason: midgame, opening, tactical, emergency: false
[DEBUG] 16:17:57.551 [AiEngine] Using JS Search
[DEBUG] 16:17:57.569 [AiEngine] Adaptive time: 500ms, depth: 3, reason: midgame, opening, emergency: false
[DEBUG] 16:17:57.569 [AiEngine] Using JS Search
[DEBUG] 16:17:57.610 [AiEngine] Adaptive time: 500ms, depth: 3, reason: midgame, opening, tactical, emergency: false
[DEBUG] 16:17:57.610 [AiEngine] Using JS Search
[DEBUG] 16:17:57.634 [AiEngine] Adaptive time: 500ms, depth: 3, reason: midgame, opening, tactical, emergency: false
[DEBUG] 16:17:57.634 [AiEngine] Using JS Search
[DEBUG] 16:17:57.682 [AiEngine] Adaptive time: 500ms, depth: 3, reason: midgame, opening, emergency: false
[DEBUG] 16:17:57.683 [AiEngine] Using JS Search
[DEBUG] 16:17:57.697 [AiEngine] Adaptive time: 500ms, depth: 3, reason: midgame, opening, tactical, emergency: false
[DEBUG] 16:17:57.697 [AiEngine] Using JS Search
[DEBUG] 16:17:57.757 [AiEngine] Adaptive time: 500ms, depth: 3, reason: midgame, opening, emergency: false
[DEBUG] 16:17:57.757 [AiEngine] Using JS Search
[DEBUG] 16:17:57.842 [AiEngine] Adaptive time: 500ms, depth: 3, reason: midgame, opening, tactical, emergency: false
[DEBUG] 16:17:57.842 [AiEngine] Using JS Search
[DEBUG] 16:17:57.964 [AiEngine] Adaptive time: 500ms, depth: 3, reason: midgame, opening, emergency: false
[DEBUG] 16:17:57.964 [AiEngine] Using JS Search
[DEBUG] 16:17:58.011 [AiEngine] Adaptive time: 500ms, depth: 3, reason: midgame, opening, tactical, emergency: false
[DEBUG] 16:17:58.011 [AiEngine] Using JS Search
[DEBUG] 16:17:58.089 [AiEngine] Adaptive time: 500ms, depth: 3, reason: midgame, opening, in-check, tactical, emergency: false
[DEBUG] 16:17:58.089 [AiEngine] Using JS Search
[DEBUG] 16:17:58.127 [AiEngine] Adaptive time: 3000ms, depth: 3, reason: midgame, tactical, emergency: false
[DEBUG] 16:17:58.127 [AiEngine] Using JS Search
[DEBUG] 16:17:58.187 [AiEngine] Adaptive time: 3000ms, depth: 3, reason: midgame, in-check, tactical, emergency: false
[DEBUG] 16:17:58.187 [AiEngine] Using JS Search
[DEBUG] 16:17:58.195 [AiEngine] Adaptive time: 3000ms, depth: 3, reason: midgame, tactical, emergency: false
[DEBUG] 16:17:58.195 [AiEngine] Using JS Search
[DEBUG] 16:17:58.241 [AiEngine] Adaptive time: 3000ms, depth: 3, reason: midgame, emergency: false
[DEBUG] 16:17:58.241 [AiEngine] Using JS Search
[DEBUG] 16:17:58.298 [AiEngine] Adaptive time: 3000ms, depth: 3, reason: midgame, tactical, emergency: false
[DEBUG] 16:17:58.298 [AiEngine] Using JS Search
[DEBUG] 16:17:58.357 [AiEngine] Adaptive time: 3000ms, depth: 3, reason: midgame, tactical, emergency: false
[DEBUG] 16:17:58.357 [AiEngine] Using JS Search
[DEBUG] 16:17:58.439 [AiEngine] Adaptive time: 3000ms, depth: 3, reason: midgame, tactical, emergency: false
[DEBUG] 16:17:58.439 [AiEngine] Using JS Search
[DEBUG] 16:17:58.479 [AiEngine] Adaptive time: 3000ms, depth: 3, reason: midgame, tactical, emergency: false
[DEBUG] 16:17:58.479 [AiEngine] Using JS Search
[DEBUG] 16:17:58.509 [AiEngine] Adaptive time: 3000ms, depth: 3, reason: midgame, tactical, emergency: false
[DEBUG] 16:17:58.509 [AiEngine] Using JS Search
[DEBUG] 16:17:58.537 [AiEngine] Adaptive time: 3000ms, depth: 3, reason: midgame, emergency: false
[DEBUG] 16:17:58.537 [AiEngine] Using JS Search
[DEBUG] 16:17:58.543 [AiEngine] Adaptive time: 3000ms, depth: 3, reason: tactical, emergency: false
[DEBUG] 16:17:58.543 [AiEngine] Using JS Search
[DEBUG] 16:17:58.581 [AiEngine] Adaptive time: 3000ms, depth: 3, reason: standard, emergency: false
[DEBUG] 16:17:58.581 [AiEngine] Using JS Search
[DEBUG] 16:17:58.623 [AiEngine] Adaptive time: 3000ms, depth: 3, reason: tactical, emergency: false
[DEBUG] 16:17:58.623 [AiEngine] Using JS Search
[DEBUG] 16:17:58.667 [AiEngine] Adaptive time: 3000ms, depth: 3, reason: standard, emergency: false
[DEBUG] 16:17:58.667 [AiEngine] Using JS Search
[DEBUG] 16:17:58.739 [AiEngine] Adaptive time: 3000ms, depth: 3, reason: tactical, emergency: false
[DEBUG] 16:17:58.739 [AiEngine] Using JS Search
[DEBUG] 16:17:58.769 [AiEngine] Adaptive time: 3000ms, depth: 3, reason: standard, emergency: false
[DEBUG] 16:17:58.769 [AiEngine] Using JS Search
[DEBUG] 16:17:58.815 [AiEngine] Adaptive time: 3000ms, depth: 3, reason: tactical, emergency: false
[DEBUG] 16:17:58.815 [AiEngine] Using JS Search
[DEBUG] 16:17:58.831 [AiEngine] Adaptive time: 3000ms, depth: 3, reason: in-check, emergency: false
[DEBUG] 16:17:58.831 [AiEngine] Using JS Search
[DEBUG] 16:17:58.851 [AiEngine] Adaptive time: 3000ms, depth: 3, reason: tactical, emergency: false
[DEBUG] 16:17:58.851 [AiEngine] Using JS Search
[DEBUG] 16:17:58.863 [AiEngine] Adaptive time: 3000ms, depth: 3, reason: standard, emergency: false
[DEBUG] 16:17:58.863 [AiEngine] Using JS Search
[DEBUG] 16:17:58.880 [AiEngine] Adaptive time: 3000ms, depth: 3, reason: tactical, emergency: false
[DEBUG] 16:17:58.880 [AiEngine] Using JS Search
[DEBUG] 16:17:58.904 [AiEngine] Adaptive time: 3000ms, depth: 3, reason: endgame, emergency: false
[DEBUG] 16:17:58.904 [AiEngine] Using JS Search
[DEBUG] 16:17:58.923 [AiEngine] Adaptive time: 3000ms, depth: 3, reason: endgame, tactical, emergency: false
[DEBUG] 16:17:58.923 [AiEngine] Using JS Search
[DEBUG] 16:17:58.950 [AiEngine] Adaptive time: 3000ms, depth: 3, reason: endgame, emergency: false
[DEBUG] 16:17:58.950 [AiEngine] Using JS Search
[DEBUG] 16:17:58.984 [AiEngine] Adaptive time: 3000ms, depth: 3, reason: endgame, tactical, emergency: false
[DEBUG] 16:17:58.984 [AiEngine] Using JS Search
[DEBUG] 16:17:59.005 [AiEngine] Adaptive time: 3000ms, depth: 3, reason: endgame, emergency: false
[DEBUG] 16:17:59.005 [AiEngine] Using JS Search
[DEBUG] 16:17:59.018 [AiEngine] Adaptive time: 3000ms, depth: 3, reason: endgame, tactical, emergency: false
[DEBUG] 16:17:59.018 [AiEngine] Using JS Search
[DEBUG] 16:17:59.039 [AiEngine] Adaptive time: 3000ms, depth: 3, reason: endgame, emergency: false
[DEBUG] 16:17:59.039 [AiEngine] Using JS Search
[DEBUG] 16:17:59.062 [AiEngine] Adaptive time: 3000ms, depth: 3, reason: endgame, tactical, emergency: false
[DEBUG] 16:17:59.062 [AiEngine] Using JS Search
[DEBUG] 16:17:59.085 [AiEngine] Adaptive time: 3000ms, depth: 3, reason: endgame, emergency: false
[DEBUG] 16:17:59.085 [AiEngine] Using JS Search
[DEBUG] 16:17:59.103 [AiEngine] Adaptive time: 3000ms, depth: 3, reason: endgame, tactical, emergency: false
[DEBUG] 16:17:59.103 [AiEngine] Using JS Search
[DEBUG] 16:17:59.116 [AiEngine] Adaptive time: 3000ms, depth: 3, reason: endgame, emergency: false
[DEBUG] 16:17:59.116 [AiEngine] Using JS Search
[DEBUG] 16:17:59.153 [AiEngine] Adaptive time: 3000ms, depth: 3, reason: endgame, tactical, emergency: false
[DEBUG] 16:17:59.153 [AiEngine] Using JS Search
[DEBUG] 16:17:59.168 [AiEngine] Adaptive time: 3000ms, depth: 3, reason: endgame, emergency: false
[DEBUG] 16:17:59.168 [AiEngine] Using JS Search
[DEBUG] 16:17:59.183 [AiEngine] Adaptive time: 3000ms, depth: 3, reason: endgame, tactical, emergency: false
[DEBUG] 16:17:59.183 [AiEngine] Using JS Search
[DEBUG] 16:17:59.195 [AiEngine] Adaptive time: 3000ms, depth: 3, reason: endgame, emergency: false
[DEBUG] 16:17:59.195 [AiEngine] Using JS Search
[DEBUG] 16:17:59.222 [AiEngine] Adaptive time: 3000ms, depth: 3, reason: endgame, tactical, emergency: false
[DEBUG] 16:17:59.222 [AiEngine] Using JS Search
[DEBUG] 16:17:59.235 [AiEngine] Adaptive time: 3000ms, depth: 3, reason: endgame, emergency: false
[DEBUG] 16:17:59.235 [AiEngine] Using JS Search
[DEBUG] 16:17:59.262 [AiEngine] Adaptive time: 3000ms, depth: 3, reason: endgame, tactical, emergency: false
[DEBUG] 16:17:59.262 [AiEngine] Using JS Search
[DEBUG] 16:17:59.273 [AiEngine] Adaptive time: 3000ms, depth: 3, reason: endgame, emergency: false
[DEBUG] 16:17:59.273 [AiEngine] Using JS Search
[DEBUG] 16:17:59.299 [AiEngine] Adaptive time: 3000ms, depth: 3, reason: endgame, tactical, emergency: false
[DEBUG] 16:17:59.299 [AiEngine] Using JS Search
[DEBUG] 16:17:59.327 [AiEngine] Adaptive time: 3000ms, depth: 3, reason: endgame, emergency: false
[DEBUG] 16:17:59.327 [AiEngine] Using JS Search
[DEBUG] 16:17:59.333 [AiEngine] Adaptive time: 3000ms, depth: 3, reason: endgame, tactical, emergency: false
[DEBUG] 16:17:59.333 [AiEngine] Using JS Search
[DEBUG] 16:17:59.340 [AiEngine] Adaptive time: 3000ms, depth: 3, reason: endgame, emergency: false
[DEBUG] 16:17:59.340 [AiEngine] Using JS Search
[DEBUG] 16:17:59.347 [AiEngine] Adaptive time: 3000ms, depth: 3, reason: endgame, emergency: false
[DEBUG] 16:17:59.347 [AiEngine] Using JS Search
[DEBUG] 16:17:59.354 [AiEngine] Adaptive time: 3000ms, depth: 3, reason: endgame, emergency: false
[DEBUG] 16:17:59.354 [AiEngine] Using JS Search
[DEBUG] 16:17:59.360 [AiEngine] Adaptive time: 3000ms, depth: 3, reason: endgame, tactical, emergency: false
[DEBUG] 16:17:59.360 [AiEngine] Using JS Search
[DEBUG] 16:17:59.367 [AiEngine] Adaptive time: 3000ms, depth: 3, reason: endgame, emergency: false
[DEBUG] 16:17:59.367 [AiEngine] Using JS Search
[DEBUG] 16:17:59.376 [AiEngine] Adaptive time: 3000ms, depth: 3, reason: endgame, emergency: false
[DEBUG] 16:17:59.376 [AiEngine] Using JS Search
[DEBUG] 16:17:59.383 [AiEngine] Adaptive time: 3000ms, depth: 3, reason: endgame, emergency: false
[DEBUG] 16:17:59.383 [AiEngine] Using JS Search
[DEBUG] 16:17:59.388 [AiEngine] Adaptive time: 3000ms, depth: 3, reason: endgame, tactical, emergency: false
[DEBUG] 16:17:59.388 [AiEngine] Using JS Search
[DEBUG] 16:17:59.399 [AiEngine] Adaptive time: 3000ms, depth: 3, reason: endgame, emergency: false
[DEBUG] 16:17:59.400 [AiEngine] Using JS Search
[DEBUG] 16:17:59.409 [AiEngine] Adaptive time: 3000ms, depth: 3, reason: endgame, emergency: false
[DEBUG] 16:17:59.409 [AiEngine] Using JS Search
[DEBUG] 16:17:59.416 [AiEngine] Adaptive time: 3000ms, depth: 3, reason: endgame, emergency: false
[DEBUG] 16:17:59.416 [AiEngine] Using JS Search
[DEBUG] 16:17:59.423 [AiEngine] Adaptive time: 3000ms, depth: 3, reason: endgame, tactical, emergency: false
[DEBUG] 16:17:59.423 [AiEngine] Using JS Search
[DEBUG] 16:17:59.427 [AiEngine] Adaptive time: 3000ms, depth: 3, reason: endgame, emergency: false
[DEBUG] 16:17:59.427 [AiEngine] Using JS Search
[DEBUG] 16:17:59.431 [AiEngine] Adaptive time: 3000ms, depth: 3, reason: endgame, emergency: false
[DEBUG] 16:17:59.431 [AiEngine] Using JS Search
[DEBUG] 16:17:59.452 [AiEngine] Adaptive time: 3000ms, depth: 3, reason: endgame, emergency: false
[DEBUG] 16:17:59.452 [AiEngine] Using JS Search
[DEBUG] 16:17:59.461 [AiEngine] Adaptive time: 3000ms, depth: 3, reason: endgame, emergency: false
[DEBUG] 16:17:59.461 [AiEngine] Using JS Search
[DEBUG] 16:17:59.468 [AiEngine] Adaptive time: 3000ms, depth: 3, reason: endgame, emergency: false
[DEBUG] 16:17:59.468 [AiEngine] Using JS Search
[DEBUG] 16:17:59.474 [AiEngine] Adaptive time: 500ms, depth: 3, reason: midgame, opening, emergency: false
[DEBUG] 16:17:59.474 [AiEngine] Using JS Search
[DEBUG] 16:17:59.509 [AiEngine] Adaptive time: 500ms, depth: 3, reason: midgame, opening, emergency: false
[DEBUG] 16:17:59.509 [AiEngine] Using JS Search
[DEBUG] 16:17:59.542 [AiEngine] Adaptive time: 500ms, depth: 3, reason: midgame, opening, tactical, emergency: false
[DEBUG] 16:17:59.542 [AiEngine] Using JS Search
[DEBUG] 16:17:59.582 [AiEngine] Adaptive time: 500ms, depth: 3, reason: midgame, opening, emergency: false
[DEBUG] 16:17:59.582 [AiEngine] Using JS Search
[DEBUG] 16:17:59.619 [AiEngine] Adaptive time: 500ms, depth: 3, reason: midgame, opening, tactical, emergency: false
[DEBUG] 16:17:59.619 [AiEngine] Using JS Search
[DEBUG] 16:17:59.668 [AiEngine] Adaptive time: 500ms, depth: 3, reason: midgame, opening, in-check, tactical, emergency: false
[DEBUG] 16:17:59.668 [AiEngine] Using JS Search
[DEBUG] 16:17:59.738 [AiEngine] Adaptive time: 500ms, depth: 3, reason: midgame, opening, emergency: false
[DEBUG] 16:17:59.738 [AiEngine] Using JS Search
[DEBUG] 16:17:59.805 [AiEngine] Adaptive time: 500ms, depth: 3, reason: midgame, opening, emergency: false
[DEBUG] 16:17:59.805 [AiEngine] Using JS Search
[DEBUG] 16:17:59.836 [AiEngine] Adaptive time: 500ms, depth: 3, reason: midgame, opening, emergency: false
[DEBUG] 16:17:59.836 [AiEngine] Using JS Search
[DEBUG] 16:17:59.907 [AiEngine] Adaptive time: 500ms, depth: 3, reason: midgame, opening, tactical, emergency: false
[DEBUG] 16:17:59.907 [AiEngine] Using JS Search
[DEBUG] 16:17:59.933 [AiEngine] Adaptive time: 500ms, depth: 3, reason: midgame, opening, in-check, emergency: false
[DEBUG] 16:17:59.934 [AiEngine] Using JS Search
[DEBUG] 16:17:59.954 [AiEngine] Adaptive time: 500ms, depth: 3, reason: midgame, opening, emergency: false
[DEBUG] 16:17:59.954 [AiEngine] Using JS Search
[DEBUG] 16:18:00.048 [AiEngine] Adaptive time: 500ms, depth: 3, reason: midgame, opening, tactical, emergency: false
[DEBUG] 16:18:00.048 [AiEngine] Using JS Search
[DEBUG] 16:18:00.113 [AiEngine] Adaptive time: 500ms, depth: 3, reason: midgame, opening, in-check, emergency: false
[DEBUG] 16:18:00.113 [AiEngine] Using JS Search
[DEBUG] 16:18:00.158 [AiEngine] Adaptive time: 500ms, depth: 3, reason: midgame, opening, emergency: false
[DEBUG] 16:18:00.158 [AiEngine] Using JS Search
[DEBUG] 16:18:00.234 [AiEngine] Adaptive time: 500ms, depth: 3, reason: midgame, opening, tactical, emergency: false
[DEBUG] 16:18:00.234 [AiEngine] Using JS Search
[DEBUG] 16:18:00.271 [AiEngine] Adaptive time: 500ms, depth: 3, reason: midgame, opening, emergency: false
[DEBUG] 16:18:00.271 [AiEngine] Using JS Search
[DEBUG] 16:18:00.563 [AiEngine] Adaptive time: 500ms, depth: 3, reason: midgame, opening, tactical, emergency: false
[DEBUG] 16:18:00.563 [AiEngine] Using JS Search
[DEBUG] 16:18:00.611 [AiEngine] Adaptive time: 500ms, depth: 3, reason: midgame, opening, emergency: false
[DEBUG] 16:18:00.611 [AiEngine] Using JS Search
[DEBUG] 16:18:00.731 [AiEngine] Adaptive time: 500ms, depth: 3, reason: midgame, opening, tactical, emergency: false
[DEBUG] 16:18:00.731 [AiEngine] Using JS Search
[DEBUG] 16:18:00.766 [AiEngine] Adaptive time: 500ms, depth: 3, reason: midgame, opening, in-check, tactical, emergency: false
[DEBUG] 16:18:00.766 [AiEngine] Using JS Search
[DEBUG] 16:18:00.796 [AiEngine] Adaptive time: 500ms, depth: 3, reason: midgame, opening, tactical, emergency: false
[DEBUG] 16:18:00.796 [AiEngine] Using JS Search
[DEBUG] 16:18:00.864 [AiEngine] Adaptive time: 500ms, depth: 3, reason: midgame, opening, emergency: false
[DEBUG] 16:18:00.864 [AiEngine] Using JS Search
[DEBUG] 16:18:00.911 [AiEngine] Adaptive time: 500ms, depth: 3, reason: midgame, opening, tactical, emergency: false
[DEBUG] 16:18:00.911 [AiEngine] Using JS Search
[DEBUG] 16:18:00.972 [AiEngine] Adaptive time: 500ms, depth: 3, reason: midgame, opening, emergency: false
[DEBUG] 16:18:00.972 [AiEngine] Using JS Search
[DEBUG] 16:18:01.040 [AiEngine] Adaptive time: 500ms, depth: 3, reason: midgame, opening, tactical, emergency: false
[DEBUG] 16:18:01.040 [AiEngine] Using JS Search
[DEBUG] 16:18:01.072 [AiEngine] Adaptive time: 500ms, depth: 3, reason: midgame, opening, tactical, emergency: false
[DEBUG] 16:18:01.072 [AiEngine] Using JS Search
[DEBUG] 16:18:01.111 [AiEngine] Adaptive time: 500ms, depth: 3, reason: midgame, opening, tactical, emergency: false
[DEBUG] 16:18:01.111 [AiEngine] Using JS Search
[DEBUG] 16:18:01.155 [AiEngine] Adaptive time: 500ms, depth: 3, reason: midgame, opening, in-check, emergency: false
[DEBUG] 16:18:01.155 [AiEngine] Using JS Search
[DEBUG] 16:18:01.168 [AiEngine] Adaptive time: 500ms, depth: 3, reason: midgame, opening, tactical, emergency: false
[DEBUG] 16:18:01.168 [AiEngine] Using JS Search
[DEBUG] 16:18:01.208 [AiEngine] Adaptive time: 500ms, depth: 3, reason: midgame, opening, tactical, emergency: false
[DEBUG] 16:18:01.209 [AiEngine] Using JS Search
[DEBUG] 16:18:01.270 [AiEngine] Adaptive time: 500ms, depth: 3, reason: midgame, opening, tactical, emergency: false
[DEBUG] 16:18:01.270 [AiEngine] Using JS Search
[DEBUG] 16:18:01.532 [AiEngine] Adaptive time: 500ms, depth: 3, reason: midgame, opening, tactical, emergency: false
[DEBUG] 16:18:01.532 [AiEngine] Using JS Search
[DEBUG] 16:18:01.627 [AiEngine] Adaptive time: 500ms, depth: 3, reason: midgame, opening, in-check, emergency: false
[DEBUG] 16:18:01.627 [AiEngine] Using JS Search
[DEBUG] 16:18:01.662 [AiEngine] Adaptive time: 500ms, depth: 3, reason: midgame, opening, tactical, emergency: false
[DEBUG] 16:18:01.662 [AiEngine] Using JS Search
[DEBUG] 16:18:01.711 [AiEngine] Adaptive time: 500ms, depth: 3, reason: midgame, opening, tactical, emergency: false
[DEBUG] 16:18:01.712 [AiEngine] Using JS Search
[DEBUG] 16:18:01.872 [AiEngine] Adaptive time: 500ms, depth: 3, reason: midgame, opening, tactical, emergency: false
[DEBUG] 16:18:01.872 [AiEngine] Using JS Search
[DEBUG] 16:18:01.961 [AiEngine] Adaptive time: 500ms, depth: 3, reason: midgame, opening, tactical, emergency: false
[DEBUG] 16:18:01.961 [AiEngine] Using JS Search
[DEBUG] 16:18:02.049 [AiEngine] Adaptive time: 500ms, depth: 3, reason: midgame, opening, tactical, emergency: false
[DEBUG] 16:18:02.049 [AiEngine] Using JS Search
[DEBUG] 16:18:02.105 [AiEngine] Adaptive time: 500ms, depth: 3, reason: midgame, opening, tactical, emergency: false
[DEBUG] 16:18:02.105 [AiEngine] Using JS Search
[DEBUG] 16:18:02.269 [AiEngine] Adaptive time: 3000ms, depth: 3, reason: midgame, tactical, emergency: false
[DEBUG] 16:18:02.269 [AiEngine] Using JS Search
[DEBUG] 16:18:02.362 [AiEngine] Adaptive time: 3000ms, depth: 3, reason: midgame, tactical, emergency: false
[DEBUG] 16:18:02.363 [AiEngine] Using JS Search
[DEBUG] 16:18:02.418 [AiEngine] Adaptive time: 3000ms, depth: 3, reason: midgame, tactical, emergency: false
[DEBUG] 16:18:02.418 [AiEngine] Using JS Search
[DEBUG] 16:18:02.517 [AiEngine] Adaptive time: 3000ms, depth: 3, reason: midgame, emergency: false
[DEBUG] 16:18:02.517 [AiEngine] Using JS Search
[DEBUG] 16:18:02.649 [AiEngine] Adaptive time: 3000ms, depth: 3, reason: midgame, tactical, emergency: false
[DEBUG] 16:18:02.650 [AiEngine] Using JS Search
[DEBUG] 16:18:02.713 [AiEngine] Adaptive time: 3000ms, depth: 3, reason: tactical, emergency: false
[DEBUG] 16:18:02.713 [AiEngine] Using JS Search
[DEBUG] 16:18:02.796 [AiEngine] Adaptive time: 3000ms, depth: 3, reason: standard, emergency: false
[DEBUG] 16:18:02.796 [AiEngine] Using JS Search
[DEBUG] 16:18:02.852 [AiEngine] Adaptive time: 3000ms, depth: 3, reason: tactical, emergency: false
[DEBUG] 16:18:02.852 [AiEngine] Using JS Search
[DEBUG] 16:18:02.944 [AiEngine] Adaptive time: 3000ms, depth: 3, reason: standard, emergency: false
[DEBUG] 16:18:02.944 [AiEngine] Using JS Search
[DEBUG] 16:18:03.013 [AiEngine] Adaptive time: 3000ms, depth: 3, reason: tactical, emergency: false
[DEBUG] 16:18:03.013 [AiEngine] Using JS Search
[DEBUG] 16:18:03.115 [AiEngine] Adaptive time: 3000ms, depth: 3, reason: standard, emergency: false
[DEBUG] 16:18:03.115 [AiEngine] Using JS Search
[DEBUG] 16:18:03.150 [AiEngine] Adaptive time: 3000ms, depth: 3, reason: tactical, emergency: false
[DEBUG] 16:18:03.150 [AiEngine] Using JS Search
[DEBUG] 16:18:03.233 [AiEngine] Adaptive time: 3000ms, depth: 3, reason: tactical, emergency: false
[DEBUG] 16:18:03.233 [AiEngine] Using JS Search
[DEBUG] 16:18:03.270 [AiEngine] Adaptive time: 3000ms, depth: 3, reason: tactical, emergency: false
[DEBUG] 16:18:03.270 [AiEngine] Using JS Search
[DEBUG] 16:18:03.378 [AiEngine] Adaptive time: 3000ms, depth: 3, reason: standard, emergency: false
[DEBUG] 16:18:03.378 [AiEngine] Using JS Search
[DEBUG] 16:18:03.400 [AiEngine] Adaptive time: 3000ms, depth: 3, reason: standard, emergency: false
[DEBUG] 16:18:03.400 [AiEngine] Using JS Search
[DEBUG] 16:18:03.430 [AiEngine] Adaptive time: 3000ms, depth: 3, reason: standard, emergency: false
[DEBUG] 16:18:03.430 [AiEngine] Using JS Search
[DEBUG] 16:18:03.468 [AiEngine] Adaptive time: 3000ms, depth: 3, reason: endgame, tactical, emergency: false
[DEBUG] 16:18:03.469 [AiEngine] Using JS Search
[DEBUG] 16:18:03.562 [AiEngine] Adaptive time: 3000ms, depth: 3, reason: endgame, tactical, emergency: false
[DEBUG] 16:18:03.562 [AiEngine] Using JS Search
[DEBUG] 16:18:03.569 [AiEngine] Adaptive time: 3000ms, depth: 3, reason: endgame, emergency: false
[DEBUG] 16:18:03.569 [AiEngine] Using JS Search
[DEBUG] 16:18:03.596 [AiEngine] Adaptive time: 3000ms, depth: 3, reason: endgame, tactical, emergency: false
[DEBUG] 16:18:03.596 [AiEngine] Using JS Search
[DEBUG] 16:18:03.610 [AiEngine] Adaptive time: 3000ms, depth: 3, reason: endgame, tactical, emergency: false
[DEBUG] 16:18:03.610 [AiEngine] Using JS Search
[DEBUG] 16:18:03.635 [AiEngine] Adaptive time: 3000ms, depth: 3, reason: endgame, emergency: false
[DEBUG] 16:18:03.635 [AiEngine] Using JS Search
[DEBUG] 16:18:03.642 [AiEngine] Adaptive time: 3000ms, depth: 3, reason: endgame, emergency: false
[DEBUG] 16:18:03.642 [AiEngine] Using JS Search
[DEBUG] 16:18:03.650 [AiEngine] Adaptive time: 3000ms, depth: 3, reason: endgame, emergency: false
[DEBUG] 16:18:03.650 [AiEngine] Using JS Search
[DEBUG] 16:18:03.656 [AiEngine] Adaptive time: 3000ms, depth: 3, reason: endgame, emergency: false
[DEBUG] 16:18:03.656 [AiEngine] Using JS Search
[DEBUG] 16:18:03.662 [AiEngine] Adaptive time: 3000ms, depth: 3, reason: endgame, emergency: false
[DEBUG] 16:18:03.663 [AiEngine] Using JS Search
[DEBUG] 16:18:03.666 [AiEngine] Adaptive time: 3000ms, depth: 3, reason: endgame, emergency: false
[DEBUG] 16:18:03.666 [AiEngine] Using JS Search
[DEBUG] 16:18:03.672 [AiEngine] Adaptive time: 3000ms, depth: 3, reason: endgame, emergency: false
[DEBUG] 16:18:03.672 [AiEngine] Using JS Search
[DEBUG] 16:18:03.678 [AiEngine] Adaptive time: 3000ms, depth: 3, reason: endgame, emergency: false
[DEBUG] 16:18:03.678 [AiEngine] Using JS Search
[DEBUG] 16:18:03.685 [AiEngine] Adaptive time: 3000ms, depth: 3, reason: endgame, emergency: false
[DEBUG] 16:18:03.686 [AiEngine] Using JS Search
[DEBUG] 16:18:03.690 [AiEngine] Adaptive time: 3000ms, depth: 3, reason: endgame, emergency: false
[DEBUG] 16:18:03.690 [AiEngine] Using JS Search
[DEBUG] 16:18:03.695 [AiEngine] Adaptive time: 3000ms, depth: 3, reason: endgame, emergency: false
[DEBUG] 16:18:03.695 [AiEngine] Using JS Search
[DEBUG] 16:18:03.701 [AiEngine] Adaptive time: 3000ms, depth: 3, reason: endgame, emergency: false
[DEBUG] 16:18:03.701 [AiEngine] Using JS Search
[DEBUG] 16:18:03.708 [AiEngine] Adaptive time: 3000ms, depth: 3, reason: endgame, emergency: false
[DEBUG] 16:18:03.708 [AiEngine] Using JS Search
[DEBUG] 16:18:03.713 [AiEngine] Adaptive time: 3000ms, depth: 3, reason: endgame, emergency: false
[DEBUG] 16:18:03.713 [AiEngine] Using JS Search
[DEBUG] 16:18:03.717 [AiEngine] Adaptive time: 3000ms, depth: 3, reason: endgame, emergency: false
[DEBUG] 16:18:03.717 [AiEngine] Using JS Search
[DEBUG] 16:18:03.724 [AiEngine] Adaptive time: 3000ms, depth: 3, reason: endgame, emergency: false
[DEBUG] 16:18:03.724 [AiEngine] Using JS Search
[DEBUG] 16:18:03.732 [AiEngine] Adaptive time: 3000ms, depth: 3, reason: endgame, emergency: false
[DEBUG] 16:18:03.732 [AiEngine] Using JS Search
[DEBUG] 16:18:03.741 [AiEngine] Adaptive time: 3000ms, depth: 3, reason: endgame, emergency: false
[DEBUG] 16:18:03.741 [AiEngine] Using JS Search
[DEBUG] 16:18:03.748 [AiEngine] Adaptive time: 3000ms, depth: 3, reason: endgame, tactical, emergency: false
[DEBUG] 16:18:03.748 [AiEngine] Using JS Search
[DEBUG] 16:18:03.758 [AiEngine] Adaptive time: 3000ms, depth: 3, reason: endgame, emergency: false
[DEBUG] 16:18:03.758 [AiEngine] Using JS Search
[DEBUG] 16:18:03.764 [AiEngine] Adaptive time: 3000ms, depth: 3, reason: endgame, emergency: false
[DEBUG] 16:18:03.764 [AiEngine] Using JS Search
[DEBUG] 16:18:03.775 [AiEngine] Adaptive time: 3000ms, depth: 3, reason: endgame, emergency: false
[DEBUG] 16:18:03.775 [AiEngine] Using JS Search
[DEBUG] 16:18:03.783 [AiEngine] Adaptive time: 3000ms, depth: 3, reason: endgame, tactical, emergency: false
[DEBUG] 16:18:03.783 [AiEngine] Using JS Search
[DEBUG] 16:18:03.792 [AiEngine] Adaptive time: 3000ms, depth: 3, reason: endgame, emergency: false
[DEBUG] 16:18:03.793 [AiEngine] Using JS Search
[DEBUG] 16:18:03.797 [AiEngine] Adaptive time: 3000ms, depth: 3, reason: endgame, tactical, emergency: false
[DEBUG] 16:18:03.797 [AiEngine] Using JS Search
[DEBUG] 16:18:03.809 [AiEngine] Adaptive time: 3000ms, depth: 3, reason: endgame, emergency: false
[DEBUG] 16:18:03.809 [AiEngine] Using JS Search
[DEBUG] 16:18:03.815 [AiEngine] Adaptive time: 3000ms, depth: 3, reason: endgame, tactical, emergency: false
[DEBUG] 16:18:03.815 [AiEngine] Using JS Search
[DEBUG] 16:18:03.823 [AiEngine] Adaptive time: 3000ms, depth: 3, reason: endgame, emergency: false
[DEBUG] 16:18:03.823 [AiEngine] Using JS Search
[DEBUG] 16:18:03.827 [AiEngine] Adaptive time: 3000ms, depth: 3, reason: endgame, emergency: false
[DEBUG] 16:18:03.828 [AiEngine] Using JS Search
[DEBUG] 16:18:03.839 [AiEngine] Adaptive time: 3000ms, depth: 3, reason: endgame, emergency: false
[DEBUG] 16:18:03.839 [AiEngine] Using JS Search
[DEBUG] 16:18:03.845 [AiEngine] Adaptive time: 3000ms, depth: 3, reason: endgame, emergency: false
[DEBUG] 16:18:03.845 [AiEngine] Using JS Search
[DEBUG] 16:18:03.852 [AiEngine] Adaptive time: 3000ms, depth: 3, reason: endgame, emergency: false
[DEBUG] 16:18:03.852 [AiEngine] Using JS Search
[DEBUG] 16:18:03.856 [AiEngine] Adaptive time: 3000ms, depth: 3, reason: endgame, emergency: false
[DEBUG] 16:18:03.856 [AiEngine] Using JS Search
[DEBUG] 16:18:03.865 [AiEngine] Adaptive time: 3000ms, depth: 3, reason: endgame, emergency: false
[DEBUG] 16:18:03.865 [AiEngine] Using JS Search
[DEBUG] 16:18:03.874 [AiEngine] Adaptive time: 3000ms, depth: 3, reason: endgame, tactical, emergency: false
[DEBUG] 16:18:03.874 [AiEngine] Using JS Search
[DEBUG] 16:18:03.882 [AiEngine] Adaptive time: 3000ms, depth: 3, reason: endgame, emergency: false
[DEBUG] 16:18:03.882 [AiEngine] Using JS Search
[DEBUG] 16:18:03.886 [AiEngine] Adaptive time: 3000ms, depth: 3, reason: endgame, emergency: false
[DEBUG] 16:18:03.886 [AiEngine] Using JS Search
[DEBUG] 16:18:03.886 [AiEngine] Adaptive time: 3000ms, depth: 3, reason: endgame, emergency: false
[DEBUG] 16:18:03.886 [AiEngine] Using JS Search
[DEBUG] 16:18:03.892 [AiEngine] Adaptive time: 500ms, depth: 3, reason: midgame, opening, emergency: false
[DEBUG] 16:18:03.892 [AiEngine] Using JS Search
[DEBUG] 16:18:03.926 [AiEngine] Adaptive time: 500ms, depth: 3, reason: midgame, opening, emergency: false
[DEBUG] 16:18:03.926 [AiEngine] Using JS Search
[DEBUG] 16:18:03.945 [AiEngine] Adaptive time: 500ms, depth: 3, reason: midgame, opening, emergency: false
[DEBUG] 16:18:03.946 [AiEngine] Using JS Search
[DEBUG] 16:18:04.001 [AiEngine] Adaptive time: 500ms, depth: 3, reason: midgame, opening, emergency: false
[DEBUG] 16:18:04.001 [AiEngine] Using JS Search
[DEBUG] 16:18:04.036 [AiEngine] Adaptive time: 500ms, depth: 3, reason: midgame, opening, tactical, emergency: false
[DEBUG] 16:18:04.036 [AiEngine] Using JS Search
[DEBUG] 16:18:04.103 [AiEngine] Adaptive time: 500ms, depth: 3, reason: midgame, opening, tactical, emergency: false
[DEBUG] 16:18:04.103 [AiEngine] Using JS Search
[DEBUG] 16:18:04.179 [AiEngine] Adaptive time: 500ms, depth: 3, reason: midgame, opening, tactical, emergency: false
[DEBUG] 16:18:04.179 [AiEngine] Using JS Search
[DEBUG] 16:18:04.213 [AiEngine] Adaptive time: 500ms, depth: 3, reason: midgame, opening, tactical, emergency: false
[DEBUG] 16:18:04.213 [AiEngine] Using JS Search
[DEBUG] 16:18:04.314 [AiEngine] Adaptive time: 500ms, depth: 3, reason: midgame, opening, tactical, emergency: false
[DEBUG] 16:18:04.314 [AiEngine] Using JS Search
[DEBUG] 16:18:04.344 [AiEngine] Adaptive time: 500ms, depth: 3, reason: midgame, opening, emergency: false
[DEBUG] 16:18:04.344 [AiEngine] Using JS Search
[DEBUG] 16:18:04.380 [AiEngine] Adaptive time: 500ms, depth: 3, reason: midgame, opening, tactical, emergency: false
[DEBUG] 16:18:04.380 [AiEngine] Using JS Search
[DEBUG] 16:18:04.435 [AiEngine] Adaptive time: 500ms, depth: 3, reason: midgame, opening, emergency: false
[DEBUG] 16:18:04.435 [AiEngine] Using JS Search
[DEBUG] 16:18:04.509 [AiEngine] Adaptive time: 500ms, depth: 3, reason: midgame, opening, tactical, emergency: false
[DEBUG] 16:18:04.509 [AiEngine] Using JS Search
[DEBUG] 16:18:04.539 [AiEngine] Adaptive time: 500ms, depth: 3, reason: midgame, opening, tactical, emergency: false
[DEBUG] 16:18:04.540 [AiEngine] Using JS Search
[DEBUG] 16:18:04.580 [AiEngine] Adaptive time: 500ms, depth: 3, reason: midgame, opening, emergency: false
[DEBUG] 16:18:04.581 [AiEngine] Using JS Search
[DEBUG] 16:18:04.647 [AiEngine] Adaptive time: 500ms, depth: 3, reason: midgame, opening, tactical, emergency: false
[DEBUG] 16:18:04.647 [AiEngine] Using JS Search
[DEBUG] 16:18:04.679 [AiEngine] Adaptive time: 500ms, depth: 3, reason: midgame, opening, emergency: false
[DEBUG] 16:18:04.679 [AiEngine] Using JS Search
[DEBUG] 16:18:04.769 [AiEngine] Adaptive time: 500ms, depth: 3, reason: midgame, opening, emergency: false
[DEBUG] 16:18:04.769 [AiEngine] Using JS Search
[DEBUG] 16:18:04.793 [AiEngine] Adaptive time: 500ms, depth: 3, reason: midgame, opening, tactical, emergency: false
[DEBUG] 16:18:04.793 [AiEngine] Using JS Search
[DEBUG] 16:18:04.900 [AiEngine] Adaptive time: 500ms, depth: 3, reason: midgame, opening, emergency: false
[DEBUG] 16:18:04.900 [AiEngine] Using JS Search
[DEBUG] 16:18:04.923 [AiEngine] Adaptive time: 500ms, depth: 3, reason: midgame, opening, tactical, emergency: false
[DEBUG] 16:18:04.923 [AiEngine] Using JS Search
[DEBUG] 16:18:04.976 [AiEngine] Adaptive time: 500ms, depth: 3, reason: midgame, opening, in-check, tactical, emergency: false
[DEBUG] 16:18:04.976 [AiEngine] Using JS Search
[DEBUG] 16:18:05.023 [AiEngine] Adaptive time: 500ms, depth: 3, reason: midgame, opening, tactical, emergency: false
[DEBUG] 16:18:05.023 [AiEngine] Using JS Search
[DEBUG] 16:18:05.091 [AiEngine] Adaptive time: 500ms, depth: 3, reason: midgame, opening, tactical, emergency: false
[DEBUG] 16:18:05.091 [AiEngine] Using JS Search
[DEBUG] 16:18:05.167 [AiEngine] Adaptive time: 500ms, depth: 3, reason: midgame, opening, emergency: false
[DEBUG] 16:18:05.167 [AiEngine] Using JS Search
[DEBUG] 16:18:05.209 [AiEngine] Adaptive time: 500ms, depth: 3, reason: midgame, opening, tactical, emergency: false
[DEBUG] 16:18:05.209 [AiEngine] Using JS Search
[DEBUG] 16:18:05.306 [AiEngine] Adaptive time: 500ms, depth: 3, reason: midgame, opening, emergency: false
[DEBUG] 16:18:05.306 [AiEngine] Using JS Search
[DEBUG] 16:18:05.369 [AiEngine] Adaptive time: 500ms, depth: 3, reason: midgame, opening, tactical, emergency: false
[DEBUG] 16:18:05.369 [AiEngine] Using JS Search
[DEBUG] 16:18:05.486 [AiEngine] Adaptive time: 500ms, depth: 3, reason: midgame, opening, tactical, emergency: false
[DEBUG] 16:18:05.486 [AiEngine] Using JS Search
[DEBUG] 16:18:05.561 [AiEngine] Adaptive time: 500ms, depth: 3, reason: midgame, opening, tactical, emergency: false
[DEBUG] 16:18:05.561 [AiEngine] Using JS Search
[DEBUG] 16:18:05.597 [AiEngine] Adaptive time: 500ms, depth: 3, reason: midgame, opening, in-check, emergency: false
[DEBUG] 16:18:05.598 [AiEngine] Using JS Search
[DEBUG] 16:18:05.600 [AiEngine] Adaptive time: 500ms, depth: 3, reason: midgame, opening, tactical, emergency: false
[DEBUG] 16:18:05.600 [AiEngine] Using JS Search
[DEBUG] 16:18:05.605 [AiEngine] Adaptive time: 500ms, depth: 3, reason: midgame, opening, tactical, emergency: false
[DEBUG] 16:18:05.605 [AiEngine] Using JS Search
[DEBUG] 16:18:05.708 [AiEngine] Adaptive time: 500ms, depth: 3, reason: midgame, opening, tactical, emergency: false
[DEBUG] 16:18:05.709 [AiEngine] Using JS Search
[DEBUG] 16:18:05.731 [AiEngine] Adaptive time: 500ms, depth: 3, reason: midgame, opening, tactical, emergency: false
[DEBUG] 16:18:05.731 [AiEngine] Using JS Search
[DEBUG] 16:18:05.824 [AiEngine] Adaptive time: 500ms, depth: 3, reason: midgame, opening, tactical, emergency: false
[DEBUG] 16:18:05.824 [AiEngine] Using JS Search
[DEBUG] 16:18:05.843 [AiEngine] Adaptive time: 500ms, depth: 3, reason: midgame, opening, tactical, emergency: false
[DEBUG] 16:18:05.843 [AiEngine] Using JS Search
[DEBUG] 16:18:05.877 [AiEngine] Adaptive time: 500ms, depth: 3, reason: midgame, opening, tactical, emergency: false
[DEBUG] 16:18:05.877 [AiEngine] Using JS Search
[DEBUG] 16:18:05.911 [AiEngine] Adaptive time: 500ms, depth: 3, reason: midgame, opening, emergency: false
[DEBUG] 16:18:05.911 [AiEngine] Using JS Search
[DEBUG] 16:18:05.968 [AiEngine] Adaptive time: 500ms, depth: 3, reason: midgame, opening, tactical, emergency: false
[DEBUG] 16:18:05.968 [AiEngine] Using JS Search
[DEBUG] 16:18:05.990 [AiEngine] Adaptive time: 3000ms, depth: 3, reason: midgame, in-check, emergency: false
[DEBUG] 16:18:05.991 [AiEngine] Using JS Search
[DEBUG] 16:18:06.002 [AiEngine] Adaptive time: 3000ms, depth: 3, reason: midgame, tactical, emergency: false
[DEBUG] 16:18:06.002 [AiEngine] Using JS Search
[DEBUG] 16:18:06.037 [AiEngine] Adaptive time: 3000ms, depth: 3, reason: midgame, emergency: false
[DEBUG] 16:18:06.037 [AiEngine] Using JS Search
[DEBUG] 16:18:06.079 [AiEngine] Adaptive time: 3000ms, depth: 3, reason: midgame, tactical, emergency: false
[DEBUG] 16:18:06.080 [AiEngine] Using JS Search
[DEBUG] 16:18:06.096 [AiEngine] Adaptive time: 3000ms, depth: 3, reason: midgame, tactical, emergency: false
[DEBUG] 16:18:06.096 [AiEngine] Using JS Search
[DEBUG] 16:18:06.131 [AiEngine] Adaptive time: 3000ms, depth: 3, reason: midgame, emergency: false
[DEBUG] 16:18:06.131 [AiEngine] Using JS Search
[DEBUG] 16:18:06.196 [AiEngine] Adaptive time: 3000ms, depth: 3, reason: midgame, tactical, emergency: false
[DEBUG] 16:18:06.196 [AiEngine] Using JS Search
[DEBUG] 16:18:06.237 [AiEngine] Adaptive time: 3000ms, depth: 3, reason: midgame, emergency: false
[DEBUG] 16:18:06.237 [AiEngine] Using JS Search
[DEBUG] 16:18:06.286 [AiEngine] Adaptive time: 3000ms, depth: 3, reason: midgame, tactical, emergency: false
[DEBUG] 16:18:06.286 [AiEngine] Using JS Search
[DEBUG] 16:18:06.336 [AiEngine] Adaptive time: 3000ms, depth: 3, reason: midgame, emergency: false
[DEBUG] 16:18:06.337 [AiEngine] Using JS Search
[DEBUG] 16:18:06.391 [AiEngine] Adaptive time: 3000ms, depth: 3, reason: midgame, tactical, emergency: false
[DEBUG] 16:18:06.391 [AiEngine] Using JS Search
[DEBUG] 16:18:06.462 [AiEngine] Adaptive time: 3000ms, depth: 3, reason: midgame, emergency: false
[DEBUG] 16:18:06.462 [AiEngine] Using JS Search
[DEBUG] 16:18:06.504 [AiEngine] Adaptive time: 3000ms, depth: 3, reason: midgame, tactical, emergency: false
[DEBUG] 16:18:06.504 [AiEngine] Using JS Search
[DEBUG] 16:18:06.536 [AiEngine] Adaptive time: 3000ms, depth: 3, reason: midgame, tactical, emergency: false
[DEBUG] 16:18:06.536 [AiEngine] Using JS Search
[DEBUG] 16:18:06.575 [AiEngine] Adaptive time: 3000ms, depth: 3, reason: midgame, tactical, emergency: false
[DEBUG] 16:18:06.576 [AiEngine] Using JS Search
[DEBUG] 16:18:06.624 [AiEngine] Adaptive time: 3000ms, depth: 3, reason: midgame, tactical, emergency: false
[DEBUG] 16:18:06.624 [AiEngine] Using JS Search
[DEBUG] 16:18:06.664 [AiEngine] Adaptive time: 3000ms, depth: 3, reason: midgame, tactical, emergency: false
[DEBUG] 16:18:06.664 [AiEngine] Using JS Search
[DEBUG] 16:18:06.715 [AiEngine] Adaptive time: 3000ms, depth: 3, reason: midgame, tactical, emergency: false
[DEBUG] 16:18:06.715 [AiEngine] Using JS Search
[DEBUG] 16:18:06.767 [AiEngine] Adaptive time: 3000ms, depth: 3, reason: midgame, tactical, emergency: false
[DEBUG] 16:18:06.767 [AiEngine] Using JS Search
[DEBUG] 16:18:06.800 [AiEngine] Adaptive time: 3000ms, depth: 3, reason: standard, emergency: false
[DEBUG] 16:18:06.800 [AiEngine] Using JS Search
[DEBUG] 16:18:06.833 [AiEngine] Adaptive time: 3000ms, depth: 3, reason: tactical, emergency: false
[DEBUG] 16:18:06.833 [AiEngine] Using JS Search
[DEBUG] 16:18:06.912 [AiEngine] Adaptive time: 3000ms, depth: 3, reason: standard, emergency: false
[DEBUG] 16:18:06.912 [AiEngine] Using JS Search
[DEBUG] 16:18:06.946 [AiEngine] Adaptive time: 3000ms, depth: 3, reason: tactical, emergency: false
[DEBUG] 16:18:06.946 [AiEngine] Using JS Search
[DEBUG] 16:18:06.961 [AiEngine] Adaptive time: 3000ms, depth: 3, reason: in-check, emergency: false
[DEBUG] 16:18:06.962 [AiEngine] Using JS Search
[DEBUG] 16:18:06.977 [AiEngine] Adaptive time: 3000ms, depth: 3, reason: tactical, emergency: false
[DEBUG] 16:18:06.977 [AiEngine] Using JS Search
[DEBUG] 16:18:07.052 [AiEngine] Adaptive time: 3000ms, depth: 3, reason: standard, emergency: false
[DEBUG] 16:18:07.052 [AiEngine] Using JS Search
[DEBUG] 16:18:07.105 [AiEngine] Adaptive time: 3000ms, depth: 3, reason: tactical, emergency: false
[DEBUG] 16:18:07.105 [AiEngine] Using JS Search
[DEBUG] 16:18:07.130 [AiEngine] Adaptive time: 3000ms, depth: 3, reason: in-check, emergency: false
[DEBUG] 16:18:07.131 [AiEngine] Using JS Search
[DEBUG] 16:18:07.141 [AiEngine] Adaptive time: 3000ms, depth: 3, reason: tactical, emergency: false
[DEBUG] 16:18:07.142 [AiEngine] Using JS Search
[DEBUG] 16:18:07.166 [AiEngine] Adaptive time: 3000ms, depth: 3, reason: standard, emergency: false
[DEBUG] 16:18:07.166 [AiEngine] Using JS Search
[DEBUG] 16:18:07.213 [AiEngine] Adaptive time: 3000ms, depth: 3, reason: tactical, emergency: false
[DEBUG] 16:18:07.213 [AiEngine] Using JS Search
[DEBUG] 16:18:07.224 [AiEngine] Adaptive time: 3000ms, depth: 3, reason: standard, emergency: false
[DEBUG] 16:18:07.224 [AiEngine] Using JS Search
[DEBUG] 16:18:07.268 [AiEngine] Adaptive time: 3000ms, depth: 3, reason: tactical, emergency: false
[DEBUG] 16:18:07.268 [AiEngine] Using JS Search
[DEBUG] 16:18:07.284 [AiEngine] Adaptive time: 3000ms, depth: 3, reason: in-check, emergency: false
[DEBUG] 16:18:07.284 [AiEngine] Using JS Search
[DEBUG] 16:18:07.306 [AiEngine] Adaptive time: 3000ms, depth: 3, reason: tactical, emergency: false
[DEBUG] 16:18:07.306 [AiEngine] Using JS Search
[DEBUG] 16:18:07.347 [AiEngine] Adaptive time: 3000ms, depth: 3, reason: standard, emergency: false
[DEBUG] 16:18:07.347 [AiEngine] Using JS Search
[DEBUG] 16:18:07.427 [AiEngine] Adaptive time: 3000ms, depth: 3, reason: endgame, tactical, emergency: false
[DEBUG] 16:18:07.427 [AiEngine] Using JS Search
[DEBUG] 16:18:07.441 [AiEngine] Adaptive time: 3000ms, depth: 3, reason: endgame, emergency: false
[DEBUG] 16:18:07.441 [AiEngine] Using JS Search
[DEBUG] 16:18:07.494 [AiEngine] Adaptive time: 3000ms, depth: 3, reason: endgame, tactical, emergency: false
[DEBUG] 16:18:07.494 [AiEngine] Using JS Search
[DEBUG] 16:18:07.516 [AiEngine] Adaptive time: 3000ms, depth: 3, reason: endgame, in-check, emergency: false
[DEBUG] 16:18:07.516 [AiEngine] Using JS Search
[DEBUG] 16:18:07.552 [AiEngine] Adaptive time: 3000ms, depth: 3, reason: endgame, tactical, emergency: false
[DEBUG] 16:18:07.552 [AiEngine] Using JS Search
[DEBUG] 16:18:07.573 [AiEngine] Adaptive time: 3000ms, depth: 3, reason: endgame, tactical, emergency: false
[DEBUG] 16:18:07.573 [AiEngine] Using JS Search
[DEBUG] 16:18:07.606 [AiEngine] Adaptive time: 3000ms, depth: 3, reason: endgame, tactical, emergency: false
[DEBUG] 16:18:07.606 [AiEngine] Using JS Search
[DEBUG] 16:18:07.620 [AiEngine] Adaptive time: 3000ms, depth: 3, reason: endgame, emergency: false
[DEBUG] 16:18:07.620 [AiEngine] Using JS Search
[DEBUG] 16:18:07.635 [AiEngine] Adaptive time: 3000ms, depth: 3, reason: endgame, tactical, emergency: false
[DEBUG] 16:18:07.635 [AiEngine] Using JS Search
[DEBUG] 16:18:07.667 [AiEngine] Adaptive time: 3000ms, depth: 3, reason: endgame, emergency: false
[DEBUG] 16:18:07.667 [AiEngine] Using JS Search
[DEBUG] 16:18:07.687 [AiEngine] Adaptive time: 3000ms, depth: 3, reason: endgame, tactical, emergency: false
[DEBUG] 16:18:07.687 [AiEngine] Using JS Search
[DEBUG] 16:18:07.707 [AiEngine] Adaptive time: 3000ms, depth: 3, reason: endgame, emergency: false
[DEBUG] 16:18:07.707 [AiEngine] Using JS Search
[DEBUG] 16:18:07.756 [AiEngine] Adaptive time: 3000ms, depth: 3, reason: endgame, tactical, emergency: false
[DEBUG] 16:18:07.756 [AiEngine] Using JS Search
[DEBUG] 16:18:07.774 [AiEngine] Adaptive time: 3000ms, depth: 3, reason: endgame, emergency: false
[DEBUG] 16:18:07.774 [AiEngine] Using JS Search
[DEBUG] 16:18:07.801 [AiEngine] Adaptive time: 3000ms, depth: 3, reason: endgame, in-check, emergency: false
[DEBUG] 16:18:07.801 [AiEngine] Using JS Search
[DEBUG] 16:18:07.805 [AiEngine] Adaptive time: 3000ms, depth: 3, reason: endgame, tactical, emergency: false
[DEBUG] 16:18:07.805 [AiEngine] Using JS Search
[DEBUG] 16:18:07.845 [AiEngine] Adaptive time: 3000ms, depth: 3, reason: endgame, emergency: false
[DEBUG] 16:18:07.845 [AiEngine] Using JS Search
[DEBUG] 16:18:07.856 [AiEngine] Adaptive time: 3000ms, depth: 3, reason: endgame, tactical, emergency: false
[DEBUG] 16:18:07.856 [AiEngine] Using JS Search
[DEBUG] 16:18:07.872 [AiEngine] Adaptive time: 3000ms, depth: 3, reason: endgame, emergency: false
[DEBUG] 16:18:07.872 [AiEngine] Using JS Search
[DEBUG] 16:18:07.883 [AiEngine] Adaptive time: 3000ms, depth: 3, reason: endgame, emergency: false
[DEBUG] 16:18:07.883 [AiEngine] Using JS Search
[DEBUG] 16:18:07.897 [AiEngine] Adaptive time: 3000ms, depth: 3, reason: endgame, emergency: false
[DEBUG] 16:18:07.897 [AiEngine] Using JS Search
[DEBUG] 16:18:07.901 [AiEngine] Adaptive time: 3000ms, depth: 3, reason: endgame, emergency: false
[DEBUG] 16:18:07.901 [AiEngine] Using JS Search
[DEBUG] 16:18:07.909 [AiEngine] Adaptive time: 3000ms, depth: 3, reason: endgame, emergency: false
[DEBUG] 16:18:07.909 [AiEngine] Using JS Search
[DEBUG] 16:18:07.917 [AiEngine] Adaptive time: 3000ms, depth: 3, reason: endgame, tactical, emergency: false
[DEBUG] 16:18:07.917 [AiEngine] Using JS Search
[DEBUG] 16:18:07.926 [AiEngine] Adaptive time: 500ms, depth: 3, reason: midgame, opening, emergency: false
[DEBUG] 16:18:07.926 [AiEngine] Using JS Search
[DEBUG] 16:18:07.959 [AiEngine] Adaptive time: 500ms, depth: 3, reason: midgame, opening, emergency: false
[DEBUG] 16:18:07.959 [AiEngine] Using JS Search
[DEBUG] 16:18:08.001 [AiEngine] Adaptive time: 500ms, depth: 3, reason: midgame, opening, emergency: false
[DEBUG] 16:18:08.001 [AiEngine] Using JS Search
[DEBUG] 16:18:08.054 [AiEngine] Adaptive time: 500ms, depth: 3, reason: midgame, opening, emergency: false
[DEBUG] 16:18:08.054 [AiEngine] Using JS Search
[DEBUG] 16:18:08.111 [AiEngine] Adaptive time: 500ms, depth: 3, reason: midgame, opening, emergency: false
[DEBUG] 16:18:08.111 [AiEngine] Using JS Search
[DEBUG] 16:18:08.181 [AiEngine] Adaptive time: 500ms, depth: 3, reason: midgame, opening, tactical, emergency: false
[DEBUG] 16:18:08.182 [AiEngine] Using JS Search
[DEBUG] 16:18:08.222 [AiEngine] Adaptive time: 500ms, depth: 3, reason: midgame, opening, in-check, emergency: false
[DEBUG] 16:18:08.222 [AiEngine] Using JS Search
[DEBUG] 16:18:08.236 [AiEngine] Adaptive time: 500ms, depth: 3, reason: midgame, opening, emergency: false
[DEBUG] 16:18:08.236 [AiEngine] Using JS Search
[DEBUG] 16:18:08.325 [AiEngine] Adaptive time: 500ms, depth: 3, reason: midgame, opening, tactical, emergency: false
[DEBUG] 16:18:08.325 [AiEngine] Using JS Search
[DEBUG] 16:18:08.420 [AiEngine] Adaptive time: 500ms, depth: 3, reason: midgame, opening, emergency: false
[DEBUG] 16:18:08.420 [AiEngine] Using JS Search
[DEBUG] 16:18:08.496 [AiEngine] Adaptive time: 500ms, depth: 3, reason: midgame, opening, tactical, emergency: false
[DEBUG] 16:18:08.496 [AiEngine] Using JS Search
[DEBUG] 16:18:08.572 [AiEngine] Adaptive time: 500ms, depth: 3, reason: midgame, opening, emergency: false
[DEBUG] 16:18:08.572 [AiEngine] Using JS Search
[DEBUG] 16:18:08.630 [AiEngine] Adaptive time: 500ms, depth: 3, reason: midgame, opening, tactical, emergency: false
[DEBUG] 16:18:08.630 [AiEngine] Using JS Search
[DEBUG] 16:18:08.709 [AiEngine] Adaptive time: 500ms, depth: 3, reason: midgame, opening, emergency: false
[DEBUG] 16:18:08.709 [AiEngine] Using JS Search
[DEBUG] 16:18:08.768 [AiEngine] Adaptive time: 500ms, depth: 3, reason: midgame, opening, tactical, emergency: false
[DEBUG] 16:18:08.768 [AiEngine] Using JS Search
[DEBUG] 16:18:08.846 [AiEngine] Adaptive time: 500ms, depth: 3, reason: midgame, opening, tactical, emergency: false
[DEBUG] 16:18:08.846 [AiEngine] Using JS Search
[DEBUG] 16:18:08.917 [AiEngine] Adaptive time: 500ms, depth: 3, reason: midgame, opening, emergency: false
[DEBUG] 16:18:08.917 [AiEngine] Using JS Search
[DEBUG] 16:18:08.955 [AiEngine] Adaptive time: 500ms, depth: 3, reason: midgame, opening, tactical, emergency: false
[DEBUG] 16:18:08.955 [AiEngine] Using JS Search
[DEBUG] 16:18:08.988 [AiEngine] Adaptive time: 500ms, depth: 3, reason: midgame, opening, emergency: false
[DEBUG] 16:18:08.989 [AiEngine] Using JS Search
[DEBUG] 16:18:09.101 [AiEngine] Adaptive time: 500ms, depth: 3, reason: midgame, opening, tactical, emergency: false
[DEBUG] 16:18:09.101 [AiEngine] Using JS Search
[DEBUG] 16:18:09.155 [AiEngine] Adaptive time: 500ms, depth: 3, reason: midgame, opening, emergency: false
[DEBUG] 16:18:09.155 [AiEngine] Using JS Search
[DEBUG] 16:18:09.221 [AiEngine] Adaptive time: 500ms, depth: 3, reason: midgame, opening, tactical, emergency: false
[DEBUG] 16:18:09.221 [AiEngine] Using JS Search
[DEBUG] 16:18:09.281 [AiEngine] Adaptive time: 500ms, depth: 3, reason: midgame, opening, tactical, emergency: false
[DEBUG] 16:18:09.281 [AiEngine] Using JS Search
[DEBUG] 16:18:09.330 [AiEngine] Adaptive time: 500ms, depth: 3, reason: midgame, opening, emergency: false
[DEBUG] 16:18:09.330 [AiEngine] Using JS Search
[DEBUG] 16:18:09.425 [AiEngine] Adaptive time: 500ms, depth: 3, reason: midgame, opening, tactical, emergency: false
[DEBUG] 16:18:09.426 [AiEngine] Using JS Search
[DEBUG] 16:18:09.513 [AiEngine] Adaptive time: 500ms, depth: 3, reason: midgame, opening, emergency: false
[DEBUG] 16:18:09.513 [AiEngine] Using JS Search
[DEBUG] 16:18:09.530 [AiEngine] Adaptive time: 500ms, depth: 3, reason: midgame, opening, tactical, emergency: false
[DEBUG] 16:18:09.530 [AiEngine] Using JS Search
[DEBUG] 16:18:09.660 [AiEngine] Adaptive time: 500ms, depth: 3, reason: midgame, opening, emergency: false
[DEBUG] 16:18:09.660 [AiEngine] Using JS Search
[DEBUG] 16:18:09.713 [AiEngine] Adaptive time: 500ms, depth: 3, reason: midgame, opening, tactical, emergency: false
[DEBUG] 16:18:09.713 [AiEngine] Using JS Search
[DEBUG] 16:18:09.814 [AiEngine] Adaptive time: 500ms, depth: 3, reason: midgame, opening, tactical, emergency: false
[DEBUG] 16:18:09.814 [AiEngine] Using JS Search
[DEBUG] 16:18:09.852 [AiEngine] Adaptive time: 500ms, depth: 3, reason: midgame, opening, tactical, emergency: false
[DEBUG] 16:18:09.852 [AiEngine] Using JS Search
[DEBUG] 16:18:09.914 [AiEngine] Adaptive time: 500ms, depth: 3, reason: midgame, opening, tactical, emergency: false
[DEBUG] 16:18:09.914 [AiEngine] Using JS Search
[DEBUG] 16:18:10.090 [AiEngine] Adaptive time: 500ms, depth: 3, reason: midgame, opening, in-check, emergency: false
[DEBUG] 16:18:10.091 [AiEngine] Using JS Search
[DEBUG] 16:18:10.108 [AiEngine] Adaptive time: 500ms, depth: 3, reason: midgame, opening, tactical, emergency: false
[DEBUG] 16:18:10.108 [AiEngine] Using JS Search
[DEBUG] 16:18:10.150 [AiEngine] Adaptive time: 500ms, depth: 3, reason: midgame, opening, tactical, emergency: false
[DEBUG] 16:18:10.150 [AiEngine] Using JS Search
[DEBUG] 16:18:10.198 [AiEngine] Adaptive time: 500ms, depth: 3, reason: midgame, opening, tactical, emergency: false
[DEBUG] 16:18:10.198 [AiEngine] Using JS Search
[DEBUG] 16:18:10.340 [AiEngine] Adaptive time: 500ms, depth: 3, reason: midgame, opening, tactical, emergency: false
[DEBUG] 16:18:10.340 [AiEngine] Using JS Search
[DEBUG] 16:18:10.365 [AiEngine] Adaptive time: 500ms, depth: 3, reason: midgame, opening, emergency: false
[DEBUG] 16:18:10.365 [AiEngine] Using JS Search
[DEBUG] 16:18:10.408 [AiEngine] Adaptive time: 500ms, depth: 3, reason: midgame, opening, tactical, emergency: false
[DEBUG] 16:18:10.408 [AiEngine] Using JS Search
[DEBUG] 16:18:10.498 [AiEngine] Adaptive time: 500ms, depth: 3, reason: midgame, opening, emergency: false
[DEBUG] 16:18:10.499 [AiEngine] Using JS Search
[DEBUG] 16:18:10.544 [AiEngine] Adaptive time: 3000ms, depth: 3, reason: midgame, tactical, emergency: false
[DEBUG] 16:18:10.544 [AiEngine] Using JS Search
[DEBUG] 16:18:10.648 [AiEngine] Adaptive time: 3000ms, depth: 3, reason: midgame, emergency: false
[DEBUG] 16:18:10.648 [AiEngine] Using JS Search
[DEBUG] 16:18:10.684 [AiEngine] Adaptive time: 3000ms, depth: 3, reason: midgame, tactical, emergency: false
[DEBUG] 16:18:10.684 [AiEngine] Using JS Search
[DEBUG] 16:18:10.722 [AiEngine] Adaptive time: 3000ms, depth: 3, reason: midgame, tactical, emergency: false
[DEBUG] 16:18:10.722 [AiEngine] Using JS Search
[DEBUG] 16:18:10.769 [AiEngine] Adaptive time: 3000ms, depth: 3, reason: midgame, tactical, emergency: false
[DEBUG] 16:18:10.769 [AiEngine] Using JS Search
[DEBUG] 16:18:10.811 [AiEngine] Adaptive time: 3000ms, depth: 3, reason: midgame, tactical, emergency: false
[DEBUG] 16:18:10.811 [AiEngine] Using JS Search
[DEBUG] 16:18:10.889 [AiEngine] Adaptive time: 3000ms, depth: 3, reason: tactical, emergency: false
[DEBUG] 16:18:10.889 [AiEngine] Using JS Search
[DEBUG] 16:18:10.951 [AiEngine] Adaptive time: 3000ms, depth: 3, reason: standard, emergency: false
[DEBUG] 16:18:10.951 [AiEngine] Using JS Search
[DEBUG] 16:18:10.990 [AiEngine] Adaptive time: 3000ms, depth: 3, reason: tactical, emergency: false
[DEBUG] 16:18:10.990 [AiEngine] Using JS Search
[DEBUG] 16:18:11.034 [AiEngine] Adaptive time: 3000ms, depth: 3, reason: standard, emergency: false
[DEBUG] 16:18:11.034 [AiEngine] Using JS Search
[DEBUG] 16:18:11.074 [AiEngine] Adaptive time: 3000ms, depth: 3, reason: tactical, emergency: false
[DEBUG] 16:18:11.074 [AiEngine] Using JS Search
[DEBUG] 16:18:11.097 [AiEngine] Adaptive time: 3000ms, depth: 3, reason: standard, emergency: false
[DEBUG] 16:18:11.097 [AiEngine] Using JS Search
[DEBUG] 16:18:11.122 [AiEngine] Adaptive time: 3000ms, depth: 3, reason: tactical, emergency: false
[DEBUG] 16:18:11.123 [AiEngine] Using JS Search
[DEBUG] 16:18:11.167 [AiEngine] Adaptive time: 3000ms, depth: 3, reason: tactical, emergency: false
[DEBUG] 16:18:11.167 [AiEngine] Using JS Search
[DEBUG] 16:18:11.198 [AiEngine] Adaptive time: 3000ms, depth: 3, reason: tactical, emergency: false
[DEBUG] 16:18:11.198 [AiEngine] Using JS Search
[DEBUG] 16:18:11.222 [AiEngine] Adaptive time: 3000ms, depth: 3, reason: standard, emergency: false
[DEBUG] 16:18:11.222 [AiEngine] Using JS Search
[DEBUG] 16:18:11.271 [AiEngine] Adaptive time: 3000ms, depth: 3, reason: tactical, emergency: false
[DEBUG] 16:18:11.271 [AiEngine] Using JS Search
[DEBUG] 16:18:11.304 [AiEngine] Adaptive time: 3000ms, depth: 3, reason: endgame, emergency: false
[DEBUG] 16:18:11.304 [AiEngine] Using JS Search
[DEBUG] 16:18:11.323 [AiEngine] Adaptive time: 3000ms, depth: 3, reason: endgame, tactical, emergency: false
[DEBUG] 16:18:11.323 [AiEngine] Using JS Search
[DEBUG] 16:18:11.378 [AiEngine] Adaptive time: 3000ms, depth: 3, reason: endgame, emergency: false
[DEBUG] 16:18:11.378 [AiEngine] Using JS Search
[DEBUG] 16:18:11.402 [AiEngine] Adaptive time: 3000ms, depth: 3, reason: endgame, tactical, emergency: false
[DEBUG] 16:18:11.402 [AiEngine] Using JS Search
[DEBUG] 16:18:11.421 [AiEngine] Adaptive time: 3000ms, depth: 3, reason: endgame, emergency: false
[DEBUG] 16:18:11.421 [AiEngine] Using JS Search
[DEBUG] 16:18:11.432 [AiEngine] Adaptive time: 3000ms, depth: 3, reason: endgame, tactical, emergency: false
[DEBUG] 16:18:11.432 [AiEngine] Using JS Search
[DEBUG] 16:18:11.440 [AiEngine] Adaptive time: 3000ms, depth: 3, reason: endgame, emergency: false
[DEBUG] 16:18:11.440 [AiEngine] Using JS Search
[DEBUG] 16:18:11.454 [AiEngine] Adaptive time: 3000ms, depth: 3, reason: endgame, emergency: false
[DEBUG] 16:18:11.454 [AiEngine] Using JS Search
[DEBUG] 16:18:11.507 [AiEngine] Adaptive time: 3000ms, depth: 3, reason: endgame, tactical, emergency: false
[DEBUG] 16:18:11.507 [AiEngine] Using JS Search
[DEBUG] 16:18:11.521 [AiEngine] Adaptive time: 3000ms, depth: 3, reason: endgame, tactical, emergency: false
[DEBUG] 16:18:11.521 [AiEngine] Using JS Search
[DEBUG] 16:18:11.564 [AiEngine] Adaptive time: 3000ms, depth: 3, reason: endgame, tactical, emergency: false
[DEBUG] 16:18:11.564 [AiEngine] Using JS Search
[DEBUG] 16:18:11.578 [AiEngine] Adaptive time: 3000ms, depth: 3, reason: endgame, tactical, emergency: false
[DEBUG] 16:18:11.578 [AiEngine] Using JS Search
[DEBUG] 16:18:11.591 [AiEngine] Adaptive time: 3000ms, depth: 3, reason: endgame, tactical, emergency: false
[DEBUG] 16:18:11.591 [AiEngine] Using JS Search
[DEBUG] 16:18:11.610 [AiEngine] Adaptive time: 3000ms, depth: 3, reason: endgame, tactical, emergency: false
[DEBUG] 16:18:11.610 [AiEngine] Using JS Search
[DEBUG] 16:18:11.624 [AiEngine] Adaptive time: 3000ms, depth: 3, reason: endgame, tactical, emergency: false
[DEBUG] 16:18:11.624 [AiEngine] Using JS Search
[DEBUG] 16:18:11.641 [AiEngine] Adaptive time: 3000ms, depth: 3, reason: endgame, tactical, emergency: false
[DEBUG] 16:18:11.642 [AiEngine] Using JS Search
[DEBUG] 16:18:11.656 [AiEngine] Adaptive time: 3000ms, depth: 3, reason: endgame, emergency: false
[DEBUG] 16:18:11.656 [AiEngine] Using JS Search
[DEBUG] 16:18:11.668 [AiEngine] Adaptive time: 3000ms, depth: 3, reason: endgame, tactical, emergency: false
[DEBUG] 16:18:11.668 [AiEngine] Using JS Search
[DEBUG] 16:18:11.677 [AiEngine] Adaptive time: 3000ms, depth: 3, reason: endgame, in-check, emergency: false
[DEBUG] 16:18:11.677 [AiEngine] Using JS Search
[DEBUG] 16:18:11.684 [AiEngine] Adaptive time: 3000ms, depth: 3, reason: endgame, tactical, emergency: false
[DEBUG] 16:18:11.684 [AiEngine] Using JS Search
[DEBUG] 16:18:11.691 [AiEngine] Adaptive time: 3000ms, depth: 3, reason: endgame, emergency: false
[DEBUG] 16:18:11.691 [AiEngine] Using JS Search
[DEBUG] 16:18:11.708 [AiEngine] Adaptive time: 3000ms, depth: 3, reason: endgame, tactical, emergency: false
[DEBUG] 16:18:11.708 [AiEngine] Using JS Search
[DEBUG] 16:18:11.717 [AiEngine] Adaptive time: 3000ms, depth: 3, reason: endgame, emergency: false
[DEBUG] 16:18:11.717 [AiEngine] Using JS Search
[DEBUG] 16:18:11.748 [AiEngine] Adaptive time: 3000ms, depth: 3, reason: endgame, tactical, emergency: false
[DEBUG] 16:18:11.748 [AiEngine] Using JS Search
[DEBUG] 16:18:11.785 [AiEngine] Adaptive time: 3000ms, depth: 3, reason: endgame, emergency: false
[DEBUG] 16:18:11.786 [AiEngine] Using JS Search
[DEBUG] 16:18:11.807 [AiEngine] Adaptive time: 3000ms, depth: 3, reason: endgame, tactical, emergency: false
[DEBUG] 16:18:11.807 [AiEngine] Using JS Search
[DEBUG] 16:18:11.823 [AiEngine] Adaptive time: 3000ms, depth: 3, reason: endgame, in-check, emergency: false
[DEBUG] 16:18:11.823 [AiEngine] Using JS Search
[DEBUG] 16:18:11.834 [AiEngine] Adaptive time: 3000ms, depth: 3, reason: endgame, tactical, emergency: false
[DEBUG] 16:18:11.834 [AiEngine] Using JS Search
[DEBUG] 16:18:11.844 [AiEngine] Adaptive time: 3000ms, depth: 3, reason: endgame, emergency: false
[DEBUG] 16:18:11.844 [AiEngine] Using JS Search
[DEBUG] 16:18:11.847 [AiEngine] Adaptive time: 3000ms, depth: 3, reason: endgame, tactical, emergency: false
[DEBUG] 16:18:11.847 [AiEngine] Using JS Search
[DEBUG] 16:18:11.858 [AiEngine] Adaptive time: 3000ms, depth: 3, reason: endgame, emergency: false
[DEBUG] 16:18:11.858 [AiEngine] Using JS Search
[DEBUG] 16:18:11.860 [AiEngine] Adaptive time: 3000ms, depth: 3, reason: endgame, tactical, emergency: false
[DEBUG] 16:18:11.860 [AiEngine] Using JS Search
[DEBUG] 16:18:11.868 [AiEngine] Adaptive time: 3000ms, depth: 3, reason: endgame, emergency: false
[DEBUG] 16:18:11.868 [AiEngine] Using JS Search
[DEBUG] 16:18:11.871 [AiEngine] Adaptive time: 3000ms, depth: 3, reason: endgame, tactical, emergency: false
[DEBUG] 16:18:11.871 [AiEngine] Using JS Search
[DEBUG] 16:18:11.881 [AiEngine] Adaptive time: 3000ms, depth: 3, reason: endgame, in-check, emergency: false
[DEBUG] 16:18:11.881 [AiEngine] Using JS Search
[DEBUG] 16:18:11.885 [AiEngine] Adaptive time: 3000ms, depth: 3, reason: endgame, tactical, emergency: false
[DEBUG] 16:18:11.885 [AiEngine] Using JS Search
[DEBUG] 16:18:11.900 [AiEngine] Adaptive time: 3000ms, depth: 3, reason: endgame, emergency: false
[DEBUG] 16:18:11.900 [AiEngine] Using JS Search
[DEBUG] 16:18:11.905 [AiEngine] Adaptive time: 3000ms, depth: 3, reason: endgame, tactical, emergency: false
[DEBUG] 16:18:11.905 [AiEngine] Using JS Search
[DEBUG] 16:18:11.912 [AiEngine] Adaptive time: 3000ms, depth: 3, reason: endgame, emergency: false
[DEBUG] 16:18:11.912 [AiEngine] Using JS Search
[DEBUG] 16:18:11.917 [AiEngine] Adaptive time: 3000ms, depth: 3, reason: endgame, tactical, emergency: false
[DEBUG] 16:18:11.917 [AiEngine] Using JS Search
[DEBUG] 16:18:11.928 [AiEngine] Adaptive time: 3000ms, depth: 3, reason: endgame, in-check, emergency: false
[DEBUG] 16:18:11.928 [AiEngine] Using JS Search
[DEBUG] 16:18:11.934 [AiEngine] Adaptive time: 3000ms, depth: 3, reason: endgame, tactical, emergency: false
[DEBUG] 16:18:11.934 [AiEngine] Using JS Search
[DEBUG] 16:18:11.941 [AiEngine] Adaptive time: 3000ms, depth: 3, reason: endgame, emergency: false
[DEBUG] 16:18:11.941 [AiEngine] Using JS Search
[DEBUG] 16:18:11.946 [AiEngine] Adaptive time: 500ms, depth: 3, reason: midgame, opening, emergency: false
[DEBUG] 16:18:11.946 [AiEngine] Using JS Search
[DEBUG] 16:18:11.979 [AiEngine] Adaptive time: 500ms, depth: 3, reason: midgame, opening, emergency: false
[DEBUG] 16:18:11.979 [AiEngine] Using JS Search
[DEBUG] 16:18:12.035 [AiEngine] Adaptive time: 500ms, depth: 3, reason: midgame, opening, tactical, emergency: false
[DEBUG] 16:18:12.035 [AiEngine] Using JS Search
[DEBUG] 16:18:12.060 [AiEngine] Adaptive time: 500ms, depth: 3, reason: midgame, opening, emergency: false
[DEBUG] 16:18:12.060 [AiEngine] Using JS Search
[DEBUG] 16:18:12.076 [AiEngine] Adaptive time: 500ms, depth: 3, reason: midgame, opening, tactical, emergency: false
[DEBUG] 16:18:12.076 [AiEngine] Using JS Search
[DEBUG] 16:18:12.106 [AiEngine] Adaptive time: 500ms, depth: 3, reason: midgame, opening, in-check, emergency: false
[DEBUG] 16:18:12.106 [AiEngine] Using JS Search
[DEBUG] 16:18:12.131 [AiEngine] Adaptive time: 500ms, depth: 3, reason: midgame, opening, emergency: false
[DEBUG] 16:18:12.131 [AiEngine] Using JS Search
[DEBUG] 16:18:12.216 [AiEngine] Adaptive time: 500ms, depth: 3, reason: midgame, opening, tactical, emergency: false
[DEBUG] 16:18:12.216 [AiEngine] Using JS Search
[DEBUG] 16:18:12.334 [AiEngine] Adaptive time: 500ms, depth: 3, reason: midgame, opening, emergency: false
[DEBUG] 16:18:12.334 [AiEngine] Using JS Search
[DEBUG] 16:18:12.365 [AiEngine] Adaptive time: 500ms, depth: 3, reason: midgame, opening, tactical, emergency: false
[DEBUG] 16:18:12.365 [AiEngine] Using JS Search
[DEBUG] 16:18:12.407 [AiEngine] Adaptive time: 500ms, depth: 3, reason: midgame, opening, emergency: false
[DEBUG] 16:18:12.407 [AiEngine] Using JS Search
[DEBUG] 16:18:12.468 [AiEngine] Adaptive time: 500ms, depth: 3, reason: midgame, opening, tactical, emergency: false
[DEBUG] 16:18:12.468 [AiEngine] Using JS Search
[DEBUG] 16:18:12.516 [AiEngine] Adaptive time: 500ms, depth: 3, reason: midgame, opening, emergency: false
[DEBUG] 16:18:12.516 [AiEngine] Using JS Search
[DEBUG] 16:18:12.555 [AiEngine] Adaptive time: 500ms, depth: 3, reason: midgame, opening, tactical, emergency: false
[DEBUG] 16:18:12.555 [AiEngine] Using JS Search
[DEBUG] 16:18:12.589 [AiEngine] Adaptive time: 500ms, depth: 3, reason: midgame, opening, emergency: false
[DEBUG] 16:18:12.589 [AiEngine] Using JS Search
[DEBUG] 16:18:12.877 [AiEngine] Adaptive time: 500ms, depth: 3, reason: midgame, opening, tactical, emergency: false
[DEBUG] 16:18:12.877 [AiEngine] Using JS Search
[DEBUG] 16:18:12.919 [AiEngine] Adaptive time: 500ms, depth: 3, reason: midgame, opening, in-check, tactical, emergency: false
[DEBUG] 16:18:12.919 [AiEngine] Using JS Search
[DEBUG] 16:18:12.966 [AiEngine] Adaptive time: 500ms, depth: 3, reason: midgame, opening, tactical, emergency: false
[DEBUG] 16:18:12.966 [AiEngine] Using JS Search
[DEBUG] 16:18:13.035 [AiEngine] Adaptive time: 500ms, depth: 3, reason: midgame, opening, tactical, emergency: false
[DEBUG] 16:18:13.035 [AiEngine] Using JS Search
[DEBUG] 16:18:13.123 [AiEngine] Adaptive time: 500ms, depth: 3, reason: midgame, opening, tactical, emergency: false
[DEBUG] 16:18:13.123 [AiEngine] Using JS Search
[DEBUG] 16:18:13.210 [AiEngine] Adaptive time: 500ms, depth: 3, reason: midgame, opening, emergency: false
[DEBUG] 16:18:13.210 [AiEngine] Using JS Search
[DEBUG] 16:18:13.367 [AiEngine] Adaptive time: 500ms, depth: 3, reason: midgame, opening, tactical, emergency: false
[DEBUG] 16:18:13.367 [AiEngine] Using JS Search
[DEBUG] 16:18:13.392 [AiEngine] Adaptive time: 500ms, depth: 3, reason: midgame, opening, emergency: false
[DEBUG] 16:18:13.392 [AiEngine] Using JS Search
[DEBUG] 16:18:13.439 [AiEngine] Adaptive time: 500ms, depth: 3, reason: midgame, opening, tactical, emergency: false
[DEBUG] 16:18:13.439 [AiEngine] Using JS Search
[DEBUG] 16:18:13.477 [AiEngine] Adaptive time: 500ms, depth: 3, reason: midgame, opening, tactical, emergency: false
[DEBUG] 16:18:13.477 [AiEngine] Using JS Search
[DEBUG] 16:18:13.540 [AiEngine] Adaptive time: 500ms, depth: 3, reason: midgame, opening, tactical, emergency: false
[DEBUG] 16:18:13.540 [AiEngine] Using JS Search
[DEBUG] 16:18:13.567 [AiEngine] Adaptive time: 500ms, depth: 3, reason: midgame, opening, tactical, emergency: false
[DEBUG] 16:18:13.567 [AiEngine] Using JS Search
[DEBUG] 16:18:13.637 [AiEngine] Adaptive time: 500ms, depth: 3, reason: midgame, opening, tactical, emergency: false
[DEBUG] 16:18:13.637 [AiEngine] Using JS Search
[DEBUG] 16:18:13.666 [AiEngine] Adaptive time: 500ms, depth: 3, reason: midgame, opening, in-check, emergency: false
[DEBUG] 16:18:13.666 [AiEngine] Using JS Search
[DEBUG] 16:18:13.676 [AiEngine] Adaptive time: 500ms, depth: 3, reason: midgame, opening, tactical, emergency: false
[DEBUG] 16:18:13.676 [AiEngine] Using JS Search
[DEBUG] 16:18:13.705 [AiEngine] Adaptive time: 500ms, depth: 3, reason: midgame, opening, tactical, emergency: false
[DEBUG] 16:18:13.705 [AiEngine] Using JS Search
[DEBUG] 16:18:13.772 [AiEngine] Adaptive time: 500ms, depth: 3, reason: midgame, opening, in-check, emergency: false
[DEBUG] 16:18:13.773 [AiEngine] Using JS Search
[DEBUG] 16:18:13.774 [AiEngine] Adaptive time: 500ms, depth: 3, reason: midgame, opening, tactical, emergency: false
[DEBUG] 16:18:13.774 [AiEngine] Using JS Search
[DEBUG] 16:18:13.821 [AiEngine] Adaptive time: 500ms, depth: 3, reason: midgame, opening, tactical, emergency: false
[DEBUG] 16:18:13.822 [AiEngine] Using JS Search
[DEBUG] 16:18:13.839 [AiEngine] Adaptive time: 500ms, depth: 3, reason: midgame, opening, tactical, emergency: false
[DEBUG] 16:18:13.839 [AiEngine] Using JS Search
[DEBUG] 16:18:13.878 [AiEngine] Adaptive time: 500ms, depth: 3, reason: midgame, opening, tactical, emergency: false
[DEBUG] 16:18:13.878 [AiEngine] Using JS Search
[DEBUG] 16:18:13.894 [AiEngine] Adaptive time: 500ms, depth: 3, reason: midgame, opening, tactical, emergency: false
[DEBUG] 16:18:13.894 [AiEngine] Using JS Search
[DEBUG] 16:18:13.932 [AiEngine] Adaptive time: 500ms, depth: 3, reason: midgame, opening, tactical, emergency: false
[DEBUG] 16:18:13.932 [AiEngine] Using JS Search
[DEBUG] 16:18:13.948 [AiEngine] Adaptive time: 500ms, depth: 3, reason: midgame, opening, tactical, emergency: false
[DEBUG] 16:18:13.948 [AiEngine] Using JS Search
[DEBUG] 16:18:13.987 [AiEngine] Adaptive time: 500ms, depth: 3, reason: midgame, opening, tactical, emergency: false
[DEBUG] 16:18:13.987 [AiEngine] Using JS Search
[DEBUG] 16:18:14.004 [AiEngine] Adaptive time: 3000ms, depth: 3, reason: midgame, tactical, emergency: false
[DEBUG] 16:18:14.004 [AiEngine] Using JS Search
[DEBUG] 16:18:14.084 [AiEngine] Adaptive time: 3000ms, depth: 3, reason: midgame, tactical, emergency: false
[DEBUG] 16:18:14.084 [AiEngine] Using JS Search
[DEBUG] 16:18:14.116 [AiEngine] Adaptive time: 3000ms, depth: 3, reason: midgame, in-check, emergency: false
[DEBUG] 16:18:14.116 [AiEngine] Using JS Search
[DEBUG] 16:18:14.129 [AiEngine] Adaptive time: 3000ms, depth: 3, reason: midgame, tactical, emergency: false
[DEBUG] 16:18:14.129 [AiEngine] Using JS Search
[DEBUG] 16:18:14.145 [AiEngine] Adaptive time: 3000ms, depth: 3, reason: midgame, in-check, tactical, emergency: false
[DEBUG] 16:18:14.145 [AiEngine] Using JS Search
[DEBUG] 16:18:14.160 [AiEngine] Adaptive time: 3000ms, depth: 3, reason: midgame, tactical, emergency: false
[DEBUG] 16:18:14.160 [AiEngine] Using JS Search
[DEBUG] 16:18:14.175 [AiEngine] Adaptive time: 3000ms, depth: 3, reason: midgame, tactical, emergency: false
[DEBUG] 16:18:14.175 [AiEngine] Using JS Search
[DEBUG] 16:18:14.215 [AiEngine] Adaptive time: 3000ms, depth: 3, reason: midgame, tactical, emergency: false
[DEBUG] 16:18:14.215 [AiEngine] Using JS Search
[DEBUG] 16:18:14.230 [AiEngine] Adaptive time: 3000ms, depth: 3, reason: midgame, tactical, emergency: false
[DEBUG] 16:18:14.231 [AiEngine] Using JS Search
[DEBUG] 16:18:14.269 [AiEngine] Adaptive time: 3000ms, depth: 3, reason: midgame, tactical, emergency: false
[DEBUG] 16:18:14.269 [AiEngine] Using JS Search
[DEBUG] 16:18:14.285 [AiEngine] Adaptive time: 3000ms, depth: 3, reason: midgame, emergency: false
[DEBUG] 16:18:14.286 [AiEngine] Using JS Search
[DEBUG] 16:18:14.312 [AiEngine] Adaptive time: 3000ms, depth: 3, reason: midgame, tactical, emergency: false
[DEBUG] 16:18:14.312 [AiEngine] Using JS Search
[DEBUG] 16:18:14.331 [AiEngine] Adaptive time: 3000ms, depth: 3, reason: midgame, emergency: false
[DEBUG] 16:18:14.331 [AiEngine] Using JS Search
[DEBUG] 16:18:14.373 [AiEngine] Adaptive time: 3000ms, depth: 3, reason: midgame, tactical, emergency: false
[DEBUG] 16:18:14.373 [AiEngine] Using JS Search
[DEBUG] 16:18:14.390 [AiEngine] Adaptive time: 3000ms, depth: 3, reason: midgame, emergency: false
[DEBUG] 16:18:14.390 [AiEngine] Using JS Search
[DEBUG] 16:18:14.443 [AiEngine] Adaptive time: 3000ms, depth: 3, reason: midgame, tactical, emergency: false
[DEBUG] 16:18:14.443 [AiEngine] Using JS Search
[DEBUG] 16:18:14.468 [AiEngine] Adaptive time: 3000ms, depth: 3, reason: in-check, emergency: false
[DEBUG] 16:18:14.468 [AiEngine] Using JS Search
[DEBUG] 16:18:14.477 [AiEngine] Adaptive time: 3000ms, depth: 3, reason: tactical, emergency: false
[DEBUG] 16:18:14.477 [AiEngine] Using JS Search
[DEBUG] 16:18:14.483 [AiEngine] Adaptive time: 3000ms, depth: 3, reason: tactical, emergency: false
[DEBUG] 16:18:14.483 [AiEngine] Using JS Search
[DEBUG] 16:18:14.526 [AiEngine] Adaptive time: 3000ms, depth: 3, reason: tactical, emergency: false
[DEBUG] 16:18:14.526 [AiEngine] Using JS Search
[DEBUG] 16:18:14.529 [AiEngine] Adaptive time: 3000ms, depth: 3, reason: tactical, emergency: false
[DEBUG] 16:18:14.529 [AiEngine] Using JS Search
[DEBUG] 16:18:14.565 [AiEngine] Adaptive time: 3000ms, depth: 3, reason: tactical, emergency: false
[DEBUG] 16:18:14.565 [AiEngine] Using JS Search
[DEBUG] 16:18:14.578 [AiEngine] Adaptive time: 3000ms, depth: 3, reason: in-check, emergency: false
[DEBUG] 16:18:14.578 [AiEngine] Using JS Search
[DEBUG] 16:18:14.580 [AiEngine] Adaptive time: 3000ms, depth: 3, reason: tactical, emergency: false
[DEBUG] 16:18:14.580 [AiEngine] Using JS Search
[DEBUG] 16:18:14.586 [AiEngine] Adaptive time: 3000ms, depth: 3, reason: standard, emergency: false
[DEBUG] 16:18:14.586 [AiEngine] Using JS Search
[DEBUG] 16:18:14.614 [AiEngine] Adaptive time: 3000ms, depth: 3, reason: tactical, emergency: false
[DEBUG] 16:18:14.614 [AiEngine] Using JS Search
[DEBUG] 16:18:14.614 [AiEngine] Adaptive time: 3000ms, depth: 3, reason: standard, emergency: false
[DEBUG] 16:18:14.614 [AiEngine] Using JS Search
[DEBUG] 16:18:14.615 [AiEngine] Adaptive time: 500ms, depth: 3, reason: midgame, opening, emergency: false
[DEBUG] 16:18:14.615 [AiEngine] Using JS Search
[DEBUG] 16:18:14.648 [AiEngine] Adaptive time: 500ms, depth: 3, reason: midgame, opening, emergency: false
[DEBUG] 16:18:14.648 [AiEngine] Using JS Search
[DEBUG] 16:18:14.678 [AiEngine] Adaptive time: 500ms, depth: 3, reason: midgame, opening, tactical, emergency: false
[DEBUG] 16:18:14.678 [AiEngine] Using JS Search
[DEBUG] 16:18:14.703 [AiEngine] Adaptive time: 500ms, depth: 3, reason: midgame, opening, in-check, emergency: false
[DEBUG] 16:18:14.703 [AiEngine] Using JS Search
[DEBUG] 16:18:14.727 [AiEngine] Adaptive time: 500ms, depth: 3, reason: midgame, opening, emergency: false
[DEBUG] 16:18:14.727 [AiEngine] Using JS Search
[DEBUG] 16:18:14.790 [AiEngine] Adaptive time: 500ms, depth: 3, reason: midgame, opening, emergency: false
[DEBUG] 16:18:14.790 [AiEngine] Using JS Search
[DEBUG] 16:18:14.842 [AiEngine] Adaptive time: 500ms, depth: 3, reason: midgame, opening, emergency: false
[DEBUG] 16:18:14.842 [AiEngine] Using JS Search
[DEBUG] 16:18:14.934 [AiEngine] Adaptive time: 500ms, depth: 3, reason: midgame, opening, tactical, emergency: false
[DEBUG] 16:18:14.934 [AiEngine] Using JS Search
[DEBUG] 16:18:15.129 [AiEngine] Adaptive time: 500ms, depth: 3, reason: midgame, opening, emergency: false
[DEBUG] 16:18:15.129 [AiEngine] Using JS Search
[DEBUG] 16:18:15.192 [AiEngine] Adaptive time: 500ms, depth: 3, reason: midgame, opening, tactical, emergency: false
[DEBUG] 16:18:15.192 [AiEngine] Using JS Search
[DEBUG] 16:18:15.266 [AiEngine] Adaptive time: 500ms, depth: 3, reason: midgame, opening, in-check, tactical, emergency: false
[DEBUG] 16:18:15.266 [AiEngine] Using JS Search
[DEBUG] 16:18:15.385 [AiEngine] Adaptive time: 500ms, depth: 3, reason: midgame, opening, emergency: false
[DEBUG] 16:18:15.385 [AiEngine] Using JS Search
[DEBUG] 16:18:15.479 [AiEngine] Adaptive time: 500ms, depth: 3, reason: midgame, opening, emergency: false
[DEBUG] 16:18:15.479 [AiEngine] Using JS Search
[DEBUG] 16:18:15.571 [AiEngine] Adaptive time: 500ms, depth: 3, reason: midgame, opening, emergency: false
[DEBUG] 16:18:15.571 [AiEngine] Using JS Search
[DEBUG] 16:18:15.632 [AiEngine] Adaptive time: 500ms, depth: 3, reason: midgame, opening, emergency: false
[DEBUG] 16:18:15.632 [AiEngine] Using JS Search
[DEBUG] 16:18:15.686 [AiEngine] Adaptive time: 500ms, depth: 3, reason: midgame, opening, emergency: false
[DEBUG] 16:18:15.686 [AiEngine] Using JS Search
[DEBUG] 16:18:15.739 [AiEngine] Adaptive time: 500ms, depth: 3, reason: midgame, opening, emergency: false
[DEBUG] 16:18:15.739 [AiEngine] Using JS Search
[DEBUG] 16:18:15.787 [AiEngine] Adaptive time: 500ms, depth: 3, reason: midgame, opening, emergency: false
[DEBUG] 16:18:15.787 [AiEngine] Using JS Search
[DEBUG] 16:18:15.927 [AiEngine] Adaptive time: 500ms, depth: 3, reason: midgame, opening, tactical, emergency: false
[DEBUG] 16:18:15.927 [AiEngine] Using JS Search
[DEBUG] 16:18:16.069 [AiEngine] Adaptive time: 500ms, depth: 3, reason: midgame, opening, tactical, emergency: false
[DEBUG] 16:18:16.069 [AiEngine] Using JS Search
[DEBUG] 16:18:16.133 [AiEngine] Adaptive time: 500ms, depth: 3, reason: midgame, opening, tactical, emergency: false
[DEBUG] 16:18:16.133 [AiEngine] Using JS Search
[DEBUG] 16:18:16.176 [AiEngine] Adaptive time: 500ms, depth: 3, reason: midgame, opening, tactical, emergency: false
[DEBUG] 16:18:16.177 [AiEngine] Using JS Search
[DEBUG] 16:18:16.243 [AiEngine] Adaptive time: 500ms, depth: 3, reason: midgame, opening, tactical, emergency: false
[DEBUG] 16:18:16.243 [AiEngine] Using JS Search
[DEBUG] 16:18:16.303 [AiEngine] Adaptive time: 500ms, depth: 3, reason: midgame, opening, in-check, emergency: false
[DEBUG] 16:18:16.303 [AiEngine] Using JS Search
[DEBUG] 16:18:16.325 [AiEngine] Adaptive time: 500ms, depth: 3, reason: midgame, opening, tactical, emergency: false
[DEBUG] 16:18:16.325 [AiEngine] Using JS Search
[DEBUG] 16:18:16.390 [AiEngine] Adaptive time: 500ms, depth: 3, reason: midgame, opening, in-check, emergency: false
[DEBUG] 16:18:16.390 [AiEngine] Using JS Search
[DEBUG] 16:18:16.445 [AiEngine] Adaptive time: 500ms, depth: 3, reason: midgame, opening, tactical, emergency: false
[DEBUG] 16:18:16.445 [AiEngine] Using JS Search
[DEBUG] 16:18:16.497 [AiEngine] Adaptive time: 500ms, depth: 3, reason: midgame, opening, tactical, emergency: false
[DEBUG] 16:18:16.497 [AiEngine] Using JS Search
[DEBUG] 16:18:16.518 [AiEngine] Adaptive time: 500ms, depth: 3, reason: midgame, opening, tactical, emergency: false
[DEBUG] 16:18:16.518 [AiEngine] Using JS Search
[DEBUG] 16:18:16.558 [AiEngine] Adaptive time: 500ms, depth: 3, reason: midgame, opening, tactical, emergency: false
[DEBUG] 16:18:16.558 [AiEngine] Using JS Search
[DEBUG] 16:18:16.587 [AiEngine] Adaptive time: 500ms, depth: 3, reason: midgame, opening, tactical, emergency: false
[DEBUG] 16:18:16.587 [AiEngine] Using JS Search
[DEBUG] 16:18:16.631 [AiEngine] Adaptive time: 500ms, depth: 3, reason: midgame, opening, in-check, emergency: false
[DEBUG] 16:18:16.631 [AiEngine] Using JS Search
[DEBUG] 16:18:16.688 [AiEngine] Adaptive time: 500ms, depth: 3, reason: midgame, opening, tactical, emergency: false
[DEBUG] 16:18:16.688 [AiEngine] Using JS Search
[DEBUG] 16:18:16.872 [AiEngine] Adaptive time: 500ms, depth: 3, reason: midgame, opening, tactical, emergency: false
[DEBUG] 16:18:16.873 [AiEngine] Using JS Search
[DEBUG] 16:18:16.930 [AiEngine] Adaptive time: 500ms, depth: 3, reason: midgame, opening, tactical, emergency: false
[DEBUG] 16:18:16.930 [AiEngine] Using JS Search
[DEBUG] 16:18:17.079 [AiEngine] Adaptive time: 500ms, depth: 3, reason: midgame, opening, tactical, emergency: false
[DEBUG] 16:18:17.079 [AiEngine] Using JS Search
[DEBUG] 16:18:17.105 [AiEngine] Adaptive time: 500ms, depth: 3, reason: midgame, opening, tactical, emergency: false
[DEBUG] 16:18:17.105 [AiEngine] Using JS Search
[DEBUG] 16:18:17.186 [AiEngine] Adaptive time: 500ms, depth: 3, reason: midgame, opening, tactical, emergency: false
[DEBUG] 16:18:17.186 [AiEngine] Using JS Search
[DEBUG] 16:18:17.207 [AiEngine] Adaptive time: 500ms, depth: 3, reason: midgame, opening, tactical, emergency: false
[DEBUG] 16:18:17.208 [AiEngine] Using JS Search
[DEBUG] 16:18:17.277 [AiEngine] Adaptive time: 500ms, depth: 3, reason: midgame, opening, in-check, emergency: false
[DEBUG] 16:18:17.277 [AiEngine] Using JS Search
[DEBUG] 16:18:17.284 [AiEngine] Adaptive time: 3000ms, depth: 3, reason: midgame, tactical, emergency: false
[DEBUG] 16:18:17.284 [AiEngine] Using JS Search
[DEBUG] 16:18:17.460 [AiEngine] Adaptive time: 3000ms, depth: 3, reason: midgame, tactical, emergency: false
[DEBUG] 16:18:17.460 [AiEngine] Using JS Search
[DEBUG] 16:18:17.497 [AiEngine] Adaptive time: 3000ms, depth: 3, reason: midgame, tactical, emergency: false
[DEBUG] 16:18:17.497 [AiEngine] Using JS Search
[DEBUG] 16:18:17.540 [AiEngine] Adaptive time: 3000ms, depth: 3, reason: midgame, tactical, emergency: false
[DEBUG] 16:18:17.540 [AiEngine] Using JS Search
[DEBUG] 16:18:17.573 [AiEngine] Adaptive time: 3000ms, depth: 3, reason: midgame, tactical, emergency: false
[DEBUG] 16:18:17.573 [AiEngine] Using JS Search
[DEBUG] 16:18:17.609 [AiEngine] Adaptive time: 3000ms, depth: 3, reason: midgame, tactical, emergency: false
[DEBUG] 16:18:17.609 [AiEngine] Using JS Search
[DEBUG] 16:18:17.636 [AiEngine] Adaptive time: 3000ms, depth: 3, reason: midgame, in-check, emergency: false
[DEBUG] 16:18:17.636 [AiEngine] Using JS Search
[DEBUG] 16:18:17.653 [AiEngine] Adaptive time: 3000ms, depth: 3, reason: midgame, tactical, emergency: false
[DEBUG] 16:18:17.653 [AiEngine] Using JS Search
[DEBUG] 16:18:17.670 [AiEngine] Adaptive time: 3000ms, depth: 3, reason: midgame, tactical, emergency: false
[DEBUG] 16:18:17.670 [AiEngine] Using JS Search
[DEBUG] 16:18:17.725 [AiEngine] Adaptive time: 3000ms, depth: 3, reason: tactical, emergency: false
[DEBUG] 16:18:17.725 [AiEngine] Using JS Search
[DEBUG] 16:18:17.746 [AiEngine] Adaptive time: 3000ms, depth: 3, reason: tactical, emergency: false
[DEBUG] 16:18:17.746 [AiEngine] Using JS Search
[DEBUG] 16:18:17.786 [AiEngine] Adaptive time: 3000ms, depth: 3, reason: tactical, emergency: false
[DEBUG] 16:18:17.786 [AiEngine] Using JS Search
[DEBUG] 16:18:17.802 [AiEngine] Adaptive time: 3000ms, depth: 3, reason: tactical, emergency: false
[DEBUG] 16:18:17.802 [AiEngine] Using JS Search
[DEBUG] 16:18:17.841 [AiEngine] Adaptive time: 3000ms, depth: 3, reason: tactical, emergency: false
[DEBUG] 16:18:17.841 [AiEngine] Using JS Search
[DEBUG] 16:18:17.857 [AiEngine] Adaptive time: 3000ms, depth: 3, reason: tactical, emergency: false
[DEBUG] 16:18:17.857 [AiEngine] Using JS Search
[DEBUG] 16:18:17.880 [AiEngine] Adaptive time: 3000ms, depth: 3, reason: tactical, emergency: false
[DEBUG] 16:18:17.880 [AiEngine] Using JS Search
[DEBUG] 16:18:17.902 [AiEngine] Adaptive time: 3000ms, depth: 3, reason: tactical, emergency: false
[DEBUG] 16:18:17.902 [AiEngine] Using JS Search
[DEBUG] 16:18:17.925 [AiEngine] Adaptive time: 3000ms, depth: 3, reason: endgame, tactical, emergency: false
[DEBUG] 16:18:17.925 [AiEngine] Using JS Search
[DEBUG] 16:18:17.935 [AiEngine] Adaptive time: 3000ms, depth: 3, reason: endgame, in-check, emergency: false
[DEBUG] 16:18:17.935 [AiEngine] Using JS Search
[DEBUG] 16:18:17.948 [AiEngine] Adaptive time: 3000ms, depth: 3, reason: endgame, emergency: false
[DEBUG] 16:18:17.948 [AiEngine] Using JS Search
[DEBUG] 16:18:17.960 [AiEngine] Adaptive time: 3000ms, depth: 3, reason: endgame, tactical, emergency: false
[DEBUG] 16:18:17.961 [AiEngine] Using JS Search
[DEBUG] 16:18:17.979 [AiEngine] Adaptive time: 3000ms, depth: 3, reason: endgame, emergency: false
[DEBUG] 16:18:17.979 [AiEngine] Using JS Search
[DEBUG] 16:18:17.988 [AiEngine] Adaptive time: 3000ms, depth: 3, reason: endgame, tactical, emergency: false
[DEBUG] 16:18:17.988 [AiEngine] Using JS Search
[DEBUG] 16:18:18.004 [AiEngine] Adaptive time: 3000ms, depth: 3, reason: endgame, emergency: false
[DEBUG] 16:18:18.004 [AiEngine] Using JS Search
[DEBUG] 16:18:18.011 [AiEngine] Adaptive time: 3000ms, depth: 3, reason: endgame, tactical, emergency: false
[DEBUG] 16:18:18.012 [AiEngine] Using JS Search
[DEBUG] 16:18:18.034 [AiEngine] Adaptive time: 3000ms, depth: 3, reason: endgame, emergency: false
[DEBUG] 16:18:18.034 [AiEngine] Using JS Search
[DEBUG] 16:18:18.041 [AiEngine] Adaptive time: 3000ms, depth: 3, reason: endgame, tactical, emergency: false
[DEBUG] 16:18:18.041 [AiEngine] Using JS Search
[DEBUG] 16:18:18.051 [AiEngine] Adaptive time: 3000ms, depth: 3, reason: endgame, emergency: false
[DEBUG] 16:18:18.051 [AiEngine] Using JS Search
[DEBUG] 16:18:18.061 [AiEngine] Adaptive time: 3000ms, depth: 3, reason: endgame, tactical, emergency: false
[DEBUG] 16:18:18.061 [AiEngine] Using JS Search
[DEBUG] 16:18:18.070 [AiEngine] Adaptive time: 3000ms, depth: 3, reason: endgame, in-check, emergency: false
[DEBUG] 16:18:18.071 [AiEngine] Using JS Search
[DEBUG] 16:18:18.078 [AiEngine] Adaptive time: 3000ms, depth: 3, reason: endgame, tactical, emergency: false
[DEBUG] 16:18:18.079 [AiEngine] Using JS Search
[DEBUG] 16:18:18.092 [AiEngine] Adaptive time: 3000ms, depth: 3, reason: endgame, emergency: false
[DEBUG] 16:18:18.092 [AiEngine] Using JS Search
[DEBUG] 16:18:18.103 [AiEngine] Adaptive time: 3000ms, depth: 3, reason: endgame, tactical, emergency: false
[DEBUG] 16:18:18.103 [AiEngine] Using JS Search
[DEBUG] 16:18:18.118 [AiEngine] Adaptive time: 3000ms, depth: 3, reason: endgame, in-check, emergency: false
[DEBUG] 16:18:18.118 [AiEngine] Using JS Search
[DEBUG] 16:18:18.125 [AiEngine] Adaptive time: 3000ms, depth: 3, reason: endgame, tactical, emergency: false
[DEBUG] 16:18:18.125 [AiEngine] Using JS Search
[DEBUG] 16:18:18.140 [AiEngine] Adaptive time: 3000ms, depth: 3, reason: endgame, in-check, emergency: false
[DEBUG] 16:18:18.140 [AiEngine] Using JS Search
[DEBUG] 16:18:18.146 [AiEngine] Adaptive time: 3000ms, depth: 3, reason: endgame, tactical, emergency: false
[DEBUG] 16:18:18.146 [AiEngine] Using JS Search
[DEBUG] 16:18:18.157 [AiEngine] Adaptive time: 3000ms, depth: 3, reason: endgame, emergency: false
[DEBUG] 16:18:18.157 [AiEngine] Using JS Search
[DEBUG] 16:18:18.162 [AiEngine] Adaptive time: 3000ms, depth: 3, reason: endgame, tactical, emergency: false
[DEBUG] 16:18:18.162 [AiEngine] Using JS Search
[DEBUG] 16:18:18.175 [AiEngine] Adaptive time: 3000ms, depth: 3, reason: endgame, emergency: false
[DEBUG] 16:18:18.175 [AiEngine] Using JS Search
[DEBUG] 16:18:18.180 [AiEngine] Adaptive time: 3000ms, depth: 3, reason: endgame, tactical, emergency: false
[DEBUG] 16:18:18.180 [AiEngine] Using JS Search
[DEBUG] 16:18:18.192 [AiEngine] Adaptive time: 3000ms, depth: 3, reason: endgame, emergency: false
[DEBUG] 16:18:18.192 [AiEngine] Using JS Search
[DEBUG] 16:18:18.200 [AiEngine] Adaptive time: 3000ms, depth: 3, reason: endgame, emergency: false
[DEBUG] 16:18:18.200 [AiEngine] Using JS Search
[DEBUG] 16:18:18.218 [AiEngine] Adaptive time: 3000ms, depth: 3, reason: endgame, emergency: false
[DEBUG] 16:18:18.218 [AiEngine] Using JS Search
[DEBUG] 16:18:18.224 [AiEngine] Adaptive time: 3000ms, depth: 3, reason: endgame, emergency: false
[DEBUG] 16:18:18.224 [AiEngine] Using JS Search
[DEBUG] 16:18:18.237 [AiEngine] Adaptive time: 3000ms, depth: 3, reason: endgame, emergency: false
[DEBUG] 16:18:18.237 [AiEngine] Using JS Search
[DEBUG] 16:18:18.252 [AiEngine] Adaptive time: 3000ms, depth: 3, reason: endgame, tactical, emergency: false
[DEBUG] 16:18:18.252 [AiEngine] Using JS Search
[DEBUG] 16:18:18.268 [AiEngine] Adaptive time: 3000ms, depth: 3, reason: endgame, emergency: false
[DEBUG] 16:18:18.268 [AiEngine] Using JS Search
[DEBUG] 16:18:18.276 [AiEngine] Adaptive time: 3000ms, depth: 3, reason: endgame, emergency: false
[DEBUG] 16:18:18.276 [AiEngine] Using JS Search
[DEBUG] 16:18:18.289 [AiEngine] Adaptive time: 3000ms, depth: 3, reason: endgame, emergency: false
[DEBUG] 16:18:18.289 [AiEngine] Using JS Search
[DEBUG] 16:18:18.300 [AiEngine] Adaptive time: 3000ms, depth: 3, reason: endgame, tactical, emergency: false
[DEBUG] 16:18:18.300 [AiEngine] Using JS Search
[DEBUG] 16:18:18.317 [AiEngine] Adaptive time: 3000ms, depth: 3, reason: endgame, emergency: false
[DEBUG] 16:18:18.317 [AiEngine] Using JS Search
[DEBUG] 16:18:18.327 [AiEngine] Adaptive time: 3000ms, depth: 3, reason: endgame, tactical, emergency: false
[DEBUG] 16:18:18.327 [AiEngine] Using JS Search
[DEBUG] 16:18:18.341 [AiEngine] Adaptive time: 3000ms, depth: 3, reason: endgame, emergency: false
[DEBUG] 16:18:18.341 [AiEngine] Using JS Search
[DEBUG] 16:18:18.347 [AiEngine] Adaptive time: 3000ms, depth: 3, reason: endgame, tactical, emergency: false
[DEBUG] 16:18:18.347 [AiEngine] Using JS Search
[DEBUG] 16:18:18.357 [AiEngine] Adaptive time: 3000ms, depth: 3, reason: endgame, emergency: false
[DEBUG] 16:18:18.357 [AiEngine] Using JS Search
[DEBUG] 16:18:18.365 [AiEngine] Adaptive time: 3000ms, depth: 3, reason: endgame, tactical, emergency: false
[DEBUG] 16:18:18.365 [AiEngine] Using JS Search
[DEBUG] 16:18:18.383 [AiEngine] Adaptive time: 3000ms, depth: 3, reason: endgame, emergency: false
[DEBUG] 16:18:18.383 [AiEngine] Using JS Search
[DEBUG] 16:18:18.391 [AiEngine] Adaptive time: 3000ms, depth: 3, reason: endgame, tactical, emergency: false
[DEBUG] 16:18:18.391 [AiEngine] Using JS Search
[DEBUG] 16:18:18.402 [AiEngine] Adaptive time: 3000ms, depth: 3, reason: endgame, in-check, emergency: false
[DEBUG] 16:18:18.402 [AiEngine] Using JS Search
[DEBUG] 16:18:18.406 [AiEngine] Adaptive time: 500ms, depth: 3, reason: midgame, opening, emergency: false
[DEBUG] 16:18:18.406 [AiEngine] Using JS Search
[DEBUG] 16:18:18.441 [AiEngine] Adaptive time: 500ms, depth: 3, reason: midgame, opening, emergency: false
[DEBUG] 16:18:18.441 [AiEngine] Using JS Search
[DEBUG] 16:18:18.484 [AiEngine] Adaptive time: 500ms, depth: 3, reason: midgame, opening, emergency: false
[DEBUG] 16:18:18.484 [AiEngine] Using JS Search
[DEBUG] 16:18:18.519 [AiEngine] Adaptive time: 500ms, depth: 3, reason: midgame, opening, emergency: false
[DEBUG] 16:18:18.519 [AiEngine] Using JS Search
[DEBUG] 16:18:18.576 [AiEngine] Adaptive time: 500ms, depth: 3, reason: midgame, opening, emergency: false
[DEBUG] 16:18:18.576 [AiEngine] Using JS Search
[DEBUG] 16:18:18.677 [AiEngine] Adaptive time: 500ms, depth: 3, reason: midgame, opening, emergency: false
[DEBUG] 16:18:18.677 [AiEngine] Using JS Search
[DEBUG] 16:18:18.742 [AiEngine] Adaptive time: 500ms, depth: 3, reason: midgame, opening, emergency: false
[DEBUG] 16:18:18.742 [AiEngine] Using JS Search
[DEBUG] 16:18:18.802 [AiEngine] Adaptive time: 500ms, depth: 3, reason: midgame, opening, emergency: false
[DEBUG] 16:18:18.802 [AiEngine] Using JS Search
[DEBUG] 16:18:18.824 [AiEngine] Adaptive time: 500ms, depth: 3, reason: midgame, opening, emergency: false
[DEBUG] 16:18:18.824 [AiEngine] Using JS Search
[DEBUG] 16:18:18.867 [AiEngine] Adaptive time: 500ms, depth: 3, reason: midgame, opening, emergency: false
[DEBUG] 16:18:18.867 [AiEngine] Using JS Search
[DEBUG] 16:18:18.891 [AiEngine] Adaptive time: 500ms, depth: 3, reason: midgame, opening, emergency: false
[DEBUG] 16:18:18.892 [AiEngine] Using JS Search
[DEBUG] 16:18:18.932 [AiEngine] Adaptive time: 500ms, depth: 3, reason: midgame, opening, emergency: false
[DEBUG] 16:18:18.933 [AiEngine] Using JS Search
[DEBUG] 16:18:18.959 [AiEngine] Adaptive time: 500ms, depth: 3, reason: midgame, opening, emergency: false
[DEBUG] 16:18:18.959 [AiEngine] Using JS Search
[DEBUG] 16:18:19.003 [AiEngine] Adaptive time: 500ms, depth: 3, reason: midgame, opening, emergency: false
[DEBUG] 16:18:19.003 [AiEngine] Using JS Search
[DEBUG] 16:18:19.032 [AiEngine] Adaptive time: 500ms, depth: 3, reason: midgame, opening, emergency: false
[DEBUG] 16:18:19.032 [AiEngine] Using JS Search
[DEBUG] 16:18:19.097 [AiEngine] Adaptive time: 500ms, depth: 3, reason: midgame, opening, tactical, emergency: false
[DEBUG] 16:18:19.097 [AiEngine] Using JS Search
[DEBUG] 16:18:19.133 [AiEngine] Adaptive time: 500ms, depth: 3, reason: midgame, opening, tactical, emergency: false
[DEBUG] 16:18:19.133 [AiEngine] Using JS Search
[DEBUG] 16:18:19.189 [AiEngine] Adaptive time: 500ms, depth: 3, reason: midgame, opening, emergency: false
[DEBUG] 16:18:19.189 [AiEngine] Using JS Search
[DEBUG] 16:18:19.253 [AiEngine] Adaptive time: 500ms, depth: 3, reason: midgame, opening, tactical, emergency: false
[DEBUG] 16:18:19.253 [AiEngine] Using JS Search
[DEBUG] 16:18:19.471 [AiEngine] Adaptive time: 500ms, depth: 3, reason: midgame, opening, tactical, emergency: false
[DEBUG] 16:18:19.472 [AiEngine] Using JS Search
[DEBUG] 16:18:19.675 [AiEngine] Adaptive time: 500ms, depth: 3, reason: midgame, opening, emergency: false
[DEBUG] 16:18:19.675 [AiEngine] Using JS Search
[DEBUG] 16:18:19.794 [AiEngine] Adaptive time: 500ms, depth: 3, reason: midgame, opening, tactical, emergency: false
[DEBUG] 16:18:19.794 [AiEngine] Using JS Search
[DEBUG] 16:18:19.892 [AiEngine] Adaptive time: 500ms, depth: 3, reason: midgame, opening, emergency: false
[DEBUG] 16:18:19.892 [AiEngine] Using JS Search
[DEBUG] 16:18:20.150 [AiEngine] Adaptive time: 500ms, depth: 3, reason: midgame, opening, tactical, emergency: false
[DEBUG] 16:18:20.150 [AiEngine] Using JS Search
[DEBUG] 16:18:20.196 [AiEngine] Adaptive time: 500ms, depth: 3, reason: midgame, opening, emergency: false
[DEBUG] 16:18:20.196 [AiEngine] Using JS Search
[DEBUG] 16:18:21.214 [AiEngine] Adaptive time: 500ms, depth: 3, reason: midgame, opening, tactical, emergency: false
[DEBUG] 16:18:21.214 [AiEngine] Using JS Search
[DEBUG] 16:18:21.251 [AiEngine] Adaptive time: 500ms, depth: 3, reason: midgame, opening, emergency: false
[DEBUG] 16:18:21.251 [AiEngine] Using JS Search
[DEBUG] 16:18:21.368 [AiEngine] Adaptive time: 500ms, depth: 3, reason: midgame, opening, tactical, emergency: false
[DEBUG] 16:18:21.368 [AiEngine] Using JS Search
[DEBUG] 16:18:21.423 [AiEngine] Adaptive time: 500ms, depth: 3, reason: midgame, opening, tactical, emergency: false
[DEBUG] 16:18:21.423 [AiEngine] Using JS Search
[DEBUG] 16:18:21.504 [AiEngine] Adaptive time: 500ms, depth: 3, reason: midgame, opening, tactical, emergency: false
[DEBUG] 16:18:21.504 [AiEngine] Using JS Search
[DEBUG] 16:18:21.546 [AiEngine] Adaptive time: 500ms, depth: 3, reason: midgame, opening, in-check, tactical, emergency: false
[DEBUG] 16:18:21.546 [AiEngine] Using JS Search
[DEBUG] 16:18:21.566 [AiEngine] Adaptive time: 500ms, depth: 3, reason: midgame, opening, tactical, emergency: false
[DEBUG] 16:18:21.566 [AiEngine] Using JS Search
[DEBUG] 16:18:21.620 [AiEngine] Adaptive time: 500ms, depth: 3, reason: midgame, opening, in-check, emergency: false
[DEBUG] 16:18:21.620 [AiEngine] Using JS Search
[DEBUG] 16:18:21.640 [AiEngine] Adaptive time: 500ms, depth: 3, reason: midgame, opening, tactical, emergency: false
[DEBUG] 16:18:21.640 [AiEngine] Using JS Search
[DEBUG] 16:18:21.684 [AiEngine] Adaptive time: 500ms, depth: 3, reason: midgame, opening, in-check, emergency: false
[DEBUG] 16:18:21.684 [AiEngine] Using JS Search
[DEBUG] 16:18:21.730 [AiEngine] Adaptive time: 500ms, depth: 3, reason: midgame, opening, emergency: false
[DEBUG] 16:18:21.730 [AiEngine] Using JS Search
[DEBUG] 16:18:21.771 [AiEngine] Adaptive time: 500ms, depth: 3, reason: midgame, opening, tactical, emergency: false
[DEBUG] 16:18:21.771 [AiEngine] Using JS Search
[DEBUG] 16:18:21.844 [AiEngine] Adaptive time: 500ms, depth: 3, reason: midgame, opening, in-check, emergency: false
[DEBUG] 16:18:21.844 [AiEngine] Using JS Search
[DEBUG] 16:18:21.848 [AiEngine] Adaptive time: 500ms, depth: 3, reason: midgame, opening, tactical, emergency: false
[DEBUG] 16:18:21.848 [AiEngine] Using JS Search
[DEBUG] 16:18:21.937 [AiEngine] Adaptive time: 500ms, depth: 3, reason: midgame, opening, in-check, emergency: false
[DEBUG] 16:18:21.937 [AiEngine] Using JS Search
[DEBUG] 16:18:21.948 [AiEngine] Adaptive time: 3000ms, depth: 3, reason: midgame, tactical, emergency: false
[DEBUG] 16:18:21.948 [AiEngine] Using JS Search
[DEBUG] 16:18:22.026 [AiEngine] Adaptive time: 3000ms, depth: 3, reason: midgame, emergency: false
[DEBUG] 16:18:22.026 [AiEngine] Using JS Search
[DEBUG] 16:18:22.064 [AiEngine] Adaptive time: 3000ms, depth: 3, reason: midgame, in-check, emergency: false
[DEBUG] 16:18:22.064 [AiEngine] Using JS Search
[DEBUG] 16:18:22.081 [AiEngine] Adaptive time: 3000ms, depth: 3, reason: midgame, tactical, emergency: false
[DEBUG] 16:18:22.081 [AiEngine] Using JS Search
[DEBUG] 16:18:22.134 [AiEngine] Adaptive time: 3000ms, depth: 3, reason: midgame, tactical, emergency: false
[DEBUG] 16:18:22.134 [AiEngine] Using JS Search
[DEBUG] 16:18:22.213 [AiEngine] Adaptive time: 3000ms, depth: 3, reason: midgame, emergency: false
[DEBUG] 16:18:22.214 [AiEngine] Using JS Search
[DEBUG] 16:18:22.253 [AiEngine] Adaptive time: 3000ms, depth: 3, reason: midgame, tactical, emergency: false
[DEBUG] 16:18:22.253 [AiEngine] Using JS Search
[DEBUG] 16:18:22.286 [AiEngine] Adaptive time: 3000ms, depth: 3, reason: midgame, emergency: false
[DEBUG] 16:18:22.287 [AiEngine] Using JS Search
[DEBUG] 16:18:22.326 [AiEngine] Adaptive time: 3000ms, depth: 3, reason: midgame, tactical, emergency: false
[DEBUG] 16:18:22.326 [AiEngine] Using JS Search
[DEBUG] 16:18:22.368 [AiEngine] Adaptive time: 3000ms, depth: 3, reason: midgame, emergency: false
[DEBUG] 16:18:22.368 [AiEngine] Using JS Search
[DEBUG] 16:18:22.432 [AiEngine] Adaptive time: 3000ms, depth: 3, reason: midgame, tactical, emergency: false
[DEBUG] 16:18:22.432 [AiEngine] Using JS Search
[DEBUG] 16:18:22.530 [AiEngine] Adaptive time: 3000ms, depth: 3, reason: in-check, emergency: false
[DEBUG] 16:18:22.530 [AiEngine] Using JS Search
[DEBUG] 16:18:22.557 [AiEngine] Adaptive time: 3000ms, depth: 3, reason: tactical, emergency: false
[DEBUG] 16:18:22.557 [AiEngine] Using JS Search
[DEBUG] 16:18:22.639 [AiEngine] Adaptive time: 3000ms, depth: 3, reason: standard, emergency: false
[DEBUG] 16:18:22.639 [AiEngine] Using JS Search
[DEBUG] 16:18:22.696 [AiEngine] Adaptive time: 3000ms, depth: 3, reason: tactical, emergency: false
[DEBUG] 16:18:22.696 [AiEngine] Using JS Search
[DEBUG] 16:18:22.729 [AiEngine] Adaptive time: 3000ms, depth: 3, reason: tactical, emergency: false
[DEBUG] 16:18:22.729 [AiEngine] Using JS Search
[DEBUG] 16:18:22.843 [AiEngine] Adaptive time: 3000ms, depth: 3, reason: tactical, emergency: false
[DEBUG] 16:18:22.843 [AiEngine] Using JS Search
[DEBUG] 16:18:22.874 [AiEngine] Adaptive time: 3000ms, depth: 3, reason: tactical, emergency: false
[DEBUG] 16:18:22.874 [AiEngine] Using JS Search
[DEBUG] 16:18:22.984 [AiEngine] Adaptive time: 3000ms, depth: 3, reason: tactical, emergency: false
[DEBUG] 16:18:22.984 [AiEngine] Using JS Search
[DEBUG] 16:18:23.007 [AiEngine] Adaptive time: 3000ms, depth: 3, reason: tactical, emergency: false
[DEBUG] 16:18:23.007 [AiEngine] Using JS Search
[DEBUG] 16:18:23.086 [AiEngine] Adaptive time: 3000ms, depth: 3, reason: tactical, emergency: false
[DEBUG] 16:18:23.087 [AiEngine] Using JS Search
[DEBUG] 16:18:23.117 [AiEngine] Adaptive time: 3000ms, depth: 3, reason: tactical, emergency: false
[DEBUG] 16:18:23.117 [AiEngine] Using JS Search
[DEBUG] 16:18:23.157 [AiEngine] Adaptive time: 3000ms, depth: 3, reason: in-check, emergency: false
[DEBUG] 16:18:23.157 [AiEngine] Using JS Search
[DEBUG] 16:18:23.164 [AiEngine] Adaptive time: 3000ms, depth: 3, reason: in-check, emergency: false
[DEBUG] 16:18:23.164 [AiEngine] Using JS Search
[DEBUG] 16:18:23.177 [AiEngine] Adaptive time: 3000ms, depth: 3, reason: tactical, emergency: false
[DEBUG] 16:18:23.177 [AiEngine] Using JS Search
[DEBUG] 16:18:23.201 [AiEngine] Adaptive time: 3000ms, depth: 3, reason: tactical, emergency: false
[DEBUG] 16:18:23.201 [AiEngine] Using JS Search
[DEBUG] 16:18:23.231 [AiEngine] Adaptive time: 3000ms, depth: 3, reason: tactical, emergency: false
[DEBUG] 16:18:23.231 [AiEngine] Using JS Search
[DEBUG] 16:18:23.281 [AiEngine] Adaptive time: 3000ms, depth: 3, reason: standard, emergency: false
[DEBUG] 16:18:23.281 [AiEngine] Using JS Search
[DEBUG] 16:18:23.338 [AiEngine] Adaptive time: 3000ms, depth: 3, reason: tactical, emergency: false
[DEBUG] 16:18:23.338 [AiEngine] Using JS Search
[DEBUG] 16:18:23.363 [AiEngine] Adaptive time: 3000ms, depth: 3, reason: standard, emergency: false
[DEBUG] 16:18:23.363 [AiEngine] Using JS Search
[DEBUG] 16:18:23.414 [AiEngine] Adaptive time: 3000ms, depth: 3, reason: tactical, emergency: false
[DEBUG] 16:18:23.414 [AiEngine] Using JS Search
[DEBUG] 16:18:23.443 [AiEngine] Adaptive time: 3000ms, depth: 3, reason: standard, emergency: false
[DEBUG] 16:18:23.443 [AiEngine] Using JS Search
[DEBUG] 16:18:23.485 [AiEngine] Adaptive time: 3000ms, depth: 3, reason: endgame, tactical, emergency: false
[DEBUG] 16:18:23.485 [AiEngine] Using JS Search
[DEBUG] 16:18:23.518 [AiEngine] Adaptive time: 3000ms, depth: 3, reason: endgame, emergency: false
[DEBUG] 16:18:23.518 [AiEngine] Using JS Search
[DEBUG] 16:18:23.565 [AiEngine] Adaptive time: 3000ms, depth: 3, reason: endgame, tactical, emergency: false
[DEBUG] 16:18:23.565 [AiEngine] Using JS Search
[DEBUG] 16:18:23.588 [AiEngine] Adaptive time: 3000ms, depth: 3, reason: endgame, in-check, emergency: false
[DEBUG] 16:18:23.588 [AiEngine] Using JS Search
[DEBUG] 16:18:23.602 [AiEngine] Adaptive time: 3000ms, depth: 3, reason: endgame, tactical, emergency: false
[DEBUG] 16:18:23.602 [AiEngine] Using JS Search
[DEBUG] 16:18:23.615 [AiEngine] Adaptive time: 3000ms, depth: 3, reason: endgame, in-check, emergency: false
[DEBUG] 16:18:23.615 [AiEngine] Using JS Search
[DEBUG] 16:18:23.622 [AiEngine] Adaptive time: 3000ms, depth: 3, reason: endgame, tactical, emergency: false
[DEBUG] 16:18:23.622 [AiEngine] Using JS Search
[DEBUG] 16:18:23.634 [AiEngine] Adaptive time: 3000ms, depth: 3, reason: endgame, emergency: false
[DEBUG] 16:18:23.634 [AiEngine] Using JS Search
[DEBUG] 16:18:23.644 [AiEngine] Adaptive time: 3000ms, depth: 3, reason: endgame, tactical, emergency: false
[DEBUG] 16:18:23.644 [AiEngine] Using JS Search
[DEBUG] 16:18:23.655 [AiEngine] Adaptive time: 3000ms, depth: 3, reason: endgame, emergency: false
[DEBUG] 16:18:23.655 [AiEngine] Using JS Search
[DEBUG] 16:18:23.664 [AiEngine] Adaptive time: 3000ms, depth: 3, reason: endgame, tactical, emergency: false
[DEBUG] 16:18:23.664 [AiEngine] Using JS Search
[DEBUG] 16:18:23.671 [AiEngine] Adaptive time: 3000ms, depth: 3, reason: endgame, tactical, emergency: false
[DEBUG] 16:18:23.672 [AiEngine] Using JS Search
[DEBUG] 16:18:23.686 [AiEngine] Adaptive time: 3000ms, depth: 3, reason: endgame, tactical, emergency: false
[DEBUG] 16:18:23.686 [AiEngine] Using JS Search
[DEBUG] 16:18:23.705 [AiEngine] Adaptive time: 3000ms, depth: 3, reason: endgame, in-check, emergency: false
[DEBUG] 16:18:23.705 [AiEngine] Using JS Search
[DEBUG] 16:18:23.715 [AiEngine] Adaptive time: 3000ms, depth: 3, reason: endgame, tactical, emergency: false
[DEBUG] 16:18:23.715 [AiEngine] Using JS Search
[DEBUG] 16:18:23.725 [AiEngine] Adaptive time: 3000ms, depth: 3, reason: endgame, emergency: false
[DEBUG] 16:18:23.725 [AiEngine] Using JS Search
[DEBUG] 16:18:23.732 [AiEngine] Adaptive time: 3000ms, depth: 3, reason: endgame, tactical, emergency: false
[DEBUG] 16:18:23.732 [AiEngine] Using JS Search
[DEBUG] 16:18:23.742 [AiEngine] Adaptive time: 3000ms, depth: 3, reason: endgame, tactical, emergency: false
[DEBUG] 16:18:23.742 [AiEngine] Using JS Search
[DEBUG] 16:18:23.751 [AiEngine] Adaptive time: 3000ms, depth: 3, reason: endgame, in-check, emergency: false
[DEBUG] 16:18:23.751 [AiEngine] Using JS Search
[DEBUG] 16:18:23.756 [AiEngine] Adaptive time: 3000ms, depth: 3, reason: endgame, emergency: false
[DEBUG] 16:18:23.756 [AiEngine] Using JS Search
[DEBUG] 16:18:23.778 [AiEngine] Adaptive time: 3000ms, depth: 3, reason: endgame, tactical, emergency: false
[DEBUG] 16:18:23.778 [AiEngine] Using JS Search
[DEBUG] 16:18:23.788 [AiEngine] Adaptive time: 3000ms, depth: 3, reason: endgame, emergency: false
[DEBUG] 16:18:23.788 [AiEngine] Using JS Search
[DEBUG] 16:18:23.793 [AiEngine] Adaptive time: 3000ms, depth: 3, reason: endgame, tactical, emergency: false
[DEBUG] 16:18:23.793 [AiEngine] Using JS Search
[DEBUG] 16:18:23.803 [AiEngine] Adaptive time: 3000ms, depth: 3, reason: endgame, emergency: false
[DEBUG] 16:18:23.803 [AiEngine] Using JS Search
[DEBUG] 16:18:23.810 [AiEngine] Adaptive time: 3000ms, depth: 3, reason: endgame, tactical, emergency: false
[DEBUG] 16:18:23.810 [AiEngine] Using JS Search
[DEBUG] 16:18:23.819 [AiEngine] Adaptive time: 3000ms, depth: 3, reason: endgame, emergency: false
[DEBUG] 16:18:23.820 [AiEngine] Using JS Search
[DEBUG] 16:18:23.834 [AiEngine] Adaptive time: 3000ms, depth: 3, reason: endgame, tactical, emergency: false
[DEBUG] 16:18:23.834 [AiEngine] Using JS Search
[DEBUG] 16:18:23.843 [AiEngine] Adaptive time: 3000ms, depth: 3, reason: endgame, emergency: false
[DEBUG] 16:18:23.843 [AiEngine] Using JS Search
[DEBUG] 16:18:23.849 [AiEngine] Adaptive time: 500ms, depth: 3, reason: midgame, opening, emergency: false
[DEBUG] 16:18:23.849 [AiEngine] Using JS Search
[DEBUG] 16:18:23.886 [AiEngine] Adaptive time: 500ms, depth: 3, reason: midgame, opening, emergency: false
[DEBUG] 16:18:23.886 [AiEngine] Using JS Search
[DEBUG] 16:18:23.923 [AiEngine] Adaptive time: 500ms, depth: 3, reason: midgame, opening, emergency: false
[DEBUG] 16:18:23.923 [AiEngine] Using JS Search
[DEBUG] 16:18:23.952 [AiEngine] Adaptive time: 500ms, depth: 3, reason: midgame, opening, emergency: false
[DEBUG] 16:18:23.953 [AiEngine] Using JS Search
[DEBUG] 16:18:23.994 [AiEngine] Adaptive time: 500ms, depth: 3, reason: midgame, opening, emergency: false
[DEBUG] 16:18:23.994 [AiEngine] Using JS Search
[DEBUG] 16:18:24.068 [AiEngine] Adaptive time: 500ms, depth: 3, reason: midgame, opening, emergency: false
[DEBUG] 16:18:24.068 [AiEngine] Using JS Search
[DEBUG] 16:18:24.125 [AiEngine] Adaptive time: 500ms, depth: 3, reason: midgame, opening, emergency: false
[DEBUG] 16:18:24.125 [AiEngine] Using JS Search
[DEBUG] 16:18:24.162 [AiEngine] Adaptive time: 500ms, depth: 3, reason: midgame, opening, tactical, emergency: false
[DEBUG] 16:18:24.162 [AiEngine] Using JS Search
[DEBUG] 16:18:24.211 [AiEngine] Adaptive time: 500ms, depth: 3, reason: midgame, opening, tactical, emergency: false
[DEBUG] 16:18:24.211 [AiEngine] Using JS Search
[DEBUG] 16:18:24.275 [AiEngine] Adaptive time: 500ms, depth: 3, reason: midgame, opening, tactical, emergency: false
[DEBUG] 16:18:24.275 [AiEngine] Using JS Search
[DEBUG] 16:18:24.332 [AiEngine] Adaptive time: 500ms, depth: 3, reason: midgame, opening, in-check, emergency: false
[DEBUG] 16:18:24.332 [AiEngine] Using JS Search
[DEBUG] 16:18:24.365 [AiEngine] Adaptive time: 500ms, depth: 3, reason: midgame, opening, emergency: false
[DEBUG] 16:18:24.365 [AiEngine] Using JS Search
[DEBUG] 16:18:24.426 [AiEngine] Adaptive time: 500ms, depth: 3, reason: midgame, opening, tactical, emergency: false
[DEBUG] 16:18:24.426 [AiEngine] Using JS Search
[DEBUG] 16:18:24.985 [AiEngine] Adaptive time: 500ms, depth: 3, reason: midgame, opening, emergency: false
[DEBUG] 16:18:24.985 [AiEngine] Using JS Search
[DEBUG] 16:18:25.091 [AiEngine] Adaptive time: 500ms, depth: 3, reason: midgame, opening, tactical, emergency: false
[DEBUG] 16:18:25.091 [AiEngine] Using JS Search
[DEBUG] 16:18:25.144 [AiEngine] Adaptive time: 500ms, depth: 3, reason: midgame, opening, tactical, emergency: false
[DEBUG] 16:18:25.144 [AiEngine] Using JS Search
[DEBUG] 16:18:25.213 [AiEngine] Adaptive time: 500ms, depth: 3, reason: midgame, opening, tactical, emergency: false
[DEBUG] 16:18:25.213 [AiEngine] Using JS Search
[DEBUG] 16:18:25.712 [AiEngine] Adaptive time: 500ms, depth: 3, reason: midgame, opening, emergency: false
[DEBUG] 16:18:25.713 [AiEngine] Using JS Search
[DEBUG] 16:18:25.794 [AiEngine] Adaptive time: 500ms, depth: 3, reason: midgame, opening, tactical, emergency: false
[DEBUG] 16:18:25.794 [AiEngine] Using JS Search
[DEBUG] 16:18:26.143 [AiEngine] Adaptive time: 500ms, depth: 3, reason: midgame, opening, emergency: false
[DEBUG] 16:18:26.143 [AiEngine] Using JS Search
[DEBUG] 16:18:26.218 [AiEngine] Adaptive time: 500ms, depth: 3, reason: midgame, opening, tactical, emergency: false
[DEBUG] 16:18:26.218 [AiEngine] Using JS Search
[DEBUG] 16:18:26.583 [AiEngine] Adaptive time: 500ms, depth: 3, reason: midgame, opening, emergency: false
[DEBUG] 16:18:26.583 [AiEngine] Using JS Search
[DEBUG] 16:18:26.699 [AiEngine] Adaptive time: 500ms, depth: 3, reason: midgame, opening, tactical, emergency: false
[DEBUG] 16:18:26.699 [AiEngine] Using JS Search
[DEBUG] 16:18:26.745 [AiEngine] Adaptive time: 500ms, depth: 3, reason: midgame, opening, in-check, emergency: false
[DEBUG] 16:18:26.745 [AiEngine] Using JS Search
[DEBUG] 16:18:26.785 [AiEngine] Adaptive time: 500ms, depth: 3, reason: midgame, opening, tactical, emergency: false
[DEBUG] 16:18:26.785 [AiEngine] Using JS Search
[DEBUG] 16:18:26.882 [AiEngine] Adaptive time: 500ms, depth: 3, reason: midgame, opening, in-check, tactical, emergency: false
[DEBUG] 16:18:26.882 [AiEngine] Using JS Search
[DEBUG] 16:18:26.971 [AiEngine] Adaptive time: 500ms, depth: 3, reason: midgame, opening, tactical, emergency: false
[DEBUG] 16:18:26.971 [AiEngine] Using JS Search
[DEBUG] 16:18:27.053 [AiEngine] Adaptive time: 500ms, depth: 3, reason: midgame, opening, tactical, emergency: false
[DEBUG] 16:18:27.053 [AiEngine] Using JS Search
[DEBUG] 16:18:27.387 [AiEngine] Adaptive time: 500ms, depth: 3, reason: midgame, opening, tactical, emergency: false
[DEBUG] 16:18:27.387 [AiEngine] Using JS Search
[DEBUG] 16:18:27.525 [AiEngine] Adaptive time: 500ms, depth: 3, reason: midgame, opening, tactical, emergency: false
[DEBUG] 16:18:27.525 [AiEngine] Using JS Search
[DEBUG] 16:18:27.734 [AiEngine] Adaptive time: 500ms, depth: 3, reason: midgame, opening, tactical, emergency: false
[DEBUG] 16:18:27.734 [AiEngine] Using JS Search
[DEBUG] 16:18:27.836 [AiEngine] Adaptive time: 500ms, depth: 3, reason: midgame, opening, tactical, emergency: false
[DEBUG] 16:18:27.836 [AiEngine] Using JS Search
[DEBUG] 16:18:27.902 [AiEngine] Adaptive time: 500ms, depth: 3, reason: midgame, opening, tactical, emergency: false
[DEBUG] 16:18:27.903 [AiEngine] Using JS Search
[DEBUG] 16:18:28.034 [AiEngine] Adaptive time: 500ms, depth: 3, reason: midgame, opening, tactical, emergency: false
[DEBUG] 16:18:28.034 [AiEngine] Using JS Search
[DEBUG] 16:18:28.184 [AiEngine] Adaptive time: 500ms, depth: 3, reason: midgame, opening, in-check, emergency: false
[DEBUG] 16:18:28.184 [AiEngine] Using JS Search
[DEBUG] 16:18:28.202 [AiEngine] Adaptive time: 500ms, depth: 3, reason: midgame, opening, emergency: false
[DEBUG] 16:18:28.203 [AiEngine] Using JS Search
[DEBUG] 16:18:28.320 [AiEngine] Adaptive time: 500ms, depth: 3, reason: midgame, opening, tactical, emergency: false
[DEBUG] 16:18:28.320 [AiEngine] Using JS Search
[DEBUG] 16:18:28.354 [AiEngine] Adaptive time: 500ms, depth: 3, reason: midgame, opening, emergency: false
[DEBUG] 16:18:28.354 [AiEngine] Using JS Search
[DEBUG] 16:18:28.476 [AiEngine] Adaptive time: 500ms, depth: 3, reason: midgame, opening, tactical, emergency: false
[DEBUG] 16:18:28.476 [AiEngine] Using JS Search
[DEBUG] 16:18:28.530 [AiEngine] Adaptive time: 500ms, depth: 3, reason: midgame, opening, tactical, emergency: false
[DEBUG] 16:18:28.530 [AiEngine] Using JS Search
[DEBUG] 16:18:28.747 [AiEngine] Adaptive time: 3000ms, depth: 3, reason: midgame, tactical, emergency: false
[DEBUG] 16:18:28.747 [AiEngine] Using JS Search
[DEBUG] 16:18:28.787 [AiEngine] Adaptive time: 3000ms, depth: 3, reason: midgame, tactical, emergency: false
[DEBUG] 16:18:28.787 [AiEngine] Using JS Search
[DEBUG] 16:18:28.834 [AiEngine] Adaptive time: 3000ms, depth: 3, reason: midgame, tactical, emergency: false
[DEBUG] 16:18:28.834 [AiEngine] Using JS Search
[DEBUG] 16:18:28.929 [AiEngine] Adaptive time: 3000ms, depth: 3, reason: midgame, emergency: false
[DEBUG] 16:18:28.929 [AiEngine] Using JS Search
[DEBUG] 16:18:28.967 [AiEngine] Adaptive time: 3000ms, depth: 3, reason: midgame, tactical, emergency: false
[DEBUG] 16:18:28.968 [AiEngine] Using JS Search
[DEBUG] 16:18:29.061 [AiEngine] Adaptive time: 3000ms, depth: 3, reason: midgame, emergency: false
[DEBUG] 16:18:29.061 [AiEngine] Using JS Search
[DEBUG] 16:18:29.137 [AiEngine] Adaptive time: 3000ms, depth: 3, reason: midgame, tactical, emergency: false
[DEBUG] 16:18:29.137 [AiEngine] Using JS Search
[DEBUG] 16:18:29.206 [AiEngine] Adaptive time: 3000ms, depth: 3, reason: midgame, in-check, emergency: false
[DEBUG] 16:18:29.207 [AiEngine] Using JS Search
[DEBUG] 16:18:29.268 [AiEngine] Adaptive time: 3000ms, depth: 3, reason: midgame, tactical, emergency: false
[DEBUG] 16:18:29.268 [AiEngine] Using JS Search
[DEBUG] 16:18:29.331 [AiEngine] Adaptive time: 3000ms, depth: 3, reason: midgame, in-check, emergency: false
[DEBUG] 16:18:29.331 [AiEngine] Using JS Search
[DEBUG] 16:18:29.351 [AiEngine] Adaptive time: 3000ms, depth: 3, reason: midgame, tactical, emergency: false
[DEBUG] 16:18:29.351 [AiEngine] Using JS Search
[DEBUG] 16:18:29.380 [AiEngine] Adaptive time: 3000ms, depth: 3, reason: midgame, tactical, emergency: false
[DEBUG] 16:18:29.380 [AiEngine] Using JS Search
[DEBUG] 16:18:29.420 [AiEngine] Adaptive time: 3000ms, depth: 3, reason: midgame, tactical, emergency: false
[DEBUG] 16:18:29.420 [AiEngine] Using JS Search
[DEBUG] 16:18:29.455 [AiEngine] Adaptive time: 3000ms, depth: 3, reason: midgame, emergency: false
[DEBUG] 16:18:29.455 [AiEngine] Using JS Search
[DEBUG] 16:18:29.496 [AiEngine] Adaptive time: 3000ms, depth: 3, reason: midgame, tactical, emergency: false
[DEBUG] 16:18:29.496 [AiEngine] Using JS Search
[DEBUG] 16:18:29.535 [AiEngine] Adaptive time: 3000ms, depth: 3, reason: midgame, tactical, emergency: false
[DEBUG] 16:18:29.535 [AiEngine] Using JS Search
[DEBUG] 16:18:29.583 [AiEngine] Adaptive time: 3000ms, depth: 3, reason: midgame, tactical, emergency: false
[DEBUG] 16:18:29.583 [AiEngine] Using JS Search
[DEBUG] 16:18:29.618 [AiEngine] Adaptive time: 3000ms, depth: 3, reason: midgame, tactical, emergency: false
[DEBUG] 16:18:29.618 [AiEngine] Using JS Search
[DEBUG] 16:18:29.650 [AiEngine] Adaptive time: 3000ms, depth: 3, reason: midgame, tactical, emergency: false
[DEBUG] 16:18:29.650 [AiEngine] Using JS Search
[DEBUG] 16:18:29.697 [AiEngine] Adaptive time: 3000ms, depth: 3, reason: midgame, tactical, emergency: false
[DEBUG] 16:18:29.697 [AiEngine] Using JS Search
[DEBUG] 16:18:29.719 [AiEngine] Adaptive time: 3000ms, depth: 3, reason: tactical, emergency: false
[DEBUG] 16:18:29.719 [AiEngine] Using JS Search
[DEBUG] 16:18:29.737 [AiEngine] Adaptive time: 3000ms, depth: 3, reason: standard, emergency: false
[DEBUG] 16:18:29.737 [AiEngine] Using JS Search
[DEBUG] 16:18:29.763 [AiEngine] Adaptive time: 3000ms, depth: 3, reason: tactical, emergency: false
[DEBUG] 16:18:29.763 [AiEngine] Using JS Search
[DEBUG] 16:18:29.790 [AiEngine] Adaptive time: 3000ms, depth: 3, reason: standard, emergency: false
[DEBUG] 16:18:29.790 [AiEngine] Using JS Search
[DEBUG] 16:18:29.817 [AiEngine] Adaptive time: 3000ms, depth: 3, reason: tactical, emergency: false
[DEBUG] 16:18:29.817 [AiEngine] Using JS Search
[DEBUG] 16:18:29.847 [AiEngine] Adaptive time: 3000ms, depth: 3, reason: tactical, emergency: false
[DEBUG] 16:18:29.847 [AiEngine] Using JS Search
[DEBUG] 16:18:29.871 [AiEngine] Adaptive time: 3000ms, depth: 3, reason: in-check, emergency: false
[DEBUG] 16:18:29.871 [AiEngine] Using JS Search
[DEBUG] 16:18:29.900 [AiEngine] Adaptive time: 3000ms, depth: 3, reason: tactical, emergency: false
[DEBUG] 16:18:29.900 [AiEngine] Using JS Search
[DEBUG] 16:18:29.910 [AiEngine] Adaptive time: 3000ms, depth: 3, reason: endgame, emergency: false
[DEBUG] 16:18:29.910 [AiEngine] Using JS Search
[DEBUG] 16:18:29.928 [AiEngine] Adaptive time: 3000ms, depth: 3, reason: endgame, tactical, emergency: false
[DEBUG] 16:18:29.928 [AiEngine] Using JS Search
[DEBUG] 16:18:29.940 [AiEngine] Adaptive time: 3000ms, depth: 3, reason: endgame, in-check, emergency: false
[DEBUG] 16:18:29.941 [AiEngine] Using JS Search
[DEBUG] 16:18:29.962 [AiEngine] Adaptive time: 3000ms, depth: 3, reason: endgame, emergency: false
[DEBUG] 16:18:29.962 [AiEngine] Using JS Search
[DEBUG] 16:18:29.986 [AiEngine] Adaptive time: 3000ms, depth: 3, reason: endgame, emergency: false
[DEBUG] 16:18:29.986 [AiEngine] Using JS Search
[DEBUG] 16:18:30.013 [AiEngine] Adaptive time: 3000ms, depth: 3, reason: endgame, emergency: false
[DEBUG] 16:18:30.013 [AiEngine] Using JS Search
[DEBUG] 16:18:30.051 [AiEngine] Adaptive time: 3000ms, depth: 3, reason: endgame, emergency: false
[DEBUG] 16:18:30.051 [AiEngine] Using JS Search
[DEBUG] 16:18:30.067 [AiEngine] Adaptive time: 3000ms, depth: 3, reason: endgame, emergency: false
[DEBUG] 16:18:30.067 [AiEngine] Using JS Search
[DEBUG] 16:18:30.106 [AiEngine] Adaptive time: 3000ms, depth: 3, reason: endgame, emergency: false
[DEBUG] 16:18:30.106 [AiEngine] Using JS Search
[DEBUG] 16:18:30.122 [AiEngine] Adaptive time: 3000ms, depth: 3, reason: endgame, emergency: false
[DEBUG] 16:18:30.122 [AiEngine] Using JS Search
[DEBUG] 16:18:30.135 [AiEngine] Adaptive time: 3000ms, depth: 3, reason: endgame, emergency: false
[DEBUG] 16:18:30.135 [AiEngine] Using JS Search
[DEBUG] 16:18:30.161 [AiEngine] Adaptive time: 3000ms, depth: 3, reason: endgame, emergency: false
[DEBUG] 16:18:30.161 [AiEngine] Using JS Search
[DEBUG] 16:18:30.191 [AiEngine] Adaptive time: 3000ms, depth: 3, reason: endgame, emergency: false
[DEBUG] 16:18:30.191 [AiEngine] Using JS Search
[DEBUG] 16:18:30.209 [AiEngine] Adaptive time: 3000ms, depth: 3, reason: endgame, emergency: false
[DEBUG] 16:18:30.210 [AiEngine] Using JS Search
[DEBUG] 16:18:30.245 [AiEngine] Adaptive time: 3000ms, depth: 3, reason: endgame, emergency: false
[DEBUG] 16:18:30.245 [AiEngine] Using JS Search
[DEBUG] 16:18:30.270 [AiEngine] Adaptive time: 3000ms, depth: 3, reason: endgame, emergency: false
[DEBUG] 16:18:30.270 [AiEngine] Using JS Search
[DEBUG] 16:18:30.309 [AiEngine] Adaptive time: 3000ms, depth: 3, reason: endgame, emergency: false
[DEBUG] 16:18:30.309 [AiEngine] Using JS Search
[DEBUG] 16:18:30.327 [AiEngine] Adaptive time: 3000ms, depth: 3, reason: endgame, tactical, emergency: false
[DEBUG] 16:18:30.327 [AiEngine] Using JS Search
[DEBUG] 16:18:30.354 [AiEngine] Adaptive time: 3000ms, depth: 3, reason: endgame, emergency: false
[DEBUG] 16:18:30.354 [AiEngine] Using JS Search
[DEBUG] 16:18:30.372 [AiEngine] Adaptive time: 3000ms, depth: 3, reason: endgame, emergency: false
[DEBUG] 16:18:30.372 [AiEngine] Using JS Search
[DEBUG] 16:18:30.383 [AiEngine] Adaptive time: 3000ms, depth: 3, reason: endgame, emergency: false
[DEBUG] 16:18:30.383 [AiEngine] Using JS Search
[DEBUG] 16:18:30.395 [AiEngine] Adaptive time: 3000ms, depth: 3, reason: endgame, emergency: false
[DEBUG] 16:18:30.395 [AiEngine] Using JS Search
[DEBUG] 16:18:30.399 [AiEngine] Adaptive time: 3000ms, depth: 3, reason: endgame, emergency: false
[DEBUG] 16:18:30.399 [AiEngine] Using JS Search
[DEBUG] 16:18:30.420 [AiEngine] Adaptive time: 3000ms, depth: 3, reason: endgame, emergency: false
[DEBUG] 16:18:30.420 [AiEngine] Using JS Search
[DEBUG] 16:18:30.424 [AiEngine] Adaptive time: 3000ms, depth: 3, reason: endgame, emergency: false
[DEBUG] 16:18:30.424 [AiEngine] Using JS Search
[DEBUG] 16:18:30.443 [AiEngine] Adaptive time: 3000ms, depth: 3, reason: endgame, emergency: false
[DEBUG] 16:18:30.443 [AiEngine] Using JS Search
[DEBUG] 16:18:30.448 [AiEngine] Adaptive time: 3000ms, depth: 3, reason: endgame, emergency: false
[DEBUG] 16:18:30.449 [AiEngine] Using JS Search
[DEBUG] 16:18:30.459 [AiEngine] Adaptive time: 3000ms, depth: 3, reason: endgame, emergency: false
[DEBUG] 16:18:30.459 [AiEngine] Using JS Search
[DEBUG] 16:18:30.464 [AiEngine] Adaptive time: 3000ms, depth: 3, reason: endgame, emergency: false
[DEBUG] 16:18:30.464 [AiEngine] Using JS Search
[DEBUG] 16:18:30.473 [AiEngine] Adaptive time: 3000ms, depth: 3, reason: endgame, emergency: false
[DEBUG] 16:18:30.473 [AiEngine] Using JS Search
[DEBUG] 16:18:30.477 [AiEngine] Adaptive time: 3000ms, depth: 3, reason: endgame, tactical, emergency: false
[DEBUG] 16:18:30.478 [AiEngine] Using JS Search
[DEBUG] 16:18:30.488 [AiEngine] Adaptive time: 3000ms, depth: 3, reason: endgame, emergency: false
[DEBUG] 16:18:30.488 [AiEngine] Using JS Search
[DEBUG] 16:18:30.516 [AiEngine] Adaptive time: 500ms, depth: 3, reason: midgame, opening, emergency: false
[DEBUG] 16:18:30.516 [AiEngine] Using JS Search
[DEBUG] 16:18:30.562 [AiEngine] Adaptive time: 500ms, depth: 3, reason: midgame, opening, emergency: false
[DEBUG] 16:18:30.562 [AiEngine] Using JS Search
[DEBUG] 16:18:30.580 [AiEngine] Adaptive time: 500ms, depth: 3, reason: midgame, opening, tactical, emergency: false
[DEBUG] 16:18:30.581 [AiEngine] Using JS Search
[DEBUG] 16:18:30.605 [AiEngine] Adaptive time: 500ms, depth: 3, reason: midgame, opening, in-check, emergency: false
[DEBUG] 16:18:30.605 [AiEngine] Using JS Search
[DEBUG] 16:18:30.632 [AiEngine] Adaptive time: 500ms, depth: 3, reason: midgame, opening, emergency: false
[DEBUG] 16:18:30.632 [AiEngine] Using JS Search
[DEBUG] 16:18:30.717 [AiEngine] Adaptive time: 500ms, depth: 3, reason: midgame, opening, tactical, emergency: false
[DEBUG] 16:18:30.717 [AiEngine] Using JS Search
[DEBUG] 16:18:30.824 [AiEngine] Adaptive time: 500ms, depth: 3, reason: midgame, opening, in-check, emergency: false
[DEBUG] 16:18:30.824 [AiEngine] Using JS Search
[DEBUG] 16:18:30.860 [AiEngine] Adaptive time: 500ms, depth: 3, reason: midgame, opening, emergency: false
[DEBUG] 16:18:30.860 [AiEngine] Using JS Search
[DEBUG] 16:18:30.997 [AiEngine] Adaptive time: 500ms, depth: 3, reason: midgame, opening, emergency: false
[DEBUG] 16:18:30.997 [AiEngine] Using JS Search
[DEBUG] 16:18:31.035 [AiEngine] Adaptive time: 500ms, depth: 3, reason: midgame, opening, tactical, emergency: false
[DEBUG] 16:18:31.035 [AiEngine] Using JS Search
[DEBUG] 16:18:31.114 [AiEngine] Adaptive time: 500ms, depth: 3, reason: midgame, opening, tactical, emergency: false
[DEBUG] 16:18:31.114 [AiEngine] Using JS Search
[DEBUG] 16:18:31.163 [AiEngine] Adaptive time: 500ms, depth: 3, reason: midgame, opening, tactical, emergency: false
[DEBUG] 16:18:31.163 [AiEngine] Using JS Search
[DEBUG] 16:18:31.194 [AiEngine] Adaptive time: 500ms, depth: 3, reason: midgame, opening, tactical, emergency: false
[DEBUG] 16:18:31.194 [AiEngine] Using JS Search
[DEBUG] 16:18:31.298 [AiEngine] Adaptive time: 500ms, depth: 3, reason: midgame, opening, tactical, emergency: false
[DEBUG] 16:18:31.298 [AiEngine] Using JS Search
[DEBUG] 16:18:31.344 [AiEngine] Adaptive time: 500ms, depth: 3, reason: midgame, opening, emergency: false
[DEBUG] 16:18:31.344 [AiEngine] Using JS Search
[DEBUG] 16:18:31.389 [AiEngine] Adaptive time: 500ms, depth: 3, reason: midgame, opening, emergency: false
[DEBUG] 16:18:31.389 [AiEngine] Using JS Search
[DEBUG] 16:18:31.407 [AiEngine] Adaptive time: 500ms, depth: 3, reason: midgame, opening, emergency: false
[DEBUG] 16:18:31.407 [AiEngine] Using JS Search
[DEBUG] 16:18:31.461 [AiEngine] Adaptive time: 500ms, depth: 3, reason: midgame, opening, tactical, emergency: false
[DEBUG] 16:18:31.461 [AiEngine] Using JS Search
[DEBUG] 16:18:31.477 [AiEngine] Adaptive time: 500ms, depth: 3, reason: midgame, opening, in-check, emergency: false
[DEBUG] 16:18:31.477 [AiEngine] Using JS Search
[DEBUG] 16:18:31.524 [AiEngine] Adaptive time: 500ms, depth: 3, reason: midgame, opening, emergency: false
[DEBUG] 16:18:31.524 [AiEngine] Using JS Search
[DEBUG] 16:18:31.544 [AiEngine] Adaptive time: 500ms, depth: 3, reason: midgame, opening, tactical, emergency: false
[DEBUG] 16:18:31.544 [AiEngine] Using JS Search
[DEBUG] 16:18:31.616 [AiEngine] Adaptive time: 500ms, depth: 3, reason: midgame, opening, in-check, emergency: false
[DEBUG] 16:18:31.616 [AiEngine] Using JS Search
[DEBUG] 16:18:31.634 [AiEngine] Adaptive time: 500ms, depth: 3, reason: midgame, opening, tactical, emergency: false
[DEBUG] 16:18:31.634 [AiEngine] Using JS Search
[DEBUG] 16:18:31.676 [AiEngine] Adaptive time: 500ms, depth: 3, reason: midgame, opening, tactical, emergency: false
[DEBUG] 16:18:31.676 [AiEngine] Using JS Search
[DEBUG] 16:18:31.731 [AiEngine] Adaptive time: 500ms, depth: 3, reason: midgame, opening, emergency: false
[DEBUG] 16:18:31.731 [AiEngine] Using JS Search
[DEBUG] 16:18:31.791 [AiEngine] Adaptive time: 500ms, depth: 3, reason: midgame, opening, emergency: false
[DEBUG] 16:18:31.791 [AiEngine] Using JS Search
[DEBUG] 16:18:31.843 [AiEngine] Adaptive time: 500ms, depth: 3, reason: midgame, opening, emergency: false
[DEBUG] 16:18:31.843 [AiEngine] Using JS Search
[DEBUG] 16:18:31.917 [AiEngine] Adaptive time: 500ms, depth: 3, reason: midgame, opening, emergency: false
[DEBUG] 16:18:31.917 [AiEngine] Using JS Search
[DEBUG] 16:18:31.965 [AiEngine] Adaptive time: 500ms, depth: 3, reason: midgame, opening, emergency: false
[DEBUG] 16:18:31.965 [AiEngine] Using JS Search
[DEBUG] 16:18:32.019 [AiEngine] Adaptive time: 500ms, depth: 3, reason: midgame, opening, emergency: false
[DEBUG] 16:18:32.019 [AiEngine] Using JS Search
[DEBUG] 16:18:32.073 [AiEngine] Adaptive time: 500ms, depth: 3, reason: midgame, opening, emergency: false
[DEBUG] 16:18:32.073 [AiEngine] Using JS Search
[DEBUG] 16:18:32.169 [AiEngine] Adaptive time: 500ms, depth: 3, reason: midgame, opening, tactical, emergency: false
[DEBUG] 16:18:32.169 [AiEngine] Using JS Search
[DEBUG] 16:18:32.202 [AiEngine] Adaptive time: 500ms, depth: 3, reason: midgame, opening, tactical, emergency: false
[DEBUG] 16:18:32.203 [AiEngine] Using JS Search
[DEBUG] 16:18:32.242 [AiEngine] Adaptive time: 500ms, depth: 3, reason: midgame, opening, in-check, tactical, emergency: false
[DEBUG] 16:18:32.242 [AiEngine] Using JS Search
[DEBUG] 16:18:32.293 [AiEngine] Adaptive time: 500ms, depth: 3, reason: midgame, opening, emergency: false
[DEBUG] 16:18:32.293 [AiEngine] Using JS Search
[DEBUG] 16:18:32.342 [AiEngine] Adaptive time: 500ms, depth: 3, reason: midgame, opening, tactical, emergency: false
[DEBUG] 16:18:32.342 [AiEngine] Using JS Search
[DEBUG] 16:18:32.404 [AiEngine] Adaptive time: 500ms, depth: 3, reason: midgame, opening, emergency: false
[DEBUG] 16:18:32.405 [AiEngine] Using JS Search
[DEBUG] 16:18:32.469 [AiEngine] Adaptive time: 500ms, depth: 3, reason: midgame, opening, tactical, emergency: false
[DEBUG] 16:18:32.469 [AiEngine] Using JS Search
[DEBUG] 16:18:32.572 [AiEngine] Adaptive time: 500ms, depth: 3, reason: midgame, opening, emergency: false
[DEBUG] 16:18:32.573 [AiEngine] Using JS Search
[DEBUG] 16:18:32.678 [AiEngine] Adaptive time: 500ms, depth: 3, reason: midgame, opening, tactical, emergency: false
[DEBUG] 16:18:32.678 [AiEngine] Using JS Search
[DEBUG] 16:18:32.698 [AiEngine] Adaptive time: 3000ms, depth: 3, reason: midgame, tactical, emergency: false
[DEBUG] 16:18:32.698 [AiEngine] Using JS Search
[DEBUG] 16:18:32.848 [AiEngine] Adaptive time: 3000ms, depth: 3, reason: midgame, tactical, emergency: false
[DEBUG] 16:18:32.848 [AiEngine] Using JS Search
[DEBUG] 16:18:32.977 [AiEngine] Adaptive time: 3000ms, depth: 3, reason: midgame, tactical, emergency: false
[DEBUG] 16:18:32.977 [AiEngine] Using JS Search
[DEBUG] 16:18:33.034 [AiEngine] Adaptive time: 3000ms, depth: 3, reason: midgame, tactical, emergency: false
[DEBUG] 16:18:33.034 [AiEngine] Using JS Search
[DEBUG] 16:18:33.120 [AiEngine] Adaptive time: 3000ms, depth: 3, reason: midgame, tactical, emergency: false
[DEBUG] 16:18:33.120 [AiEngine] Using JS Search
[DEBUG] 16:18:33.251 [AiEngine] Adaptive time: 3000ms, depth: 3, reason: midgame, tactical, emergency: false
[DEBUG] 16:18:33.252 [AiEngine] Using JS Search
[DEBUG] 16:18:33.272 [AiEngine] Adaptive time: 3000ms, depth: 3, reason: midgame, tactical, emergency: false
[DEBUG] 16:18:33.272 [AiEngine] Using JS Search
[DEBUG] 16:18:33.444 [AiEngine] Adaptive time: 3000ms, depth: 3, reason: midgame, tactical, emergency: false
[DEBUG] 16:18:33.444 [AiEngine] Using JS Search
[DEBUG] 16:18:33.479 [AiEngine] Adaptive time: 3000ms, depth: 3, reason: midgame, tactical, emergency: false
[DEBUG] 16:18:33.479 [AiEngine] Using JS Search
[DEBUG] 16:18:33.682 [AiEngine] Adaptive time: 3000ms, depth: 3, reason: midgame, tactical, emergency: false
[DEBUG] 16:18:33.682 [AiEngine] Using JS Search
[DEBUG] 16:18:33.746 [AiEngine] Adaptive time: 3000ms, depth: 3, reason: midgame, tactical, emergency: false
[DEBUG] 16:18:33.746 [AiEngine] Using JS Search
[DEBUG] 16:18:33.871 [AiEngine] Adaptive time: 3000ms, depth: 3, reason: midgame, tactical, emergency: false
[DEBUG] 16:18:33.871 [AiEngine] Using JS Search
[DEBUG] 16:18:33.931 [AiEngine] Adaptive time: 3000ms, depth: 3, reason: in-check, emergency: false
[DEBUG] 16:18:33.931 [AiEngine] Using JS Search
[DEBUG] 16:18:34.044 [AiEngine] Adaptive time: 3000ms, depth: 3, reason: standard, emergency: false
[DEBUG] 16:18:34.044 [AiEngine] Using JS Search
[DEBUG] 16:18:34.172 [AiEngine] Adaptive time: 3000ms, depth: 3, reason: tactical, emergency: false
[DEBUG] 16:18:34.172 [AiEngine] Using JS Search
[DEBUG] 16:18:34.291 [AiEngine] Adaptive time: 3000ms, depth: 3, reason: standard, emergency: false
[DEBUG] 16:18:34.291 [AiEngine] Using JS Search
[DEBUG] 16:18:34.365 [AiEngine] Adaptive time: 3000ms, depth: 3, reason: tactical, emergency: false
[DEBUG] 16:18:34.365 [AiEngine] Using JS Search
[DEBUG] 16:18:34.447 [AiEngine] Adaptive time: 3000ms, depth: 3, reason: tactical, emergency: false
[DEBUG] 16:18:34.447 [AiEngine] Using JS Search
[DEBUG] 16:18:34.550 [AiEngine] Adaptive time: 3000ms, depth: 3, reason: tactical, emergency: false
[DEBUG] 16:18:34.550 [AiEngine] Using JS Search
[DEBUG] 16:18:34.617 [AiEngine] Adaptive time: 3000ms, depth: 3, reason: tactical, emergency: false
[DEBUG] 16:18:34.617 [AiEngine] Using JS Search
[DEBUG] 16:18:34.661 [AiEngine] Adaptive time: 3000ms, depth: 3, reason: tactical, emergency: false
[DEBUG] 16:18:34.661 [AiEngine] Using JS Search
[DEBUG] 16:18:34.704 [AiEngine] Adaptive time: 3000ms, depth: 3, reason: tactical, emergency: false
[DEBUG] 16:18:34.704 [AiEngine] Using JS Search
[DEBUG] 16:18:34.759 [AiEngine] Adaptive time: 3000ms, depth: 3, reason: standard, emergency: false
[DEBUG] 16:18:34.759 [AiEngine] Using JS Search
[DEBUG] 16:18:34.808 [AiEngine] Adaptive time: 3000ms, depth: 3, reason: tactical, emergency: false
[DEBUG] 16:18:34.808 [AiEngine] Using JS Search
[DEBUG] 16:18:34.858 [AiEngine] Adaptive time: 3000ms, depth: 3, reason: tactical, emergency: false
[DEBUG] 16:18:34.858 [AiEngine] Using JS Search
[DEBUG] 16:18:34.874 [AiEngine] Adaptive time: 3000ms, depth: 3, reason: endgame, tactical, emergency: false
[DEBUG] 16:18:34.874 [AiEngine] Using JS Search
[DEBUG] 16:18:34.931 [AiEngine] Adaptive time: 3000ms, depth: 3, reason: endgame, tactical, emergency: false
[DEBUG] 16:18:34.931 [AiEngine] Using JS Search
[DEBUG] 16:18:34.945 [AiEngine] Adaptive time: 3000ms, depth: 3, reason: endgame, tactical, emergency: false
[DEBUG] 16:18:34.945 [AiEngine] Using JS Search
[DEBUG] 16:18:34.998 [AiEngine] Adaptive time: 3000ms, depth: 3, reason: endgame, in-check, emergency: false
[DEBUG] 16:18:34.998 [AiEngine] Using JS Search
[DEBUG] 16:18:35.031 [AiEngine] Adaptive time: 3000ms, depth: 3, reason: endgame, tactical, emergency: false
[DEBUG] 16:18:35.031 [AiEngine] Using JS Search
[DEBUG] 16:18:35.057 [AiEngine] Adaptive time: 3000ms, depth: 3, reason: endgame, tactical, emergency: false
[DEBUG] 16:18:35.057 [AiEngine] Using JS Search
[DEBUG] 16:18:35.088 [AiEngine] Adaptive time: 3000ms, depth: 3, reason: endgame, in-check, emergency: false
[DEBUG] 16:18:35.088 [AiEngine] Using JS Search
[DEBUG] 16:18:35.094 [AiEngine] Adaptive time: 3000ms, depth: 3, reason: endgame, emergency: false
[DEBUG] 16:18:35.094 [AiEngine] Using JS Search
[DEBUG] 16:18:35.116 [AiEngine] Adaptive time: 3000ms, depth: 3, reason: endgame, tactical, emergency: false
[DEBUG] 16:18:35.116 [AiEngine] Using JS Search
[DEBUG] 16:18:35.153 [AiEngine] Adaptive time: 3000ms, depth: 3, reason: endgame, emergency: false
[DEBUG] 16:18:35.153 [AiEngine] Using JS Search
[DEBUG] 16:18:35.173 [AiEngine] Adaptive time: 3000ms, depth: 3, reason: endgame, tactical, emergency: false
[DEBUG] 16:18:35.173 [AiEngine] Using JS Search
[DEBUG] 16:18:35.211 [AiEngine] Adaptive time: 3000ms, depth: 3, reason: endgame, emergency: false
[DEBUG] 16:18:35.211 [AiEngine] Using JS Search
[DEBUG] 16:18:35.223 [AiEngine] Adaptive time: 3000ms, depth: 3, reason: endgame, tactical, emergency: false
[DEBUG] 16:18:35.223 [AiEngine] Using JS Search
[DEBUG] 16:18:35.241 [AiEngine] Adaptive time: 3000ms, depth: 3, reason: endgame, emergency: false
[DEBUG] 16:18:35.241 [AiEngine] Using JS Search
[DEBUG] 16:18:35.258 [AiEngine] Adaptive time: 3000ms, depth: 3, reason: endgame, tactical, emergency: false
[DEBUG] 16:18:35.258 [AiEngine] Using JS Search
[DEBUG] 16:18:35.277 [AiEngine] Adaptive time: 3000ms, depth: 3, reason: endgame, emergency: false
[DEBUG] 16:18:35.277 [AiEngine] Using JS Search
[DEBUG] 16:18:35.291 [AiEngine] Adaptive time: 3000ms, depth: 3, reason: endgame, tactical, emergency: false
[DEBUG] 16:18:35.291 [AiEngine] Using JS Search
[DEBUG] 16:18:35.310 [AiEngine] Adaptive time: 3000ms, depth: 3, reason: endgame, emergency: false
[DEBUG] 16:18:35.310 [AiEngine] Using JS Search
[DEBUG] 16:18:35.326 [AiEngine] Adaptive time: 3000ms, depth: 3, reason: endgame, tactical, emergency: false
[DEBUG] 16:18:35.326 [AiEngine] Using JS Search
[DEBUG] 16:18:35.343 [AiEngine] Adaptive time: 3000ms, depth: 3, reason: endgame, emergency: false
[DEBUG] 16:18:35.344 [AiEngine] Using JS Search
[DEBUG] 16:18:35.353 [AiEngine] Adaptive time: 3000ms, depth: 3, reason: endgame, tactical, emergency: false
[DEBUG] 16:18:35.353 [AiEngine] Using JS Search
[DEBUG] 16:18:35.373 [AiEngine] Adaptive time: 3000ms, depth: 3, reason: endgame, emergency: false
[DEBUG] 16:18:35.373 [AiEngine] Using JS Search
[DEBUG] 16:18:35.384 [AiEngine] Adaptive time: 3000ms, depth: 3, reason: endgame, tactical, emergency: false
[DEBUG] 16:18:35.384 [AiEngine] Using JS Search
[DEBUG] 16:18:35.397 [AiEngine] Adaptive time: 3000ms, depth: 3, reason: endgame, emergency: false
[DEBUG] 16:18:35.397 [AiEngine] Using JS Search
[DEBUG] 16:18:35.403 [AiEngine] Adaptive time: 3000ms, depth: 3, reason: endgame, tactical, emergency: false
[DEBUG] 16:18:35.403 [AiEngine] Using JS Search
[DEBUG] 16:18:35.418 [AiEngine] Adaptive time: 3000ms, depth: 3, reason: endgame, in-check, emergency: false
[DEBUG] 16:18:35.418 [AiEngine] Using JS Search
[DEBUG] 16:18:35.424 [AiEngine] Adaptive time: 3000ms, depth: 3, reason: endgame, tactical, emergency: false
[DEBUG] 16:18:35.424 [AiEngine] Using JS Search
[DEBUG] 16:18:35.432 [AiEngine] Adaptive time: 3000ms, depth: 3, reason: endgame, emergency: false
[DEBUG] 16:18:35.432 [AiEngine] Using JS Search
[DEBUG] 16:18:35.440 [AiEngine] Adaptive time: 3000ms, depth: 3, reason: endgame, tactical, emergency: false
[DEBUG] 16:18:35.440 [AiEngine] Using JS Search
[DEBUG] 16:18:35.450 [AiEngine] Adaptive time: 3000ms, depth: 3, reason: endgame, emergency: false
[DEBUG] 16:18:35.450 [AiEngine] Using JS Search
[DEBUG] 16:18:35.458 [AiEngine] Adaptive time: 3000ms, depth: 3, reason: endgame, tactical, emergency: false
[DEBUG] 16:18:35.458 [AiEngine] Using JS Search
[DEBUG] 16:18:35.467 [AiEngine] Adaptive time: 3000ms, depth: 3, reason: endgame, emergency: false
[DEBUG] 16:18:35.467 [AiEngine] Using JS Search
[DEBUG] 16:18:35.480 [AiEngine] Adaptive time: 3000ms, depth: 3, reason: endgame, tactical, emergency: false
[DEBUG] 16:18:35.480 [AiEngine] Using JS Search
[DEBUG] 16:18:35.517 [AiEngine] Adaptive time: 3000ms, depth: 3, reason: endgame, emergency: false
[DEBUG] 16:18:35.517 [AiEngine] Using JS Search
[DEBUG] 16:18:35.531 [AiEngine] Adaptive time: 3000ms, depth: 3, reason: endgame, tactical, emergency: false
[DEBUG] 16:18:35.531 [AiEngine] Using JS Search
[DEBUG] 16:18:35.565 [AiEngine] Adaptive time: 500ms, depth: 3, reason: midgame, opening, emergency: false
[DEBUG] 16:18:35.565 [AiEngine] Using JS Search
[DEBUG] 16:18:35.598 [AiEngine] Adaptive time: 500ms, depth: 3, reason: midgame, opening, emergency: false
[DEBUG] 16:18:35.598 [AiEngine] Using JS Search
[DEBUG] 16:18:35.638 [AiEngine] Adaptive time: 500ms, depth: 3, reason: midgame, opening, emergency: false
[DEBUG] 16:18:35.638 [AiEngine] Using JS Search
[DEBUG] 16:18:35.672 [AiEngine] Adaptive time: 500ms, depth: 3, reason: midgame, opening, emergency: false
[DEBUG] 16:18:35.672 [AiEngine] Using JS Search
[DEBUG] 16:18:35.698 [AiEngine] Adaptive time: 500ms, depth: 3, reason: midgame, opening, emergency: false
[DEBUG] 16:18:35.698 [AiEngine] Using JS Search
[DEBUG] 16:18:35.720 [AiEngine] Adaptive time: 500ms, depth: 3, reason: midgame, opening, emergency: false
[DEBUG] 16:18:35.720 [AiEngine] Using JS Search
[DEBUG] 16:18:35.783 [AiEngine] Adaptive time: 500ms, depth: 3, reason: midgame, opening, emergency: false
[DEBUG] 16:18:35.783 [AiEngine] Using JS Search
[DEBUG] 16:18:35.893 [AiEngine] Adaptive time: 500ms, depth: 3, reason: midgame, opening, emergency: false
[DEBUG] 16:18:35.893 [AiEngine] Using JS Search
[DEBUG] 16:18:35.930 [AiEngine] Adaptive time: 500ms, depth: 3, reason: midgame, opening, emergency: false
[DEBUG] 16:18:35.930 [AiEngine] Using JS Search
[DEBUG] 16:18:35.992 [AiEngine] Adaptive time: 500ms, depth: 3, reason: midgame, opening, emergency: false
[DEBUG] 16:18:35.992 [AiEngine] Using JS Search
[DEBUG] 16:18:36.031 [AiEngine] Adaptive time: 500ms, depth: 3, reason: midgame, opening, emergency: false
[DEBUG] 16:18:36.031 [AiEngine] Using JS Search
[DEBUG] 16:18:36.142 [AiEngine] Adaptive time: 500ms, depth: 3, reason: midgame, opening, tactical, emergency: false
[DEBUG] 16:18:36.142 [AiEngine] Using JS Search
[DEBUG] 16:18:36.212 [AiEngine] Adaptive time: 500ms, depth: 3, reason: midgame, opening, in-check, emergency: false
[DEBUG] 16:18:36.212 [AiEngine] Using JS Search
[DEBUG] 16:18:36.228 [AiEngine] Adaptive time: 500ms, depth: 3, reason: midgame, opening, emergency: false
[DEBUG] 16:18:36.228 [AiEngine] Using JS Search
[DEBUG] 16:18:36.253 [AiEngine] Adaptive time: 500ms, depth: 3, reason: midgame, opening, tactical, emergency: false
[DEBUG] 16:18:36.253 [AiEngine] Using JS Search
[DEBUG] 16:18:36.368 [AiEngine] Adaptive time: 500ms, depth: 3, reason: midgame, opening, tactical, emergency: false
[DEBUG] 16:18:36.368 [AiEngine] Using JS Search
[DEBUG] 16:18:36.427 [AiEngine] Adaptive time: 500ms, depth: 3, reason: midgame, opening, in-check, emergency: false
[DEBUG] 16:18:36.427 [AiEngine] Using JS Search
[DEBUG] 16:18:36.441 [AiEngine] Adaptive time: 500ms, depth: 3, reason: midgame, opening, tactical, emergency: false
[DEBUG] 16:18:36.441 [AiEngine] Using JS Search
[DEBUG] 16:18:36.467 [AiEngine] Adaptive time: 500ms, depth: 3, reason: midgame, opening, in-check, emergency: false
[DEBUG] 16:18:36.467 [AiEngine] Using JS Search
[DEBUG] 16:18:36.475 [AiEngine] Adaptive time: 500ms, depth: 3, reason: midgame, opening, tactical, emergency: false
[DEBUG] 16:18:36.475 [AiEngine] Using JS Search
[DEBUG] 16:18:36.496 [AiEngine] Adaptive time: 500ms, depth: 3, reason: midgame, opening, tactical, emergency: false
[DEBUG] 16:18:36.496 [AiEngine] Using JS Search
[DEBUG] 16:18:36.529 [AiEngine] Adaptive time: 500ms, depth: 3, reason: midgame, opening, emergency: false
[DEBUG] 16:18:36.529 [AiEngine] Using JS Search
[DEBUG] 16:18:36.568 [AiEngine] Adaptive time: 500ms, depth: 3, reason: midgame, opening, tactical, emergency: false
[DEBUG] 16:18:36.568 [AiEngine] Using JS Search
[DEBUG] 16:18:36.634 [AiEngine] Adaptive time: 500ms, depth: 3, reason: midgame, opening, in-check, tactical, emergency: false
[DEBUG] 16:18:36.634 [AiEngine] Using JS Search
[DEBUG] 16:18:36.676 [AiEngine] Adaptive time: 500ms, depth: 3, reason: midgame, opening, emergency: false
[DEBUG] 16:18:36.676 [AiEngine] Using JS Search
[DEBUG] 16:18:36.742 [AiEngine] Adaptive time: 500ms, depth: 3, reason: midgame, opening, emergency: false
[DEBUG] 16:18:36.742 [AiEngine] Using JS Search
[DEBUG] 16:18:36.805 [AiEngine] Adaptive time: 500ms, depth: 3, reason: midgame, opening, emergency: false
[DEBUG] 16:18:36.805 [AiEngine] Using JS Search
[DEBUG] 16:18:36.992 [AiEngine] Adaptive time: 500ms, depth: 3, reason: midgame, opening, emergency: false
[DEBUG] 16:18:36.993 [AiEngine] Using JS Search
[DEBUG] 16:18:37.105 [AiEngine] Adaptive time: 500ms, depth: 3, reason: midgame, opening, tactical, emergency: false
[DEBUG] 16:18:37.105 [AiEngine] Using JS Search
[DEBUG] 16:18:37.162 [AiEngine] Adaptive time: 500ms, depth: 3, reason: midgame, opening, emergency: false
[DEBUG] 16:18:37.162 [AiEngine] Using JS Search
[DEBUG] 16:18:37.215 [AiEngine] Adaptive time: 500ms, depth: 3, reason: midgame, opening, tactical, emergency: false
[DEBUG] 16:18:37.215 [AiEngine] Using JS Search
[DEBUG] 16:18:37.271 [AiEngine] Adaptive time: 500ms, depth: 3, reason: midgame, opening, tactical, emergency: false
[DEBUG] 16:18:37.271 [AiEngine] Using JS Search
[DEBUG] 16:18:37.335 [AiEngine] Adaptive time: 500ms, depth: 3, reason: midgame, opening, tactical, emergency: false
[DEBUG] 16:18:37.335 [AiEngine] Using JS Search
[DEBUG] 16:18:37.366 [AiEngine] Adaptive time: 500ms, depth: 3, reason: midgame, opening, emergency: false
[DEBUG] 16:18:37.366 [AiEngine] Using JS Search
[DEBUG] 16:18:37.412 [AiEngine] Adaptive time: 500ms, depth: 3, reason: midgame, opening, emergency: false
[DEBUG] 16:18:37.412 [AiEngine] Using JS Search
[DEBUG] 16:18:37.460 [AiEngine] Adaptive time: 500ms, depth: 3, reason: midgame, opening, emergency: false
[DEBUG] 16:18:37.460 [AiEngine] Using JS Search
[DEBUG] 16:18:37.551 [AiEngine] Adaptive time: 500ms, depth: 3, reason: midgame, opening, emergency: false
[DEBUG] 16:18:37.551 [AiEngine] Using JS Search
[DEBUG] 16:18:37.590 [AiEngine] Adaptive time: 500ms, depth: 3, reason: midgame, opening, emergency: false
[DEBUG] 16:18:37.590 [AiEngine] Using JS Search
[DEBUG] 16:18:37.692 [AiEngine] Adaptive time: 500ms, depth: 3, reason: midgame, opening, emergency: false
[DEBUG] 16:18:37.692 [AiEngine] Using JS Search
[DEBUG] 16:18:37.769 [AiEngine] Adaptive time: 500ms, depth: 3, reason: midgame, opening, emergency: false
[DEBUG] 16:18:37.770 [AiEngine] Using JS Search
[DEBUG] 16:18:37.873 [AiEngine] Adaptive time: 3000ms, depth: 3, reason: midgame, tactical, emergency: false
[DEBUG] 16:18:37.873 [AiEngine] Using JS Search
[DEBUG] 16:18:37.911 [AiEngine] Adaptive time: 3000ms, depth: 3, reason: midgame, tactical, emergency: false
[DEBUG] 16:18:37.911 [AiEngine] Using JS Search
[DEBUG] 16:18:37.995 [AiEngine] Adaptive time: 3000ms, depth: 3, reason: midgame, emergency: false
[DEBUG] 16:18:37.995 [AiEngine] Using JS Search
[DEBUG] 16:18:38.078 [AiEngine] Adaptive time: 3000ms, depth: 3, reason: midgame, emergency: false
[DEBUG] 16:18:38.078 [AiEngine] Using JS Search
[DEBUG] 16:18:38.118 [AiEngine] Adaptive time: 3000ms, depth: 3, reason: midgame, emergency: false
[DEBUG] 16:18:38.118 [AiEngine] Using JS Search
[DEBUG] 16:18:38.226 [AiEngine] Adaptive time: 3000ms, depth: 3, reason: midgame, emergency: false
[DEBUG] 16:18:38.226 [AiEngine] Using JS Search
[DEBUG] 16:18:38.260 [AiEngine] Adaptive time: 3000ms, depth: 3, reason: midgame, tactical, emergency: false
[DEBUG] 16:18:38.260 [AiEngine] Using JS Search
[DEBUG] 16:18:38.346 [AiEngine] Adaptive time: 3000ms, depth: 3, reason: midgame, emergency: false
[DEBUG] 16:18:38.346 [AiEngine] Using JS Search
[DEBUG] 16:18:38.426 [AiEngine] Adaptive time: 3000ms, depth: 3, reason: midgame, emergency: false
[DEBUG] 16:18:38.426 [AiEngine] Using JS Search
[DEBUG] 16:18:38.485 [AiEngine] Adaptive time: 3000ms, depth: 3, reason: midgame, tactical, emergency: false
[DEBUG] 16:18:38.485 [AiEngine] Using JS Search
[DEBUG] 16:18:38.565 [AiEngine] Adaptive time: 3000ms, depth: 3, reason: midgame, emergency: false
[DEBUG] 16:18:38.565 [AiEngine] Using JS Search
[DEBUG] 16:18:38.613 [AiEngine] Adaptive time: 3000ms, depth: 3, reason: midgame, tactical, emergency: false
[DEBUG] 16:18:38.613 [AiEngine] Using JS Search
[DEBUG] 16:18:38.653 [AiEngine] Adaptive time: 3000ms, depth: 3, reason: midgame, emergency: false
[DEBUG] 16:18:38.653 [AiEngine] Using JS Search
[DEBUG] 16:18:38.704 [AiEngine] Adaptive time: 3000ms, depth: 3, reason: tactical, emergency: false
[DEBUG] 16:18:38.704 [AiEngine] Using JS Search
[DEBUG] 16:18:38.775 [AiEngine] Adaptive time: 3000ms, depth: 3, reason: standard, emergency: false
[DEBUG] 16:18:38.775 [AiEngine] Using JS Search
[DEBUG] 16:18:38.805 [AiEngine] Adaptive time: 3000ms, depth: 3, reason: tactical, emergency: false
[DEBUG] 16:18:38.805 [AiEngine] Using JS Search
[DEBUG] 16:18:38.876 [AiEngine] Adaptive time: 3000ms, depth: 3, reason: in-check, emergency: false
[DEBUG] 16:18:38.876 [AiEngine] Using JS Search
[DEBUG] 16:18:38.919 [AiEngine] Adaptive time: 3000ms, depth: 3, reason: tactical, emergency: false
[DEBUG] 16:18:38.919 [AiEngine] Using JS Search
[DEBUG] 16:18:38.955 [AiEngine] Adaptive time: 3000ms, depth: 3, reason: in-check, emergency: false
[DEBUG] 16:18:38.955 [AiEngine] Using JS Search
[DEBUG] 16:18:38.975 [AiEngine] Adaptive time: 3000ms, depth: 3, reason: standard, emergency: false
[DEBUG] 16:18:38.975 [AiEngine] Using JS Search
[DEBUG] 16:18:39.030 [AiEngine] Adaptive time: 3000ms, depth: 3, reason: standard, emergency: false
[DEBUG] 16:18:39.030 [AiEngine] Using JS Search
[DEBUG] 16:18:39.054 [AiEngine] Adaptive time: 3000ms, depth: 3, reason: tactical, emergency: false
[DEBUG] 16:18:39.054 [AiEngine] Using JS Search
[DEBUG] 16:18:39.130 [AiEngine] Adaptive time: 3000ms, depth: 3, reason: standard, emergency: false
[DEBUG] 16:18:39.130 [AiEngine] Using JS Search
[DEBUG] 16:18:39.170 [AiEngine] Adaptive time: 3000ms, depth: 3, reason: tactical, emergency: false
[DEBUG] 16:18:39.170 [AiEngine] Using JS Search
[DEBUG] 16:18:39.215 [AiEngine] Adaptive time: 3000ms, depth: 3, reason: standard, emergency: false
[DEBUG] 16:18:39.215 [AiEngine] Using JS Search
[DEBUG] 16:18:39.242 [AiEngine] Adaptive time: 3000ms, depth: 3, reason: tactical, emergency: false
[DEBUG] 16:18:39.242 [AiEngine] Using JS Search
[DEBUG] 16:18:39.261 [AiEngine] Adaptive time: 3000ms, depth: 3, reason: endgame, emergency: false
[DEBUG] 16:18:39.261 [AiEngine] Using JS Search
[DEBUG] 16:18:39.286 [AiEngine] Adaptive time: 3000ms, depth: 3, reason: endgame, tactical, emergency: false
[DEBUG] 16:18:39.286 [AiEngine] Using JS Search
[DEBUG] 16:18:39.310 [AiEngine] Adaptive time: 3000ms, depth: 3, reason: endgame, emergency: false
[DEBUG] 16:18:39.310 [AiEngine] Using JS Search
[DEBUG] 16:18:39.353 [AiEngine] Adaptive time: 3000ms, depth: 3, reason: endgame, tactical, emergency: false
[DEBUG] 16:18:39.353 [AiEngine] Using JS Search
[DEBUG] 16:18:39.366 [AiEngine] Adaptive time: 3000ms, depth: 3, reason: endgame, in-check, emergency: false
[DEBUG] 16:18:39.366 [AiEngine] Using JS Search
[DEBUG] 16:18:39.378 [AiEngine] Adaptive time: 3000ms, depth: 3, reason: endgame, emergency: false
[DEBUG] 16:18:39.378 [AiEngine] Using JS Search
[DEBUG] 16:18:39.385 [AiEngine] Adaptive time: 3000ms, depth: 3, reason: endgame, tactical, emergency: false
[DEBUG] 16:18:39.385 [AiEngine] Using JS Search
[DEBUG] 16:18:39.414 [AiEngine] Adaptive time: 3000ms, depth: 3, reason: endgame, emergency: false
[DEBUG] 16:18:39.414 [AiEngine] Using JS Search
[DEBUG] 16:18:39.421 [AiEngine] Adaptive time: 3000ms, depth: 3, reason: endgame, tactical, emergency: false
[DEBUG] 16:18:39.421 [AiEngine] Using JS Search
[DEBUG] 16:18:39.439 [AiEngine] Adaptive time: 3000ms, depth: 3, reason: endgame, tactical, emergency: false
[DEBUG] 16:18:39.439 [AiEngine] Using JS Search
[DEBUG] 16:18:39.455 [AiEngine] Adaptive time: 3000ms, depth: 3, reason: endgame, tactical, emergency: false
[DEBUG] 16:18:39.455 [AiEngine] Using JS Search
[DEBUG] 16:18:39.475 [AiEngine] Adaptive time: 3000ms, depth: 3, reason: endgame, in-check, emergency: false
[DEBUG] 16:18:39.475 [AiEngine] Using JS Search
[DEBUG] 16:18:39.488 [AiEngine] Adaptive time: 3000ms, depth: 3, reason: endgame, tactical, emergency: false
[DEBUG] 16:18:39.488 [AiEngine] Using JS Search
[DEBUG] 16:18:39.523 [AiEngine] Adaptive time: 3000ms, depth: 3, reason: endgame, tactical, emergency: false
[DEBUG] 16:18:39.523 [AiEngine] Using JS Search
[DEBUG] 16:18:39.545 [AiEngine] Adaptive time: 3000ms, depth: 3, reason: endgame, tactical, emergency: false
[DEBUG] 16:18:39.545 [AiEngine] Using JS Search
[DEBUG] 16:18:39.560 [AiEngine] Adaptive time: 3000ms, depth: 3, reason: endgame, emergency: false
[DEBUG] 16:18:39.560 [AiEngine] Using JS Search
[DEBUG] 16:18:39.580 [AiEngine] Adaptive time: 3000ms, depth: 3, reason: endgame, tactical, emergency: false
[DEBUG] 16:18:39.580 [AiEngine] Using JS Search
[DEBUG] 16:18:39.607 [AiEngine] Adaptive time: 3000ms, depth: 3, reason: endgame, tactical, emergency: false
[DEBUG] 16:18:39.607 [AiEngine] Using JS Search
[DEBUG] 16:18:39.623 [AiEngine] Adaptive time: 3000ms, depth: 3, reason: endgame, tactical, emergency: false
[DEBUG] 16:18:39.623 [AiEngine] Using JS Search
[DEBUG] 16:18:39.655 [AiEngine] Adaptive time: 3000ms, depth: 3, reason: endgame, tactical, emergency: false
[DEBUG] 16:18:39.655 [AiEngine] Using JS Search
[DEBUG] 16:18:39.667 [AiEngine] Adaptive time: 3000ms, depth: 3, reason: endgame, in-check, emergency: false
[DEBUG] 16:18:39.667 [AiEngine] Using JS Search
[DEBUG] 16:18:39.671 [AiEngine] Adaptive time: 3000ms, depth: 3, reason: endgame, emergency: false
[DEBUG] 16:18:39.671 [AiEngine] Using JS Search
[DEBUG] 16:18:39.683 [AiEngine] Adaptive time: 3000ms, depth: 3, reason: endgame, tactical, emergency: false
[DEBUG] 16:18:39.683 [AiEngine] Using JS Search
[DEBUG] 16:18:39.693 [AiEngine] Adaptive time: 3000ms, depth: 3, reason: endgame, emergency: false
[DEBUG] 16:18:39.693 [AiEngine] Using JS Search
[DEBUG] 16:18:39.705 [AiEngine] Adaptive time: 3000ms, depth: 3, reason: endgame, emergency: false
[DEBUG] 16:18:39.705 [AiEngine] Using JS Search
[DEBUG] 16:18:39.727 [AiEngine] Adaptive time: 3000ms, depth: 3, reason: endgame, emergency: false
[DEBUG] 16:18:39.727 [AiEngine] Using JS Search
[DEBUG] 16:18:39.730 [AiEngine] Adaptive time: 3000ms, depth: 3, reason: endgame, tactical, emergency: false
[DEBUG] 16:18:39.730 [AiEngine] Using JS Search
[DEBUG] 16:18:39.743 [AiEngine] Adaptive time: 3000ms, depth: 3, reason: endgame, emergency: false
[DEBUG] 16:18:39.744 [AiEngine] Using JS Search
[DEBUG] 16:18:39.751 [AiEngine] Adaptive time: 3000ms, depth: 3, reason: endgame, tactical, emergency: false
[DEBUG] 16:18:39.751 [AiEngine] Using JS Search
[DEBUG] 16:18:39.758 [AiEngine] Adaptive time: 3000ms, depth: 3, reason: endgame, in-check, emergency: false
[DEBUG] 16:18:39.758 [AiEngine] Using JS Search
[DEBUG] 16:18:39.766 [AiEngine] Adaptive time: 3000ms, depth: 3, reason: endgame, emergency: false
[DEBUG] 16:18:39.766 [AiEngine] Using JS Search
[DEBUG] 16:18:39.772 [AiEngine] Adaptive time: 3000ms, depth: 3, reason: endgame, emergency: false
[DEBUG] 16:18:39.772 [AiEngine] Using JS Search
[DEBUG] 16:18:39.779 [AiEngine] Adaptive time: 3000ms, depth: 3, reason: endgame, tactical, emergency: false
[DEBUG] 16:18:39.779 [AiEngine] Using JS Search
[DEBUG] 16:18:39.786 [AiEngine] Adaptive time: 3000ms, depth: 3, reason: endgame, emergency: false
[DEBUG] 16:18:39.786 [AiEngine] Using JS Search
[DEBUG] 16:18:39.791 [AiEngine] Adaptive time: 500ms, depth: 3, reason: midgame, opening, emergency: false
[DEBUG] 16:18:39.791 [AiEngine] Using JS Search
[DEBUG] 16:18:39.824 [AiEngine] Adaptive time: 500ms, depth: 3, reason: midgame, opening, emergency: false
[DEBUG] 16:18:39.824 [AiEngine] Using JS Search
[DEBUG] 16:18:39.846 [AiEngine] Adaptive time: 500ms, depth: 3, reason: midgame, opening, emergency: false
[DEBUG] 16:18:39.846 [AiEngine] Using JS Search
[DEBUG] 16:18:39.931 [AiEngine] Adaptive time: 500ms, depth: 3, reason: midgame, opening, emergency: false
[DEBUG] 16:18:39.931 [AiEngine] Using JS Search
[DEBUG] 16:18:39.996 [AiEngine] Adaptive time: 500ms, depth: 3, reason: midgame, opening, emergency: false
[DEBUG] 16:18:39.997 [AiEngine] Using JS Search
[DEBUG] 16:18:40.024 [AiEngine] Adaptive time: 500ms, depth: 3, reason: midgame, opening, emergency: false
[DEBUG] 16:18:40.024 [AiEngine] Using JS Search
[DEBUG] 16:18:40.063 [AiEngine] Adaptive time: 500ms, depth: 3, reason: midgame, opening, tactical, emergency: false
[DEBUG] 16:18:40.063 [AiEngine] Using JS Search
[DEBUG] 16:18:40.108 [AiEngine] Adaptive time: 500ms, depth: 3, reason: midgame, opening, emergency: false
[DEBUG] 16:18:40.108 [AiEngine] Using JS Search
[DEBUG] 16:18:40.160 [AiEngine] Adaptive time: 500ms, depth: 3, reason: midgame, opening, tactical, emergency: false
[DEBUG] 16:18:40.160 [AiEngine] Using JS Search
[DEBUG] 16:18:40.187 [AiEngine] Adaptive time: 500ms, depth: 3, reason: midgame, opening, emergency: false
[DEBUG] 16:18:40.187 [AiEngine] Using JS Search
[DEBUG] 16:18:40.238 [AiEngine] Adaptive time: 500ms, depth: 3, reason: midgame, opening, tactical, emergency: false
[DEBUG] 16:18:40.238 [AiEngine] Using JS Search
[DEBUG] 16:18:40.271 [AiEngine] Adaptive time: 500ms, depth: 3, reason: midgame, opening, in-check, emergency: false
[DEBUG] 16:18:40.271 [AiEngine] Using JS Search
[DEBUG] 16:18:40.297 [AiEngine] Adaptive time: 500ms, depth: 3, reason: midgame, opening, tactical, emergency: false
[DEBUG] 16:18:40.297 [AiEngine] Using JS Search
[DEBUG] 16:18:40.346 [AiEngine] Adaptive time: 500ms, depth: 3, reason: midgame, opening, tactical, emergency: false
[DEBUG] 16:18:40.346 [AiEngine] Using JS Search
[DEBUG] 16:18:40.565 [AiEngine] Adaptive time: 500ms, depth: 3, reason: midgame, opening, tactical, emergency: false
[DEBUG] 16:18:40.565 [AiEngine] Using JS Search
[DEBUG] 16:18:40.945 [AiEngine] Adaptive time: 500ms, depth: 3, reason: midgame, opening, in-check, emergency: false
[DEBUG] 16:18:40.945 [AiEngine] Using JS Search
[DEBUG] 16:18:41.067 [AiEngine] Adaptive time: 500ms, depth: 3, reason: midgame, opening, tactical, emergency: false
[DEBUG] 16:18:41.067 [AiEngine] Using JS Search
[DEBUG] 16:18:41.462 [AiEngine] Adaptive time: 500ms, depth: 3, reason: midgame, opening, tactical, emergency: false
[DEBUG] 16:18:41.462 [AiEngine] Using JS Search
[DEBUG] 16:18:41.706 [AiEngine] Adaptive time: 500ms, depth: 3, reason: midgame, opening, tactical, emergency: false
[DEBUG] 16:18:41.706 [AiEngine] Using JS Search
[DEBUG] 16:18:41.767 [AiEngine] Adaptive time: 500ms, depth: 3, reason: midgame, opening, tactical, emergency: false
[DEBUG] 16:18:41.767 [AiEngine] Using JS Search
[DEBUG] 16:18:42.206 [AiEngine] Adaptive time: 500ms, depth: 3, reason: midgame, opening, emergency: false
[DEBUG] 16:18:42.206 [AiEngine] Using JS Search
[DEBUG] 16:18:42.235 [AiEngine] Adaptive time: 500ms, depth: 3, reason: midgame, opening, tactical, emergency: false
[DEBUG] 16:18:42.235 [AiEngine] Using JS Search
[DEBUG] 16:18:42.299 [AiEngine] Adaptive time: 500ms, depth: 3, reason: midgame, opening, emergency: false
[DEBUG] 16:18:42.300 [AiEngine] Using JS Search
[DEBUG] 16:18:42.327 [AiEngine] Adaptive time: 500ms, depth: 3, reason: midgame, opening, tactical, emergency: false
[DEBUG] 16:18:42.327 [AiEngine] Using JS Search
[DEBUG] 16:18:42.394 [AiEngine] Adaptive time: 500ms, depth: 3, reason: midgame, opening, tactical, emergency: false
[DEBUG] 16:18:42.394 [AiEngine] Using JS Search
[DEBUG] 16:18:42.619 [AiEngine] Adaptive time: 500ms, depth: 3, reason: midgame, opening, tactical, emergency: false
[DEBUG] 16:18:42.619 [AiEngine] Using JS Search
[DEBUG] 16:18:42.683 [AiEngine] Adaptive time: 500ms, depth: 3, reason: midgame, opening, in-check, emergency: false
[DEBUG] 16:18:42.683 [AiEngine] Using JS Search
[DEBUG] 16:18:42.779 [AiEngine] Adaptive time: 500ms, depth: 3, reason: midgame, opening, tactical, emergency: false
[DEBUG] 16:18:42.779 [AiEngine] Using JS Search
[DEBUG] 16:18:42.925 [AiEngine] Adaptive time: 500ms, depth: 3, reason: midgame, opening, tactical, emergency: false
[DEBUG] 16:18:42.925 [AiEngine] Using JS Search
[DEBUG] 16:18:42.966 [AiEngine] Adaptive time: 500ms, depth: 3, reason: midgame, opening, in-check, emergency: false
[DEBUG] 16:18:42.966 [AiEngine] Using JS Search
[DEBUG] 16:18:43.087 [AiEngine] Adaptive time: 500ms, depth: 3, reason: midgame, opening, tactical, emergency: false
[DEBUG] 16:18:43.087 [AiEngine] Using JS Search
[DEBUG] 16:18:43.316 [AiEngine] Adaptive time: 500ms, depth: 3, reason: midgame, opening, tactical, emergency: false
[DEBUG] 16:18:43.317 [AiEngine] Using JS Search
[DEBUG] 16:18:43.444 [AiEngine] Adaptive time: 500ms, depth: 3, reason: midgame, opening, tactical, emergency: false
[DEBUG] 16:18:43.444 [AiEngine] Using JS Search
[DEBUG] 16:18:43.483 [AiEngine] Adaptive time: 500ms, depth: 3, reason: midgame, opening, tactical, emergency: false
[DEBUG] 16:18:43.483 [AiEngine] Using JS Search
[DEBUG] 16:18:43.572 [AiEngine] Adaptive time: 500ms, depth: 3, reason: midgame, opening, tactical, emergency: false
[DEBUG] 16:18:43.572 [AiEngine] Using JS Search
[DEBUG] 16:18:43.598 [AiEngine] Adaptive time: 500ms, depth: 3, reason: midgame, opening, tactical, emergency: false
[DEBUG] 16:18:43.598 [AiEngine] Using JS Search
[DEBUG] 16:18:43.703 [AiEngine] Adaptive time: 500ms, depth: 3, reason: midgame, opening, tactical, emergency: false
[DEBUG] 16:18:43.703 [AiEngine] Using JS Search
[DEBUG] 16:18:43.753 [AiEngine] Adaptive time: 500ms, depth: 3, reason: midgame, opening, tactical, emergency: false
[DEBUG] 16:18:43.753 [AiEngine] Using JS Search
[DEBUG] 16:18:43.913 [AiEngine] Adaptive time: 500ms, depth: 3, reason: midgame, opening, tactical, emergency: false
[DEBUG] 16:18:43.913 [AiEngine] Using JS Search
[DEBUG] 16:18:44.160 [AiEngine] Adaptive time: 500ms, depth: 3, reason: midgame, opening, in-check, emergency: false
[DEBUG] 16:18:44.160 [AiEngine] Using JS Search
[DEBUG] 16:18:44.177 [AiEngine] Adaptive time: 3000ms, depth: 3, reason: midgame, emergency: false
[DEBUG] 16:18:44.177 [AiEngine] Using JS Search
[DEBUG] 16:18:44.226 [AiEngine] Adaptive time: 3000ms, depth: 3, reason: midgame, tactical, emergency: false
[DEBUG] 16:18:44.226 [AiEngine] Using JS Search
[DEBUG] 16:18:44.276 [AiEngine] Adaptive time: 3000ms, depth: 3, reason: midgame, tactical, emergency: false
[DEBUG] 16:18:44.276 [AiEngine] Using JS Search
[DEBUG] 16:18:44.352 [AiEngine] Adaptive time: 3000ms, depth: 3, reason: tactical, emergency: false
[DEBUG] 16:18:44.352 [AiEngine] Using JS Search
[DEBUG] 16:18:44.416 [AiEngine] Adaptive time: 3000ms, depth: 3, reason: tactical, emergency: false
[DEBUG] 16:18:44.416 [AiEngine] Using JS Search
[DEBUG] 16:18:44.442 [AiEngine] Adaptive time: 3000ms, depth: 3, reason: in-check, emergency: false
[DEBUG] 16:18:44.442 [AiEngine] Using JS Search
[DEBUG] 16:18:44.452 [AiEngine] Adaptive time: 3000ms, depth: 3, reason: standard, emergency: false
[DEBUG] 16:18:44.452 [AiEngine] Using JS Search
[DEBUG] 16:18:44.491 [AiEngine] Adaptive time: 3000ms, depth: 3, reason: tactical, emergency: false
[DEBUG] 16:18:44.491 [AiEngine] Using JS Search
[DEBUG] 16:18:44.549 [AiEngine] Adaptive time: 3000ms, depth: 3, reason: tactical, emergency: false
[DEBUG] 16:18:44.549 [AiEngine] Using JS Search
[DEBUG] 16:18:44.622 [AiEngine] Adaptive time: 3000ms, depth: 3, reason: tactical, emergency: false
[DEBUG] 16:18:44.622 [AiEngine] Using JS Search
[DEBUG] 16:18:44.665 [AiEngine] Adaptive time: 3000ms, depth: 3, reason: tactical, emergency: false
[DEBUG] 16:18:44.665 [AiEngine] Using JS Search
[DEBUG] 16:18:44.728 [AiEngine] Adaptive time: 3000ms, depth: 3, reason: standard, emergency: false
[DEBUG] 16:18:44.729 [AiEngine] Using JS Search
[DEBUG] 16:18:44.798 [AiEngine] Adaptive time: 3000ms, depth: 3, reason: tactical, emergency: false
[DEBUG] 16:18:44.798 [AiEngine] Using JS Search
[DEBUG] 16:18:44.831 [AiEngine] Adaptive time: 3000ms, depth: 3, reason: standard, emergency: false
[DEBUG] 16:18:44.831 [AiEngine] Using JS Search
[DEBUG] 16:18:44.932 [AiEngine] Adaptive time: 3000ms, depth: 3, reason: tactical, emergency: false
[DEBUG] 16:18:44.932 [AiEngine] Using JS Search
[DEBUG] 16:18:45.098 [AiEngine] Adaptive time: 3000ms, depth: 3, reason: standard, emergency: false
[DEBUG] 16:18:45.098 [AiEngine] Using JS Search
[DEBUG] 16:18:45.142 [AiEngine] Adaptive time: 3000ms, depth: 3, reason: endgame, tactical, emergency: false
[DEBUG] 16:18:45.142 [AiEngine] Using JS Search
[DEBUG] 16:18:45.179 [AiEngine] Adaptive time: 3000ms, depth: 3, reason: endgame, emergency: false
[DEBUG] 16:18:45.179 [AiEngine] Using JS Search
[DEBUG] 16:18:45.209 [AiEngine] Adaptive time: 3000ms, depth: 3, reason: endgame, tactical, emergency: false
[DEBUG] 16:18:45.209 [AiEngine] Using JS Search
[DEBUG] 16:18:45.235 [AiEngine] Adaptive time: 3000ms, depth: 3, reason: endgame, emergency: false
[DEBUG] 16:18:45.236 [AiEngine] Using JS Search
[DEBUG] 16:18:45.261 [AiEngine] Adaptive time: 3000ms, depth: 3, reason: endgame, tactical, emergency: false
[DEBUG] 16:18:45.261 [AiEngine] Using JS Search
[DEBUG] 16:18:45.300 [AiEngine] Adaptive time: 3000ms, depth: 3, reason: endgame, tactical, emergency: false
[DEBUG] 16:18:45.300 [AiEngine] Using JS Search
[DEBUG] 16:18:45.319 [AiEngine] Adaptive time: 3000ms, depth: 3, reason: endgame, tactical, emergency: false
[DEBUG] 16:18:45.319 [AiEngine] Using JS Search
[DEBUG] 16:18:45.356 [AiEngine] Adaptive time: 3000ms, depth: 3, reason: endgame, emergency: false
[DEBUG] 16:18:45.356 [AiEngine] Using JS Search
[DEBUG] 16:18:45.389 [AiEngine] Adaptive time: 3000ms, depth: 3, reason: endgame, emergency: false
[DEBUG] 16:18:45.389 [AiEngine] Using JS Search
[DEBUG] 16:18:45.404 [AiEngine] Adaptive time: 3000ms, depth: 3, reason: endgame, tactical, emergency: false
[DEBUG] 16:18:45.404 [AiEngine] Using JS Search
[DEBUG] 16:18:45.416 [AiEngine] Adaptive time: 3000ms, depth: 3, reason: endgame, emergency: false
[DEBUG] 16:18:45.416 [AiEngine] Using JS Search
[DEBUG] 16:18:45.430 [AiEngine] Adaptive time: 3000ms, depth: 3, reason: endgame, emergency: false
[DEBUG] 16:18:45.430 [AiEngine] Using JS Search
[DEBUG] 16:18:45.442 [AiEngine] Adaptive time: 3000ms, depth: 3, reason: endgame, emergency: false
[DEBUG] 16:18:45.442 [AiEngine] Using JS Search
[DEBUG] 16:18:45.449 [AiEngine] Adaptive time: 3000ms, depth: 3, reason: endgame, emergency: false
[DEBUG] 16:18:45.449 [AiEngine] Using JS Search
[DEBUG] 16:18:45.462 [AiEngine] Adaptive time: 3000ms, depth: 3, reason: endgame, emergency: false
[DEBUG] 16:18:45.462 [AiEngine] Using JS Search
[DEBUG] 16:18:45.467 [AiEngine] Adaptive time: 3000ms, depth: 3, reason: endgame, emergency: false
[DEBUG] 16:18:45.467 [AiEngine] Using JS Search
[DEBUG] 16:18:45.477 [AiEngine] Adaptive time: 3000ms, depth: 3, reason: endgame, emergency: false
[DEBUG] 16:18:45.477 [AiEngine] Using JS Search
[DEBUG] 16:18:45.484 [AiEngine] Adaptive time: 3000ms, depth: 3, reason: endgame, tactical, emergency: false
[DEBUG] 16:18:45.484 [AiEngine] Using JS Search
[DEBUG] 16:18:45.491 [AiEngine] Adaptive time: 3000ms, depth: 3, reason: endgame, tactical, emergency: false
[DEBUG] 16:18:45.491 [AiEngine] Using JS Search
[DEBUG] 16:18:45.504 [AiEngine] Adaptive time: 3000ms, depth: 3, reason: endgame, emergency: false
[DEBUG] 16:18:45.504 [AiEngine] Using JS Search
[DEBUG] 16:18:45.514 [AiEngine] Adaptive time: 3000ms, depth: 3, reason: endgame, emergency: false
[DEBUG] 16:18:45.514 [AiEngine] Using JS Search
[DEBUG] 16:18:45.532 [AiEngine] Adaptive time: 3000ms, depth: 3, reason: endgame, emergency: false
[DEBUG] 16:18:45.532 [AiEngine] Using JS Search
[DEBUG] 16:18:45.538 [AiEngine] Adaptive time: 3000ms, depth: 3, reason: endgame, tactical, emergency: false
[DEBUG] 16:18:45.538 [AiEngine] Using JS Search
[DEBUG] 16:18:45.565 [AiEngine] Adaptive time: 3000ms, depth: 3, reason: endgame, emergency: false
[DEBUG] 16:18:45.565 [AiEngine] Using JS Search
[DEBUG] 16:18:45.574 [AiEngine] Adaptive time: 3000ms, depth: 3, reason: endgame, tactical, emergency: false
[DEBUG] 16:18:45.574 [AiEngine] Using JS Search
[DEBUG] 16:18:45.595 [AiEngine] Adaptive time: 3000ms, depth: 3, reason: endgame, emergency: false
[DEBUG] 16:18:45.595 [AiEngine] Using JS Search
[DEBUG] 16:18:45.605 [AiEngine] Adaptive time: 3000ms, depth: 3, reason: endgame, emergency: false
[DEBUG] 16:18:45.605 [AiEngine] Using JS Search
[DEBUG] 16:18:45.630 [AiEngine] Adaptive time: 3000ms, depth: 3, reason: endgame, emergency: false
[DEBUG] 16:18:45.630 [AiEngine] Using JS Search
[DEBUG] 16:18:45.639 [AiEngine] Adaptive time: 3000ms, depth: 3, reason: endgame, tactical, emergency: false
[DEBUG] 16:18:45.639 [AiEngine] Using JS Search
[DEBUG] 16:18:45.657 [AiEngine] Adaptive time: 3000ms, depth: 3, reason: endgame, emergency: false
[DEBUG] 16:18:45.657 [AiEngine] Using JS Search
[DEBUG] 16:18:45.665 [AiEngine] Adaptive time: 3000ms, depth: 3, reason: endgame, tactical, emergency: false
[DEBUG] 16:18:45.665 [AiEngine] Using JS Search
[DEBUG] 16:18:45.695 [AiEngine] Adaptive time: 3000ms, depth: 3, reason: endgame, emergency: false
[DEBUG] 16:18:45.695 [AiEngine] Using JS Search
[DEBUG] 16:18:45.705 [AiEngine] Adaptive time: 3000ms, depth: 3, reason: endgame, tactical, emergency: false
[DEBUG] 16:18:45.705 [AiEngine] Using JS Search
[DEBUG] 16:18:45.740 [AiEngine] Adaptive time: 3000ms, depth: 3, reason: endgame, emergency: false
[DEBUG] 16:18:45.740 [AiEngine] Using JS Search
[DEBUG] 16:18:45.753 [AiEngine] Adaptive time: 3000ms, depth: 3, reason: endgame, tactical, emergency: false
[DEBUG] 16:18:45.753 [AiEngine] Using JS Search
[DEBUG] 16:18:45.776 [AiEngine] Adaptive time: 3000ms, depth: 3, reason: endgame, emergency: false
[DEBUG] 16:18:45.776 [AiEngine] Using JS Search
[DEBUG] 16:18:45.783 [AiEngine] Adaptive time: 3000ms, depth: 3, reason: endgame, emergency: false
[DEBUG] 16:18:45.783 [AiEngine] Using JS Search
[DEBUG] 16:18:45.815 [AiEngine] Adaptive time: 3000ms, depth: 3, reason: endgame, emergency: false
[DEBUG] 16:18:45.815 [AiEngine] Using JS Search
[DEBUG] 16:18:45.820 [AiEngine] Adaptive time: 3000ms, depth: 3, reason: endgame, tactical, emergency: false
[DEBUG] 16:18:45.820 [AiEngine] Using JS Search
[DEBUG] 16:18:45.844 [AiEngine] Adaptive time: 3000ms, depth: 3, reason: endgame, in-check, emergency: false
[DEBUG] 16:18:45.845 [AiEngine] Using JS Search
[DEBUG] 16:18:45.856 [AiEngine] Adaptive time: 3000ms, depth: 3, reason: endgame, tactical, emergency: false
[DEBUG] 16:18:45.856 [AiEngine] Using JS Search
[DEBUG] 16:18:45.870 [AiEngine] Adaptive time: 3000ms, depth: 3, reason: endgame, emergency: false
[DEBUG] 16:18:45.870 [AiEngine] Using JS Search
[DEBUG] 16:18:45.878 [AiEngine] Adaptive time: 3000ms, depth: 3, reason: endgame, emergency: false
[DEBUG] 16:18:45.878 [AiEngine] Using JS Search
[DEBUG] 16:18:45.891 [AiEngine] Adaptive time: 3000ms, depth: 3, reason: endgame, emergency: false
[DEBUG] 16:18:45.892 [AiEngine] Using JS Search
[DEBUG] 16:18:45.899 [AiEngine] Adaptive time: 500ms, depth: 3, reason: midgame, opening, emergency: false
[DEBUG] 16:18:45.900 [AiEngine] Using JS Search
[DEBUG] 16:18:45.937 [AiEngine] Adaptive time: 500ms, depth: 3, reason: midgame, opening, emergency: false
[DEBUG] 16:18:45.937 [AiEngine] Using JS Search
[DEBUG] 16:18:45.956 [AiEngine] Adaptive time: 500ms, depth: 3, reason: midgame, opening, tactical, emergency: false
[DEBUG] 16:18:45.956 [AiEngine] Using JS Search
[DEBUG] 16:18:45.976 [AiEngine] Adaptive time: 500ms, depth: 3, reason: midgame, opening, emergency: false
[DEBUG] 16:18:45.976 [AiEngine] Using JS Search
[DEBUG] 16:18:46.028 [AiEngine] Adaptive time: 500ms, depth: 3, reason: midgame, opening, tactical, emergency: false
[DEBUG] 16:18:46.028 [AiEngine] Using JS Search
[DEBUG] 16:18:46.035 [AiEngine] Adaptive time: 500ms, depth: 3, reason: midgame, opening, in-check, emergency: false
[DEBUG] 16:18:46.036 [AiEngine] Using JS Search
[DEBUG] 16:18:46.036 [AiEngine] Adaptive time: 500ms, depth: 3, reason: midgame, opening, emergency: false
[DEBUG] 16:18:46.036 [AiEngine] Using JS Search
[DEBUG] 16:18:46.128 [AiEngine] Adaptive time: 500ms, depth: 3, reason: midgame, opening, tactical, emergency: false
[DEBUG] 16:18:46.128 [AiEngine] Using JS Search
[DEBUG] 16:18:46.199 [AiEngine] Adaptive time: 500ms, depth: 3, reason: midgame, opening, in-check, emergency: false
[DEBUG] 16:18:46.199 [AiEngine] Using JS Search
[DEBUG] 16:18:46.256 [AiEngine] Adaptive time: 500ms, depth: 3, reason: midgame, opening, emergency: false
[DEBUG] 16:18:46.256 [AiEngine] Using JS Search
[DEBUG] 16:18:46.364 [AiEngine] Adaptive time: 500ms, depth: 3, reason: midgame, opening, tactical, emergency: false
[DEBUG] 16:18:46.364 [AiEngine] Using JS Search
[DEBUG] 16:18:46.415 [AiEngine] Adaptive time: 500ms, depth: 3, reason: midgame, opening, emergency: false
[DEBUG] 16:18:46.415 [AiEngine] Using JS Search
[DEBUG] 16:18:46.488 [AiEngine] Adaptive time: 500ms, depth: 3, reason: midgame, opening, emergency: false
[DEBUG] 16:18:46.488 [AiEngine] Using JS Search
[DEBUG] 16:18:46.489 [AiEngine] Adaptive time: 500ms, depth: 3, reason: midgame, opening, emergency: false
[DEBUG] 16:18:46.489 [AiEngine] Using JS Search
[DEBUG] 16:18:46.568 [AiEngine] Adaptive time: 500ms, depth: 3, reason: midgame, opening, tactical, emergency: false
[DEBUG] 16:18:46.568 [AiEngine] Using JS Search
[DEBUG] 16:18:46.607 [AiEngine] Adaptive time: 500ms, depth: 3, reason: midgame, opening, emergency: false
[DEBUG] 16:18:46.607 [AiEngine] Using JS Search
[DEBUG] 16:18:46.663 [AiEngine] Adaptive time: 500ms, depth: 3, reason: midgame, opening, tactical, emergency: false
[DEBUG] 16:18:46.663 [AiEngine] Using JS Search
[DEBUG] 16:18:46.755 [AiEngine] Adaptive time: 500ms, depth: 3, reason: midgame, opening, emergency: false
[DEBUG] 16:18:46.755 [AiEngine] Using JS Search
[DEBUG] 16:18:46.795 [AiEngine] Adaptive time: 500ms, depth: 3, reason: midgame, opening, tactical, emergency: false
[DEBUG] 16:18:46.796 [AiEngine] Using JS Search
[DEBUG] 16:18:46.826 [AiEngine] Adaptive time: 500ms, depth: 3, reason: midgame, opening, in-check, emergency: false
[DEBUG] 16:18:46.826 [AiEngine] Using JS Search
[DEBUG] 16:18:46.877 [AiEngine] Adaptive time: 500ms, depth: 3, reason: midgame, opening, emergency: false
[DEBUG] 16:18:46.877 [AiEngine] Using JS Search
[DEBUG] 16:18:46.917 [AiEngine] Adaptive time: 500ms, depth: 3, reason: midgame, opening, emergency: false
[DEBUG] 16:18:46.917 [AiEngine] Using JS Search
[DEBUG] 16:18:47.038 [AiEngine] Adaptive time: 500ms, depth: 3, reason: midgame, opening, emergency: false
[DEBUG] 16:18:47.038 [AiEngine] Using JS Search
[DEBUG] 16:18:47.122 [AiEngine] Adaptive time: 500ms, depth: 3, reason: midgame, opening, emergency: false
[DEBUG] 16:18:47.122 [AiEngine] Using JS Search
[DEBUG] 16:18:47.233 [AiEngine] Adaptive time: 500ms, depth: 3, reason: midgame, opening, emergency: false
[DEBUG] 16:18:47.233 [AiEngine] Using JS Search
[DEBUG] 16:18:47.387 [AiEngine] Adaptive time: 500ms, depth: 3, reason: midgame, opening, emergency: false
[DEBUG] 16:18:47.387 [AiEngine] Using JS Search
[DEBUG] 16:18:47.456 [AiEngine] Adaptive time: 500ms, depth: 3, reason: midgame, opening, emergency: false
[DEBUG] 16:18:47.456 [AiEngine] Using JS Search
[DEBUG] 16:18:47.528 [AiEngine] Adaptive time: 500ms, depth: 3, reason: midgame, opening, emergency: false
[DEBUG] 16:18:47.528 [AiEngine] Using JS Search
[DEBUG] 16:18:47.618 [AiEngine] Adaptive time: 500ms, depth: 3, reason: midgame, opening, emergency: false
[DEBUG] 16:18:47.618 [AiEngine] Using JS Search
[DEBUG] 16:18:47.667 [AiEngine] Adaptive time: 500ms, depth: 3, reason: midgame, opening, emergency: false
[DEBUG] 16:18:47.667 [AiEngine] Using JS Search
[DEBUG] 16:18:47.743 [AiEngine] Adaptive time: 500ms, depth: 3, reason: midgame, opening, tactical, emergency: false
[DEBUG] 16:18:47.743 [AiEngine] Using JS Search
[DEBUG] 16:18:47.800 [AiEngine] Adaptive time: 500ms, depth: 3, reason: midgame, opening, emergency: false
[DEBUG] 16:18:47.800 [AiEngine] Using JS Search
[DEBUG] 16:18:47.882 [AiEngine] Adaptive time: 500ms, depth: 3, reason: midgame, opening, tactical, emergency: false
[DEBUG] 16:18:47.882 [AiEngine] Using JS Search
[DEBUG] 16:18:47.948 [AiEngine] Adaptive time: 500ms, depth: 3, reason: midgame, opening, emergency: false
[DEBUG] 16:18:47.948 [AiEngine] Using JS Search
[DEBUG] 16:18:48.023 [AiEngine] Adaptive time: 500ms, depth: 3, reason: midgame, opening, tactical, emergency: false
[DEBUG] 16:18:48.023 [AiEngine] Using JS Search
[DEBUG] 16:18:48.154 [AiEngine] Adaptive time: 500ms, depth: 3, reason: midgame, opening, emergency: false
[DEBUG] 16:18:48.154 [AiEngine] Using JS Search
[DEBUG] 16:18:48.185 [AiEngine] Adaptive time: 500ms, depth: 3, reason: midgame, opening, tactical, emergency: false
[DEBUG] 16:18:48.185 [AiEngine] Using JS Search
[DEBUG] 16:18:48.253 [AiEngine] Adaptive time: 500ms, depth: 3, reason: midgame, opening, emergency: false
[DEBUG] 16:18:48.253 [AiEngine] Using JS Search
[DEBUG] 16:18:48.347 [AiEngine] Adaptive time: 500ms, depth: 3, reason: midgame, opening, tactical, emergency: false
[DEBUG] 16:18:48.347 [AiEngine] Using JS Search
[DEBUG] 16:18:48.402 [AiEngine] Adaptive time: 500ms, depth: 3, reason: midgame, opening, in-check, emergency: false
[DEBUG] 16:18:48.402 [AiEngine] Using JS Search
[DEBUG] 16:18:48.660 [AiEngine] Adaptive time: 3000ms, depth: 3, reason: midgame, emergency: false
[DEBUG] 16:18:48.660 [AiEngine] Using JS Search
[DEBUG] 16:18:48.862 [AiEngine] Adaptive time: 3000ms, depth: 3, reason: midgame, emergency: false
[DEBUG] 16:18:48.862 [AiEngine] Using JS Search
[DEBUG] 16:18:48.909 [AiEngine] Adaptive time: 3000ms, depth: 3, reason: midgame, tactical, emergency: false
[DEBUG] 16:18:48.909 [AiEngine] Using JS Search
[DEBUG] 16:18:49.037 [AiEngine] Adaptive time: 3000ms, depth: 3, reason: midgame, emergency: false
[DEBUG] 16:18:49.037 [AiEngine] Using JS Search
[DEBUG] 16:18:49.166 [AiEngine] Adaptive time: 3000ms, depth: 3, reason: midgame, in-check, emergency: false
[DEBUG] 16:18:49.166 [AiEngine] Using JS Search
[DEBUG] 16:18:49.387 [AiEngine] Adaptive time: 3000ms, depth: 3, reason: midgame, tactical, emergency: false
[DEBUG] 16:18:49.387 [AiEngine] Using JS Search
[DEBUG] 16:18:49.440 [AiEngine] Adaptive time: 3000ms, depth: 3, reason: midgame, tactical, emergency: false
[DEBUG] 16:18:49.441 [AiEngine] Using JS Search
[DEBUG] 16:18:49.466 [AiEngine] Adaptive time: 3000ms, depth: 3, reason: midgame, tactical, emergency: false
[DEBUG] 16:18:49.466 [AiEngine] Using JS Search
[DEBUG] 16:18:49.507 [AiEngine] Adaptive time: 3000ms, depth: 3, reason: midgame, tactical, emergency: false
[DEBUG] 16:18:49.507 [AiEngine] Using JS Search
[DEBUG] 16:18:49.564 [AiEngine] Adaptive time: 3000ms, depth: 3, reason: midgame, emergency: false
[DEBUG] 16:18:49.564 [AiEngine] Using JS Search
[DEBUG] 16:18:49.592 [AiEngine] Adaptive time: 3000ms, depth: 3, reason: tactical, emergency: false
[DEBUG] 16:18:49.593 [AiEngine] Using JS Search
[DEBUG] 16:18:49.649 [AiEngine] Adaptive time: 3000ms, depth: 3, reason: standard, emergency: false
[DEBUG] 16:18:49.649 [AiEngine] Using JS Search
[DEBUG] 16:18:49.692 [AiEngine] Adaptive time: 3000ms, depth: 3, reason: tactical, emergency: false
[DEBUG] 16:18:49.692 [AiEngine] Using JS Search
[DEBUG] 16:18:49.730 [AiEngine] Adaptive time: 3000ms, depth: 3, reason: in-check, emergency: false
[DEBUG] 16:18:49.730 [AiEngine] Using JS Search
[DEBUG] 16:18:49.759 [AiEngine] Adaptive time: 3000ms, depth: 3, reason: tactical, emergency: false
[DEBUG] 16:18:49.759 [AiEngine] Using JS Search
[DEBUG] 16:18:49.766 [AiEngine] Adaptive time: 3000ms, depth: 3, reason: in-check, emergency: false
[DEBUG] 16:18:49.766 [AiEngine] Using JS Search
[DEBUG] 16:18:49.766 [AiEngine] Adaptive time: 500ms, depth: 3, reason: midgame, opening, emergency: false
[DEBUG] 16:18:49.766 [AiEngine] Using JS Search
[DEBUG] 16:18:49.801 [AiEngine] Adaptive time: 500ms, depth: 3, reason: midgame, opening, emergency: false
[DEBUG] 16:18:49.801 [AiEngine] Using JS Search
[DEBUG] 16:18:49.817 [AiEngine] Adaptive time: 500ms, depth: 3, reason: midgame, opening, tactical, emergency: false
[DEBUG] 16:18:49.817 [AiEngine] Using JS Search
[DEBUG] 16:18:49.898 [AiEngine] Adaptive time: 500ms, depth: 3, reason: midgame, opening, emergency: false
[DEBUG] 16:18:49.898 [AiEngine] Using JS Search
[DEBUG] 16:18:49.921 [AiEngine] Adaptive time: 500ms, depth: 3, reason: midgame, opening, tactical, emergency: false
[DEBUG] 16:18:49.921 [AiEngine] Using JS Search
[DEBUG] 16:18:49.932 [AiEngine] Adaptive time: 500ms, depth: 3, reason: midgame, opening, in-check, emergency: false
[DEBUG] 16:18:49.932 [AiEngine] Using JS Search
[DEBUG] 16:18:49.933 [AiEngine] Adaptive time: 500ms, depth: 3, reason: midgame, opening, emergency: false
[DEBUG] 16:18:49.933 [AiEngine] Using JS Search
[DEBUG] 16:18:49.999 [AiEngine] Adaptive time: 500ms, depth: 3, reason: midgame, opening, tactical, emergency: false
[DEBUG] 16:18:49.999 [AiEngine] Using JS Search
[DEBUG] 16:18:50.083 [AiEngine] Adaptive time: 500ms, depth: 3, reason: midgame, opening, emergency: false
[DEBUG] 16:18:50.083 [AiEngine] Using JS Search
[DEBUG] 16:18:50.193 [AiEngine] Adaptive time: 500ms, depth: 3, reason: midgame, opening, tactical, emergency: false
[DEBUG] 16:18:50.193 [AiEngine] Using JS Search
[DEBUG] 16:18:50.265 [AiEngine] Adaptive time: 500ms, depth: 3, reason: midgame, opening, in-check, tactical, emergency: false
[DEBUG] 16:18:50.265 [AiEngine] Using JS Search
[DEBUG] 16:18:50.303 [AiEngine] Adaptive time: 500ms, depth: 3, reason: midgame, opening, emergency: false
[DEBUG] 16:18:50.303 [AiEngine] Using JS Search
[DEBUG] 16:18:50.433 [AiEngine] Adaptive time: 500ms, depth: 3, reason: midgame, opening, emergency: false
[DEBUG] 16:18:50.433 [AiEngine] Using JS Search
[DEBUG] 16:18:50.461 [AiEngine] Adaptive time: 500ms, depth: 3, reason: midgame, opening, tactical, emergency: false
[DEBUG] 16:18:50.461 [AiEngine] Using JS Search
[DEBUG] 16:18:50.505 [AiEngine] Adaptive time: 500ms, depth: 3, reason: midgame, opening, in-check, emergency: false
[DEBUG] 16:18:50.505 [AiEngine] Using JS Search
[DEBUG] 16:18:50.519 [AiEngine] Adaptive time: 500ms, depth: 3, reason: midgame, opening, tactical, emergency: false
[DEBUG] 16:18:50.519 [AiEngine] Using JS Search
[DEBUG] 16:18:50.550 [AiEngine] Adaptive time: 500ms, depth: 3, reason: midgame, opening, emergency: false
[DEBUG] 16:18:50.550 [AiEngine] Using JS Search
[DEBUG] 16:18:50.626 [AiEngine] Adaptive time: 500ms, depth: 3, reason: midgame, opening, tactical, emergency: false
[DEBUG] 16:18:50.627 [AiEngine] Using JS Search
[DEBUG] 16:18:50.642 [AiEngine] Adaptive time: 500ms, depth: 3, reason: midgame, opening, tactical, emergency: false
[DEBUG] 16:18:50.643 [AiEngine] Using JS Search
[DEBUG] 16:18:50.734 [AiEngine] Adaptive time: 500ms, depth: 3, reason: midgame, opening, tactical, emergency: false
[DEBUG] 16:18:50.734 [AiEngine] Using JS Search
[DEBUG] 16:18:50.775 [AiEngine] Adaptive time: 500ms, depth: 3, reason: midgame, opening, tactical, emergency: false
[DEBUG] 16:18:50.775 [AiEngine] Using JS Search
[DEBUG] 16:18:50.841 [AiEngine] Adaptive time: 500ms, depth: 3, reason: midgame, opening, emergency: false
[DEBUG] 16:18:50.842 [AiEngine] Using JS Search
[DEBUG] 16:18:50.881 [AiEngine] Adaptive time: 500ms, depth: 3, reason: midgame, opening, tactical, emergency: false
[DEBUG] 16:18:50.881 [AiEngine] Using JS Search
[DEBUG] 16:18:50.935 [AiEngine] Adaptive time: 500ms, depth: 3, reason: midgame, opening, emergency: false
[DEBUG] 16:18:50.935 [AiEngine] Using JS Search
[DEBUG] 16:18:50.978 [AiEngine] Adaptive time: 500ms, depth: 3, reason: midgame, opening, tactical, emergency: false
[DEBUG] 16:18:50.978 [AiEngine] Using JS Search
[DEBUG] 16:18:51.026 [AiEngine] Adaptive time: 500ms, depth: 3, reason: midgame, opening, emergency: false
[DEBUG] 16:18:51.026 [AiEngine] Using JS Search
[DEBUG] 16:18:51.063 [AiEngine] Adaptive time: 500ms, depth: 3, reason: midgame, opening, tactical, emergency: false
[DEBUG] 16:18:51.063 [AiEngine] Using JS Search
[DEBUG] 16:18:51.150 [AiEngine] Adaptive time: 500ms, depth: 3, reason: midgame, opening, emergency: false
[DEBUG] 16:18:51.150 [AiEngine] Using JS Search
[DEBUG] 16:18:51.194 [AiEngine] Adaptive time: 500ms, depth: 3, reason: midgame, opening, tactical, emergency: false
[DEBUG] 16:18:51.194 [AiEngine] Using JS Search
[DEBUG] 16:18:51.238 [AiEngine] Adaptive time: 500ms, depth: 3, reason: midgame, opening, tactical, emergency: false
[DEBUG] 16:18:51.238 [AiEngine] Using JS Search
[DEBUG] 16:18:51.271 [AiEngine] Adaptive time: 500ms, depth: 3, reason: midgame, opening, tactical, emergency: false
[DEBUG] 16:18:51.271 [AiEngine] Using JS Search
[DEBUG] 16:18:51.353 [AiEngine] Adaptive time: 500ms, depth: 3, reason: midgame, opening, emergency: false
[DEBUG] 16:18:51.353 [AiEngine] Using JS Search
[DEBUG] 16:18:51.425 [AiEngine] Adaptive time: 500ms, depth: 3, reason: midgame, opening, tactical, emergency: false
[DEBUG] 16:18:51.425 [AiEngine] Using JS Search
[DEBUG] 16:18:51.453 [AiEngine] Adaptive time: 500ms, depth: 3, reason: midgame, opening, emergency: false
[DEBUG] 16:18:51.453 [AiEngine] Using JS Search
[DEBUG] 16:18:51.497 [AiEngine] Adaptive time: 500ms, depth: 3, reason: midgame, opening, tactical, emergency: false
[DEBUG] 16:18:51.497 [AiEngine] Using JS Search
[DEBUG] 16:18:51.551 [AiEngine] Adaptive time: 500ms, depth: 3, reason: midgame, opening, in-check, emergency: false
[DEBUG] 16:18:51.551 [AiEngine] Using JS Search
[DEBUG] 16:18:51.572 [AiEngine] Adaptive time: 500ms, depth: 3, reason: midgame, opening, tactical, emergency: false
[DEBUG] 16:18:51.572 [AiEngine] Using JS Search
[DEBUG] 16:18:51.619 [AiEngine] Adaptive time: 500ms, depth: 3, reason: midgame, opening, tactical, emergency: false
[DEBUG] 16:18:51.619 [AiEngine] Using JS Search
[DEBUG] 16:18:51.689 [AiEngine] Adaptive time: 500ms, depth: 3, reason: midgame, opening, emergency: false
[DEBUG] 16:18:51.689 [AiEngine] Using JS Search
[DEBUG] 16:18:51.756 [AiEngine] Adaptive time: 500ms, depth: 3, reason: midgame, opening, tactical, emergency: false
[DEBUG] 16:18:51.756 [AiEngine] Using JS Search
[DEBUG] 16:18:51.782 [AiEngine] Adaptive time: 3000ms, depth: 3, reason: midgame, emergency: false
[DEBUG] 16:18:51.782 [AiEngine] Using JS Search
[DEBUG] 16:18:51.829 [AiEngine] Adaptive time: 3000ms, depth: 3, reason: midgame, tactical, emergency: false
[DEBUG] 16:18:51.829 [AiEngine] Using JS Search
[DEBUG] 16:18:51.893 [AiEngine] Adaptive time: 3000ms, depth: 3, reason: midgame, in-check, emergency: false
[DEBUG] 16:18:51.894 [AiEngine] Using JS Search
[DEBUG] 16:18:51.930 [AiEngine] Adaptive time: 3000ms, depth: 3, reason: midgame, tactical, emergency: false
[DEBUG] 16:18:51.930 [AiEngine] Using JS Search
[DEBUG] 16:18:51.992 [AiEngine] Adaptive time: 3000ms, depth: 3, reason: midgame, in-check, emergency: false
[DEBUG] 16:18:51.992 [AiEngine] Using JS Search
[DEBUG] 16:18:52.012 [AiEngine] Adaptive time: 3000ms, depth: 3, reason: midgame, tactical, emergency: false
[DEBUG] 16:18:52.012 [AiEngine] Using JS Search
[DEBUG] 16:18:52.096 [AiEngine] Adaptive time: 3000ms, depth: 3, reason: midgame, tactical, emergency: false
[DEBUG] 16:18:52.096 [AiEngine] Using JS Search
[DEBUG] 16:18:52.254 [AiEngine] Adaptive time: 3000ms, depth: 3, reason: midgame, in-check, emergency: false
[DEBUG] 16:18:52.254 [AiEngine] Using JS Search
[DEBUG] 16:18:52.279 [AiEngine] Adaptive time: 3000ms, depth: 3, reason: midgame, tactical, emergency: false
[DEBUG] 16:18:52.279 [AiEngine] Using JS Search
[DEBUG] 16:18:52.370 [AiEngine] Adaptive time: 3000ms, depth: 3, reason: midgame, tactical, emergency: false
[DEBUG] 16:18:52.370 [AiEngine] Using JS Search
[DEBUG] 16:18:52.437 [AiEngine] Adaptive time: 3000ms, depth: 3, reason: midgame, tactical, emergency: false
[DEBUG] 16:18:52.437 [AiEngine] Using JS Search
[DEBUG] 16:18:52.479 [AiEngine] Adaptive time: 3000ms, depth: 3, reason: tactical, emergency: false
[DEBUG] 16:18:52.479 [AiEngine] Using JS Search
[DEBUG] 16:18:52.517 [AiEngine] Adaptive time: 3000ms, depth: 3, reason: tactical, emergency: false
[DEBUG] 16:18:52.517 [AiEngine] Using JS Search
[DEBUG] 16:18:52.547 [AiEngine] Adaptive time: 3000ms, depth: 3, reason: tactical, emergency: false
[DEBUG] 16:18:52.547 [AiEngine] Using JS Search
[DEBUG] 16:18:52.580 [AiEngine] Adaptive time: 3000ms, depth: 3, reason: tactical, emergency: false
[DEBUG] 16:18:52.580 [AiEngine] Using JS Search
[DEBUG] 16:18:52.636 [AiEngine] Adaptive time: 3000ms, depth: 3, reason: tactical, emergency: false
[DEBUG] 16:18:52.636 [AiEngine] Using JS Search
[DEBUG] 16:18:52.699 [AiEngine] Adaptive time: 3000ms, depth: 3, reason: tactical, emergency: false
[DEBUG] 16:18:52.699 [AiEngine] Using JS Search
[DEBUG] 16:18:52.779 [AiEngine] Adaptive time: 3000ms, depth: 3, reason: tactical, emergency: false
[DEBUG] 16:18:52.779 [AiEngine] Using JS Search
[DEBUG] 16:18:52.846 [AiEngine] Adaptive time: 3000ms, depth: 3, reason: tactical, emergency: false
[DEBUG] 16:18:52.846 [AiEngine] Using JS Search
[DEBUG] 16:18:52.949 [AiEngine] Adaptive time: 3000ms, depth: 3, reason: tactical, emergency: false
[DEBUG] 16:18:52.949 [AiEngine] Using JS Search
[DEBUG] 16:18:52.980 [AiEngine] Adaptive time: 3000ms, depth: 3, reason: tactical, emergency: false
[DEBUG] 16:18:52.980 [AiEngine] Using JS Search
[DEBUG] 16:18:53.041 [AiEngine] Adaptive time: 3000ms, depth: 3, reason: standard, emergency: false
[DEBUG] 16:18:53.041 [AiEngine] Using JS Search
[DEBUG] 16:18:53.082 [AiEngine] Adaptive time: 3000ms, depth: 3, reason: in-check, emergency: false
[DEBUG] 16:18:53.082 [AiEngine] Using JS Search
[DEBUG] 16:18:53.098 [AiEngine] Adaptive time: 3000ms, depth: 3, reason: tactical, emergency: false
[DEBUG] 16:18:53.098 [AiEngine] Using JS Search
[DEBUG] 16:18:53.138 [AiEngine] Adaptive time: 3000ms, depth: 3, reason: tactical, emergency: false
[DEBUG] 16:18:53.138 [AiEngine] Using JS Search
[DEBUG] 16:18:53.210 [AiEngine] Adaptive time: 3000ms, depth: 3, reason: tactical, emergency: false
[DEBUG] 16:18:53.210 [AiEngine] Using JS Search
[DEBUG] 16:18:53.263 [AiEngine] Adaptive time: 3000ms, depth: 3, reason: tactical, emergency: false
[DEBUG] 16:18:53.263 [AiEngine] Using JS Search
[DEBUG] 16:18:53.299 [AiEngine] Adaptive time: 3000ms, depth: 3, reason: tactical, emergency: false
[DEBUG] 16:18:53.299 [AiEngine] Using JS Search
[DEBUG] 16:18:53.337 [AiEngine] Adaptive time: 3000ms, depth: 3, reason: tactical, emergency: false
[DEBUG] 16:18:53.338 [AiEngine] Using JS Search
[DEBUG] 16:18:53.394 [AiEngine] Adaptive time: 3000ms, depth: 3, reason: tactical, emergency: false
[DEBUG] 16:18:53.394 [AiEngine] Using JS Search
[DEBUG] 16:18:53.460 [AiEngine] Adaptive time: 3000ms, depth: 3, reason: tactical, emergency: false
[DEBUG] 16:18:53.460 [AiEngine] Using JS Search
[DEBUG] 16:18:53.509 [AiEngine] Adaptive time: 3000ms, depth: 3, reason: tactical, emergency: false
[DEBUG] 16:18:53.509 [AiEngine] Using JS Search
[DEBUG] 16:18:53.574 [AiEngine] Adaptive time: 3000ms, depth: 3, reason: tactical, emergency: false
[DEBUG] 16:18:53.574 [AiEngine] Using JS Search
[DEBUG] 16:18:53.637 [AiEngine] Adaptive time: 3000ms, depth: 3, reason: endgame, tactical, emergency: false
[DEBUG] 16:18:53.637 [AiEngine] Using JS Search
[DEBUG] 16:18:53.665 [AiEngine] Adaptive time: 3000ms, depth: 3, reason: endgame, tactical, emergency: false
[DEBUG] 16:18:53.665 [AiEngine] Using JS Search
[DEBUG] 16:18:53.681 [AiEngine] Adaptive time: 3000ms, depth: 3, reason: endgame, tactical, emergency: false
[DEBUG] 16:18:53.682 [AiEngine] Using JS Search
[DEBUG] 16:18:53.694 [AiEngine] Adaptive time: 3000ms, depth: 3, reason: endgame, tactical, emergency: false
[DEBUG] 16:18:53.695 [AiEngine] Using JS Search
[DEBUG] 16:18:53.713 [AiEngine] Adaptive time: 3000ms, depth: 3, reason: endgame, in-check, emergency: false
[DEBUG] 16:18:53.713 [AiEngine] Using JS Search
[DEBUG] 16:18:53.721 [AiEngine] Adaptive time: 3000ms, depth: 3, reason: endgame, tactical, emergency: false
[DEBUG] 16:18:53.721 [AiEngine] Using JS Search
[DEBUG] 16:18:53.738 [AiEngine] Adaptive time: 3000ms, depth: 3, reason: endgame, tactical, emergency: false
[DEBUG] 16:18:53.739 [AiEngine] Using JS Search
[DEBUG] 16:18:53.751 [AiEngine] Adaptive time: 3000ms, depth: 3, reason: endgame, tactical, emergency: false
[DEBUG] 16:18:53.751 [AiEngine] Using JS Search
[DEBUG] 16:18:53.788 [AiEngine] Adaptive time: 3000ms, depth: 3, reason: endgame, emergency: false
[DEBUG] 16:18:53.788 [AiEngine] Using JS Search
[DEBUG] 16:18:53.820 [AiEngine] Adaptive time: 3000ms, depth: 3, reason: endgame, in-check, emergency: false
[DEBUG] 16:18:53.820 [AiEngine] Using JS Search
[DEBUG] 16:18:53.826 [AiEngine] Adaptive time: 3000ms, depth: 3, reason: endgame, emergency: false
[DEBUG] 16:18:53.826 [AiEngine] Using JS Search
[DEBUG] 16:18:53.863 [AiEngine] Adaptive time: 3000ms, depth: 3, reason: endgame, tactical, emergency: false
[DEBUG] 16:18:53.863 [AiEngine] Using JS Search
[DEBUG] 16:18:53.865 [AiEngine] Adaptive time: 3000ms, depth: 3, reason: endgame, in-check, emergency: false
[DEBUG] 16:18:53.865 [AiEngine] Using JS Search
[DEBUG] 16:18:53.878 [AiEngine] Adaptive time: 3000ms, depth: 3, reason: endgame, tactical, emergency: false
[DEBUG] 16:18:53.878 [AiEngine] Using JS Search
[DEBUG] 16:18:53.911 [AiEngine] Adaptive time: 3000ms, depth: 3, reason: endgame, emergency: false
[DEBUG] 16:18:53.911 [AiEngine] Using JS Search
[DEBUG] 16:18:53.939 [AiEngine] Adaptive time: 3000ms, depth: 3, reason: endgame, tactical, emergency: false
[DEBUG] 16:18:53.939 [AiEngine] Using JS Search
[DEBUG] 16:18:53.955 [AiEngine] Adaptive time: 3000ms, depth: 3, reason: endgame, emergency: false
[DEBUG] 16:18:53.955 [AiEngine] Using JS Search
[DEBUG] 16:18:53.983 [AiEngine] Adaptive time: 3000ms, depth: 3, reason: endgame, tactical, emergency: false
[DEBUG] 16:18:53.983 [AiEngine] Using JS Search
[DEBUG] 16:18:53.990 [AiEngine] Adaptive time: 3000ms, depth: 3, reason: endgame, tactical, emergency: false
[DEBUG] 16:18:53.990 [AiEngine] Using JS Search
[DEBUG] 16:18:54.014 [AiEngine] Adaptive time: 3000ms, depth: 3, reason: endgame, tactical, emergency: false
[DEBUG] 16:18:54.014 [AiEngine] Using JS Search
[DEBUG] 16:18:54.044 [AiEngine] Adaptive time: 3000ms, depth: 3, reason: endgame, tactical, emergency: false
[DEBUG] 16:18:54.044 [AiEngine] Using JS Search
[DEBUG] 16:18:54.095 [AiEngine] Adaptive time: 3000ms, depth: 3, reason: endgame, tactical, emergency: false
[DEBUG] 16:18:54.095 [AiEngine] Using JS Search
[DEBUG] 16:18:54.111 [AiEngine] Adaptive time: 3000ms, depth: 3, reason: endgame, tactical, emergency: false
[DEBUG] 16:18:54.111 [AiEngine] Using JS Search
[DEBUG] 16:18:54.129 [AiEngine] Adaptive time: 3000ms, depth: 3, reason: endgame, in-check, emergency: false
[DEBUG] 16:18:54.129 [AiEngine] Using JS Search
[DEBUG] 16:18:54.135 [AiEngine] Adaptive time: 3000ms, depth: 3, reason: endgame, tactical, emergency: false
[DEBUG] 16:18:54.135 [AiEngine] Using JS Search
[DEBUG] 16:18:54.159 [AiEngine] Adaptive time: 3000ms, depth: 3, reason: endgame, in-check, emergency: false
[DEBUG] 16:18:54.159 [AiEngine] Using JS Search
[DEBUG] 16:18:54.166 [AiEngine] Adaptive time: 3000ms, depth: 3, reason: endgame, emergency: false
[DEBUG] 16:18:54.166 [AiEngine] Using JS Search
[DEBUG] 16:18:54.183 [AiEngine] Adaptive time: 500ms, depth: 3, reason: midgame, opening, emergency: false
[DEBUG] 16:18:54.183 [AiEngine] Using JS Search
[DEBUG] 16:18:54.217 [AiEngine] Adaptive time: 500ms, depth: 3, reason: midgame, opening, emergency: false
[DEBUG] 16:18:54.217 [AiEngine] Using JS Search
[DEBUG] 16:18:54.254 [AiEngine] Adaptive time: 500ms, depth: 3, reason: midgame, opening, emergency: false
[DEBUG] 16:18:54.254 [AiEngine] Using JS Search
[DEBUG] 16:18:54.270 [AiEngine] Adaptive time: 500ms, depth: 3, reason: midgame, opening, tactical, emergency: false
[DEBUG] 16:18:54.270 [AiEngine] Using JS Search
[DEBUG] 16:18:54.303 [AiEngine] Adaptive time: 500ms, depth: 3, reason: midgame, opening, emergency: false
[DEBUG] 16:18:54.303 [AiEngine] Using JS Search
[DEBUG] 16:18:54.399 [AiEngine] Adaptive time: 500ms, depth: 3, reason: midgame, opening, tactical, emergency: false
[DEBUG] 16:18:54.399 [AiEngine] Using JS Search
[DEBUG] 16:18:54.479 [AiEngine] Adaptive time: 500ms, depth: 3, reason: midgame, opening, in-check, emergency: false
[DEBUG] 16:18:54.479 [AiEngine] Using JS Search
[DEBUG] 16:18:54.513 [AiEngine] Adaptive time: 500ms, depth: 3, reason: midgame, opening, emergency: false
[DEBUG] 16:18:54.514 [AiEngine] Using JS Search
[DEBUG] 16:18:54.613 [AiEngine] Adaptive time: 500ms, depth: 3, reason: midgame, opening, tactical, emergency: false
[DEBUG] 16:18:54.613 [AiEngine] Using JS Search
[DEBUG] 16:18:54.654 [AiEngine] Adaptive time: 500ms, depth: 3, reason: midgame, opening, emergency: false
[DEBUG] 16:18:54.654 [AiEngine] Using JS Search
[DEBUG] 16:18:54.708 [AiEngine] Adaptive time: 500ms, depth: 3, reason: midgame, opening, tactical, emergency: false
[DEBUG] 16:18:54.708 [AiEngine] Using JS Search
[DEBUG] 16:18:54.759 [AiEngine] Adaptive time: 500ms, depth: 3, reason: midgame, opening, emergency: false
[DEBUG] 16:18:54.759 [AiEngine] Using JS Search
[DEBUG] 16:18:54.827 [AiEngine] Adaptive time: 500ms, depth: 3, reason: midgame, opening, tactical, emergency: false
[DEBUG] 16:18:54.827 [AiEngine] Using JS Search
[DEBUG] 16:18:54.900 [AiEngine] Adaptive time: 500ms, depth: 3, reason: midgame, opening, emergency: false
[DEBUG] 16:18:54.900 [AiEngine] Using JS Search
[DEBUG] 16:18:54.992 [AiEngine] Adaptive time: 500ms, depth: 3, reason: midgame, opening, tactical, emergency: false
[DEBUG] 16:18:54.992 [AiEngine] Using JS Search
[DEBUG] 16:18:55.067 [AiEngine] Adaptive time: 500ms, depth: 3, reason: midgame, opening, in-check, tactical, emergency: false
[DEBUG] 16:18:55.067 [AiEngine] Using JS Search
[DEBUG] 16:18:55.132 [AiEngine] Adaptive time: 500ms, depth: 3, reason: midgame, opening, tactical, emergency: false
[DEBUG] 16:18:55.133 [AiEngine] Using JS Search
[DEBUG] 16:18:55.133 [AiEngine] Adaptive time: 500ms, depth: 3, reason: midgame, opening, tactical, emergency: false
[DEBUG] 16:18:55.133 [AiEngine] Using JS Search
[DEBUG] 16:18:55.256 [AiEngine] Adaptive time: 500ms, depth: 3, reason: midgame, opening, tactical, emergency: false
[DEBUG] 16:18:55.256 [AiEngine] Using JS Search
[DEBUG] 16:18:55.269 [AiEngine] Adaptive time: 500ms, depth: 3, reason: midgame, opening, tactical, emergency: false
[DEBUG] 16:18:55.269 [AiEngine] Using JS Search
[DEBUG] 16:18:55.370 [AiEngine] Adaptive time: 500ms, depth: 3, reason: midgame, opening, emergency: false
[DEBUG] 16:18:55.370 [AiEngine] Using JS Search
[DEBUG] 16:18:55.420 [AiEngine] Adaptive time: 500ms, depth: 3, reason: midgame, opening, tactical, emergency: false
[DEBUG] 16:18:55.420 [AiEngine] Using JS Search
[DEBUG] 16:18:55.616 [AiEngine] Adaptive time: 500ms, depth: 3, reason: midgame, opening, in-check, emergency: false
[DEBUG] 16:18:55.616 [AiEngine] Using JS Search
[DEBUG] 16:18:55.623 [AiEngine] Adaptive time: 500ms, depth: 3, reason: midgame, opening, emergency: false
[DEBUG] 16:18:55.623 [AiEngine] Using JS Search
[DEBUG] 16:18:55.705 [AiEngine] Adaptive time: 500ms, depth: 3, reason: midgame, opening, emergency: false
[DEBUG] 16:18:55.705 [AiEngine] Using JS Search
[DEBUG] 16:18:55.763 [AiEngine] Adaptive time: 500ms, depth: 3, reason: midgame, opening, tactical, emergency: false
[DEBUG] 16:18:55.763 [AiEngine] Using JS Search
[DEBUG] 16:18:55.789 [AiEngine] Adaptive time: 500ms, depth: 3, reason: midgame, opening, tactical, emergency: false
[DEBUG] 16:18:55.789 [AiEngine] Using JS Search
[DEBUG] 16:18:55.839 [AiEngine] Adaptive time: 500ms, depth: 3, reason: midgame, opening, tactical, emergency: false
[DEBUG] 16:18:55.839 [AiEngine] Using JS Search
[DEBUG] 16:18:55.898 [AiEngine] Adaptive time: 500ms, depth: 3, reason: midgame, opening, tactical, emergency: false
[DEBUG] 16:18:55.898 [AiEngine] Using JS Search
[DEBUG] 16:18:55.922 [AiEngine] Adaptive time: 500ms, depth: 3, reason: midgame, opening, tactical, emergency: false
[DEBUG] 16:18:55.922 [AiEngine] Using JS Search
[DEBUG] 16:18:55.962 [AiEngine] Adaptive time: 500ms, depth: 3, reason: midgame, opening, tactical, emergency: false
[DEBUG] 16:18:55.962 [AiEngine] Using JS Search
[DEBUG] 16:18:55.984 [AiEngine] Adaptive time: 500ms, depth: 3, reason: midgame, opening, tactical, emergency: false
[DEBUG] 16:18:55.984 [AiEngine] Using JS Search
[DEBUG] 16:18:56.127 [AiEngine] Adaptive time: 500ms, depth: 3, reason: midgame, opening, tactical, emergency: false
[DEBUG] 16:18:56.127 [AiEngine] Using JS Search
[DEBUG] 16:18:56.184 [AiEngine] Adaptive time: 500ms, depth: 3, reason: midgame, opening, tactical, emergency: false
[DEBUG] 16:18:56.184 [AiEngine] Using JS Search
[DEBUG] 16:18:56.265 [AiEngine] Adaptive time: 500ms, depth: 3, reason: midgame, opening, emergency: false
[DEBUG] 16:18:56.265 [AiEngine] Using JS Search
[DEBUG] 16:18:56.297 [AiEngine] Adaptive time: 500ms, depth: 3, reason: midgame, opening, tactical, emergency: false
[DEBUG] 16:18:56.297 [AiEngine] Using JS Search
[DEBUG] 16:18:56.464 [AiEngine] Adaptive time: 500ms, depth: 3, reason: midgame, opening, emergency: false
[DEBUG] 16:18:56.464 [AiEngine] Using JS Search
[DEBUG] 16:18:56.566 [AiEngine] Adaptive time: 500ms, depth: 3, reason: midgame, opening, tactical, emergency: false
[DEBUG] 16:18:56.566 [AiEngine] Using JS Search
[DEBUG] 16:18:56.714 [AiEngine] Adaptive time: 500ms, depth: 3, reason: midgame, opening, emergency: false
[DEBUG] 16:18:56.715 [AiEngine] Using JS Search
[DEBUG] 16:18:56.755 [AiEngine] Adaptive time: 500ms, depth: 3, reason: midgame, opening, tactical, emergency: false
[DEBUG] 16:18:56.755 [AiEngine] Using JS Search
[DEBUG] 16:18:56.851 [AiEngine] Adaptive time: 3000ms, depth: 3, reason: midgame, tactical, emergency: false
[DEBUG] 16:18:56.852 [AiEngine] Using JS Search
[DEBUG] 16:18:56.943 [AiEngine] Adaptive time: 3000ms, depth: 3, reason: midgame, tactical, emergency: false
[DEBUG] 16:18:56.943 [AiEngine] Using JS Search
[DEBUG] 16:18:57.029 [AiEngine] Adaptive time: 3000ms, depth: 3, reason: midgame, tactical, emergency: false
[DEBUG] 16:18:57.029 [AiEngine] Using JS Search
[DEBUG] 16:18:57.095 [AiEngine] Adaptive time: 3000ms, depth: 3, reason: midgame, in-check, emergency: false
[DEBUG] 16:18:57.095 [AiEngine] Using JS Search
[DEBUG] 16:18:57.184 [AiEngine] Adaptive time: 3000ms, depth: 3, reason: midgame, tactical, emergency: false
[DEBUG] 16:18:57.184 [AiEngine] Using JS Search
[DEBUG] 16:18:57.206 [AiEngine] Adaptive time: 3000ms, depth: 3, reason: midgame, tactical, emergency: false
[DEBUG] 16:18:57.206 [AiEngine] Using JS Search
[DEBUG] 16:18:57.266 [AiEngine] Adaptive time: 3000ms, depth: 3, reason: midgame, in-check, emergency: false
[DEBUG] 16:18:57.266 [AiEngine] Using JS Search
[DEBUG] 16:18:57.275 [AiEngine] Adaptive time: 3000ms, depth: 3, reason: midgame, tactical, emergency: false
[DEBUG] 16:18:57.276 [AiEngine] Using JS Search
[DEBUG] 16:18:57.361 [AiEngine] Adaptive time: 3000ms, depth: 3, reason: midgame, tactical, emergency: false
[DEBUG] 16:18:57.361 [AiEngine] Using JS Search
[DEBUG] 16:18:57.404 [AiEngine] Adaptive time: 3000ms, depth: 3, reason: midgame, emergency: false
[DEBUG] 16:18:57.404 [AiEngine] Using JS Search
[DEBUG] 16:18:57.475 [AiEngine] Adaptive time: 3000ms, depth: 3, reason: midgame, tactical, emergency: false
[DEBUG] 16:18:57.475 [AiEngine] Using JS Search
[DEBUG] 16:18:57.506 [AiEngine] Adaptive time: 3000ms, depth: 3, reason: midgame, emergency: false
[DEBUG] 16:18:57.506 [AiEngine] Using JS Search
[DEBUG] 16:18:57.586 [AiEngine] Adaptive time: 3000ms, depth: 3, reason: midgame, tactical, emergency: false
[DEBUG] 16:18:57.586 [AiEngine] Using JS Search
[DEBUG] 16:18:57.638 [AiEngine] Adaptive time: 3000ms, depth: 3, reason: midgame, emergency: false
[DEBUG] 16:18:57.638 [AiEngine] Using JS Search
[DEBUG] 16:18:57.838 [AiEngine] Adaptive time: 3000ms, depth: 3, reason: midgame, tactical, emergency: false
[DEBUG] 16:18:57.838 [AiEngine] Using JS Search
[DEBUG] 16:18:57.979 [AiEngine] Adaptive time: 3000ms, depth: 3, reason: midgame, in-check, emergency: false
[DEBUG] 16:18:57.980 [AiEngine] Using JS Search
[DEBUG] 16:18:58.027 [AiEngine] Adaptive time: 3000ms, depth: 3, reason: midgame, tactical, emergency: false
[DEBUG] 16:18:58.027 [AiEngine] Using JS Search
[DEBUG] 16:18:58.178 [AiEngine] Adaptive time: 3000ms, depth: 3, reason: midgame, emergency: false
[DEBUG] 16:18:58.179 [AiEngine] Using JS Search
[DEBUG] 16:18:58.264 [AiEngine] Adaptive time: 3000ms, depth: 3, reason: midgame, tactical, emergency: false
[DEBUG] 16:18:58.264 [AiEngine] Using JS Search
[DEBUG] 16:18:58.311 [AiEngine] Adaptive time: 3000ms, depth: 3, reason: tactical, emergency: false
[DEBUG] 16:18:58.311 [AiEngine] Using JS Search
[DEBUG] 16:18:58.366 [AiEngine] Adaptive time: 3000ms, depth: 3, reason: tactical, emergency: false
[DEBUG] 16:18:58.366 [AiEngine] Using JS Search
[DEBUG] 16:18:58.411 [AiEngine] Adaptive time: 3000ms, depth: 3, reason: standard, emergency: false
[DEBUG] 16:18:58.411 [AiEngine] Using JS Search
[DEBUG] 16:18:58.492 [AiEngine] Adaptive time: 3000ms, depth: 3, reason: tactical, emergency: false
[DEBUG] 16:18:58.492 [AiEngine] Using JS Search
[DEBUG] 16:18:58.565 [AiEngine] Adaptive time: 3000ms, depth: 3, reason: standard, emergency: false
[DEBUG] 16:18:58.565 [AiEngine] Using JS Search
[DEBUG] 16:18:58.633 [AiEngine] Adaptive time: 3000ms, depth: 3, reason: tactical, emergency: false
[DEBUG] 16:18:58.633 [AiEngine] Using JS Search
[DEBUG] 16:18:58.660 [AiEngine] Adaptive time: 3000ms, depth: 3, reason: tactical, emergency: false
[DEBUG] 16:18:58.660 [AiEngine] Using JS Search
[DEBUG] 16:18:58.692 [AiEngine] Adaptive time: 3000ms, depth: 3, reason: tactical, emergency: false
[DEBUG] 16:18:58.693 [AiEngine] Using JS Search
[DEBUG] 16:18:58.827 [AiEngine] Adaptive time: 3000ms, depth: 3, reason: standard, emergency: false
[DEBUG] 16:18:58.827 [AiEngine] Using JS Search
[DEBUG] 16:18:58.884 [AiEngine] Adaptive time: 3000ms, depth: 3, reason: tactical, emergency: false
[DEBUG] 16:18:58.884 [AiEngine] Using JS Search
[DEBUG] 16:18:58.918 [AiEngine] Adaptive time: 3000ms, depth: 3, reason: tactical, emergency: false
[DEBUG] 16:18:58.918 [AiEngine] Using JS Search
[DEBUG] 16:18:58.953 [AiEngine] Adaptive time: 3000ms, depth: 3, reason: tactical, emergency: false
[DEBUG] 16:18:58.953 [AiEngine] Using JS Search
[DEBUG] 16:18:58.967 [AiEngine] Adaptive time: 3000ms, depth: 3, reason: tactical, emergency: false
[DEBUG] 16:18:58.967 [AiEngine] Using JS Search
[DEBUG] 16:18:58.998 [AiEngine] Adaptive time: 3000ms, depth: 3, reason: endgame, tactical, emergency: false
[DEBUG] 16:18:58.998 [AiEngine] Using JS Search
[DEBUG] 16:18:59.031 [AiEngine] Adaptive time: 3000ms, depth: 3, reason: endgame, emergency: false
[DEBUG] 16:18:59.031 [AiEngine] Using JS Search
[DEBUG] 16:18:59.054 [AiEngine] Adaptive time: 3000ms, depth: 3, reason: endgame, in-check, emergency: false
[DEBUG] 16:18:59.054 [AiEngine] Using JS Search
[DEBUG] 16:18:59.061 [AiEngine] Adaptive time: 3000ms, depth: 3, reason: endgame, tactical, emergency: false
[DEBUG] 16:18:59.061 [AiEngine] Using JS Search
[DEBUG] 16:18:59.078 [AiEngine] Adaptive time: 3000ms, depth: 3, reason: endgame, tactical, emergency: false
[DEBUG] 16:18:59.078 [AiEngine] Using JS Search
[DEBUG] 16:18:59.087 [AiEngine] Adaptive time: 3000ms, depth: 3, reason: endgame, tactical, emergency: false
[DEBUG] 16:18:59.088 [AiEngine] Using JS Search
[DEBUG] 16:18:59.122 [AiEngine] Adaptive time: 3000ms, depth: 3, reason: endgame, tactical, emergency: false
[DEBUG] 16:18:59.122 [AiEngine] Using JS Search
[DEBUG] 16:18:59.143 [AiEngine] Adaptive time: 3000ms, depth: 3, reason: endgame, emergency: false
[DEBUG] 16:18:59.143 [AiEngine] Using JS Search
[DEBUG] 16:18:59.163 [AiEngine] Adaptive time: 3000ms, depth: 3, reason: endgame, tactical, emergency: false
[DEBUG] 16:18:59.163 [AiEngine] Using JS Search
[DEBUG] 16:18:59.175 [AiEngine] Adaptive time: 3000ms, depth: 3, reason: endgame, emergency: false
[DEBUG] 16:18:59.175 [AiEngine] Using JS Search
[DEBUG] 16:18:59.192 [AiEngine] Adaptive time: 3000ms, depth: 3, reason: endgame, tactical, emergency: false
[DEBUG] 16:18:59.192 [AiEngine] Using JS Search
[DEBUG] 16:18:59.225 [AiEngine] Adaptive time: 3000ms, depth: 3, reason: endgame, tactical, emergency: false
[DEBUG] 16:18:59.225 [AiEngine] Using JS Search
[DEBUG] 16:18:59.237 [AiEngine] Adaptive time: 3000ms, depth: 3, reason: endgame, in-check, tactical, emergency: false
[DEBUG] 16:18:59.237 [AiEngine] Using JS Search
[DEBUG] 16:18:59.252 [AiEngine] Adaptive time: 3000ms, depth: 3, reason: endgame, tactical, emergency: false
[DEBUG] 16:18:59.252 [AiEngine] Using JS Search
[DEBUG] 16:18:59.276 [AiEngine] Adaptive time: 3000ms, depth: 3, reason: endgame, emergency: false
[DEBUG] 16:18:59.276 [AiEngine] Using JS Search
[DEBUG] 16:18:59.305 [AiEngine] Adaptive time: 3000ms, depth: 3, reason: endgame, tactical, emergency: false
[DEBUG] 16:18:59.306 [AiEngine] Using JS Search
[DEBUG] 16:18:59.351 [AiEngine] Adaptive time: 3000ms, depth: 3, reason: endgame, tactical, emergency: false
[DEBUG] 16:18:59.351 [AiEngine] Using JS Search
[DEBUG] 16:18:59.378 [AiEngine] Adaptive time: 3000ms, depth: 3, reason: endgame, tactical, emergency: false
[DEBUG] 16:18:59.378 [AiEngine] Using JS Search
[DEBUG] 16:18:59.402 [AiEngine] Adaptive time: 3000ms, depth: 3, reason: endgame, tactical, emergency: false
[DEBUG] 16:18:59.402 [AiEngine] Using JS Search
[DEBUG] 16:18:59.415 [AiEngine] Adaptive time: 3000ms, depth: 3, reason: endgame, in-check, emergency: false
[DEBUG] 16:18:59.415 [AiEngine] Using JS Search
[DEBUG] 16:18:59.434 [AiEngine] Adaptive time: 3000ms, depth: 3, reason: endgame, in-check, emergency: false
[DEBUG] 16:18:59.434 [AiEngine] Using JS Search
[DEBUG] 16:18:59.449 [AiEngine] Adaptive time: 3000ms, depth: 3, reason: endgame, tactical, emergency: false
[DEBUG] 16:18:59.449 [AiEngine] Using JS Search
[DEBUG] 16:18:59.458 [AiEngine] Adaptive time: 3000ms, depth: 3, reason: endgame, in-check, emergency: false
[DEBUG] 16:18:59.458 [AiEngine] Using JS Search
[DEBUG] 16:18:59.468 [AiEngine] Adaptive time: 3000ms, depth: 3, reason: endgame, tactical, emergency: false
[DEBUG] 16:18:59.468 [AiEngine] Using JS Search
[DEBUG] 16:18:59.477 [AiEngine] Adaptive time: 3000ms, depth: 3, reason: endgame, emergency: false
[DEBUG] 16:18:59.477 [AiEngine] Using JS Search
[DEBUG] 16:18:59.483 [AiEngine] Adaptive time: 3000ms, depth: 3, reason: endgame, tactical, emergency: false
[DEBUG] 16:18:59.483 [AiEngine] Using JS Search
[DEBUG] 16:18:59.489 [AiEngine] Adaptive time: 3000ms, depth: 3, reason: endgame, emergency: false
[DEBUG] 16:18:59.489 [AiEngine] Using JS Search
[DEBUG] 16:18:59.497 [AiEngine] Adaptive time: 3000ms, depth: 3, reason: endgame, tactical, emergency: false
[DEBUG] 16:18:59.497 [AiEngine] Using JS Search
[DEBUG] 16:18:59.505 [AiEngine] Adaptive time: 500ms, depth: 3, reason: midgame, opening, emergency: false
[DEBUG] 16:18:59.505 [AiEngine] Using JS Search
[DEBUG] 16:18:59.539 [AiEngine] Adaptive time: 500ms, depth: 3, reason: midgame, opening, emergency: false
[DEBUG] 16:18:59.539 [AiEngine] Using JS Search
[DEBUG] 16:18:59.571 [AiEngine] Adaptive time: 500ms, depth: 3, reason: midgame, opening, emergency: false
[DEBUG] 16:18:59.571 [AiEngine] Using JS Search
[DEBUG] 16:18:59.584 [AiEngine] Adaptive time: 500ms, depth: 3, reason: midgame, opening, tactical, emergency: false
[DEBUG] 16:18:59.584 [AiEngine] Using JS Search
[DEBUG] 16:18:59.723 [AiEngine] Adaptive time: 500ms, depth: 3, reason: midgame, opening, emergency: false
[DEBUG] 16:18:59.723 [AiEngine] Using JS Search
[DEBUG] 16:18:59.817 [AiEngine] Adaptive time: 500ms, depth: 3, reason: midgame, opening, tactical, emergency: false
[DEBUG] 16:18:59.817 [AiEngine] Using JS Search
[DEBUG] 16:18:59.929 [AiEngine] Adaptive time: 500ms, depth: 3, reason: midgame, opening, in-check, tactical, emergency: false
[DEBUG] 16:18:59.929 [AiEngine] Using JS Search
[DEBUG] 16:18:59.961 [AiEngine] Adaptive time: 500ms, depth: 3, reason: midgame, opening, emergency: false
[DEBUG] 16:18:59.961 [AiEngine] Using JS Search
[DEBUG] 16:19:00.111 [AiEngine] Adaptive time: 500ms, depth: 3, reason: midgame, opening, tactical, emergency: false
[DEBUG] 16:19:00.111 [AiEngine] Using JS Search
[DEBUG] 16:19:00.350 [AiEngine] Adaptive time: 500ms, depth: 3, reason: midgame, opening, emergency: false
[DEBUG] 16:19:00.350 [AiEngine] Using JS Search
[DEBUG] 16:19:00.469 [AiEngine] Adaptive time: 500ms, depth: 3, reason: midgame, opening, tactical, emergency: false
[DEBUG] 16:19:00.469 [AiEngine] Using JS Search
[DEBUG] 16:19:00.670 [AiEngine] Adaptive time: 500ms, depth: 3, reason: midgame, opening, emergency: false
[DEBUG] 16:19:00.670 [AiEngine] Using JS Search
[DEBUG] 16:19:00.774 [AiEngine] Adaptive time: 500ms, depth: 3, reason: midgame, opening, tactical, emergency: false
[DEBUG] 16:19:00.774 [AiEngine] Using JS Search
[DEBUG] 16:19:00.813 [AiEngine] Adaptive time: 500ms, depth: 3, reason: midgame, opening, in-check, emergency: false
[DEBUG] 16:19:00.813 [AiEngine] Using JS Search
[DEBUG] 16:19:00.821 [AiEngine] Adaptive time: 500ms, depth: 3, reason: midgame, opening, tactical, emergency: false
[DEBUG] 16:19:00.821 [AiEngine] Using JS Search
[DEBUG] 16:19:00.848 [AiEngine] Adaptive time: 500ms, depth: 3, reason: midgame, opening, emergency: false
[DEBUG] 16:19:00.848 [AiEngine] Using JS Search
[DEBUG] 16:19:00.954 [AiEngine] Adaptive time: 500ms, depth: 3, reason: midgame, opening, emergency: false
[DEBUG] 16:19:00.954 [AiEngine] Using JS Search
[DEBUG] 16:19:01.221 [AiEngine] Adaptive time: 500ms, depth: 3, reason: midgame, opening, emergency: false
[DEBUG] 16:19:01.221 [AiEngine] Using JS Search
[DEBUG] 16:19:01.897 [AiEngine] Adaptive time: 500ms, depth: 3, reason: midgame, opening, tactical, emergency: false
[DEBUG] 16:19:01.897 [AiEngine] Using JS Search
[DEBUG] 16:19:02.134 [AiEngine] Adaptive time: 500ms, depth: 3, reason: midgame, opening, tactical, emergency: false
[DEBUG] 16:19:02.134 [AiEngine] Using JS Search
[DEBUG] 16:19:02.400 [AiEngine] Adaptive time: 500ms, depth: 3, reason: midgame, opening, in-check, emergency: false
[DEBUG] 16:19:02.400 [AiEngine] Using JS Search
[DEBUG] 16:19:02.439 [AiEngine] Adaptive time: 500ms, depth: 3, reason: midgame, opening, tactical, emergency: false
[DEBUG] 16:19:02.439 [AiEngine] Using JS Search
[DEBUG] 16:19:02.608 [AiEngine] Adaptive time: 500ms, depth: 3, reason: midgame, opening, in-check, emergency: false
[DEBUG] 16:19:02.609 [AiEngine] Using JS Search
[DEBUG] 16:19:02.663 [AiEngine] Adaptive time: 500ms, depth: 3, reason: midgame, opening, tactical, emergency: false
[DEBUG] 16:19:02.663 [AiEngine] Using JS Search
[DEBUG] 16:19:02.712 [AiEngine] Adaptive time: 500ms, depth: 3, reason: midgame, opening, emergency: false
[DEBUG] 16:19:02.712 [AiEngine] Using JS Search
[DEBUG] 16:19:02.770 [AiEngine] Adaptive time: 500ms, depth: 3, reason: midgame, opening, tactical, emergency: false
[DEBUG] 16:19:02.770 [AiEngine] Using JS Search
[DEBUG] 16:19:02.846 [AiEngine] Adaptive time: 500ms, depth: 3, reason: midgame, opening, tactical, emergency: false
[DEBUG] 16:19:02.846 [AiEngine] Using JS Search
[DEBUG] 16:19:02.932 [AiEngine] Adaptive time: 500ms, depth: 3, reason: midgame, opening, tactical, emergency: false
[DEBUG] 16:19:02.932 [AiEngine] Using JS Search
[DEBUG] 16:19:02.968 [AiEngine] Adaptive time: 500ms, depth: 3, reason: midgame, opening, emergency: false
[DEBUG] 16:19:02.968 [AiEngine] Using JS Search
[DEBUG] 16:19:03.045 [AiEngine] Adaptive time: 500ms, depth: 3, reason: midgame, opening, tactical, emergency: false
[DEBUG] 16:19:03.045 [AiEngine] Using JS Search
[DEBUG] 16:19:03.079 [AiEngine] Adaptive time: 500ms, depth: 3, reason: midgame, opening, tactical, emergency: false
[DEBUG] 16:19:03.079 [AiEngine] Using JS Search
[DEBUG] 16:19:03.438 [AiEngine] Adaptive time: 500ms, depth: 3, reason: midgame, opening, tactical, emergency: false
[DEBUG] 16:19:03.438 [AiEngine] Using JS Search
[DEBUG] 16:19:03.482 [AiEngine] Adaptive time: 500ms, depth: 3, reason: midgame, opening, tactical, emergency: false
[DEBUG] 16:19:03.482 [AiEngine] Using JS Search
[DEBUG] 16:19:03.582 [AiEngine] Adaptive time: 500ms, depth: 3, reason: midgame, opening, tactical, emergency: false
[DEBUG] 16:19:03.582 [AiEngine] Using JS Search
[DEBUG] 16:19:03.617 [AiEngine] Adaptive time: 500ms, depth: 3, reason: midgame, opening, tactical, emergency: false
[DEBUG] 16:19:03.617 [AiEngine] Using JS Search
[DEBUG] 16:19:03.759 [AiEngine] Adaptive time: 500ms, depth: 3, reason: midgame, opening, tactical, emergency: false
[DEBUG] 16:19:03.759 [AiEngine] Using JS Search
[DEBUG] 16:19:03.787 [AiEngine] Adaptive time: 500ms, depth: 3, reason: midgame, opening, emergency: false
[DEBUG] 16:19:03.787 [AiEngine] Using JS Search
[DEBUG] 16:19:03.840 [AiEngine] Adaptive time: 500ms, depth: 3, reason: midgame, opening, tactical, emergency: false
[DEBUG] 16:19:03.840 [AiEngine] Using JS Search
[DEBUG] 16:19:03.868 [AiEngine] Adaptive time: 500ms, depth: 3, reason: midgame, opening, emergency: false
[DEBUG] 16:19:03.868 [AiEngine] Using JS Search
[DEBUG] 16:19:03.986 [AiEngine] Adaptive time: 500ms, depth: 3, reason: midgame, opening, tactical, emergency: false
[DEBUG] 16:19:03.986 [AiEngine] Using JS Search
[DEBUG] 16:19:04.029 [AiEngine] Adaptive time: 3000ms, depth: 3, reason: midgame, emergency: false
[DEBUG] 16:19:04.029 [AiEngine] Using JS Search
[DEBUG] 16:19:04.142 [AiEngine] Adaptive time: 3000ms, depth: 3, reason: midgame, tactical, emergency: false
[DEBUG] 16:19:04.142 [AiEngine] Using JS Search
[DEBUG] 16:19:04.201 [AiEngine] Adaptive time: 3000ms, depth: 3, reason: midgame, emergency: false
[DEBUG] 16:19:04.201 [AiEngine] Using JS Search
[DEBUG] 16:19:04.291 [AiEngine] Adaptive time: 3000ms, depth: 3, reason: midgame, tactical, emergency: false
[DEBUG] 16:19:04.291 [AiEngine] Using JS Search
[DEBUG] 16:19:04.309 [AiEngine] Adaptive time: 3000ms, depth: 3, reason: midgame, in-check, emergency: false
[DEBUG] 16:19:04.309 [AiEngine] Using JS Search
[DEBUG] 16:19:04.359 [AiEngine] Adaptive time: 3000ms, depth: 3, reason: midgame, tactical, emergency: false
[DEBUG] 16:19:04.359 [AiEngine] Using JS Search
[DEBUG] 16:19:04.375 [AiEngine] Adaptive time: 3000ms, depth: 3, reason: midgame, tactical, emergency: false
[DEBUG] 16:19:04.375 [AiEngine] Using JS Search
[DEBUG] 16:19:04.392 [AiEngine] Adaptive time: 3000ms, depth: 3, reason: midgame, tactical, emergency: false
[DEBUG] 16:19:04.392 [AiEngine] Using JS Search
[DEBUG] 16:19:04.418 [AiEngine] Adaptive time: 3000ms, depth: 3, reason: midgame, tactical, emergency: false
[DEBUG] 16:19:04.418 [AiEngine] Using JS Search
[DEBUG] 16:19:04.436 [AiEngine] Adaptive time: 3000ms, depth: 3, reason: midgame, tactical, emergency: false
[DEBUG] 16:19:04.436 [AiEngine] Using JS Search
[DEBUG] 16:19:04.465 [AiEngine] Adaptive time: 3000ms, depth: 3, reason: midgame, tactical, emergency: false
[DEBUG] 16:19:04.465 [AiEngine] Using JS Search
[DEBUG] 16:19:04.484 [AiEngine] Adaptive time: 3000ms, depth: 3, reason: midgame, tactical, emergency: false
[DEBUG] 16:19:04.485 [AiEngine] Using JS Search
[DEBUG] 16:19:04.515 [AiEngine] Adaptive time: 3000ms, depth: 3, reason: midgame, tactical, emergency: false
[DEBUG] 16:19:04.515 [AiEngine] Using JS Search
[DEBUG] 16:19:04.523 [AiEngine] Adaptive time: 3000ms, depth: 3, reason: midgame, tactical, emergency: false
[DEBUG] 16:19:04.523 [AiEngine] Using JS Search
[DEBUG] 16:19:04.557 [AiEngine] Adaptive time: 3000ms, depth: 3, reason: midgame, tactical, emergency: false
[DEBUG] 16:19:04.557 [AiEngine] Using JS Search
[DEBUG] 16:19:04.665 [AiEngine] Adaptive time: 3000ms, depth: 3, reason: midgame, tactical, emergency: false
[DEBUG] 16:19:04.665 [AiEngine] Using JS Search
[DEBUG] 16:19:04.709 [AiEngine] Adaptive time: 3000ms, depth: 3, reason: midgame, emergency: false
[DEBUG] 16:19:04.709 [AiEngine] Using JS Search
[DEBUG] 16:19:04.802 [AiEngine] Adaptive time: 3000ms, depth: 3, reason: midgame, tactical, emergency: false
[DEBUG] 16:19:04.802 [AiEngine] Using JS Search
[DEBUG] 16:19:04.820 [AiEngine] Adaptive time: 3000ms, depth: 3, reason: midgame, emergency: false
[DEBUG] 16:19:04.820 [AiEngine] Using JS Search
[DEBUG] 16:19:04.901 [AiEngine] Adaptive time: 3000ms, depth: 3, reason: midgame, tactical, emergency: false
[DEBUG] 16:19:04.901 [AiEngine] Using JS Search
[DEBUG] 16:19:04.928 [AiEngine] Adaptive time: 3000ms, depth: 3, reason: midgame, tactical, emergency: false
[DEBUG] 16:19:04.928 [AiEngine] Using JS Search
[DEBUG] 16:19:04.995 [AiEngine] Adaptive time: 3000ms, depth: 3, reason: midgame, emergency: false
[DEBUG] 16:19:04.995 [AiEngine] Using JS Search
[DEBUG] 16:19:05.031 [AiEngine] Adaptive time: 3000ms, depth: 3, reason: midgame, tactical, emergency: false
[DEBUG] 16:19:05.031 [AiEngine] Using JS Search
[DEBUG] 16:19:05.086 [AiEngine] Adaptive time: 3000ms, depth: 3, reason: midgame, tactical, emergency: false
[DEBUG] 16:19:05.086 [AiEngine] Using JS Search
[DEBUG] 16:19:05.098 [AiEngine] Adaptive time: 3000ms, depth: 3, reason: midgame, tactical, emergency: false
[DEBUG] 16:19:05.098 [AiEngine] Using JS Search
[DEBUG] 16:19:05.123 [AiEngine] Adaptive time: 3000ms, depth: 3, reason: tactical, emergency: false
[DEBUG] 16:19:05.123 [AiEngine] Using JS Search
[DEBUG] 16:19:05.140 [AiEngine] Adaptive time: 3000ms, depth: 3, reason: tactical, emergency: false
[DEBUG] 16:19:05.141 [AiEngine] Using JS Search
[DEBUG] 16:19:05.183 [AiEngine] Adaptive time: 3000ms, depth: 3, reason: tactical, emergency: false
[DEBUG] 16:19:05.183 [AiEngine] Using JS Search
[DEBUG] 16:19:05.207 [AiEngine] Adaptive time: 3000ms, depth: 3, reason: in-check, emergency: false
[DEBUG] 16:19:05.207 [AiEngine] Using JS Search
[DEBUG] 16:19:05.230 [AiEngine] Adaptive time: 3000ms, depth: 3, reason: tactical, emergency: false
[DEBUG] 16:19:05.230 [AiEngine] Using JS Search
[DEBUG] 16:19:05.243 [AiEngine] Adaptive time: 3000ms, depth: 3, reason: tactical, emergency: false
[DEBUG] 16:19:05.243 [AiEngine] Using JS Search
[DEBUG] 16:19:05.259 [AiEngine] Adaptive time: 3000ms, depth: 3, reason: tactical, emergency: false
[DEBUG] 16:19:05.259 [AiEngine] Using JS Search
[DEBUG] 16:19:05.288 [AiEngine] Adaptive time: 3000ms, depth: 3, reason: tactical, emergency: false
[DEBUG] 16:19:05.288 [AiEngine] Using JS Search
[DEBUG] 16:19:05.311 [AiEngine] Adaptive time: 3000ms, depth: 3, reason: tactical, emergency: false
[DEBUG] 16:19:05.311 [AiEngine] Using JS Search
[DEBUG] 16:19:05.328 [AiEngine] Adaptive time: 3000ms, depth: 3, reason: standard, emergency: false
[DEBUG] 16:19:05.328 [AiEngine] Using JS Search
[DEBUG] 16:19:05.356 [AiEngine] Adaptive time: 3000ms, depth: 3, reason: tactical, emergency: false
[DEBUG] 16:19:05.356 [AiEngine] Using JS Search
[DEBUG] 16:19:05.377 [AiEngine] Adaptive time: 3000ms, depth: 3, reason: standard, emergency: false
[DEBUG] 16:19:05.377 [AiEngine] Using JS Search
[DEBUG] 16:19:05.439 [AiEngine] Adaptive time: 3000ms, depth: 3, reason: tactical, emergency: false
[DEBUG] 16:19:05.439 [AiEngine] Using JS Search
[DEBUG] 16:19:05.456 [AiEngine] Adaptive time: 3000ms, depth: 3, reason: tactical, emergency: false
[DEBUG] 16:19:05.456 [AiEngine] Using JS Search
[DEBUG] 16:19:05.468 [AiEngine] Adaptive time: 3000ms, depth: 3, reason: tactical, emergency: false
[DEBUG] 16:19:05.468 [AiEngine] Using JS Search
[DEBUG] 16:19:05.497 [AiEngine] Adaptive time: 3000ms, depth: 3, reason: endgame, emergency: false
[DEBUG] 16:19:05.497 [AiEngine] Using JS Search
[DEBUG] 16:19:05.519 [AiEngine] Adaptive time: 3000ms, depth: 3, reason: endgame, emergency: false
[DEBUG] 16:19:05.520 [AiEngine] Using JS Search
[DEBUG] 16:19:05.530 [AiEngine] Adaptive time: 3000ms, depth: 3, reason: endgame, emergency: false
[DEBUG] 16:19:05.530 [AiEngine] Using JS Search
[DEBUG] 16:19:05.552 [AiEngine] Adaptive time: 3000ms, depth: 3, reason: endgame, emergency: false
[DEBUG] 16:19:05.553 [AiEngine] Using JS Search
[DEBUG] 16:19:05.590 [AiEngine] Adaptive time: 3000ms, depth: 3, reason: endgame, emergency: false
[DEBUG] 16:19:05.590 [AiEngine] Using JS Search
[DEBUG] 16:19:05.612 [AiEngine] Adaptive time: 3000ms, depth: 3, reason: endgame, tactical, emergency: false
[DEBUG] 16:19:05.612 [AiEngine] Using JS Search
[DEBUG] 16:19:05.622 [AiEngine] Adaptive time: 3000ms, depth: 3, reason: endgame, emergency: false
[DEBUG] 16:19:05.622 [AiEngine] Using JS Search
[DEBUG] 16:19:05.632 [AiEngine] Adaptive time: 3000ms, depth: 3, reason: endgame, emergency: false
[DEBUG] 16:19:05.632 [AiEngine] Using JS Search
[DEBUG] 16:19:05.638 [AiEngine] Adaptive time: 3000ms, depth: 3, reason: endgame, emergency: false
[DEBUG] 16:19:05.638 [AiEngine] Using JS Search
[DEBUG] 16:19:05.646 [AiEngine] Adaptive time: 3000ms, depth: 3, reason: endgame, emergency: false
[DEBUG] 16:19:05.646 [AiEngine] Using JS Search
[DEBUG] 16:19:05.658 [AiEngine] Adaptive time: 3000ms, depth: 3, reason: endgame, emergency: false
[DEBUG] 16:19:05.658 [AiEngine] Using JS Search
[DEBUG] 16:19:05.670 [AiEngine] Adaptive time: 3000ms, depth: 3, reason: endgame, tactical, emergency: false
[DEBUG] 16:19:05.670 [AiEngine] Using JS Search
[DEBUG] 16:19:05.688 [AiEngine] Adaptive time: 3000ms, depth: 3, reason: endgame, tactical, emergency: false
[DEBUG] 16:19:05.688 [AiEngine] Using JS Search
[DEBUG] 16:19:05.707 [AiEngine] Adaptive time: 3000ms, depth: 3, reason: endgame, in-check, emergency: false
[DEBUG] 16:19:05.707 [AiEngine] Using JS Search
[DEBUG] 16:19:05.720 [AiEngine] Adaptive time: 3000ms, depth: 3, reason: endgame, emergency: false
[DEBUG] 16:19:05.720 [AiEngine] Using JS Search
[DEBUG] 16:19:05.749 [AiEngine] Adaptive time: 3000ms, depth: 3, reason: endgame, tactical, emergency: false
[DEBUG] 16:19:05.749 [AiEngine] Using JS Search
[DEBUG] 16:19:05.778 [AiEngine] Adaptive time: 3000ms, depth: 3, reason: endgame, emergency: false
[DEBUG] 16:19:05.778 [AiEngine] Using JS Search
[DEBUG] 16:19:05.786 [AiEngine] Adaptive time: 3000ms, depth: 3, reason: endgame, tactical, emergency: false
[DEBUG] 16:19:05.786 [AiEngine] Using JS Search
[DEBUG] 16:19:05.801 [AiEngine] Adaptive time: 3000ms, depth: 3, reason: endgame, in-check, emergency: false
[DEBUG] 16:19:05.801 [AiEngine] Using JS Search
[DEBUG] 16:19:05.807 [AiEngine] Adaptive time: 3000ms, depth: 3, reason: endgame, tactical, emergency: false
[DEBUG] 16:19:05.807 [AiEngine] Using JS Search
[DEBUG] 16:19:05.821 [AiEngine] Adaptive time: 500ms, depth: 3, reason: midgame, opening, emergency: false
[DEBUG] 16:19:05.821 [AiEngine] Using JS Search
[DEBUG] 16:19:05.856 [AiEngine] Adaptive time: 500ms, depth: 3, reason: midgame, opening, emergency: false
[DEBUG] 16:19:05.856 [AiEngine] Using JS Search
[DEBUG] 16:19:05.882 [AiEngine] Adaptive time: 500ms, depth: 3, reason: midgame, opening, emergency: false
[DEBUG] 16:19:05.882 [AiEngine] Using JS Search
[DEBUG] 16:19:05.911 [AiEngine] Adaptive time: 500ms, depth: 3, reason: midgame, opening, emergency: false
[DEBUG] 16:19:05.911 [AiEngine] Using JS Search
[DEBUG] 16:19:05.936 [AiEngine] Adaptive time: 500ms, depth: 3, reason: midgame, opening, emergency: false
[DEBUG] 16:19:05.936 [AiEngine] Using JS Search
[DEBUG] 16:19:05.965 [AiEngine] Adaptive time: 500ms, depth: 3, reason: midgame, opening, emergency: false
[DEBUG] 16:19:05.965 [AiEngine] Using JS Search
[DEBUG] 16:19:06.043 [AiEngine] Adaptive time: 500ms, depth: 3, reason: midgame, opening, emergency: false
[DEBUG] 16:19:06.043 [AiEngine] Using JS Search
[DEBUG] 16:19:06.153 [AiEngine] Adaptive time: 500ms, depth: 3, reason: midgame, opening, emergency: false
[DEBUG] 16:19:06.153 [AiEngine] Using JS Search
[DEBUG] 16:19:06.199 [AiEngine] Adaptive time: 500ms, depth: 3, reason: midgame, opening, tactical, emergency: false
[DEBUG] 16:19:06.199 [AiEngine] Using JS Search
[DEBUG] 16:19:06.251 [AiEngine] Adaptive time: 500ms, depth: 3, reason: midgame, opening, emergency: false
[DEBUG] 16:19:06.251 [AiEngine] Using JS Search
[DEBUG] 16:19:06.351 [AiEngine] Adaptive time: 500ms, depth: 3, reason: midgame, opening, tactical, emergency: false
[DEBUG] 16:19:06.351 [AiEngine] Using JS Search
[DEBUG] 16:19:06.418 [AiEngine] Adaptive time: 500ms, depth: 3, reason: midgame, opening, tactical, emergency: false
[DEBUG] 16:19:06.418 [AiEngine] Using JS Search
[DEBUG] 16:19:06.456 [AiEngine] Adaptive time: 500ms, depth: 3, reason: midgame, opening, tactical, emergency: false
[DEBUG] 16:19:06.456 [AiEngine] Using JS Search
[DEBUG] 16:19:06.539 [AiEngine] Adaptive time: 500ms, depth: 3, reason: midgame, opening, tactical, emergency: false
[DEBUG] 16:19:06.539 [AiEngine] Using JS Search
[DEBUG] 16:19:06.581 [AiEngine] Adaptive time: 500ms, depth: 3, reason: midgame, opening, in-check, tactical, emergency: false
[DEBUG] 16:19:06.581 [AiEngine] Using JS Search
[DEBUG] 16:19:06.614 [AiEngine] Adaptive time: 500ms, depth: 3, reason: midgame, opening, emergency: false
[DEBUG] 16:19:06.614 [AiEngine] Using JS Search
[DEBUG] 16:19:06.655 [AiEngine] Adaptive time: 500ms, depth: 3, reason: midgame, opening, tactical, emergency: false
[DEBUG] 16:19:06.655 [AiEngine] Using JS Search
[DEBUG] 16:19:06.691 [AiEngine] Adaptive time: 500ms, depth: 3, reason: midgame, opening, emergency: false
[DEBUG] 16:19:06.691 [AiEngine] Using JS Search
[DEBUG] 16:19:06.759 [AiEngine] Adaptive time: 500ms, depth: 3, reason: midgame, opening, tactical, emergency: false
[DEBUG] 16:19:06.759 [AiEngine] Using JS Search
[DEBUG] 16:19:06.829 [AiEngine] Adaptive time: 500ms, depth: 3, reason: midgame, opening, in-check, tactical, emergency: false
[DEBUG] 16:19:06.829 [AiEngine] Using JS Search
[DEBUG] 16:19:06.888 [AiEngine] Adaptive time: 500ms, depth: 3, reason: midgame, opening, tactical, emergency: false
[DEBUG] 16:19:06.888 [AiEngine] Using JS Search
[DEBUG] 16:19:06.935 [AiEngine] Adaptive time: 500ms, depth: 3, reason: midgame, opening, in-check, emergency: false
[DEBUG] 16:19:06.935 [AiEngine] Using JS Search
[DEBUG] 16:19:06.974 [AiEngine] Adaptive time: 500ms, depth: 3, reason: midgame, opening, tactical, emergency: false
[DEBUG] 16:19:06.974 [AiEngine] Using JS Search
[DEBUG] 16:19:07.054 [AiEngine] Adaptive time: 500ms, depth: 3, reason: midgame, opening, in-check, emergency: false
[DEBUG] 16:19:07.054 [AiEngine] Using JS Search
[DEBUG] 16:19:07.098 [AiEngine] Adaptive time: 500ms, depth: 3, reason: midgame, opening, tactical, emergency: false
[DEBUG] 16:19:07.098 [AiEngine] Using JS Search
[DEBUG] 16:19:07.172 [AiEngine] Adaptive time: 500ms, depth: 3, reason: midgame, opening, tactical, emergency: false
[DEBUG] 16:19:07.172 [AiEngine] Using JS Search
[DEBUG] 16:19:07.250 [AiEngine] Adaptive time: 500ms, depth: 3, reason: midgame, opening, tactical, emergency: false
[DEBUG] 16:19:07.250 [AiEngine] Using JS Search
[DEBUG] 16:19:07.320 [AiEngine] Adaptive time: 500ms, depth: 3, reason: midgame, opening, tactical, emergency: false
[DEBUG] 16:19:07.320 [AiEngine] Using JS Search
[DEBUG] 16:19:07.479 [AiEngine] Adaptive time: 500ms, depth: 3, reason: midgame, opening, tactical, emergency: false
[DEBUG] 16:19:07.479 [AiEngine] Using JS Search
[DEBUG] 16:19:07.642 [AiEngine] Adaptive time: 500ms, depth: 3, reason: midgame, opening, tactical, emergency: false
[DEBUG] 16:19:07.642 [AiEngine] Using JS Search
[DEBUG] 16:19:07.746 [AiEngine] Adaptive time: 500ms, depth: 3, reason: midgame, opening, emergency: false
[DEBUG] 16:19:07.746 [AiEngine] Using JS Search
[DEBUG] 16:19:07.817 [AiEngine] Adaptive time: 500ms, depth: 3, reason: midgame, opening, tactical, emergency: false
[DEBUG] 16:19:07.817 [AiEngine] Using JS Search
[DEBUG] 16:19:07.925 [AiEngine] Adaptive time: 500ms, depth: 3, reason: midgame, opening, emergency: false
[DEBUG] 16:19:07.925 [AiEngine] Using JS Search
[DEBUG] 16:19:07.982 [AiEngine] Adaptive time: 500ms, depth: 3, reason: midgame, opening, tactical, emergency: false
[DEBUG] 16:19:07.982 [AiEngine] Using JS Search
[DEBUG] 16:19:08.034 [AiEngine] Adaptive time: 500ms, depth: 3, reason: midgame, opening, emergency: false
[DEBUG] 16:19:08.034 [AiEngine] Using JS Search
[DEBUG] 16:19:08.108 [AiEngine] Adaptive time: 500ms, depth: 3, reason: midgame, opening, tactical, emergency: false
[DEBUG] 16:19:08.109 [AiEngine] Using JS Search
[DEBUG] 16:19:08.135 [AiEngine] Adaptive time: 500ms, depth: 3, reason: midgame, opening, emergency: false
[DEBUG] 16:19:08.135 [AiEngine] Using JS Search
[DEBUG] 16:19:08.211 [AiEngine] Adaptive time: 500ms, depth: 3, reason: midgame, opening, tactical, emergency: false
[DEBUG] 16:19:08.211 [AiEngine] Using JS Search
[DEBUG] 16:19:08.254 [AiEngine] Adaptive time: 500ms, depth: 3, reason: midgame, opening, emergency: false
[DEBUG] 16:19:08.254 [AiEngine] Using JS Search
[DEBUG] 16:19:08.326 [AiEngine] Adaptive time: 500ms, depth: 3, reason: midgame, opening, tactical, emergency: false
[DEBUG] 16:19:08.327 [AiEngine] Using JS Search
[DEBUG] 16:19:08.370 [AiEngine] Adaptive time: 3000ms, depth: 3, reason: midgame, emergency: false
[DEBUG] 16:19:08.370 [AiEngine] Using JS Search
[DEBUG] 16:19:08.423 [AiEngine] Adaptive time: 3000ms, depth: 3, reason: midgame, tactical, emergency: false
[DEBUG] 16:19:08.423 [AiEngine] Using JS Search
[DEBUG] 16:19:08.451 [AiEngine] Adaptive time: 3000ms, depth: 3, reason: midgame, emergency: false
[DEBUG] 16:19:08.451 [AiEngine] Using JS Search
[DEBUG] 16:19:08.502 [AiEngine] Adaptive time: 3000ms, depth: 3, reason: midgame, tactical, emergency: false
[DEBUG] 16:19:08.502 [AiEngine] Using JS Search
[DEBUG] 16:19:08.532 [AiEngine] Adaptive time: 3000ms, depth: 3, reason: midgame, emergency: false
[DEBUG] 16:19:08.532 [AiEngine] Using JS Search
[DEBUG] 16:19:08.557 [AiEngine] Adaptive time: 3000ms, depth: 3, reason: midgame, tactical, emergency: false
[DEBUG] 16:19:08.557 [AiEngine] Using JS Search
[DEBUG] 16:19:08.580 [AiEngine] Adaptive time: 3000ms, depth: 3, reason: midgame, in-check, emergency: false
[DEBUG] 16:19:08.580 [AiEngine] Using JS Search
[DEBUG] 16:19:08.621 [AiEngine] Adaptive time: 3000ms, depth: 3, reason: midgame, tactical, emergency: false
[DEBUG] 16:19:08.621 [AiEngine] Using JS Search
[DEBUG] 16:19:08.653 [AiEngine] Adaptive time: 3000ms, depth: 3, reason: midgame, emergency: false
[DEBUG] 16:19:08.653 [AiEngine] Using JS Search
[DEBUG] 16:19:08.757 [AiEngine] Adaptive time: 3000ms, depth: 3, reason: midgame, tactical, emergency: false
[DEBUG] 16:19:08.757 [AiEngine] Using JS Search
[DEBUG] 16:19:08.788 [AiEngine] Adaptive time: 3000ms, depth: 3, reason: midgame, emergency: false
[DEBUG] 16:19:08.789 [AiEngine] Using JS Search
[DEBUG] 16:19:08.872 [AiEngine] Adaptive time: 3000ms, depth: 3, reason: midgame, tactical, emergency: false
[DEBUG] 16:19:08.872 [AiEngine] Using JS Search
[DEBUG] 16:19:08.890 [AiEngine] Adaptive time: 3000ms, depth: 3, reason: midgame, emergency: false
[DEBUG] 16:19:08.890 [AiEngine] Using JS Search
[DEBUG] 16:19:08.942 [AiEngine] Adaptive time: 3000ms, depth: 3, reason: midgame, tactical, emergency: false
[DEBUG] 16:19:08.943 [AiEngine] Using JS Search
[DEBUG] 16:19:08.945 [AiEngine] Adaptive time: 3000ms, depth: 3, reason: midgame, in-check, emergency: false
[DEBUG] 16:19:08.945 [AiEngine] Using JS Search
[DEBUG] 16:19:08.951 [AiEngine] Adaptive time: 3000ms, depth: 3, reason: midgame, emergency: false
[DEBUG] 16:19:08.951 [AiEngine] Using JS Search
[DEBUG] 16:19:08.992 [AiEngine] Adaptive time: 3000ms, depth: 3, reason: midgame, emergency: false
[DEBUG] 16:19:08.992 [AiEngine] Using JS Search
[DEBUG] 16:19:09.047 [AiEngine] Adaptive time: 3000ms, depth: 3, reason: midgame, emergency: false
[DEBUG] 16:19:09.047 [AiEngine] Using JS Search
[DEBUG] 16:19:09.077 [AiEngine] Adaptive time: 3000ms, depth: 3, reason: midgame, emergency: false
[DEBUG] 16:19:09.077 [AiEngine] Using JS Search
[DEBUG] 16:19:09.131 [AiEngine] Adaptive time: 3000ms, depth: 3, reason: midgame, emergency: false
[DEBUG] 16:19:09.131 [AiEngine] Using JS Search
[DEBUG] 16:19:09.201 [AiEngine] Adaptive time: 3000ms, depth: 3, reason: midgame, tactical, emergency: false
[DEBUG] 16:19:09.201 [AiEngine] Using JS Search
[DEBUG] 16:19:09.237 [AiEngine] Adaptive time: 3000ms, depth: 3, reason: standard, emergency: false
[DEBUG] 16:19:09.237 [AiEngine] Using JS Search
[DEBUG] 16:19:09.256 [AiEngine] Adaptive time: 3000ms, depth: 3, reason: standard, emergency: false
[DEBUG] 16:19:09.256 [AiEngine] Using JS Search
[DEBUG] 16:19:09.333 [AiEngine] Adaptive time: 3000ms, depth: 3, reason: tactical, emergency: false
[DEBUG] 16:19:09.333 [AiEngine] Using JS Search
[DEBUG] 16:19:09.357 [AiEngine] Adaptive time: 3000ms, depth: 3, reason: standard, emergency: false
[DEBUG] 16:19:09.357 [AiEngine] Using JS Search
[DEBUG] 16:19:09.387 [AiEngine] Adaptive time: 3000ms, depth: 3, reason: standard, emergency: false
[DEBUG] 16:19:09.387 [AiEngine] Using JS Search
[DEBUG] 16:19:09.419 [AiEngine] Adaptive time: 3000ms, depth: 3, reason: tactical, emergency: false
[DEBUG] 16:19:09.419 [AiEngine] Using JS Search
[DEBUG] 16:19:09.472 [AiEngine] Adaptive time: 3000ms, depth: 3, reason: in-check, emergency: false
[DEBUG] 16:19:09.472 [AiEngine] Using JS Search
[DEBUG] 16:19:09.479 [AiEngine] Adaptive time: 3000ms, depth: 3, reason: standard, emergency: false
[DEBUG] 16:19:09.479 [AiEngine] Using JS Search
[DEBUG] 16:19:09.501 [AiEngine] Adaptive time: 3000ms, depth: 3, reason: tactical, emergency: false
[DEBUG] 16:19:09.501 [AiEngine] Using JS Search
[DEBUG] 16:19:09.516 [AiEngine] Adaptive time: 3000ms, depth: 3, reason: standard, emergency: false
[DEBUG] 16:19:09.516 [AiEngine] Using JS Search
[DEBUG] 16:19:09.544 [AiEngine] Adaptive time: 3000ms, depth: 3, reason: tactical, emergency: false
[DEBUG] 16:19:09.544 [AiEngine] Using JS Search
[DEBUG] 16:19:09.565 [AiEngine] Adaptive time: 3000ms, depth: 3, reason: standard, emergency: false
[DEBUG] 16:19:09.566 [AiEngine] Using JS Search
[DEBUG] 16:19:09.585 [AiEngine] Adaptive time: 3000ms, depth: 3, reason: tactical, emergency: false
[DEBUG] 16:19:09.585 [AiEngine] Using JS Search
[DEBUG] 16:19:09.607 [AiEngine] Adaptive time: 3000ms, depth: 3, reason: standard, emergency: false
[DEBUG] 16:19:09.607 [AiEngine] Using JS Search
[DEBUG] 16:19:09.628 [AiEngine] Adaptive time: 3000ms, depth: 3, reason: tactical, emergency: false
[DEBUG] 16:19:09.628 [AiEngine] Using JS Search
[DEBUG] 16:19:09.662 [AiEngine] Adaptive time: 3000ms, depth: 3, reason: standard, emergency: false
[DEBUG] 16:19:09.662 [AiEngine] Using JS Search
[DEBUG] 16:19:09.675 [AiEngine] Adaptive time: 3000ms, depth: 3, reason: tactical, emergency: false
[DEBUG] 16:19:09.676 [AiEngine] Using JS Search
[DEBUG] 16:19:09.687 [AiEngine] Adaptive time: 3000ms, depth: 3, reason: standard, emergency: false
[DEBUG] 16:19:09.687 [AiEngine] Using JS Search
[DEBUG] 16:19:09.722 [AiEngine] Adaptive time: 3000ms, depth: 3, reason: endgame, in-check, emergency: false
[DEBUG] 16:19:09.722 [AiEngine] Using JS Search
[DEBUG] 16:19:09.728 [AiEngine] Adaptive time: 3000ms, depth: 3, reason: endgame, tactical, emergency: false
[DEBUG] 16:19:09.728 [AiEngine] Using JS Search
[DEBUG] 16:19:09.764 [AiEngine] Adaptive time: 3000ms, depth: 3, reason: endgame, emergency: false
[DEBUG] 16:19:09.764 [AiEngine] Using JS Search
[DEBUG] 16:19:09.777 [AiEngine] Adaptive time: 3000ms, depth: 3, reason: endgame, tactical, emergency: false
[DEBUG] 16:19:09.777 [AiEngine] Using JS Search
[DEBUG] 16:19:09.824 [AiEngine] Adaptive time: 3000ms, depth: 3, reason: endgame, emergency: false
[DEBUG] 16:19:09.824 [AiEngine] Using JS Search
[DEBUG] 16:19:09.841 [AiEngine] Adaptive time: 3000ms, depth: 3, reason: endgame, tactical, emergency: false
[DEBUG] 16:19:09.841 [AiEngine] Using JS Search
[DEBUG] 16:19:09.878 [AiEngine] Adaptive time: 3000ms, depth: 3, reason: endgame, emergency: false
[DEBUG] 16:19:09.878 [AiEngine] Using JS Search
[DEBUG] 16:19:09.918 [AiEngine] Adaptive time: 3000ms, depth: 3, reason: endgame, tactical, emergency: false
[DEBUG] 16:19:09.918 [AiEngine] Using JS Search
[DEBUG] 16:19:09.944 [AiEngine] Adaptive time: 3000ms, depth: 3, reason: endgame, in-check, emergency: false
[DEBUG] 16:19:09.944 [AiEngine] Using JS Search
[DEBUG] 16:19:09.984 [AiEngine] Adaptive time: 3000ms, depth: 3, reason: endgame, emergency: false
[DEBUG] 16:19:09.984 [AiEngine] Using JS Search
[DEBUG] 16:19:10.044 [AiEngine] Adaptive time: 3000ms, depth: 3, reason: endgame, emergency: false
[DEBUG] 16:19:10.044 [AiEngine] Using JS Search
[DEBUG] 16:19:10.067 [AiEngine] Adaptive time: 3000ms, depth: 3, reason: endgame, tactical, emergency: false
[DEBUG] 16:19:10.067 [AiEngine] Using JS Search
[DEBUG] 16:19:10.144 [AiEngine] Adaptive time: 3000ms, depth: 3, reason: endgame, emergency: false
[DEBUG] 16:19:10.144 [AiEngine] Using JS Search
[DEBUG] 16:19:10.166 [AiEngine] Adaptive time: 3000ms, depth: 3, reason: endgame, tactical, emergency: false
[DEBUG] 16:19:10.166 [AiEngine] Using JS Search
[DEBUG] 16:19:10.200 [AiEngine] Adaptive time: 3000ms, depth: 3, reason: endgame, emergency: false
[DEBUG] 16:19:10.200 [AiEngine] Using JS Search
[DEBUG] 16:19:10.217 [AiEngine] Adaptive time: 3000ms, depth: 3, reason: endgame, tactical, emergency: false
[DEBUG] 16:19:10.217 [AiEngine] Using JS Search
[DEBUG] 16:19:10.246 [AiEngine] Adaptive time: 3000ms, depth: 3, reason: endgame, emergency: false
[DEBUG] 16:19:10.247 [AiEngine] Using JS Search
[DEBUG] 16:19:10.271 [AiEngine] Adaptive time: 3000ms, depth: 3, reason: endgame, tactical, emergency: false
[DEBUG] 16:19:10.271 [AiEngine] Using JS Search
[DEBUG] 16:19:10.289 [AiEngine] Adaptive time: 3000ms, depth: 3, reason: endgame, emergency: false
[DEBUG] 16:19:10.289 [AiEngine] Using JS Search
[DEBUG] 16:19:10.299 [AiEngine] Adaptive time: 3000ms, depth: 3, reason: endgame, emergency: false
[DEBUG] 16:19:10.299 [AiEngine] Using JS Search
[DEBUG] 16:19:10.315 [AiEngine] Adaptive time: 3000ms, depth: 3, reason: endgame, emergency: false
[DEBUG] 16:19:10.315 [AiEngine] Using JS Search
[DEBUG] 16:19:10.328 [AiEngine] Adaptive time: 500ms, depth: 3, reason: midgame, opening, emergency: false
[DEBUG] 16:19:10.328 [AiEngine] Using JS Search
[DEBUG] 16:19:10.360 [AiEngine] Adaptive time: 500ms, depth: 3, reason: midgame, opening, emergency: false
[DEBUG] 16:19:10.361 [AiEngine] Using JS Search
[DEBUG] 16:19:10.377 [AiEngine] Adaptive time: 500ms, depth: 3, reason: midgame, opening, tactical, emergency: false
[DEBUG] 16:19:10.378 [AiEngine] Using JS Search
[DEBUG] 16:19:10.396 [AiEngine] Adaptive time: 500ms, depth: 3, reason: midgame, opening, emergency: false
[DEBUG] 16:19:10.396 [AiEngine] Using JS Search
[DEBUG] 16:19:10.409 [AiEngine] Adaptive time: 500ms, depth: 3, reason: midgame, opening, tactical, emergency: false
[DEBUG] 16:19:10.409 [AiEngine] Using JS Search
[DEBUG] 16:19:10.418 [AiEngine] Adaptive time: 500ms, depth: 3, reason: midgame, opening, in-check, emergency: false
[DEBUG] 16:19:10.418 [AiEngine] Using JS Search
[DEBUG] 16:19:10.419 [AiEngine] Adaptive time: 500ms, depth: 3, reason: midgame, opening, emergency: false
[DEBUG] 16:19:10.419 [AiEngine] Using JS Search
[DEBUG] 16:19:10.475 [AiEngine] Adaptive time: 500ms, depth: 3, reason: midgame, opening, tactical, emergency: false
[DEBUG] 16:19:10.475 [AiEngine] Using JS Search
[DEBUG] 16:19:10.570 [AiEngine] Adaptive time: 500ms, depth: 3, reason: midgame, opening, in-check, emergency: false
[DEBUG] 16:19:10.570 [AiEngine] Using JS Search
[DEBUG] 16:19:10.599 [AiEngine] Adaptive time: 500ms, depth: 3, reason: midgame, opening, emergency: false
[DEBUG] 16:19:10.599 [AiEngine] Using JS Search
[DEBUG] 16:19:10.784 [AiEngine] Adaptive time: 500ms, depth: 3, reason: midgame, opening, emergency: false
[DEBUG] 16:19:10.784 [AiEngine] Using JS Search
[DEBUG] 16:19:10.951 [AiEngine] Adaptive time: 500ms, depth: 3, reason: midgame, opening, tactical, emergency: false
[DEBUG] 16:19:10.951 [AiEngine] Using JS Search
[DEBUG] 16:19:10.994 [AiEngine] Adaptive time: 500ms, depth: 3, reason: midgame, opening, tactical, emergency: false
[DEBUG] 16:19:10.994 [AiEngine] Using JS Search
[DEBUG] 16:19:11.037 [AiEngine] Adaptive time: 500ms, depth: 3, reason: midgame, opening, tactical, emergency: false
[DEBUG] 16:19:11.037 [AiEngine] Using JS Search
[DEBUG] 16:19:11.153 [AiEngine] Adaptive time: 500ms, depth: 3, reason: midgame, opening, tactical, emergency: false
[DEBUG] 16:19:11.153 [AiEngine] Using JS Search
[DEBUG] 16:19:11.208 [AiEngine] Adaptive time: 500ms, depth: 3, reason: midgame, opening, tactical, emergency: false
[DEBUG] 16:19:11.208 [AiEngine] Using JS Search
[DEBUG] 16:19:11.343 [AiEngine] Adaptive time: 500ms, depth: 3, reason: midgame, opening, tactical, emergency: false
[DEBUG] 16:19:11.343 [AiEngine] Using JS Search
[DEBUG] 16:19:11.387 [AiEngine] Adaptive time: 500ms, depth: 3, reason: midgame, opening, tactical, emergency: false
[DEBUG] 16:19:11.387 [AiEngine] Using JS Search
[DEBUG] 16:19:11.443 [AiEngine] Adaptive time: 500ms, depth: 3, reason: midgame, opening, tactical, emergency: false
[DEBUG] 16:19:11.443 [AiEngine] Using JS Search
[DEBUG] 16:19:11.488 [AiEngine] Adaptive time: 500ms, depth: 3, reason: midgame, opening, tactical, emergency: false
[DEBUG] 16:19:11.488 [AiEngine] Using JS Search
[DEBUG] 16:19:11.530 [AiEngine] Adaptive time: 500ms, depth: 3, reason: midgame, opening, emergency: false
[DEBUG] 16:19:11.530 [AiEngine] Using JS Search
[DEBUG] 16:19:11.736 [AiEngine] Adaptive time: 500ms, depth: 3, reason: midgame, opening, tactical, emergency: false
[DEBUG] 16:19:11.736 [AiEngine] Using JS Search
[DEBUG] 16:19:11.795 [AiEngine] Adaptive time: 500ms, depth: 3, reason: midgame, opening, in-check, tactical, emergency: false
[DEBUG] 16:19:11.795 [AiEngine] Using JS Search
[DEBUG] 16:19:11.944 [AiEngine] Adaptive time: 500ms, depth: 3, reason: midgame, opening, tactical, emergency: false
[DEBUG] 16:19:11.945 [AiEngine] Using JS Search
[DEBUG] 16:19:12.030 [AiEngine] Adaptive time: 500ms, depth: 3, reason: midgame, opening, tactical, emergency: false
[DEBUG] 16:19:12.030 [AiEngine] Using JS Search
[DEBUG] 16:19:12.067 [AiEngine] Adaptive time: 500ms, depth: 3, reason: midgame, opening, tactical, emergency: false
[DEBUG] 16:19:12.067 [AiEngine] Using JS Search
[DEBUG] 16:19:12.110 [AiEngine] Adaptive time: 500ms, depth: 3, reason: midgame, opening, tactical, emergency: false
[DEBUG] 16:19:12.110 [AiEngine] Using JS Search
[DEBUG] 16:19:12.133 [AiEngine] Adaptive time: 500ms, depth: 3, reason: midgame, opening, tactical, emergency: false
[DEBUG] 16:19:12.133 [AiEngine] Using JS Search
[DEBUG] 16:19:12.185 [AiEngine] Adaptive time: 500ms, depth: 3, reason: midgame, opening, tactical, emergency: false
[DEBUG] 16:19:12.185 [AiEngine] Using JS Search
[DEBUG] 16:19:12.231 [AiEngine] Adaptive time: 500ms, depth: 3, reason: midgame, opening, in-check, emergency: false
[DEBUG] 16:19:12.231 [AiEngine] Using JS Search
[DEBUG] 16:19:12.295 [AiEngine] Adaptive time: 500ms, depth: 3, reason: midgame, opening, tactical, emergency: false
[DEBUG] 16:19:12.295 [AiEngine] Using JS Search
[DEBUG] 16:19:12.335 [AiEngine] Adaptive time: 500ms, depth: 3, reason: midgame, opening, tactical, emergency: false
[DEBUG] 16:19:12.335 [AiEngine] Using JS Search
[DEBUG] 16:19:12.397 [AiEngine] Adaptive time: 500ms, depth: 3, reason: midgame, opening, tactical, emergency: false
[DEBUG] 16:19:12.397 [AiEngine] Using JS Search
[DEBUG] 16:19:12.423 [AiEngine] Adaptive time: 500ms, depth: 3, reason: midgame, opening, in-check, emergency: false
[DEBUG] 16:19:12.423 [AiEngine] Using JS Search
[DEBUG] 16:19:12.437 [AiEngine] Adaptive time: 500ms, depth: 3, reason: midgame, opening, tactical, emergency: false
[DEBUG] 16:19:12.437 [AiEngine] Using JS Search
[DEBUG] 16:19:12.462 [AiEngine] Adaptive time: 500ms, depth: 3, reason: midgame, opening, tactical, emergency: false
[DEBUG] 16:19:12.462 [AiEngine] Using JS Search
[DEBUG] 16:19:12.520 [AiEngine] Adaptive time: 500ms, depth: 3, reason: midgame, opening, tactical, emergency: false
[DEBUG] 16:19:12.520 [AiEngine] Using JS Search
[DEBUG] 16:19:12.550 [AiEngine] Adaptive time: 500ms, depth: 3, reason: midgame, opening, tactical, emergency: false
[DEBUG] 16:19:12.550 [AiEngine] Using JS Search
[DEBUG] 16:19:12.646 [AiEngine] Adaptive time: 500ms, depth: 3, reason: midgame, opening, tactical, emergency: false
[DEBUG] 16:19:12.646 [AiEngine] Using JS Search
[DEBUG] 16:19:12.705 [AiEngine] Adaptive time: 500ms, depth: 3, reason: midgame, opening, tactical, emergency: false
[DEBUG] 16:19:12.705 [AiEngine] Using JS Search
[DEBUG] 16:19:12.814 [AiEngine] Adaptive time: 3000ms, depth: 3, reason: midgame, tactical, emergency: false
[DEBUG] 16:19:12.815 [AiEngine] Using JS Search
[DEBUG] 16:19:12.861 [AiEngine] Adaptive time: 3000ms, depth: 3, reason: midgame, tactical, emergency: false
[DEBUG] 16:19:12.861 [AiEngine] Using JS Search
[DEBUG] 16:19:12.953 [AiEngine] Adaptive time: 3000ms, depth: 3, reason: midgame, tactical, emergency: false
[DEBUG] 16:19:12.953 [AiEngine] Using JS Search
[DEBUG] 16:19:13.033 [AiEngine] Adaptive time: 3000ms, depth: 3, reason: midgame, tactical, emergency: false
[DEBUG] 16:19:13.033 [AiEngine] Using JS Search
[DEBUG] 16:19:13.089 [AiEngine] Adaptive time: 3000ms, depth: 3, reason: midgame, tactical, emergency: false
[DEBUG] 16:19:13.089 [AiEngine] Using JS Search
[DEBUG] 16:19:13.140 [AiEngine] Adaptive time: 3000ms, depth: 3, reason: midgame, tactical, emergency: false
[DEBUG] 16:19:13.140 [AiEngine] Using JS Search
[DEBUG] 16:19:13.192 [AiEngine] Adaptive time: 3000ms, depth: 3, reason: midgame, tactical, emergency: false
[DEBUG] 16:19:13.192 [AiEngine] Using JS Search
[DEBUG] 16:19:13.221 [AiEngine] Adaptive time: 3000ms, depth: 3, reason: midgame, emergency: false
[DEBUG] 16:19:13.221 [AiEngine] Using JS Search
[DEBUG] 16:19:13.221 [AiEngine] Adaptive time: 3000ms, depth: 3, reason: midgame, emergency: false
[DEBUG] 16:19:13.221 [AiEngine] Using JS Search
[DEBUG] 16:19:13.303 [AiEngine] Adaptive time: 3000ms, depth: 3, reason: midgame, emergency: false
[DEBUG] 16:19:13.303 [AiEngine] Using JS Search
[DEBUG] 16:19:13.344 [AiEngine] Adaptive time: 3000ms, depth: 3, reason: midgame, tactical, emergency: false
[DEBUG] 16:19:13.344 [AiEngine] Using JS Search
[DEBUG] 16:19:13.366 [AiEngine] Adaptive time: 3000ms, depth: 3, reason: midgame, emergency: false
[DEBUG] 16:19:13.366 [AiEngine] Using JS Search
[DEBUG] 16:19:13.448 [AiEngine] Adaptive time: 3000ms, depth: 3, reason: tactical, emergency: false
[DEBUG] 16:19:13.448 [AiEngine] Using JS Search
[DEBUG] 16:19:13.492 [AiEngine] Adaptive time: 3000ms, depth: 3, reason: standard, emergency: false
[DEBUG] 16:19:13.492 [AiEngine] Using JS Search
[DEBUG] 16:19:13.513 [AiEngine] Adaptive time: 3000ms, depth: 3, reason: tactical, emergency: false
[DEBUG] 16:19:13.513 [AiEngine] Using JS Search
[DEBUG] 16:19:13.536 [AiEngine] Adaptive time: 3000ms, depth: 3, reason: tactical, emergency: false
[DEBUG] 16:19:13.536 [AiEngine] Using JS Search
[DEBUG] 16:19:13.594 [AiEngine] Adaptive time: 3000ms, depth: 3, reason: tactical, emergency: false
[DEBUG] 16:19:13.594 [AiEngine] Using JS Search
[DEBUG] 16:19:13.609 [AiEngine] Adaptive time: 3000ms, depth: 3, reason: standard, emergency: false
[DEBUG] 16:19:13.609 [AiEngine] Using JS Search
[DEBUG] 16:19:13.629 [AiEngine] Adaptive time: 3000ms, depth: 3, reason: tactical, emergency: false
[DEBUG] 16:19:13.629 [AiEngine] Using JS Search
[DEBUG] 16:19:13.653 [AiEngine] Adaptive time: 3000ms, depth: 3, reason: tactical, emergency: false
[DEBUG] 16:19:13.653 [AiEngine] Using JS Search
[DEBUG] 16:19:13.726 [AiEngine] Adaptive time: 3000ms, depth: 3, reason: tactical, emergency: false
[DEBUG] 16:19:13.726 [AiEngine] Using JS Search
[DEBUG] 16:19:13.762 [AiEngine] Adaptive time: 3000ms, depth: 3, reason: tactical, emergency: false
[DEBUG] 16:19:13.762 [AiEngine] Using JS Search
[DEBUG] 16:19:13.782 [AiEngine] Adaptive time: 3000ms, depth: 3, reason: endgame, tactical, emergency: false
[DEBUG] 16:19:13.782 [AiEngine] Using JS Search
[DEBUG] 16:19:13.818 [AiEngine] Adaptive time: 3000ms, depth: 3, reason: endgame, tactical, emergency: false
[DEBUG] 16:19:13.818 [AiEngine] Using JS Search
[DEBUG] 16:19:13.849 [AiEngine] Adaptive time: 3000ms, depth: 3, reason: endgame, tactical, emergency: false
[DEBUG] 16:19:13.849 [AiEngine] Using JS Search
[DEBUG] 16:19:13.876 [AiEngine] Adaptive time: 3000ms, depth: 3, reason: endgame, tactical, emergency: false
[DEBUG] 16:19:13.876 [AiEngine] Using JS Search
[DEBUG] 16:19:13.889 [AiEngine] Adaptive time: 3000ms, depth: 3, reason: endgame, in-check, emergency: false
[DEBUG] 16:19:13.889 [AiEngine] Using JS Search
[DEBUG] 16:19:13.907 [AiEngine] Adaptive time: 3000ms, depth: 3, reason: endgame, tactical, emergency: false
[DEBUG] 16:19:13.907 [AiEngine] Using JS Search
[DEBUG] 16:19:13.919 [AiEngine] Adaptive time: 3000ms, depth: 3, reason: endgame, emergency: false
[DEBUG] 16:19:13.919 [AiEngine] Using JS Search
[DEBUG] 16:19:13.941 [AiEngine] Adaptive time: 3000ms, depth: 3, reason: endgame, tactical, emergency: false
[DEBUG] 16:19:13.941 [AiEngine] Using JS Search
[DEBUG] 16:19:13.980 [AiEngine] Adaptive time: 3000ms, depth: 3, reason: endgame, in-check, emergency: false
[DEBUG] 16:19:13.981 [AiEngine] Using JS Search
[DEBUG] 16:19:13.995 [AiEngine] Adaptive time: 3000ms, depth: 3, reason: endgame, tactical, emergency: false
[DEBUG] 16:19:13.995 [AiEngine] Using JS Search
[DEBUG] 16:19:14.015 [AiEngine] Adaptive time: 3000ms, depth: 3, reason: endgame, emergency: false
[DEBUG] 16:19:14.015 [AiEngine] Using JS Search
[DEBUG] 16:19:14.043 [AiEngine] Adaptive time: 3000ms, depth: 3, reason: endgame, tactical, emergency: false
[DEBUG] 16:19:14.043 [AiEngine] Using JS Search
[DEBUG] 16:19:14.069 [AiEngine] Adaptive time: 3000ms, depth: 3, reason: endgame, emergency: false
[DEBUG] 16:19:14.069 [AiEngine] Using JS Search
[DEBUG] 16:19:14.091 [AiEngine] Adaptive time: 3000ms, depth: 3, reason: endgame, tactical, emergency: false
[DEBUG] 16:19:14.091 [AiEngine] Using JS Search
[DEBUG] 16:19:14.099 [AiEngine] Adaptive time: 3000ms, depth: 3, reason: endgame, emergency: false
[DEBUG] 16:19:14.099 [AiEngine] Using JS Search
[DEBUG] 16:19:14.110 [AiEngine] Adaptive time: 3000ms, depth: 3, reason: endgame, tactical, emergency: false
[DEBUG] 16:19:14.110 [AiEngine] Using JS Search
[DEBUG] 16:19:14.118 [AiEngine] Adaptive time: 3000ms, depth: 3, reason: endgame, emergency: false
[DEBUG] 16:19:14.118 [AiEngine] Using JS Search
[DEBUG] 16:19:14.134 [AiEngine] Adaptive time: 3000ms, depth: 3, reason: endgame, tactical, emergency: false
[DEBUG] 16:19:14.134 [AiEngine] Using JS Search
[DEBUG] 16:19:14.141 [AiEngine] Adaptive time: 3000ms, depth: 3, reason: endgame, emergency: false
[DEBUG] 16:19:14.141 [AiEngine] Using JS Search
[DEBUG] 16:19:14.165 [AiEngine] Adaptive time: 3000ms, depth: 3, reason: endgame, tactical, emergency: false
[DEBUG] 16:19:14.165 [AiEngine] Using JS Search
[DEBUG] 16:19:14.175 [AiEngine] Adaptive time: 3000ms, depth: 3, reason: endgame, emergency: false
[DEBUG] 16:19:14.175 [AiEngine] Using JS Search
[DEBUG] 16:19:14.226 [AiEngine] Adaptive time: 3000ms, depth: 3, reason: endgame, tactical, emergency: false
[DEBUG] 16:19:14.226 [AiEngine] Using JS Search
[DEBUG] 16:19:14.258 [AiEngine] Adaptive time: 3000ms, depth: 3, reason: endgame, tactical, emergency: false
[DEBUG] 16:19:14.258 [AiEngine] Using JS Search
[DEBUG] 16:19:14.280 [AiEngine] Adaptive time: 3000ms, depth: 3, reason: endgame, emergency: false
[DEBUG] 16:19:14.280 [AiEngine] Using JS Search
[DEBUG] 16:19:14.284 [AiEngine] Adaptive time: 3000ms, depth: 3, reason: endgame, emergency: false
[DEBUG] 16:19:14.284 [AiEngine] Using JS Search
[DEBUG] 16:19:14.302 [AiEngine] Adaptive time: 3000ms, depth: 3, reason: endgame, tactical, emergency: false
[DEBUG] 16:19:14.302 [AiEngine] Using JS Search
[DEBUG] 16:19:14.335 [AiEngine] Adaptive time: 3000ms, depth: 3, reason: endgame, emergency: false
[DEBUG] 16:19:14.335 [AiEngine] Using JS Search
[DEBUG] 16:19:14.349 [AiEngine] Adaptive time: 3000ms, depth: 3, reason: endgame, tactical, emergency: false
[DEBUG] 16:19:14.349 [AiEngine] Using JS Search
[DEBUG] 16:19:14.356 [AiEngine] Adaptive time: 3000ms, depth: 3, reason: endgame, in-check, emergency: false
[DEBUG] 16:19:14.356 [AiEngine] Using JS Search
[DEBUG] 16:19:14.361 [AiEngine] Adaptive time: 3000ms, depth: 3, reason: endgame, tactical, emergency: false
[DEBUG] 16:19:14.361 [AiEngine] Using JS Search
[DEBUG] 16:19:14.371 [AiEngine] Adaptive time: 3000ms, depth: 3, reason: endgame, emergency: false
[DEBUG] 16:19:14.371 [AiEngine] Using JS Search
[DEBUG] 16:19:14.387 [AiEngine] Adaptive time: 3000ms, depth: 3, reason: endgame, tactical, emergency: false
[DEBUG] 16:19:14.387 [AiEngine] Using JS Search
[DEBUG] 16:19:14.406 [AiEngine] Adaptive time: 3000ms, depth: 3, reason: endgame, emergency: false
[DEBUG] 16:19:14.406 [AiEngine] Using JS Search
[DEBUG] 16:19:14.423 [AiEngine] Adaptive time: 3000ms, depth: 3, reason: endgame, tactical, emergency: false
[DEBUG] 16:19:14.423 [AiEngine] Using JS Search
[DEBUG] 16:19:14.438 [AiEngine] Adaptive time: 3000ms, depth: 3, reason: endgame, in-check, emergency: false
[DEBUG] 16:19:14.438 [AiEngine] Using JS Search
[DEBUG] 16:19:14.444 [AiEngine] Adaptive time: 3000ms, depth: 3, reason: endgame, tactical, emergency: false
[DEBUG] 16:19:14.444 [AiEngine] Using JS Search
[DEBUG] 16:19:14.466 [AiEngine] Adaptive time: 3000ms, depth: 3, reason: endgame, emergency: false
[DEBUG] 16:19:14.466 [AiEngine] Using JS Search
[DEBUG] 16:19:14.490 [AiEngine] Adaptive time: 3000ms, depth: 3, reason: endgame, tactical, emergency: false
[DEBUG] 16:19:14.490 [AiEngine] Using JS Search
[DEBUG] 16:19:14.500 [AiEngine] Adaptive time: 500ms, depth: 3, reason: midgame, opening, emergency: false
[DEBUG] 16:19:14.500 [AiEngine] Using JS Search
[DEBUG] 16:19:14.535 [AiEngine] Adaptive time: 500ms, depth: 3, reason: midgame, opening, emergency: false
[DEBUG] 16:19:14.535 [AiEngine] Using JS Search
[DEBUG] 16:19:14.559 [AiEngine] Adaptive time: 500ms, depth: 3, reason: midgame, opening, emergency: false
[DEBUG] 16:19:14.559 [AiEngine] Using JS Search
[DEBUG] 16:19:14.596 [AiEngine] Adaptive time: 500ms, depth: 3, reason: midgame, opening, emergency: false
[DEBUG] 16:19:14.597 [AiEngine] Using JS Search
[DEBUG] 16:19:14.623 [AiEngine] Adaptive time: 500ms, depth: 3, reason: midgame, opening, tactical, emergency: false
[DEBUG] 16:19:14.623 [AiEngine] Using JS Search
[DEBUG] 16:19:14.675 [AiEngine] Adaptive time: 500ms, depth: 3, reason: midgame, opening, emergency: false
[DEBUG] 16:19:14.675 [AiEngine] Using JS Search
[DEBUG] 16:19:14.709 [AiEngine] Adaptive time: 500ms, depth: 3, reason: midgame, opening, tactical, emergency: false
[DEBUG] 16:19:14.709 [AiEngine] Using JS Search
[DEBUG] 16:19:14.787 [AiEngine] Adaptive time: 500ms, depth: 3, reason: midgame, opening, tactical, emergency: false
[DEBUG] 16:19:14.787 [AiEngine] Using JS Search
[DEBUG] 16:19:14.859 [AiEngine] Adaptive time: 500ms, depth: 3, reason: midgame, opening, tactical, emergency: false
[DEBUG] 16:19:14.859 [AiEngine] Using JS Search
[DEBUG] 16:19:14.919 [AiEngine] Adaptive time: 500ms, depth: 3, reason: midgame, opening, in-check, emergency: false
[DEBUG] 16:19:14.919 [AiEngine] Using JS Search
[DEBUG] 16:19:14.941 [AiEngine] Adaptive time: 500ms, depth: 3, reason: midgame, opening, emergency: false
[DEBUG] 16:19:14.942 [AiEngine] Using JS Search
[DEBUG] 16:19:14.990 [AiEngine] Adaptive time: 500ms, depth: 3, reason: midgame, opening, tactical, emergency: false
[DEBUG] 16:19:14.990 [AiEngine] Using JS Search
[DEBUG] 16:19:15.053 [AiEngine] Adaptive time: 500ms, depth: 3, reason: midgame, opening, emergency: false
[DEBUG] 16:19:15.053 [AiEngine] Using JS Search
[DEBUG] 16:19:15.105 [AiEngine] Adaptive time: 500ms, depth: 3, reason: midgame, opening, tactical, emergency: false
[DEBUG] 16:19:15.105 [AiEngine] Using JS Search
[DEBUG] 16:19:15.233 [AiEngine] Adaptive time: 500ms, depth: 3, reason: midgame, opening, tactical, emergency: false
[DEBUG] 16:19:15.233 [AiEngine] Using JS Search
[DEBUG] 16:19:15.309 [AiEngine] Adaptive time: 500ms, depth: 3, reason: midgame, opening, tactical, emergency: false
[DEBUG] 16:19:15.309 [AiEngine] Using JS Search
[DEBUG] 16:19:15.361 [AiEngine] Adaptive time: 500ms, depth: 3, reason: midgame, opening, emergency: false
[DEBUG] 16:19:15.361 [AiEngine] Using JS Search
[DEBUG] 16:19:15.415 [AiEngine] Adaptive time: 500ms, depth: 3, reason: midgame, opening, tactical, emergency: false
[DEBUG] 16:19:15.415 [AiEngine] Using JS Search
[DEBUG] 16:19:15.464 [AiEngine] Adaptive time: 500ms, depth: 3, reason: midgame, opening, emergency: false
[DEBUG] 16:19:15.464 [AiEngine] Using JS Search
[DEBUG] 16:19:15.560 [AiEngine] Adaptive time: 500ms, depth: 3, reason: midgame, opening, emergency: false
[DEBUG] 16:19:15.560 [AiEngine] Using JS Search
[DEBUG] 16:19:15.614 [AiEngine] Adaptive time: 500ms, depth: 3, reason: midgame, opening, emergency: false
[DEBUG] 16:19:15.614 [AiEngine] Using JS Search
[DEBUG] 16:19:15.763 [AiEngine] Adaptive time: 500ms, depth: 3, reason: midgame, opening, tactical, emergency: false
[DEBUG] 16:19:15.764 [AiEngine] Using JS Search
[DEBUG] 16:19:15.821 [AiEngine] Adaptive time: 500ms, depth: 3, reason: midgame, opening, emergency: false
[DEBUG] 16:19:15.821 [AiEngine] Using JS Search
[DEBUG] 16:19:15.891 [AiEngine] Adaptive time: 500ms, depth: 3, reason: midgame, opening, tactical, emergency: false
[DEBUG] 16:19:15.891 [AiEngine] Using JS Search
[DEBUG] 16:19:15.946 [AiEngine] Adaptive time: 500ms, depth: 3, reason: midgame, opening, tactical, emergency: false
[DEBUG] 16:19:15.946 [AiEngine] Using JS Search
[DEBUG] 16:19:15.979 [AiEngine] Adaptive time: 500ms, depth: 3, reason: midgame, opening, tactical, emergency: false
[DEBUG] 16:19:15.979 [AiEngine] Using JS Search
[DEBUG] 16:19:16.025 [AiEngine] Adaptive time: 500ms, depth: 3, reason: midgame, opening, emergency: false
[DEBUG] 16:19:16.026 [AiEngine] Using JS Search
[DEBUG] 16:19:16.096 [AiEngine] Adaptive time: 500ms, depth: 3, reason: midgame, opening, tactical, emergency: false
[DEBUG] 16:19:16.096 [AiEngine] Using JS Search
[DEBUG] 16:19:16.147 [AiEngine] Adaptive time: 500ms, depth: 3, reason: midgame, opening, tactical, emergency: false
[DEBUG] 16:19:16.147 [AiEngine] Using JS Search
[DEBUG] 16:19:16.295 [AiEngine] Adaptive time: 500ms, depth: 3, reason: midgame, opening, tactical, emergency: false
[DEBUG] 16:19:16.295 [AiEngine] Using JS Search
[DEBUG] 16:19:16.358 [AiEngine] Adaptive time: 500ms, depth: 3, reason: midgame, opening, emergency: false
[DEBUG] 16:19:16.359 [AiEngine] Using JS Search
[DEBUG] 16:19:16.439 [AiEngine] Adaptive time: 500ms, depth: 3, reason: midgame, opening, tactical, emergency: false
[DEBUG] 16:19:16.439 [AiEngine] Using JS Search
[DEBUG] 16:19:16.502 [AiEngine] Adaptive time: 500ms, depth: 3, reason: midgame, opening, tactical, emergency: false
[DEBUG] 16:19:16.503 [AiEngine] Using JS Search
[DEBUG] 16:19:16.543 [AiEngine] Adaptive time: 500ms, depth: 3, reason: midgame, opening, tactical, emergency: false
[DEBUG] 16:19:16.543 [AiEngine] Using JS Search
[DEBUG] 16:19:16.575 [AiEngine] Adaptive time: 500ms, depth: 3, reason: midgame, opening, in-check, emergency: false
[DEBUG] 16:19:16.575 [AiEngine] Using JS Search
[DEBUG] 16:19:16.588 [AiEngine] Adaptive time: 500ms, depth: 3, reason: midgame, opening, tactical, emergency: false
[DEBUG] 16:19:16.588 [AiEngine] Using JS Search
[DEBUG] 16:19:16.741 [AiEngine] Adaptive time: 500ms, depth: 3, reason: midgame, opening, tactical, emergency: false
[DEBUG] 16:19:16.741 [AiEngine] Using JS Search
[DEBUG] 16:19:16.761 [AiEngine] Adaptive time: 500ms, depth: 3, reason: midgame, opening, tactical, emergency: false
[DEBUG] 16:19:16.761 [AiEngine] Using JS Search
[DEBUG] 16:19:16.820 [AiEngine] Adaptive time: 500ms, depth: 3, reason: midgame, opening, tactical, emergency: false
[DEBUG] 16:19:16.820 [AiEngine] Using JS Search
[DEBUG] 16:19:17.011 [AiEngine] Adaptive time: 500ms, depth: 3, reason: midgame, opening, in-check, emergency: false
[DEBUG] 16:19:17.011 [AiEngine] Using JS Search
[DEBUG] 16:19:17.027 [AiEngine] Adaptive time: 3000ms, depth: 3, reason: midgame, tactical, emergency: false
[DEBUG] 16:19:17.028 [AiEngine] Using JS Search
[DEBUG] 16:19:17.265 [AiEngine] Adaptive time: 3000ms, depth: 3, reason: midgame, tactical, emergency: false
[DEBUG] 16:19:17.265 [AiEngine] Using JS Search
[DEBUG] 16:19:17.265 [AiEngine] Adaptive time: 3000ms, depth: 3, reason: tactical, emergency: false
[DEBUG] 16:19:17.265 [AiEngine] Using JS Search
[DEBUG] 16:19:17.322 [AiEngine] Adaptive time: 3000ms, depth: 3, reason: tactical, emergency: false
[DEBUG] 16:19:17.322 [AiEngine] Using JS Search
[DEBUG] 16:19:17.363 [AiEngine] Adaptive time: 3000ms, depth: 3, reason: in-check, emergency: false
[DEBUG] 16:19:17.363 [AiEngine] Using JS Search
[DEBUG] 16:19:17.381 [AiEngine] Adaptive time: 3000ms, depth: 3, reason: standard, emergency: false
[DEBUG] 16:19:17.381 [AiEngine] Using JS Search
[DEBUG] 16:19:17.415 [AiEngine] Adaptive time: 3000ms, depth: 3, reason: tactical, emergency: false
[DEBUG] 16:19:17.415 [AiEngine] Using JS Search
[DEBUG] 16:19:17.440 [AiEngine] Adaptive time: 3000ms, depth: 3, reason: standard, emergency: false
[DEBUG] 16:19:17.440 [AiEngine] Using JS Search
[DEBUG] 16:19:17.481 [AiEngine] Adaptive time: 3000ms, depth: 3, reason: tactical, emergency: false
[DEBUG] 16:19:17.481 [AiEngine] Using JS Search
[DEBUG] 16:19:17.500 [AiEngine] Adaptive time: 3000ms, depth: 3, reason: standard, emergency: false
[DEBUG] 16:19:17.500 [AiEngine] Using JS Search
[DEBUG] 16:19:17.523 [AiEngine] Adaptive time: 3000ms, depth: 3, reason: tactical, emergency: false
[DEBUG] 16:19:17.523 [AiEngine] Using JS Search
[DEBUG] 16:19:17.591 [AiEngine] Adaptive time: 3000ms, depth: 3, reason: standard, emergency: false
[DEBUG] 16:19:17.591 [AiEngine] Using JS Search
[DEBUG] 16:19:17.608 [AiEngine] Adaptive time: 3000ms, depth: 3, reason: tactical, emergency: false
[DEBUG] 16:19:17.608 [AiEngine] Using JS Search
[DEBUG] 16:19:17.631 [AiEngine] Adaptive time: 3000ms, depth: 3, reason: standard, emergency: false
[DEBUG] 16:19:17.632 [AiEngine] Using JS Search
[DEBUG] 16:19:17.661 [AiEngine] Adaptive time: 3000ms, depth: 3, reason: tactical, emergency: false
[DEBUG] 16:19:17.661 [AiEngine] Using JS Search
[DEBUG] 16:19:17.696 [AiEngine] Adaptive time: 3000ms, depth: 3, reason: in-check, emergency: false
[DEBUG] 16:19:17.696 [AiEngine] Using JS Search
[DEBUG] 16:19:17.717 [AiEngine] Adaptive time: 3000ms, depth: 3, reason: tactical, emergency: false
[DEBUG] 16:19:17.717 [AiEngine] Using JS Search
[DEBUG] 16:19:17.762 [AiEngine] Adaptive time: 3000ms, depth: 3, reason: standard, emergency: false
[DEBUG] 16:19:17.762 [AiEngine] Using JS Search
[DEBUG] 16:19:17.810 [AiEngine] Adaptive time: 3000ms, depth: 3, reason: endgame, tactical, emergency: false
[DEBUG] 16:19:17.810 [AiEngine] Using JS Search
[DEBUG] 16:19:17.812 [AiEngine] Adaptive time: 3000ms, depth: 3, reason: endgame, emergency: false
[DEBUG] 16:19:17.812 [AiEngine] Using JS Search
[DEBUG] 16:19:17.826 [AiEngine] Adaptive time: 3000ms, depth: 3, reason: endgame, tactical, emergency: false
[DEBUG] 16:19:17.826 [AiEngine] Using JS Search
[DEBUG] 16:19:17.828 [AiEngine] Adaptive time: 3000ms, depth: 3, reason: endgame, emergency: false
[DEBUG] 16:19:17.828 [AiEngine] Using JS Search
[DEBUG] 16:19:17.840 [AiEngine] Adaptive time: 3000ms, depth: 3, reason: endgame, tactical, emergency: false
[DEBUG] 16:19:17.840 [AiEngine] Using JS Search
[DEBUG] 16:19:17.841 [AiEngine] Adaptive time: 3000ms, depth: 3, reason: endgame, in-check, emergency: false
[DEBUG] 16:19:17.842 [AiEngine] Using JS Search
[DEBUG] 16:19:17.848 [AiEngine] Adaptive time: 3000ms, depth: 3, reason: endgame, tactical, emergency: false
[DEBUG] 16:19:17.848 [AiEngine] Using JS Search
[DEBUG] 16:19:17.851 [AiEngine] Adaptive time: 3000ms, depth: 3, reason: endgame, in-check, emergency: false
[DEBUG] 16:19:17.851 [AiEngine] Using JS Search
[DEBUG] 16:19:17.853 [AiEngine] Adaptive time: 3000ms, depth: 3, reason: endgame, tactical, emergency: false
[DEBUG] 16:19:17.853 [AiEngine] Using JS Search
[DEBUG] 16:19:17.855 [AiEngine] Adaptive time: 3000ms, depth: 3, reason: endgame, in-check, emergency: false
[DEBUG] 16:19:17.855 [AiEngine] Using JS Search
[DEBUG] 16:19:17.856 [AiEngine] Adaptive time: 500ms, depth: 3, reason: midgame, opening, emergency: false
[DEBUG] 16:19:17.856 [AiEngine] Using JS Search
[DEBUG] 16:19:17.889 [AiEngine] Adaptive time: 500ms, depth: 3, reason: midgame, opening, emergency: false
[DEBUG] 16:19:17.889 [AiEngine] Using JS Search
[DEBUG] 16:19:17.905 [AiEngine] Adaptive time: 500ms, depth: 3, reason: midgame, opening, emergency: false
[DEBUG] 16:19:17.905 [AiEngine] Using JS Search
[DEBUG] 16:19:17.951 [AiEngine] Adaptive time: 500ms, depth: 3, reason: midgame, opening, emergency: false
[DEBUG] 16:19:17.951 [AiEngine] Using JS Search
[DEBUG] 16:19:18.019 [AiEngine] Adaptive time: 500ms, depth: 3, reason: midgame, opening, emergency: false
[DEBUG] 16:19:18.019 [AiEngine] Using JS Search
[DEBUG] 16:19:18.063 [AiEngine] Adaptive time: 500ms, depth: 3, reason: midgame, opening, emergency: false
[DEBUG] 16:19:18.063 [AiEngine] Using JS Search
[DEBUG] 16:19:18.111 [AiEngine] Adaptive time: 500ms, depth: 3, reason: midgame, opening, emergency: false
[DEBUG] 16:19:18.111 [AiEngine] Using JS Search
[DEBUG] 16:19:18.213 [AiEngine] Adaptive time: 500ms, depth: 3, reason: midgame, opening, emergency: false
[DEBUG] 16:19:18.213 [AiEngine] Using JS Search
[DEBUG] 16:19:18.302 [AiEngine] Adaptive time: 500ms, depth: 3, reason: midgame, opening, emergency: false
[DEBUG] 16:19:18.302 [AiEngine] Using JS Search
[DEBUG] 16:19:18.377 [AiEngine] Adaptive time: 500ms, depth: 3, reason: midgame, opening, emergency: false
[DEBUG] 16:19:18.377 [AiEngine] Using JS Search
[DEBUG] 16:19:18.441 [AiEngine] Adaptive time: 500ms, depth: 3, reason: midgame, opening, tactical, emergency: false
[DEBUG] 16:19:18.441 [AiEngine] Using JS Search
[DEBUG] 16:19:18.568 [AiEngine] Adaptive time: 500ms, depth: 3, reason: midgame, opening, emergency: false
[DEBUG] 16:19:18.569 [AiEngine] Using JS Search
[DEBUG] 16:19:18.646 [AiEngine] Adaptive time: 500ms, depth: 3, reason: midgame, opening, tactical, emergency: false
[DEBUG] 16:19:18.646 [AiEngine] Using JS Search
[DEBUG] 16:19:18.699 [AiEngine] Adaptive time: 500ms, depth: 3, reason: midgame, opening, in-check, emergency: false
[DEBUG] 16:19:18.699 [AiEngine] Using JS Search
[DEBUG] 16:19:18.780 [AiEngine] Adaptive time: 500ms, depth: 3, reason: midgame, opening, tactical, emergency: false
[DEBUG] 16:19:18.781 [AiEngine] Using JS Search
[DEBUG] 16:19:18.845 [AiEngine] Adaptive time: 500ms, depth: 3, reason: midgame, opening, tactical, emergency: false
[DEBUG] 16:19:18.845 [AiEngine] Using JS Search
[DEBUG] 16:19:19.026 [AiEngine] Adaptive time: 500ms, depth: 3, reason: midgame, opening, tactical, emergency: false
[DEBUG] 16:19:19.027 [AiEngine] Using JS Search
[DEBUG] 16:19:19.129 [AiEngine] Adaptive time: 500ms, depth: 3, reason: midgame, opening, tactical, emergency: false
[DEBUG] 16:19:19.129 [AiEngine] Using JS Search
[DEBUG] 16:19:19.481 [AiEngine] Adaptive time: 500ms, depth: 3, reason: midgame, opening, emergency: false
[DEBUG] 16:19:19.481 [AiEngine] Using JS Search
[DEBUG] 16:19:19.540 [AiEngine] Adaptive time: 500ms, depth: 3, reason: midgame, opening, tactical, emergency: false
[DEBUG] 16:19:19.540 [AiEngine] Using JS Search
[DEBUG] 16:19:19.677 [AiEngine] Adaptive time: 500ms, depth: 3, reason: midgame, opening, emergency: false
[DEBUG] 16:19:19.677 [AiEngine] Using JS Search
[DEBUG] 16:19:19.741 [AiEngine] Adaptive time: 500ms, depth: 3, reason: midgame, opening, tactical, emergency: false
[DEBUG] 16:19:19.741 [AiEngine] Using JS Search
[DEBUG] 16:19:19.789 [AiEngine] Adaptive time: 500ms, depth: 3, reason: midgame, opening, emergency: false
[DEBUG] 16:19:19.789 [AiEngine] Using JS Search
[DEBUG] 16:19:19.831 [AiEngine] Adaptive time: 500ms, depth: 3, reason: midgame, opening, tactical, emergency: false
[DEBUG] 16:19:19.831 [AiEngine] Using JS Search
[DEBUG] 16:19:19.857 [AiEngine] Adaptive time: 500ms, depth: 3, reason: midgame, opening, emergency: false
[DEBUG] 16:19:19.857 [AiEngine] Using JS Search
[DEBUG] 16:19:19.934 [AiEngine] Adaptive time: 500ms, depth: 3, reason: midgame, opening, tactical, emergency: false
[DEBUG] 16:19:19.934 [AiEngine] Using JS Search
[DEBUG] 16:19:19.991 [AiEngine] Adaptive time: 500ms, depth: 3, reason: midgame, opening, in-check, emergency: false
[DEBUG] 16:19:19.991 [AiEngine] Using JS Search
[DEBUG] 16:19:20.009 [AiEngine] Adaptive time: 500ms, depth: 3, reason: midgame, opening, tactical, emergency: false
[DEBUG] 16:19:20.009 [AiEngine] Using JS Search
[DEBUG] 16:19:20.029 [AiEngine] Adaptive time: 500ms, depth: 3, reason: midgame, opening, tactical, emergency: false
[DEBUG] 16:19:20.029 [AiEngine] Using JS Search
[DEBUG] 16:19:20.114 [AiEngine] Adaptive time: 500ms, depth: 3, reason: midgame, opening, tactical, emergency: false
[DEBUG] 16:19:20.114 [AiEngine] Using JS Search
[DEBUG] 16:19:20.131 [AiEngine] Adaptive time: 500ms, depth: 3, reason: midgame, opening, in-check, emergency: false
[DEBUG] 16:19:20.131 [AiEngine] Using JS Search
[DEBUG] 16:19:20.148 [AiEngine] Adaptive time: 500ms, depth: 3, reason: midgame, opening, tactical, emergency: false
[DEBUG] 16:19:20.148 [AiEngine] Using JS Search
[DEBUG] 16:19:20.171 [AiEngine] Adaptive time: 500ms, depth: 3, reason: midgame, opening, tactical, emergency: false
[DEBUG] 16:19:20.171 [AiEngine] Using JS Search
[DEBUG] 16:19:20.276 [AiEngine] Adaptive time: 500ms, depth: 3, reason: midgame, opening, tactical, emergency: false
[DEBUG] 16:19:20.276 [AiEngine] Using JS Search
[DEBUG] 16:19:20.293 [AiEngine] Adaptive time: 500ms, depth: 3, reason: midgame, opening, tactical, emergency: false
[DEBUG] 16:19:20.293 [AiEngine] Using JS Search
[DEBUG] 16:19:20.378 [AiEngine] Adaptive time: 500ms, depth: 3, reason: midgame, opening, tactical, emergency: false
[DEBUG] 16:19:20.378 [AiEngine] Using JS Search
[DEBUG] 16:19:20.398 [AiEngine] Adaptive time: 500ms, depth: 3, reason: midgame, opening, tactical, emergency: false
[DEBUG] 16:19:20.398 [AiEngine] Using JS Search
[DEBUG] 16:19:20.476 [AiEngine] Adaptive time: 500ms, depth: 3, reason: midgame, opening, tactical, emergency: false
[DEBUG] 16:19:20.476 [AiEngine] Using JS Search
[DEBUG] 16:19:20.498 [AiEngine] Adaptive time: 500ms, depth: 3, reason: midgame, opening, tactical, emergency: false
[DEBUG] 16:19:20.498 [AiEngine] Using JS Search
[DEBUG] 16:19:20.583 [AiEngine] Adaptive time: 500ms, depth: 3, reason: midgame, opening, tactical, emergency: false
[DEBUG] 16:19:20.583 [AiEngine] Using JS Search
[DEBUG] 16:19:20.599 [AiEngine] Adaptive time: 3000ms, depth: 3, reason: midgame, tactical, emergency: false
[DEBUG] 16:19:20.599 [AiEngine] Using JS Search
[DEBUG] 16:19:20.672 [AiEngine] Adaptive time: 3000ms, depth: 3, reason: midgame, tactical, emergency: false
[DEBUG] 16:19:20.672 [AiEngine] Using JS Search
[DEBUG] 16:19:20.697 [AiEngine] Adaptive time: 3000ms, depth: 3, reason: midgame, tactical, emergency: false
[DEBUG] 16:19:20.697 [AiEngine] Using JS Search
[DEBUG] 16:19:20.825 [AiEngine] Adaptive time: 3000ms, depth: 3, reason: midgame, tactical, emergency: false
[DEBUG] 16:19:20.826 [AiEngine] Using JS Search
[DEBUG] 16:19:20.921 [AiEngine] Adaptive time: 3000ms, depth: 3, reason: midgame, tactical, emergency: false
[DEBUG] 16:19:20.921 [AiEngine] Using JS Search
[DEBUG] 16:19:21.013 [AiEngine] Adaptive time: 3000ms, depth: 3, reason: in-check, emergency: false
[DEBUG] 16:19:21.013 [AiEngine] Using JS Search
[DEBUG] 16:19:21.035 [AiEngine] Adaptive time: 3000ms, depth: 3, reason: tactical, emergency: false
[DEBUG] 16:19:21.035 [AiEngine] Using JS Search
[DEBUG] 16:19:21.090 [AiEngine] Adaptive time: 3000ms, depth: 3, reason: in-check, emergency: false
[DEBUG] 16:19:21.090 [AiEngine] Using JS Search
[DEBUG] 16:19:21.150 [AiEngine] Adaptive time: 3000ms, depth: 3, reason: tactical, emergency: false
[DEBUG] 16:19:21.150 [AiEngine] Using JS Search
[DEBUG] 16:19:21.275 [AiEngine] Adaptive time: 3000ms, depth: 3, reason: tactical, emergency: false
[DEBUG] 16:19:21.275 [AiEngine] Using JS Search
[DEBUG] 16:19:21.380 [AiEngine] Adaptive time: 3000ms, depth: 3, reason: tactical, emergency: false
[DEBUG] 16:19:21.380 [AiEngine] Using JS Search
[DEBUG] 16:19:21.460 [AiEngine] Adaptive time: 3000ms, depth: 3, reason: tactical, emergency: false
[DEBUG] 16:19:21.460 [AiEngine] Using JS Search
[DEBUG] 16:19:21.492 [AiEngine] Adaptive time: 3000ms, depth: 3, reason: in-check, emergency: false
[DEBUG] 16:19:21.492 [AiEngine] Using JS Search
[DEBUG] 16:19:21.523 [AiEngine] Adaptive time: 3000ms, depth: 3, reason: standard, emergency: false
[DEBUG] 16:19:21.523 [AiEngine] Using JS Search
[DEBUG] 16:19:21.556 [AiEngine] Adaptive time: 3000ms, depth: 3, reason: tactical, emergency: false
[DEBUG] 16:19:21.556 [AiEngine] Using JS Search
[DEBUG] 16:19:21.586 [AiEngine] Adaptive time: 3000ms, depth: 3, reason: standard, emergency: false
[DEBUG] 16:19:21.586 [AiEngine] Using JS Search
[DEBUG] 16:19:21.621 [AiEngine] Adaptive time: 3000ms, depth: 3, reason: standard, emergency: false
[DEBUG] 16:19:21.621 [AiEngine] Using JS Search
[DEBUG] 16:19:21.660 [AiEngine] Adaptive time: 3000ms, depth: 3, reason: standard, emergency: false
[DEBUG] 16:19:21.660 [AiEngine] Using JS Search
[DEBUG] 16:19:21.703 [AiEngine] Adaptive time: 3000ms, depth: 3, reason: tactical, emergency: false
[DEBUG] 16:19:21.703 [AiEngine] Using JS Search
[DEBUG] 16:19:21.716 [AiEngine] Adaptive time: 3000ms, depth: 3, reason: endgame, in-check, emergency: false
[DEBUG] 16:19:21.716 [AiEngine] Using JS Search
[DEBUG] 16:19:21.728 [AiEngine] Adaptive time: 3000ms, depth: 3, reason: endgame, emergency: false
[DEBUG] 16:19:21.728 [AiEngine] Using JS Search
[DEBUG] 16:19:21.749 [AiEngine] Adaptive time: 3000ms, depth: 3, reason: endgame, emergency: false
[DEBUG] 16:19:21.750 [AiEngine] Using JS Search
[DEBUG] 16:19:21.762 [AiEngine] Adaptive time: 3000ms, depth: 3, reason: endgame, emergency: false
[DEBUG] 16:19:21.762 [AiEngine] Using JS Search
[DEBUG] 16:19:21.785 [AiEngine] Adaptive time: 3000ms, depth: 3, reason: endgame, emergency: false
[DEBUG] 16:19:21.785 [AiEngine] Using JS Search
[DEBUG] 16:19:21.805 [AiEngine] Adaptive time: 3000ms, depth: 3, reason: endgame, emergency: false
[DEBUG] 16:19:21.805 [AiEngine] Using JS Search
[DEBUG] 16:19:21.821 [AiEngine] Adaptive time: 3000ms, depth: 3, reason: endgame, emergency: false
[DEBUG] 16:19:21.821 [AiEngine] Using JS Search
[DEBUG] 16:19:21.838 [AiEngine] Adaptive time: 3000ms, depth: 3, reason: endgame, emergency: false
[DEBUG] 16:19:21.838 [AiEngine] Using JS Search
[DEBUG] 16:19:21.859 [AiEngine] Adaptive time: 3000ms, depth: 3, reason: endgame, emergency: false
[DEBUG] 16:19:21.859 [AiEngine] Using JS Search
[DEBUG] 16:19:21.876 [AiEngine] Adaptive time: 3000ms, depth: 3, reason: endgame, in-check, emergency: false
[DEBUG] 16:19:21.876 [AiEngine] Using JS Search
[DEBUG] 16:19:21.886 [AiEngine] Adaptive time: 3000ms, depth: 3, reason: endgame, emergency: false
[DEBUG] 16:19:21.887 [AiEngine] Using JS Search
[DEBUG] 16:19:21.901 [AiEngine] Adaptive time: 3000ms, depth: 3, reason: endgame, emergency: false
[DEBUG] 16:19:21.901 [AiEngine] Using JS Search
[DEBUG] 16:19:21.928 [AiEngine] Adaptive time: 3000ms, depth: 3, reason: endgame, emergency: false
[DEBUG] 16:19:21.928 [AiEngine] Using JS Search
[DEBUG] 16:19:21.941 [AiEngine] Adaptive time: 3000ms, depth: 3, reason: endgame, tactical, emergency: false
[DEBUG] 16:19:21.941 [AiEngine] Using JS Search
[DEBUG] 16:19:21.950 [AiEngine] Adaptive time: 3000ms, depth: 3, reason: endgame, emergency: false
[DEBUG] 16:19:21.950 [AiEngine] Using JS Search
[DEBUG] 16:19:21.968 [AiEngine] Adaptive time: 3000ms, depth: 3, reason: endgame, emergency: false
[DEBUG] 16:19:21.968 [AiEngine] Using JS Search
[DEBUG] 16:19:21.978 [AiEngine] Adaptive time: 3000ms, depth: 3, reason: endgame, emergency: false
[DEBUG] 16:19:21.978 [AiEngine] Using JS Search
[DEBUG] 16:19:21.991 [AiEngine] Adaptive time: 3000ms, depth: 3, reason: endgame, emergency: false
[DEBUG] 16:19:21.991 [AiEngine] Using JS Search
[DEBUG] 16:19:22.013 [AiEngine] Adaptive time: 3000ms, depth: 3, reason: endgame, emergency: false
[DEBUG] 16:19:22.013 [AiEngine] Using JS Search
[DEBUG] 16:19:22.034 [AiEngine] Adaptive time: 3000ms, depth: 3, reason: endgame, emergency: false
[DEBUG] 16:19:22.034 [AiEngine] Using JS Search
[DEBUG] 16:19:22.090 [AiEngine] Adaptive time: 3000ms, depth: 3, reason: endgame, emergency: false
[DEBUG] 16:19:22.090 [AiEngine] Using JS Search
[DEBUG] 16:19:22.106 [AiEngine] Adaptive time: 3000ms, depth: 3, reason: endgame, emergency: false
[DEBUG] 16:19:22.106 [AiEngine] Using JS Search
[DEBUG] 16:19:22.125 [AiEngine] Adaptive time: 3000ms, depth: 3, reason: endgame, emergency: false
[DEBUG] 16:19:22.125 [AiEngine] Using JS Search
[DEBUG] 16:19:22.139 [AiEngine] Adaptive time: 3000ms, depth: 3, reason: endgame, emergency: false
[DEBUG] 16:19:22.139 [AiEngine] Using JS Search
[DEBUG] 16:19:22.188 [AiEngine] Adaptive time: 3000ms, depth: 3, reason: endgame, emergency: false
[DEBUG] 16:19:22.188 [AiEngine] Using JS Search
[DEBUG] 16:19:22.208 [AiEngine] Adaptive time: 3000ms, depth: 3, reason: endgame, emergency: false
[DEBUG] 16:19:22.208 [AiEngine] Using JS Search
[DEBUG] 16:19:22.220 [AiEngine] Adaptive time: 3000ms, depth: 3, reason: endgame, tactical, emergency: false
[DEBUG] 16:19:22.220 [AiEngine] Using JS Search
[DEBUG] 16:19:22.237 [AiEngine] Adaptive time: 3000ms, depth: 3, reason: endgame, emergency: false
[DEBUG] 16:19:22.237 [AiEngine] Using JS Search
[DEBUG] 16:19:22.257 [AiEngine] Adaptive time: 3000ms, depth: 3, reason: endgame, tactical, emergency: false
[DEBUG] 16:19:22.257 [AiEngine] Using JS Search
[DEBUG] 16:19:22.281 [AiEngine] Adaptive time: 3000ms, depth: 3, reason: endgame, emergency: false
[DEBUG] 16:19:22.281 [AiEngine] Using JS Search
[DEBUG] 16:19:22.306 [AiEngine] Adaptive time: 3000ms, depth: 3, reason: endgame, tactical, emergency: false
[DEBUG] 16:19:22.306 [AiEngine] Using JS Search
[DEBUG] 16:19:22.317 [AiEngine] Adaptive time: 3000ms, depth: 3, reason: endgame, emergency: false
[DEBUG] 16:19:22.318 [AiEngine] Using JS Search
[DEBUG] 16:19:22.341 [AiEngine] Adaptive time: 3000ms, depth: 3, reason: endgame, tactical, emergency: false
[DEBUG] 16:19:22.341 [AiEngine] Using JS Search
[DEBUG] 16:19:22.362 [AiEngine] Adaptive time: 3000ms, depth: 3, reason: endgame, tactical, emergency: false
[DEBUG] 16:19:22.362 [AiEngine] Using JS Search
[DEBUG] 16:19:22.383 [AiEngine] Adaptive time: 3000ms, depth: 3, reason: endgame, tactical, emergency: false
[DEBUG] 16:19:22.383 [AiEngine] Using JS Search
[DEBUG] 16:19:22.399 [AiEngine] Adaptive time: 3000ms, depth: 3, reason: endgame, tactical, emergency: false
[DEBUG] 16:19:22.399 [AiEngine] Using JS Search
[DEBUG] 16:19:22.430 [AiEngine] Adaptive time: 3000ms, depth: 3, reason: endgame, emergency: false
[DEBUG] 16:19:22.430 [AiEngine] Using JS Search
[DEBUG] 16:19:22.443 [AiEngine] Adaptive time: 3000ms, depth: 3, reason: endgame, emergency: false
[DEBUG] 16:19:22.443 [AiEngine] Using JS Search
[DEBUG] 16:19:22.458 [AiEngine] Adaptive time: 3000ms, depth: 3, reason: endgame, emergency: false
[DEBUG] 16:19:22.458 [AiEngine] Using JS Search
[DEBUG] 16:19:22.480 [AiEngine] Adaptive time: 3000ms, depth: 3, reason: endgame, emergency: false
[DEBUG] 16:19:22.480 [AiEngine] Using JS Search
[DEBUG] 16:19:22.495 [AiEngine] Adaptive time: 3000ms, depth: 3, reason: endgame, emergency: false
[DEBUG] 16:19:22.495 [AiEngine] Using JS Search
[DEBUG] 16:19:22.508 [AiEngine] Adaptive time: 500ms, depth: 3, reason: midgame, opening, emergency: false
[DEBUG] 16:19:22.508 [AiEngine] Using JS Search
[DEBUG] 16:19:22.542 [AiEngine] Adaptive time: 500ms, depth: 3, reason: midgame, opening, emergency: false
[DEBUG] 16:19:22.542 [AiEngine] Using JS Search
[DEBUG] 16:19:22.562 [AiEngine] Adaptive time: 500ms, depth: 3, reason: midgame, opening, tactical, emergency: false
[DEBUG] 16:19:22.562 [AiEngine] Using JS Search
[DEBUG] 16:19:22.615 [AiEngine] Adaptive time: 500ms, depth: 3, reason: midgame, opening, emergency: false
[DEBUG] 16:19:22.615 [AiEngine] Using JS Search
[DEBUG] 16:19:22.664 [AiEngine] Adaptive time: 500ms, depth: 3, reason: midgame, opening, tactical, emergency: false
[DEBUG] 16:19:22.664 [AiEngine] Using JS Search
[DEBUG] 16:19:22.672 [AiEngine] Adaptive time: 500ms, depth: 3, reason: midgame, opening, in-check, emergency: false
[DEBUG] 16:19:22.672 [AiEngine] Using JS Search
[DEBUG] 16:19:22.672 [AiEngine] Adaptive time: 500ms, depth: 3, reason: midgame, opening, emergency: false
[DEBUG] 16:19:22.672 [AiEngine] Using JS Search
[DEBUG] 16:19:22.721 [AiEngine] Adaptive time: 500ms, depth: 3, reason: midgame, opening, tactical, emergency: false
[DEBUG] 16:19:22.721 [AiEngine] Using JS Search
[DEBUG] 16:19:22.831 [AiEngine] Adaptive time: 500ms, depth: 3, reason: midgame, opening, emergency: false
[DEBUG] 16:19:22.831 [AiEngine] Using JS Search
[DEBUG] 16:19:22.878 [AiEngine] Adaptive time: 500ms, depth: 3, reason: midgame, opening, tactical, emergency: false
[DEBUG] 16:19:22.879 [AiEngine] Using JS Search
[DEBUG] 16:19:22.926 [AiEngine] Adaptive time: 500ms, depth: 3, reason: midgame, opening, emergency: false
[DEBUG] 16:19:22.926 [AiEngine] Using JS Search
[DEBUG] 16:19:22.973 [AiEngine] Adaptive time: 500ms, depth: 3, reason: midgame, opening, tactical, emergency: false
[DEBUG] 16:19:22.974 [AiEngine] Using JS Search
[DEBUG] 16:19:23.057 [AiEngine] Adaptive time: 500ms, depth: 3, reason: midgame, opening, tactical, emergency: false
[DEBUG] 16:19:23.057 [AiEngine] Using JS Search
[DEBUG] 16:19:23.118 [AiEngine] Adaptive time: 500ms, depth: 3, reason: midgame, opening, tactical, emergency: false
[DEBUG] 16:19:23.118 [AiEngine] Using JS Search
[DEBUG] 16:19:23.216 [AiEngine] Adaptive time: 500ms, depth: 3, reason: midgame, opening, emergency: false
[DEBUG] 16:19:23.216 [AiEngine] Using JS Search
[DEBUG] 16:19:23.280 [AiEngine] Adaptive time: 500ms, depth: 3, reason: midgame, opening, tactical, emergency: false
[DEBUG] 16:19:23.280 [AiEngine] Using JS Search
[DEBUG] 16:19:23.318 [AiEngine] Adaptive time: 500ms, depth: 3, reason: midgame, opening, in-check, emergency: false
[DEBUG] 16:19:23.318 [AiEngine] Using JS Search
[DEBUG] 16:19:23.325 [AiEngine] Adaptive time: 500ms, depth: 3, reason: midgame, opening, emergency: false
[DEBUG] 16:19:23.325 [AiEngine] Using JS Search
[DEBUG] 16:19:23.345 [AiEngine] Adaptive time: 500ms, depth: 3, reason: midgame, opening, emergency: false
[DEBUG] 16:19:23.345 [AiEngine] Using JS Search
[DEBUG] 16:19:23.369 [AiEngine] Adaptive time: 500ms, depth: 3, reason: midgame, opening, tactical, emergency: false
[DEBUG] 16:19:23.369 [AiEngine] Using JS Search
[DEBUG] 16:19:23.419 [AiEngine] Adaptive time: 500ms, depth: 3, reason: midgame, opening, emergency: false
[DEBUG] 16:19:23.419 [AiEngine] Using JS Search
[DEBUG] 16:19:23.478 [AiEngine] Adaptive time: 500ms, depth: 3, reason: midgame, opening, tactical, emergency: false
[DEBUG] 16:19:23.478 [AiEngine] Using JS Search
[DEBUG] 16:19:23.527 [AiEngine] Adaptive time: 500ms, depth: 3, reason: midgame, opening, emergency: false
[DEBUG] 16:19:23.527 [AiEngine] Using JS Search
[DEBUG] 16:19:23.560 [AiEngine] Adaptive time: 500ms, depth: 3, reason: midgame, opening, tactical, emergency: false
[DEBUG] 16:19:23.560 [AiEngine] Using JS Search
[DEBUG] 16:19:23.583 [AiEngine] Adaptive time: 500ms, depth: 3, reason: midgame, opening, emergency: false
[DEBUG] 16:19:23.583 [AiEngine] Using JS Search
[DEBUG] 16:19:23.600 [AiEngine] Adaptive time: 500ms, depth: 3, reason: midgame, opening, tactical, emergency: false
[DEBUG] 16:19:23.600 [AiEngine] Using JS Search
[DEBUG] 16:19:23.627 [AiEngine] Adaptive time: 500ms, depth: 3, reason: midgame, opening, emergency: false
[DEBUG] 16:19:23.627 [AiEngine] Using JS Search
[DEBUG] 16:19:23.662 [AiEngine] Adaptive time: 500ms, depth: 3, reason: midgame, opening, tactical, emergency: false
[DEBUG] 16:19:23.662 [AiEngine] Using JS Search
[DEBUG] 16:19:23.690 [AiEngine] Adaptive time: 500ms, depth: 3, reason: midgame, opening, emergency: false
[DEBUG] 16:19:23.690 [AiEngine] Using JS Search
[DEBUG] 16:19:23.738 [AiEngine] Adaptive time: 500ms, depth: 3, reason: midgame, opening, tactical, emergency: false
[DEBUG] 16:19:23.739 [AiEngine] Using JS Search
[DEBUG] 16:19:23.756 [AiEngine] Adaptive time: 500ms, depth: 3, reason: midgame, opening, tactical, emergency: false
[DEBUG] 16:19:23.756 [AiEngine] Using JS Search
[DEBUG] 16:19:23.795 [AiEngine] Adaptive time: 500ms, depth: 3, reason: midgame, opening, tactical, emergency: false
[DEBUG] 16:19:23.795 [AiEngine] Using JS Search
[DEBUG] 16:19:23.827 [AiEngine] Adaptive time: 500ms, depth: 3, reason: midgame, opening, emergency: false
[DEBUG] 16:19:23.827 [AiEngine] Using JS Search
[DEBUG] 16:19:23.905 [AiEngine] Adaptive time: 500ms, depth: 3, reason: midgame, opening, tactical, emergency: false
[DEBUG] 16:19:23.905 [AiEngine] Using JS Search
[DEBUG] 16:19:23.927 [AiEngine] Adaptive time: 500ms, depth: 3, reason: midgame, opening, tactical, emergency: false
[DEBUG] 16:19:23.927 [AiEngine] Using JS Search
[DEBUG] 16:19:23.983 [AiEngine] Adaptive time: 500ms, depth: 3, reason: midgame, opening, tactical, emergency: false
[DEBUG] 16:19:23.983 [AiEngine] Using JS Search
[DEBUG] 16:19:24.002 [AiEngine] Adaptive time: 500ms, depth: 3, reason: midgame, opening, tactical, emergency: false
[DEBUG] 16:19:24.002 [AiEngine] Using JS Search
[DEBUG] 16:19:24.059 [AiEngine] Adaptive time: 500ms, depth: 3, reason: midgame, opening, tactical, emergency: false
[DEBUG] 16:19:24.059 [AiEngine] Using JS Search
[DEBUG] 16:19:24.087 [AiEngine] Adaptive time: 500ms, depth: 3, reason: midgame, opening, tactical, emergency: false
[DEBUG] 16:19:24.088 [AiEngine] Using JS Search
[DEBUG] 16:19:24.131 [AiEngine] Adaptive time: 500ms, depth: 3, reason: midgame, opening, emergency: false
[DEBUG] 16:19:24.131 [AiEngine] Using JS Search
[DEBUG] 16:19:24.141 [AiEngine] Adaptive time: 3000ms, depth: 3, reason: tactical, emergency: false
[DEBUG] 16:19:24.141 [AiEngine] Using JS Search
[DEBUG] 16:19:24.200 [AiEngine] Adaptive time: 3000ms, depth: 3, reason: standard, emergency: false
[DEBUG] 16:19:24.200 [AiEngine] Using JS Search
[DEBUG] 16:19:24.209 [AiEngine] Adaptive time: 3000ms, depth: 3, reason: tactical, emergency: false
[DEBUG] 16:19:24.209 [AiEngine] Using JS Search
[DEBUG] 16:19:24.251 [AiEngine] Adaptive time: 3000ms, depth: 3, reason: standard, emergency: false
[DEBUG] 16:19:24.251 [AiEngine] Using JS Search
[DEBUG] 16:19:24.266 [AiEngine] Adaptive time: 3000ms, depth: 3, reason: tactical, emergency: false
[DEBUG] 16:19:24.266 [AiEngine] Using JS Search
[DEBUG] 16:19:24.331 [AiEngine] Adaptive time: 3000ms, depth: 3, reason: standard, emergency: false
[DEBUG] 16:19:24.332 [AiEngine] Using JS Search
[DEBUG] 16:19:24.344 [AiEngine] Adaptive time: 3000ms, depth: 3, reason: tactical, emergency: false
[DEBUG] 16:19:24.344 [AiEngine] Using JS Search
[DEBUG] 16:19:24.397 [AiEngine] Adaptive time: 3000ms, depth: 3, reason: standard, emergency: false
[DEBUG] 16:19:24.397 [AiEngine] Using JS Search
[DEBUG] 16:19:24.409 [AiEngine] Adaptive time: 3000ms, depth: 3, reason: tactical, emergency: false
[DEBUG] 16:19:24.409 [AiEngine] Using JS Search
[DEBUG] 16:19:24.463 [AiEngine] Adaptive time: 3000ms, depth: 3, reason: endgame, in-check, emergency: false
[DEBUG] 16:19:24.463 [AiEngine] Using JS Search
[DEBUG] 16:19:24.483 [AiEngine] Adaptive time: 3000ms, depth: 3, reason: endgame, tactical, emergency: false
[DEBUG] 16:19:24.483 [AiEngine] Using JS Search
[DEBUG] 16:19:24.560 [AiEngine] Adaptive time: 3000ms, depth: 3, reason: endgame, emergency: false
[DEBUG] 16:19:24.560 [AiEngine] Using JS Search
[DEBUG] 16:19:24.639 [AiEngine] Adaptive time: 3000ms, depth: 3, reason: endgame, tactical, emergency: false
[DEBUG] 16:19:24.639 [AiEngine] Using JS Search
[DEBUG] 16:19:24.674 [AiEngine] Adaptive time: 3000ms, depth: 3, reason: endgame, emergency: false
[DEBUG] 16:19:24.674 [AiEngine] Using JS Search
[DEBUG] 16:19:24.703 [AiEngine] Adaptive time: 3000ms, depth: 3, reason: endgame, tactical, emergency: false
[DEBUG] 16:19:24.703 [AiEngine] Using JS Search
[DEBUG] 16:19:24.792 [AiEngine] Adaptive time: 3000ms, depth: 3, reason: endgame, in-check, emergency: false
[DEBUG] 16:19:24.792 [AiEngine] Using JS Search
[DEBUG] 16:19:24.813 [AiEngine] Adaptive time: 3000ms, depth: 3, reason: endgame, emergency: false
[DEBUG] 16:19:24.813 [AiEngine] Using JS Search
[DEBUG] 16:19:24.832 [AiEngine] Adaptive time: 3000ms, depth: 3, reason: endgame, emergency: false
[DEBUG] 16:19:24.832 [AiEngine] Using JS Search
[DEBUG] 16:19:24.848 [AiEngine] Adaptive time: 3000ms, depth: 3, reason: endgame, emergency: false
[DEBUG] 16:19:24.848 [AiEngine] Using JS Search
[DEBUG] 16:19:24.872 [AiEngine] Adaptive time: 3000ms, depth: 3, reason: endgame, emergency: false
[DEBUG] 16:19:24.872 [AiEngine] Using JS Search
[DEBUG] 16:19:24.882 [AiEngine] Adaptive time: 3000ms, depth: 3, reason: endgame, emergency: false
[DEBUG] 16:19:24.882 [AiEngine] Using JS Search
[DEBUG] 16:19:24.902 [AiEngine] Adaptive time: 3000ms, depth: 3, reason: endgame, emergency: false
[DEBUG] 16:19:24.902 [AiEngine] Using JS Search
[DEBUG] 16:19:24.916 [AiEngine] Adaptive time: 3000ms, depth: 3, reason: endgame, emergency: false
[DEBUG] 16:19:24.916 [AiEngine] Using JS Search
[DEBUG] 16:19:24.933 [AiEngine] Adaptive time: 3000ms, depth: 3, reason: endgame, emergency: false
[DEBUG] 16:19:24.933 [AiEngine] Using JS Search
[DEBUG] 16:19:24.940 [AiEngine] Adaptive time: 3000ms, depth: 3, reason: endgame, emergency: false
[DEBUG] 16:19:24.940 [AiEngine] Using JS Search
[DEBUG] 16:19:24.951 [AiEngine] Adaptive time: 3000ms, depth: 3, reason: endgame, emergency: false
[DEBUG] 16:19:24.951 [AiEngine] Using JS Search
[DEBUG] 16:19:24.969 [AiEngine] Adaptive time: 3000ms, depth: 3, reason: endgame, emergency: false
[DEBUG] 16:19:24.969 [AiEngine] Using JS Search
[DEBUG] 16:19:24.984 [AiEngine] Adaptive time: 3000ms, depth: 3, reason: endgame, emergency: false
[DEBUG] 16:19:24.984 [AiEngine] Using JS Search
[DEBUG] 16:19:24.995 [AiEngine] Adaptive time: 3000ms, depth: 3, reason: endgame, emergency: false
[DEBUG] 16:19:24.995 [AiEngine] Using JS Search
[DEBUG] 16:19:24.999 [AiEngine] Adaptive time: 3000ms, depth: 3, reason: endgame, emergency: false
[DEBUG] 16:19:24.999 [AiEngine] Using JS Search
[DEBUG] 16:19:25.008 [AiEngine] Adaptive time: 3000ms, depth: 3, reason: endgame, emergency: false
[DEBUG] 16:19:25.008 [AiEngine] Using JS Search
[DEBUG] 16:19:25.015 [AiEngine] Adaptive time: 3000ms, depth: 3, reason: endgame, emergency: false
[DEBUG] 16:19:25.015 [AiEngine] Using JS Search
[DEBUG] 16:19:25.023 [AiEngine] Adaptive time: 3000ms, depth: 3, reason: endgame, emergency: false
[DEBUG] 16:19:25.023 [AiEngine] Using JS Search
[DEBUG] 16:19:25.027 [AiEngine] Adaptive time: 3000ms, depth: 3, reason: endgame, emergency: false
[DEBUG] 16:19:25.027 [AiEngine] Using JS Search
[DEBUG] 16:19:25.037 [AiEngine] Adaptive time: 3000ms, depth: 3, reason: endgame, emergency: false
[DEBUG] 16:19:25.037 [AiEngine] Using JS Search
[DEBUG] 16:19:25.062 [AiEngine] Adaptive time: 3000ms, depth: 3, reason: endgame, tactical, emergency: false
[DEBUG] 16:19:25.062 [AiEngine] Using JS Search
[DEBUG] 16:19:25.072 [AiEngine] Adaptive time: 3000ms, depth: 3, reason: endgame, emergency: false
[DEBUG] 16:19:25.072 [AiEngine] Using JS Search
[DEBUG] 16:19:25.077 [AiEngine] Adaptive time: 3000ms, depth: 3, reason: endgame, tactical, emergency: false
[DEBUG] 16:19:25.077 [AiEngine] Using JS Search
[DEBUG] 16:19:25.085 [AiEngine] Adaptive time: 3000ms, depth: 3, reason: endgame, emergency: false
[DEBUG] 16:19:25.085 [AiEngine] Using JS Search
[DEBUG] 16:19:25.091 [AiEngine] Adaptive time: 3000ms, depth: 3, reason: endgame, emergency: false
[DEBUG] 16:19:25.091 [AiEngine] Using JS Search
[DEBUG] 16:19:25.100 [AiEngine] Adaptive time: 3000ms, depth: 3, reason: endgame, emergency: false
[DEBUG] 16:19:25.100 [AiEngine] Using JS Search
[DEBUG] 16:19:25.106 [AiEngine] Adaptive time: 3000ms, depth: 3, reason: endgame, tactical, emergency: false
[DEBUG] 16:19:25.106 [AiEngine] Using JS Search
[DEBUG] 16:19:25.116 [AiEngine] Adaptive time: 3000ms, depth: 3, reason: endgame, emergency: false
[DEBUG] 16:19:25.116 [AiEngine] Using JS Search
[DEBUG] 16:19:25.124 [AiEngine] Adaptive time: 3000ms, depth: 3, reason: endgame, emergency: false
[DEBUG] 16:19:25.124 [AiEngine] Using JS Search
[DEBUG] 16:19:25.134 [AiEngine] Adaptive time: 3000ms, depth: 3, reason: endgame, emergency: false
[DEBUG] 16:19:25.134 [AiEngine] Using JS Search
[DEBUG] 16:19:25.140 [AiEngine] Adaptive time: 3000ms, depth: 3, reason: endgame, tactical, emergency: false
[DEBUG] 16:19:25.140 [AiEngine] Using JS Search
[DEBUG] 16:19:25.150 [AiEngine] Adaptive time: 3000ms, depth: 3, reason: endgame, emergency: false
[DEBUG] 16:19:25.150 [AiEngine] Using JS Search
[DEBUG] 16:19:25.156 [AiEngine] Adaptive time: 3000ms, depth: 3, reason: endgame, emergency: false
[DEBUG] 16:19:25.156 [AiEngine] Using JS Search
[DEBUG] 16:19:25.166 [AiEngine] Adaptive time: 3000ms, depth: 3, reason: endgame, emergency: false
[DEBUG] 16:19:25.166 [AiEngine] Using JS Search
[DEBUG] 16:19:25.176 [AiEngine] Adaptive time: 3000ms, depth: 3, reason: endgame, emergency: false
[DEBUG] 16:19:25.176 [AiEngine] Using JS Search
[DEBUG] 16:19:25.183 [AiEngine] Adaptive time: 3000ms, depth: 3, reason: endgame, emergency: false
[DEBUG] 16:19:25.183 [AiEngine] Using JS Search
[DEBUG] 16:19:25.191 [AiEngine] Adaptive time: 3000ms, depth: 3, reason: endgame, tactical, emergency: false
[DEBUG] 16:19:25.191 [AiEngine] Using JS Search
[DEBUG] 16:19:25.198 [AiEngine] Adaptive time: 3000ms, depth: 3, reason: endgame, emergency: false
[DEBUG] 16:19:25.198 [AiEngine] Using JS Search
[DEBUG] 16:19:25.206 [AiEngine] Adaptive time: 3000ms, depth: 3, reason: endgame, emergency: false
[DEBUG] 16:19:25.206 [AiEngine] Using JS Search
[DEBUG] 16:19:25.215 [AiEngine] Adaptive time: 3000ms, depth: 3, reason: endgame, emergency: false
[DEBUG] 16:19:25.215 [AiEngine] Using JS Search
[DEBUG] 16:19:25.219 [AiEngine] Adaptive time: 3000ms, depth: 3, reason: endgame, emergency: false
[DEBUG] 16:19:25.219 [AiEngine] Using JS Search
[DEBUG] 16:19:25.226 [AiEngine] Adaptive time: 3000ms, depth: 3, reason: endgame, emergency: false
[DEBUG] 16:19:25.226 [AiEngine] Using JS Search
[DEBUG] 16:19:25.229 [AiEngine] Adaptive time: 3000ms, depth: 3, reason: endgame, emergency: false
[DEBUG] 16:19:25.229 [AiEngine] Using JS Search
[DEBUG] 16:19:25.234 [AiEngine] Adaptive time: 3000ms, depth: 3, reason: endgame, emergency: false
[DEBUG] 16:19:25.234 [AiEngine] Using JS Search
[DEBUG] 16:19:25.239 [AiEngine] Adaptive time: 3000ms, depth: 3, reason: endgame, emergency: false
[DEBUG] 16:19:25.239 [AiEngine] Using JS Search
[DEBUG] 16:19:25.245 [AiEngine] Adaptive time: 500ms, depth: 3, reason: midgame, opening, emergency: false
[DEBUG] 16:19:25.245 [AiEngine] Using JS Search
[DEBUG] 16:19:25.277 [AiEngine] Adaptive time: 500ms, depth: 3, reason: midgame, opening, emergency: false
[DEBUG] 16:19:25.277 [AiEngine] Using JS Search
[DEBUG] 16:19:25.290 [AiEngine] Adaptive time: 500ms, depth: 3, reason: midgame, opening, emergency: false
[DEBUG] 16:19:25.290 [AiEngine] Using JS Search
[DEBUG] 16:19:25.337 [AiEngine] Adaptive time: 500ms, depth: 3, reason: midgame, opening, tactical, emergency: false
[DEBUG] 16:19:25.337 [AiEngine] Using JS Search
[DEBUG] 16:19:25.374 [AiEngine] Adaptive time: 500ms, depth: 3, reason: midgame, opening, in-check, emergency: false
[DEBUG] 16:19:25.374 [AiEngine] Using JS Search
[DEBUG] 16:19:25.399 [AiEngine] Adaptive time: 500ms, depth: 3, reason: midgame, opening, emergency: false
[DEBUG] 16:19:25.399 [AiEngine] Using JS Search
[DEBUG] 16:19:25.459 [AiEngine] Adaptive time: 500ms, depth: 3, reason: midgame, opening, emergency: false
[DEBUG] 16:19:25.459 [AiEngine] Using JS Search
[DEBUG] 16:19:25.521 [AiEngine] Adaptive time: 500ms, depth: 3, reason: midgame, opening, emergency: false
[DEBUG] 16:19:25.521 [AiEngine] Using JS Search
[DEBUG] 16:19:25.623 [AiEngine] Adaptive time: 500ms, depth: 3, reason: midgame, opening, tactical, emergency: false
[DEBUG] 16:19:25.623 [AiEngine] Using JS Search
[DEBUG] 16:19:25.650 [AiEngine] Adaptive time: 500ms, depth: 3, reason: midgame, opening, emergency: false
[DEBUG] 16:19:25.650 [AiEngine] Using JS Search
[DEBUG] 16:19:25.706 [AiEngine] Adaptive time: 500ms, depth: 3, reason: midgame, opening, tactical, emergency: false
[DEBUG] 16:19:25.706 [AiEngine] Using JS Search
[DEBUG] 16:19:25.769 [AiEngine] Adaptive time: 500ms, depth: 3, reason: midgame, opening, emergency: false
[DEBUG] 16:19:25.769 [AiEngine] Using JS Search
[DEBUG] 16:19:25.869 [AiEngine] Adaptive time: 500ms, depth: 3, reason: midgame, opening, tactical, emergency: false
[DEBUG] 16:19:25.869 [AiEngine] Using JS Search
[DEBUG] 16:19:26.025 [AiEngine] Adaptive time: 500ms, depth: 3, reason: midgame, opening, emergency: false
[DEBUG] 16:19:26.025 [AiEngine] Using JS Search
[DEBUG] 16:19:26.141 [AiEngine] Adaptive time: 500ms, depth: 3, reason: midgame, opening, tactical, emergency: false
[DEBUG] 16:19:26.141 [AiEngine] Using JS Search
[DEBUG] 16:19:26.210 [AiEngine] Adaptive time: 500ms, depth: 3, reason: midgame, opening, tactical, emergency: false
[DEBUG] 16:19:26.210 [AiEngine] Using JS Search
[DEBUG] 16:19:26.268 [AiEngine] Adaptive time: 500ms, depth: 3, reason: midgame, opening, tactical, emergency: false
[DEBUG] 16:19:26.268 [AiEngine] Using JS Search
[DEBUG] 16:19:26.304 [AiEngine] Adaptive time: 500ms, depth: 3, reason: midgame, opening, in-check, tactical, emergency: false
[DEBUG] 16:19:26.305 [AiEngine] Using JS Search
[DEBUG] 16:19:26.419 [AiEngine] Adaptive time: 500ms, depth: 3, reason: midgame, opening, tactical, emergency: false
[DEBUG] 16:19:26.419 [AiEngine] Using JS Search
[DEBUG] 16:19:26.494 [AiEngine] Adaptive time: 500ms, depth: 3, reason: midgame, opening, tactical, emergency: false
[DEBUG] 16:19:26.494 [AiEngine] Using JS Search
[DEBUG] 16:19:26.786 [AiEngine] Adaptive time: 500ms, depth: 3, reason: midgame, opening, tactical, emergency: false
[DEBUG] 16:19:26.786 [AiEngine] Using JS Search
[DEBUG] 16:19:27.169 [AiEngine] Adaptive time: 500ms, depth: 3, reason: midgame, opening, tactical, emergency: false
[DEBUG] 16:19:27.169 [AiEngine] Using JS Search
[DEBUG] 16:19:27.314 [AiEngine] Adaptive time: 500ms, depth: 3, reason: midgame, opening, tactical, emergency: false
[DEBUG] 16:19:27.315 [AiEngine] Using JS Search
[DEBUG] 16:19:27.942 [AiEngine] Adaptive time: 500ms, depth: 3, reason: midgame, opening, tactical, emergency: false
[DEBUG] 16:19:27.942 [AiEngine] Using JS Search
[DEBUG] 16:19:28.120 [AiEngine] Adaptive time: 500ms, depth: 3, reason: midgame, opening, in-check, emergency: false
[DEBUG] 16:19:28.120 [AiEngine] Using JS Search
[DEBUG] 16:19:28.149 [AiEngine] Adaptive time: 500ms, depth: 3, reason: midgame, opening, emergency: false
[DEBUG] 16:19:28.149 [AiEngine] Using JS Search
[DEBUG] 16:19:28.235 [AiEngine] Adaptive time: 500ms, depth: 3, reason: midgame, opening, tactical, emergency: false
[DEBUG] 16:19:28.235 [AiEngine] Using JS Search
[DEBUG] 16:19:28.309 [AiEngine] Adaptive time: 500ms, depth: 3, reason: midgame, opening, emergency: false
[DEBUG] 16:19:28.309 [AiEngine] Using JS Search
[DEBUG] 16:19:28.882 [AiEngine] Adaptive time: 500ms, depth: 3, reason: midgame, opening, tactical, emergency: false
[DEBUG] 16:19:28.882 [AiEngine] Using JS Search
[DEBUG] 16:19:29.088 [AiEngine] Adaptive time: 500ms, depth: 3, reason: midgame, opening, in-check, emergency: false
[DEBUG] 16:19:29.088 [AiEngine] Using JS Search
[DEBUG] 16:19:29.131 [AiEngine] Adaptive time: 500ms, depth: 3, reason: midgame, opening, tactical, emergency: false
[DEBUG] 16:19:29.131 [AiEngine] Using JS Search
[DEBUG] 16:19:29.196 [AiEngine] Adaptive time: 500ms, depth: 3, reason: midgame, opening, emergency: false
[DEBUG] 16:19:29.196 [AiEngine] Using JS Search
[DEBUG] 16:19:29.257 [AiEngine] Adaptive time: 500ms, depth: 3, reason: midgame, opening, tactical, emergency: false
[DEBUG] 16:19:29.257 [AiEngine] Using JS Search
[DEBUG] 16:19:29.419 [AiEngine] Adaptive time: 500ms, depth: 3, reason: midgame, opening, emergency: false
[DEBUG] 16:19:29.419 [AiEngine] Using JS Search
[DEBUG] 16:19:29.538 [AiEngine] Adaptive time: 500ms, depth: 3, reason: midgame, opening, in-check, emergency: false
[DEBUG] 16:19:29.538 [AiEngine] Using JS Search
[DEBUG] 16:19:29.572 [AiEngine] Adaptive time: 500ms, depth: 3, reason: midgame, opening, tactical, emergency: false
[DEBUG] 16:19:29.572 [AiEngine] Using JS Search
[DEBUG] 16:19:29.618 [AiEngine] Adaptive time: 500ms, depth: 3, reason: midgame, opening, tactical, emergency: false
[DEBUG] 16:19:29.618 [AiEngine] Using JS Search
[DEBUG] 16:19:29.675 [AiEngine] Adaptive time: 500ms, depth: 3, reason: midgame, opening, tactical, emergency: false
[DEBUG] 16:19:29.675 [AiEngine] Using JS Search
[DEBUG] 16:19:29.759 [AiEngine] Adaptive time: 500ms, depth: 3, reason: midgame, opening, tactical, emergency: false
[DEBUG] 16:19:29.759 [AiEngine] Using JS Search
[DEBUG] 16:19:29.806 [AiEngine] Adaptive time: 500ms, depth: 3, reason: midgame, opening, emergency: false
[DEBUG] 16:19:29.806 [AiEngine] Using JS Search
[DEBUG] 16:19:29.882 [AiEngine] Adaptive time: 3000ms, depth: 3, reason: midgame, tactical, emergency: false
[DEBUG] 16:19:29.882 [AiEngine] Using JS Search
[DEBUG] 16:19:29.936 [AiEngine] Adaptive time: 3000ms, depth: 3, reason: midgame, in-check, emergency: false
[DEBUG] 16:19:29.936 [AiEngine] Using JS Search
[DEBUG] 16:19:30.207 [AiEngine] Adaptive time: 3000ms, depth: 3, reason: midgame, tactical, emergency: false
[DEBUG] 16:19:30.207 [AiEngine] Using JS Search
[DEBUG] 16:19:30.265 [AiEngine] Adaptive time: 3000ms, depth: 3, reason: midgame, tactical, emergency: false
[DEBUG] 16:19:30.265 [AiEngine] Using JS Search
[DEBUG] 16:19:30.604 [AiEngine] Adaptive time: 3000ms, depth: 3, reason: midgame, in-check, emergency: false
[DEBUG] 16:19:30.604 [AiEngine] Using JS Search
[DEBUG] 16:19:30.657 [AiEngine] Adaptive time: 3000ms, depth: 3, reason: midgame, tactical, emergency: false
[DEBUG] 16:19:30.657 [AiEngine] Using JS Search
[DEBUG] 16:19:30.688 [AiEngine] Adaptive time: 3000ms, depth: 3, reason: midgame, tactical, emergency: false
[DEBUG] 16:19:30.688 [AiEngine] Using JS Search
[DEBUG] 16:19:30.794 [AiEngine] Adaptive time: 3000ms, depth: 3, reason: midgame, tactical, emergency: false
[DEBUG] 16:19:30.794 [AiEngine] Using JS Search
[DEBUG] 16:19:30.947 [AiEngine] Adaptive time: 3000ms, depth: 3, reason: midgame, in-check, emergency: false
[DEBUG] 16:19:30.947 [AiEngine] Using JS Search
[DEBUG] 16:19:30.976 [AiEngine] Adaptive time: 3000ms, depth: 3, reason: midgame, tactical, emergency: false
[DEBUG] 16:19:30.976 [AiEngine] Using JS Search
[DEBUG] 16:19:31.041 [AiEngine] Adaptive time: 3000ms, depth: 3, reason: midgame, in-check, emergency: false
[DEBUG] 16:19:31.041 [AiEngine] Using JS Search
[DEBUG] 16:19:31.072 [AiEngine] Adaptive time: 3000ms, depth: 3, reason: midgame, tactical, emergency: false
[DEBUG] 16:19:31.072 [AiEngine] Using JS Search
[DEBUG] 16:19:31.138 [AiEngine] Adaptive time: 3000ms, depth: 3, reason: midgame, in-check, emergency: false
[DEBUG] 16:19:31.138 [AiEngine] Using JS Search
[DEBUG] 16:19:31.173 [AiEngine] Adaptive time: 3000ms, depth: 3, reason: midgame, tactical, emergency: false
[DEBUG] 16:19:31.173 [AiEngine] Using JS Search
[DEBUG] 16:19:31.223 [AiEngine] Adaptive time: 3000ms, depth: 3, reason: tactical, emergency: false
[DEBUG] 16:19:31.223 [AiEngine] Using JS Search
[DEBUG] 16:19:31.299 [AiEngine] Adaptive time: 3000ms, depth: 3, reason: tactical, emergency: false
[DEBUG] 16:19:31.299 [AiEngine] Using JS Search
[DEBUG] 16:19:31.317 [AiEngine] Adaptive time: 3000ms, depth: 3, reason: tactical, emergency: false
[DEBUG] 16:19:31.317 [AiEngine] Using JS Search
[DEBUG] 16:19:31.352 [AiEngine] Adaptive time: 3000ms, depth: 3, reason: tactical, emergency: false
[DEBUG] 16:19:31.352 [AiEngine] Using JS Search
[DEBUG] 16:19:31.376 [AiEngine] Adaptive time: 3000ms, depth: 3, reason: in-check, emergency: false
[DEBUG] 16:19:31.376 [AiEngine] Using JS Search
[DEBUG] 16:19:31.395 [AiEngine] Adaptive time: 3000ms, depth: 3, reason: tactical, emergency: false
[DEBUG] 16:19:31.395 [AiEngine] Using JS Search
[DEBUG] 16:19:31.424 [AiEngine] Adaptive time: 3000ms, depth: 3, reason: tactical, emergency: false
[DEBUG] 16:19:31.424 [AiEngine] Using JS Search
[DEBUG] 16:19:31.482 [AiEngine] Adaptive time: 3000ms, depth: 3, reason: tactical, emergency: false
[DEBUG] 16:19:31.482 [AiEngine] Using JS Search
[DEBUG] 16:19:31.502 [AiEngine] Adaptive time: 3000ms, depth: 3, reason: tactical, emergency: false
[DEBUG] 16:19:31.502 [AiEngine] Using JS Search
[DEBUG] 16:19:31.540 [AiEngine] Adaptive time: 3000ms, depth: 3, reason: tactical, emergency: false
[DEBUG] 16:19:31.540 [AiEngine] Using JS Search
[DEBUG] 16:19:31.555 [AiEngine] Adaptive time: 3000ms, depth: 3, reason: tactical, emergency: false
[DEBUG] 16:19:31.555 [AiEngine] Using JS Search
[DEBUG] 16:19:31.591 [AiEngine] Adaptive time: 3000ms, depth: 3, reason: in-check, emergency: false
[DEBUG] 16:19:31.591 [AiEngine] Using JS Search
[DEBUG] 16:19:31.600 [AiEngine] Adaptive time: 3000ms, depth: 3, reason: tactical, emergency: false
[DEBUG] 16:19:31.600 [AiEngine] Using JS Search
[DEBUG] 16:19:31.615 [AiEngine] Adaptive time: 3000ms, depth: 3, reason: tactical, emergency: false
[DEBUG] 16:19:31.615 [AiEngine] Using JS Search
[DEBUG] 16:19:31.628 [AiEngine] Adaptive time: 3000ms, depth: 3, reason: standard, emergency: false
[DEBUG] 16:19:31.628 [AiEngine] Using JS Search
[DEBUG] 16:19:31.646 [AiEngine] Adaptive time: 3000ms, depth: 3, reason: endgame, tactical, emergency: false
[DEBUG] 16:19:31.646 [AiEngine] Using JS Search
[DEBUG] 16:19:31.662 [AiEngine] Adaptive time: 3000ms, depth: 3, reason: endgame, tactical, emergency: false
[DEBUG] 16:19:31.662 [AiEngine] Using JS Search
[DEBUG] 16:19:31.679 [AiEngine] Adaptive time: 3000ms, depth: 3, reason: endgame, tactical, emergency: false
[DEBUG] 16:19:31.679 [AiEngine] Using JS Search
[DEBUG] 16:19:31.694 [AiEngine] Adaptive time: 3000ms, depth: 3, reason: endgame, tactical, emergency: false
[DEBUG] 16:19:31.694 [AiEngine] Using JS Search
[DEBUG] 16:19:31.715 [AiEngine] Adaptive time: 3000ms, depth: 3, reason: endgame, in-check, emergency: false
[DEBUG] 16:19:31.715 [AiEngine] Using JS Search
[DEBUG] 16:19:31.729 [AiEngine] Adaptive time: 3000ms, depth: 3, reason: endgame, emergency: false
[DEBUG] 16:19:31.729 [AiEngine] Using JS Search
[DEBUG] 16:19:31.745 [AiEngine] Adaptive time: 3000ms, depth: 3, reason: endgame, tactical, emergency: false
[DEBUG] 16:19:31.745 [AiEngine] Using JS Search
[DEBUG] 16:19:31.763 [AiEngine] Adaptive time: 3000ms, depth: 3, reason: endgame, emergency: false
[DEBUG] 16:19:31.763 [AiEngine] Using JS Search
[DEBUG] 16:19:31.776 [AiEngine] Adaptive time: 3000ms, depth: 3, reason: endgame, tactical, emergency: false
[DEBUG] 16:19:31.776 [AiEngine] Using JS Search
[DEBUG] 16:19:31.783 [AiEngine] Adaptive time: 3000ms, depth: 3, reason: endgame, emergency: false
[DEBUG] 16:19:31.783 [AiEngine] Using JS Search
[DEBUG] 16:19:31.794 [AiEngine] Adaptive time: 3000ms, depth: 3, reason: endgame, emergency: false
[DEBUG] 16:19:31.794 [AiEngine] Using JS Search
[DEBUG] 16:19:31.804 [AiEngine] Adaptive time: 3000ms, depth: 3, reason: endgame, emergency: false
[DEBUG] 16:19:31.804 [AiEngine] Using JS Search
[DEBUG] 16:19:31.814 [AiEngine] Adaptive time: 3000ms, depth: 3, reason: endgame, emergency: false
[DEBUG] 16:19:31.814 [AiEngine] Using JS Search
[DEBUG] 16:19:31.825 [AiEngine] Adaptive time: 3000ms, depth: 3, reason: endgame, tactical, emergency: false
[DEBUG] 16:19:31.825 [AiEngine] Using JS Search
[DEBUG] 16:19:31.858 [AiEngine] Adaptive time: 3000ms, depth: 3, reason: endgame, in-check, emergency: false
[DEBUG] 16:19:31.858 [AiEngine] Using JS Search
[DEBUG] 16:19:31.872 [AiEngine] Adaptive time: 3000ms, depth: 3, reason: endgame, tactical, emergency: false
[DEBUG] 16:19:31.872 [AiEngine] Using JS Search
[DEBUG] 16:19:31.893 [AiEngine] Adaptive time: 3000ms, depth: 3, reason: endgame, emergency: false
[DEBUG] 16:19:31.893 [AiEngine] Using JS Search
[DEBUG] 16:19:31.910 [AiEngine] Adaptive time: 3000ms, depth: 3, reason: endgame, tactical, emergency: false
[DEBUG] 16:19:31.910 [AiEngine] Using JS Search
[DEBUG] 16:19:31.919 [AiEngine] Adaptive time: 3000ms, depth: 3, reason: endgame, emergency: false
[DEBUG] 16:19:31.919 [AiEngine] Using JS Search
[DEBUG] 16:19:31.926 [AiEngine] Adaptive time: 3000ms, depth: 3, reason: endgame, tactical, emergency: false
[DEBUG] 16:19:31.926 [AiEngine] Using JS Search
[DEBUG] 16:19:31.937 [AiEngine] Adaptive time: 3000ms, depth: 3, reason: endgame, emergency: false
[DEBUG] 16:19:31.937 [AiEngine] Using JS Search
[DEBUG] 16:19:31.949 [AiEngine] Adaptive time: 3000ms, depth: 3, reason: endgame, emergency: false
[DEBUG] 16:19:31.949 [AiEngine] Using JS Search
[DEBUG] 16:19:31.958 [AiEngine] Adaptive time: 3000ms, depth: 3, reason: endgame, emergency: false
[DEBUG] 16:19:31.958 [AiEngine] Using JS Search
[DEBUG] 16:19:31.964 [AiEngine] Adaptive time: 3000ms, depth: 3, reason: endgame, tactical, emergency: false
[DEBUG] 16:19:31.964 [AiEngine] Using JS Search
[DEBUG] 16:19:31.976 [AiEngine] Adaptive time: 3000ms, depth: 3, reason: endgame, emergency: false
[DEBUG] 16:19:31.976 [AiEngine] Using JS Search
[DEBUG] 16:19:31.987 [AiEngine] Adaptive time: 3000ms, depth: 3, reason: endgame, emergency: false
[DEBUG] 16:19:31.987 [AiEngine] Using JS Search
[DEBUG] 16:19:31.995 [AiEngine] Adaptive time: 3000ms, depth: 3, reason: endgame, emergency: false
[DEBUG] 16:19:31.995 [AiEngine] Using JS Search
[DEBUG] 16:19:32.006 [AiEngine] Adaptive time: 3000ms, depth: 3, reason: endgame, tactical, emergency: false
[DEBUG] 16:19:32.006 [AiEngine] Using JS Search
[DEBUG] 16:19:32.015 [AiEngine] Adaptive time: 3000ms, depth: 3, reason: endgame, emergency: false
[DEBUG] 16:19:32.015 [AiEngine] Using JS Search
[DEBUG] 16:19:32.022 [AiEngine] Adaptive time: 3000ms, depth: 3, reason: endgame, tactical, emergency: false
[DEBUG] 16:19:32.022 [AiEngine] Using JS Search
[DEBUG] 16:19:32.032 [AiEngine] Adaptive time: 3000ms, depth: 3, reason: endgame, in-check, emergency: false
[DEBUG] 16:19:32.032 [AiEngine] Using JS Search
[DEBUG] 16:19:32.038 [AiEngine] Adaptive time: 500ms, depth: 3, reason: midgame, opening, emergency: false
[DEBUG] 16:19:32.038 [AiEngine] Using JS Search
[DEBUG] 16:19:32.074 [AiEngine] Adaptive time: 500ms, depth: 3, reason: midgame, opening, emergency: false
[DEBUG] 16:19:32.074 [AiEngine] Using JS Search
[DEBUG] 16:19:32.090 [AiEngine] Adaptive time: 500ms, depth: 3, reason: midgame, opening, emergency: false
[DEBUG] 16:19:32.090 [AiEngine] Using JS Search
[DEBUG] 16:19:32.135 [AiEngine] Adaptive time: 500ms, depth: 3, reason: midgame, opening, tactical, emergency: false
[DEBUG] 16:19:32.135 [AiEngine] Using JS Search
[DEBUG] 16:19:32.222 [AiEngine] Adaptive time: 500ms, depth: 3, reason: midgame, opening, in-check, emergency: false
[DEBUG] 16:19:32.222 [AiEngine] Using JS Search
[DEBUG] 16:19:32.223 [AiEngine] Adaptive time: 500ms, depth: 3, reason: midgame, opening, emergency: false
[DEBUG] 16:19:32.223 [AiEngine] Using JS Search
[DEBUG] 16:19:32.255 [AiEngine] Adaptive time: 500ms, depth: 3, reason: midgame, opening, emergency: false
[DEBUG] 16:19:32.255 [AiEngine] Using JS Search
[DEBUG] 16:19:32.326 [AiEngine] Adaptive time: 500ms, depth: 3, reason: midgame, opening, emergency: false
[DEBUG] 16:19:32.326 [AiEngine] Using JS Search
[DEBUG] 16:19:32.343 [AiEngine] Adaptive time: 500ms, depth: 3, reason: midgame, opening, tactical, emergency: false
[DEBUG] 16:19:32.343 [AiEngine] Using JS Search
[DEBUG] 16:19:32.353 [AiEngine] Adaptive time: 500ms, depth: 3, reason: midgame, opening, emergency: false
[DEBUG] 16:19:32.353 [AiEngine] Using JS Search
[DEBUG] 16:19:32.402 [AiEngine] Adaptive time: 500ms, depth: 3, reason: midgame, opening, tactical, emergency: false
[DEBUG] 16:19:32.402 [AiEngine] Using JS Search
[DEBUG] 16:19:32.472 [AiEngine] Adaptive time: 500ms, depth: 3, reason: midgame, opening, emergency: false
[DEBUG] 16:19:32.472 [AiEngine] Using JS Search
[DEBUG] 16:19:32.528 [AiEngine] Adaptive time: 500ms, depth: 3, reason: midgame, opening, tactical, emergency: false
[DEBUG] 16:19:32.528 [AiEngine] Using JS Search
[DEBUG] 16:19:32.560 [AiEngine] Adaptive time: 500ms, depth: 3, reason: midgame, opening, emergency: false
[DEBUG] 16:19:32.560 [AiEngine] Using JS Search
[DEBUG] 16:19:32.606 [AiEngine] Adaptive time: 500ms, depth: 3, reason: midgame, opening, tactical, emergency: false
[DEBUG] 16:19:32.606 [AiEngine] Using JS Search
[DEBUG] 16:19:32.629 [AiEngine] Adaptive time: 500ms, depth: 3, reason: midgame, opening, in-check, tactical, emergency: false
[DEBUG] 16:19:32.629 [AiEngine] Using JS Search
[DEBUG] 16:19:32.670 [AiEngine] Adaptive time: 500ms, depth: 3, reason: midgame, opening, emergency: false
[DEBUG] 16:19:32.670 [AiEngine] Using JS Search
[DEBUG] 16:19:32.764 [AiEngine] Adaptive time: 500ms, depth: 3, reason: midgame, opening, tactical, emergency: false
[DEBUG] 16:19:32.764 [AiEngine] Using JS Search
[DEBUG] 16:19:32.821 [AiEngine] Adaptive time: 500ms, depth: 3, reason: midgame, opening, emergency: false
[DEBUG] 16:19:32.821 [AiEngine] Using JS Search
[DEBUG] 16:19:32.954 [AiEngine] Adaptive time: 500ms, depth: 3, reason: midgame, opening, tactical, emergency: false
[DEBUG] 16:19:32.954 [AiEngine] Using JS Search
[DEBUG] 16:19:33.037 [AiEngine] Adaptive time: 500ms, depth: 3, reason: midgame, opening, tactical, emergency: false
[DEBUG] 16:19:33.037 [AiEngine] Using JS Search
[DEBUG] 16:19:33.134 [AiEngine] Adaptive time: 500ms, depth: 3, reason: midgame, opening, tactical, emergency: false
[DEBUG] 16:19:33.134 [AiEngine] Using JS Search
[DEBUG] 16:19:33.321 [AiEngine] Adaptive time: 500ms, depth: 3, reason: midgame, opening, tactical, emergency: false
[DEBUG] 16:19:33.321 [AiEngine] Using JS Search
[DEBUG] 16:19:33.444 [AiEngine] Adaptive time: 500ms, depth: 3, reason: midgame, opening, tactical, emergency: false
[DEBUG] 16:19:33.444 [AiEngine] Using JS Search
[DEBUG] 16:19:33.527 [AiEngine] Adaptive time: 500ms, depth: 3, reason: midgame, opening, tactical, emergency: false
[DEBUG] 16:19:33.527 [AiEngine] Using JS Search
[DEBUG] 16:19:33.673 [AiEngine] Adaptive time: 500ms, depth: 3, reason: midgame, opening, emergency: false
[DEBUG] 16:19:33.673 [AiEngine] Using JS Search
[DEBUG] 16:19:33.745 [AiEngine] Adaptive time: 500ms, depth: 3, reason: midgame, opening, tactical, emergency: false
[DEBUG] 16:19:33.745 [AiEngine] Using JS Search
[DEBUG] 16:19:33.817 [AiEngine] Adaptive time: 500ms, depth: 3, reason: midgame, opening, tactical, emergency: false
[DEBUG] 16:19:33.817 [AiEngine] Using JS Search
[DEBUG] 16:19:33.980 [AiEngine] Adaptive time: 500ms, depth: 3, reason: midgame, opening, in-check, emergency: false
[DEBUG] 16:19:33.980 [AiEngine] Using JS Search
[DEBUG] 16:19:33.986 [AiEngine] Adaptive time: 500ms, depth: 3, reason: midgame, opening, emergency: false
[DEBUG] 16:19:33.986 [AiEngine] Using JS Search
[DEBUG] 16:19:34.068 [AiEngine] Adaptive time: 500ms, depth: 3, reason: midgame, opening, tactical, emergency: false
[DEBUG] 16:19:34.068 [AiEngine] Using JS Search
[DEBUG] 16:19:34.099 [AiEngine] Adaptive time: 500ms, depth: 3, reason: midgame, opening, emergency: false
[DEBUG] 16:19:34.099 [AiEngine] Using JS Search
[DEBUG] 16:19:34.176 [AiEngine] Adaptive time: 500ms, depth: 3, reason: midgame, opening, tactical, emergency: false
[DEBUG] 16:19:34.176 [AiEngine] Using JS Search
[DEBUG] 16:19:34.241 [AiEngine] Adaptive time: 500ms, depth: 3, reason: midgame, opening, in-check, emergency: false
[DEBUG] 16:19:34.241 [AiEngine] Using JS Search
[DEBUG] 16:19:34.263 [AiEngine] Adaptive time: 500ms, depth: 3, reason: midgame, opening, tactical, emergency: false
[DEBUG] 16:19:34.263 [AiEngine] Using JS Search
[DEBUG] 16:19:34.287 [AiEngine] Adaptive time: 500ms, depth: 3, reason: midgame, opening, emergency: false
[DEBUG] 16:19:34.287 [AiEngine] Using JS Search
[DEBUG] 16:19:34.357 [AiEngine] Adaptive time: 500ms, depth: 3, reason: midgame, opening, tactical, emergency: false
[DEBUG] 16:19:34.357 [AiEngine] Using JS Search
[DEBUG] 16:19:34.380 [AiEngine] Adaptive time: 500ms, depth: 3, reason: midgame, opening, in-check, emergency: false
[DEBUG] 16:19:34.380 [AiEngine] Using JS Search
[DEBUG] 16:19:34.386 [AiEngine] Adaptive time: 500ms, depth: 3, reason: midgame, opening, tactical, emergency: false
[DEBUG] 16:19:34.386 [AiEngine] Using JS Search
[DEBUG] 16:19:34.449 [AiEngine] Adaptive time: 500ms, depth: 3, reason: midgame, opening, emergency: false
[DEBUG] 16:19:34.449 [AiEngine] Using JS Search
[DEBUG] 16:19:34.515 [AiEngine] Adaptive time: 3000ms, depth: 3, reason: midgame, tactical, emergency: false
[DEBUG] 16:19:34.515 [AiEngine] Using JS Search
[DEBUG] 16:19:34.580 [AiEngine] Adaptive time: 3000ms, depth: 3, reason: midgame, tactical, emergency: false
[DEBUG] 16:19:34.580 [AiEngine] Using JS Search
[DEBUG] 16:19:34.674 [AiEngine] Adaptive time: 3000ms, depth: 3, reason: midgame, tactical, emergency: false
[DEBUG] 16:19:34.675 [AiEngine] Using JS Search
[DEBUG] 16:19:34.698 [AiEngine] Adaptive time: 3000ms, depth: 3, reason: midgame, emergency: false
[DEBUG] 16:19:34.698 [AiEngine] Using JS Search
[DEBUG] 16:19:34.742 [AiEngine] Adaptive time: 3000ms, depth: 3, reason: midgame, tactical, emergency: false
[DEBUG] 16:19:34.742 [AiEngine] Using JS Search
[DEBUG] 16:19:34.762 [AiEngine] Adaptive time: 3000ms, depth: 3, reason: midgame, emergency: false
[DEBUG] 16:19:34.762 [AiEngine] Using JS Search
[DEBUG] 16:19:34.800 [AiEngine] Adaptive time: 3000ms, depth: 3, reason: midgame, tactical, emergency: false
[DEBUG] 16:19:34.800 [AiEngine] Using JS Search
[DEBUG] 16:19:34.823 [AiEngine] Adaptive time: 3000ms, depth: 3, reason: midgame, emergency: false
[DEBUG] 16:19:34.823 [AiEngine] Using JS Search
[DEBUG] 16:19:34.884 [AiEngine] Adaptive time: 3000ms, depth: 3, reason: midgame, tactical, emergency: false
[DEBUG] 16:19:34.884 [AiEngine] Using JS Search
[DEBUG] 16:19:34.919 [AiEngine] Adaptive time: 3000ms, depth: 3, reason: midgame, emergency: false
[DEBUG] 16:19:34.919 [AiEngine] Using JS Search
[DEBUG] 16:19:34.970 [AiEngine] Adaptive time: 3000ms, depth: 3, reason: midgame, tactical, emergency: false
[DEBUG] 16:19:34.970 [AiEngine] Using JS Search
[DEBUG] 16:19:34.994 [AiEngine] Adaptive time: 3000ms, depth: 3, reason: midgame, emergency: false
[DEBUG] 16:19:34.994 [AiEngine] Using JS Search
[DEBUG] 16:19:35.072 [AiEngine] Adaptive time: 3000ms, depth: 3, reason: midgame, tactical, emergency: false
[DEBUG] 16:19:35.072 [AiEngine] Using JS Search
[DEBUG] 16:19:35.134 [AiEngine] Adaptive time: 3000ms, depth: 3, reason: midgame, in-check, emergency: false
[DEBUG] 16:19:35.134 [AiEngine] Using JS Search
[DEBUG] 16:19:35.161 [AiEngine] Adaptive time: 3000ms, depth: 3, reason: midgame, tactical, emergency: false
[DEBUG] 16:19:35.161 [AiEngine] Using JS Search
[DEBUG] 16:19:35.317 [AiEngine] Adaptive time: 3000ms, depth: 3, reason: midgame, emergency: false
[DEBUG] 16:19:35.317 [AiEngine] Using JS Search
[DEBUG] 16:19:35.387 [AiEngine] Adaptive time: 3000ms, depth: 3, reason: midgame, tactical, emergency: false
[DEBUG] 16:19:35.387 [AiEngine] Using JS Search
[DEBUG] 16:19:35.421 [AiEngine] Adaptive time: 3000ms, depth: 3, reason: standard, emergency: false
[DEBUG] 16:19:35.421 [AiEngine] Using JS Search
[DEBUG] 16:19:35.478 [AiEngine] Adaptive time: 3000ms, depth: 3, reason: tactical, emergency: false
[DEBUG] 16:19:35.478 [AiEngine] Using JS Search
[DEBUG] 16:19:35.505 [AiEngine] Adaptive time: 3000ms, depth: 3, reason: standard, emergency: false
[DEBUG] 16:19:35.505 [AiEngine] Using JS Search
[DEBUG] 16:19:35.569 [AiEngine] Adaptive time: 3000ms, depth: 3, reason: tactical, emergency: false
[DEBUG] 16:19:35.569 [AiEngine] Using JS Search
[DEBUG] 16:19:35.584 [AiEngine] Adaptive time: 3000ms, depth: 3, reason: tactical, emergency: false
[DEBUG] 16:19:35.584 [AiEngine] Using JS Search
[DEBUG] 16:19:35.621 [AiEngine] Adaptive time: 3000ms, depth: 3, reason: tactical, emergency: false
[DEBUG] 16:19:35.621 [AiEngine] Using JS Search
[DEBUG] 16:19:35.634 [AiEngine] Adaptive time: 3000ms, depth: 3, reason: standard, emergency: false
[DEBUG] 16:19:35.634 [AiEngine] Using JS Search
[DEBUG] 16:19:35.659 [AiEngine] Adaptive time: 3000ms, depth: 3, reason: tactical, emergency: false
[DEBUG] 16:19:35.659 [AiEngine] Using JS Search
[DEBUG] 16:19:35.668 [AiEngine] Adaptive time: 3000ms, depth: 3, reason: tactical, emergency: false
[DEBUG] 16:19:35.668 [AiEngine] Using JS Search
[DEBUG] 16:19:35.704 [AiEngine] Adaptive time: 3000ms, depth: 3, reason: standard, emergency: false
[DEBUG] 16:19:35.704 [AiEngine] Using JS Search
[DEBUG] 16:19:35.734 [AiEngine] Adaptive time: 3000ms, depth: 3, reason: standard, emergency: false
[DEBUG] 16:19:35.734 [AiEngine] Using JS Search
[DEBUG] 16:19:35.752 [AiEngine] Adaptive time: 3000ms, depth: 3, reason: standard, emergency: false
[DEBUG] 16:19:35.752 [AiEngine] Using JS Search
[DEBUG] 16:19:35.778 [AiEngine] Adaptive time: 3000ms, depth: 3, reason: standard, emergency: false
[DEBUG] 16:19:35.778 [AiEngine] Using JS Search
[DEBUG] 16:19:35.802 [AiEngine] Adaptive time: 3000ms, depth: 3, reason: standard, emergency: false
[DEBUG] 16:19:35.802 [AiEngine] Using JS Search
[DEBUG] 16:19:35.810 [AiEngine] Adaptive time: 3000ms, depth: 3, reason: standard, emergency: false
[DEBUG] 16:19:35.810 [AiEngine] Using JS Search
[DEBUG] 16:19:35.834 [AiEngine] Adaptive time: 3000ms, depth: 3, reason: standard, emergency: false
[DEBUG] 16:19:35.834 [AiEngine] Using JS Search
[DEBUG] 16:19:35.844 [AiEngine] Adaptive time: 3000ms, depth: 3, reason: standard, emergency: false
[DEBUG] 16:19:35.844 [AiEngine] Using JS Search
[DEBUG] 16:19:35.866 [AiEngine] Adaptive time: 3000ms, depth: 3, reason: standard, emergency: false
[DEBUG] 16:19:35.867 [AiEngine] Using JS Search
[DEBUG] 16:19:35.877 [AiEngine] Adaptive time: 3000ms, depth: 3, reason: tactical, emergency: false
[DEBUG] 16:19:35.877 [AiEngine] Using JS Search
[DEBUG] 16:19:35.889 [AiEngine] Adaptive time: 3000ms, depth: 3, reason: standard, emergency: false
[DEBUG] 16:19:35.889 [AiEngine] Using JS Search
[DEBUG] 16:19:35.897 [AiEngine] Adaptive time: 3000ms, depth: 3, reason: tactical, emergency: false
[DEBUG] 16:19:35.897 [AiEngine] Using JS Search
[DEBUG] 16:19:35.908 [AiEngine] Adaptive time: 3000ms, depth: 3, reason: endgame, emergency: false
[DEBUG] 16:19:35.908 [AiEngine] Using JS Search
[DEBUG] 16:19:35.915 [AiEngine] Adaptive time: 3000ms, depth: 3, reason: endgame, tactical, emergency: false
[DEBUG] 16:19:35.915 [AiEngine] Using JS Search
[DEBUG] 16:19:35.927 [AiEngine] Adaptive time: 3000ms, depth: 3, reason: endgame, emergency: false
[DEBUG] 16:19:35.927 [AiEngine] Using JS Search
[DEBUG] 16:19:35.938 [AiEngine] Adaptive time: 3000ms, depth: 3, reason: endgame, emergency: false
[DEBUG] 16:19:35.938 [AiEngine] Using JS Search
[DEBUG] 16:19:35.945 [AiEngine] Adaptive time: 3000ms, depth: 3, reason: endgame, emergency: false
[DEBUG] 16:19:35.945 [AiEngine] Using JS Search
[DEBUG] 16:19:35.953 [AiEngine] Adaptive time: 3000ms, depth: 3, reason: endgame, emergency: false
[DEBUG] 16:19:35.953 [AiEngine] Using JS Search
[DEBUG] 16:19:35.960 [AiEngine] Adaptive time: 3000ms, depth: 3, reason: endgame, emergency: false
[DEBUG] 16:19:35.960 [AiEngine] Using JS Search
[DEBUG] 16:19:35.968 [AiEngine] Adaptive time: 3000ms, depth: 3, reason: endgame, emergency: false
[DEBUG] 16:19:35.968 [AiEngine] Using JS Search
[DEBUG] 16:19:35.995 [AiEngine] Adaptive time: 3000ms, depth: 3, reason: endgame, emergency: false
[DEBUG] 16:19:35.995 [AiEngine] Using JS Search
[DEBUG] 16:19:36.001 [AiEngine] Adaptive time: 3000ms, depth: 3, reason: endgame, emergency: false
[DEBUG] 16:19:36.001 [AiEngine] Using JS Search
[DEBUG] 16:19:36.016 [AiEngine] Adaptive time: 3000ms, depth: 3, reason: endgame, emergency: false
[DEBUG] 16:19:36.016 [AiEngine] Using JS Search
[DEBUG] 16:19:36.023 [AiEngine] Adaptive time: 3000ms, depth: 3, reason: endgame, emergency: false
[DEBUG] 16:19:36.023 [AiEngine] Using JS Search
[DEBUG] 16:19:36.030 [AiEngine] Adaptive time: 3000ms, depth: 3, reason: endgame, emergency: false
[DEBUG] 16:19:36.030 [AiEngine] Using JS Search
[DEBUG] 16:19:36.035 [AiEngine] Adaptive time: 3000ms, depth: 3, reason: endgame, tactical, emergency: false
[DEBUG] 16:19:36.035 [AiEngine] Using JS Search
[DEBUG] 16:19:36.058 [AiEngine] Adaptive time: 3000ms, depth: 3, reason: endgame, emergency: false
[DEBUG] 16:19:36.058 [AiEngine] Using JS Search
[DEBUG] 16:19:36.067 [AiEngine] Adaptive time: 3000ms, depth: 3, reason: endgame, emergency: false
[DEBUG] 16:19:36.068 [AiEngine] Using JS Search
[DEBUG] 16:19:36.090 [AiEngine] Adaptive time: 3000ms, depth: 3, reason: endgame, emergency: false
[DEBUG] 16:19:36.090 [AiEngine] Using JS Search
[DEBUG] 16:19:36.096 [AiEngine] Adaptive time: 3000ms, depth: 3, reason: endgame, tactical, emergency: false
[DEBUG] 16:19:36.096 [AiEngine] Using JS Search
[DEBUG] 16:19:36.108 [AiEngine] Adaptive time: 3000ms, depth: 3, reason: endgame, emergency: false
[DEBUG] 16:19:36.108 [AiEngine] Using JS Search
[DEBUG] 16:19:36.117 [AiEngine] Adaptive time: 3000ms, depth: 3, reason: endgame, emergency: false
[DEBUG] 16:19:36.117 [AiEngine] Using JS Search
[DEBUG] 16:19:36.130 [AiEngine] Adaptive time: 3000ms, depth: 3, reason: endgame, emergency: false
[DEBUG] 16:19:36.130 [AiEngine] Using JS Search
[DEBUG] 16:19:36.138 [AiEngine] Adaptive time: 3000ms, depth: 3, reason: endgame, tactical, emergency: false
[DEBUG] 16:19:36.138 [AiEngine] Using JS Search
[DEBUG] 16:19:36.156 [AiEngine] Adaptive time: 500ms, depth: 3, reason: midgame, opening, emergency: false
[DEBUG] 16:19:36.156 [AiEngine] Using JS Search
[DEBUG] 16:19:36.188 [AiEngine] Adaptive time: 500ms, depth: 3, reason: midgame, opening, emergency: false
[DEBUG] 16:19:36.188 [AiEngine] Using JS Search
[DEBUG] 16:19:36.201 [AiEngine] Adaptive time: 500ms, depth: 3, reason: midgame, opening, tactical, emergency: false
[DEBUG] 16:19:36.201 [AiEngine] Using JS Search
[DEBUG] 16:19:36.220 [AiEngine] Adaptive time: 500ms, depth: 3, reason: midgame, opening, in-check, emergency: false
[DEBUG] 16:19:36.220 [AiEngine] Using JS Search
[DEBUG] 16:19:36.220 [AiEngine] Adaptive time: 500ms, depth: 3, reason: midgame, opening, emergency: false
[DEBUG] 16:19:36.220 [AiEngine] Using JS Search
[DEBUG] 16:19:36.297 [AiEngine] Adaptive time: 500ms, depth: 3, reason: midgame, opening, tactical, emergency: false
[DEBUG] 16:19:36.297 [AiEngine] Using JS Search
[DEBUG] 16:19:36.374 [AiEngine] Adaptive time: 500ms, depth: 3, reason: midgame, opening, emergency: false
[DEBUG] 16:19:36.374 [AiEngine] Using JS Search
[DEBUG] 16:19:36.406 [AiEngine] Adaptive time: 500ms, depth: 3, reason: midgame, opening, tactical, emergency: false
[DEBUG] 16:19:36.406 [AiEngine] Using JS Search
[DEBUG] 16:19:36.435 [AiEngine] Adaptive time: 500ms, depth: 3, reason: midgame, opening, emergency: false
[DEBUG] 16:19:36.435 [AiEngine] Using JS Search
[DEBUG] 16:19:36.474 [AiEngine] Adaptive time: 500ms, depth: 3, reason: midgame, opening, tactical, emergency: false
[DEBUG] 16:19:36.474 [AiEngine] Using JS Search
[DEBUG] 16:19:36.523 [AiEngine] Adaptive time: 500ms, depth: 3, reason: midgame, opening, in-check, tactical, emergency: false
[DEBUG] 16:19:36.523 [AiEngine] Using JS Search
[DEBUG] 16:19:36.565 [AiEngine] Adaptive time: 500ms, depth: 3, reason: midgame, opening, tactical, emergency: false
[DEBUG] 16:19:36.565 [AiEngine] Using JS Search
[DEBUG] 16:19:36.588 [AiEngine] Adaptive time: 500ms, depth: 3, reason: midgame, opening, in-check, emergency: false
[DEBUG] 16:19:36.588 [AiEngine] Using JS Search
[DEBUG] 16:19:36.618 [AiEngine] Adaptive time: 500ms, depth: 3, reason: midgame, opening, tactical, emergency: false
[DEBUG] 16:19:36.618 [AiEngine] Using JS Search
[DEBUG] 16:19:36.641 [AiEngine] Adaptive time: 500ms, depth: 3, reason: midgame, opening, emergency: false
[DEBUG] 16:19:36.641 [AiEngine] Using JS Search
[DEBUG] 16:19:36.668 [AiEngine] Adaptive time: 500ms, depth: 3, reason: midgame, opening, tactical, emergency: false
[DEBUG] 16:19:36.668 [AiEngine] Using JS Search
[DEBUG] 16:19:36.697 [AiEngine] Adaptive time: 500ms, depth: 3, reason: midgame, opening, tactical, emergency: false
[DEBUG] 16:19:36.697 [AiEngine] Using JS Search
[DEBUG] 16:19:36.756 [AiEngine] Adaptive time: 500ms, depth: 3, reason: midgame, opening, tactical, emergency: false
[DEBUG] 16:19:36.757 [AiEngine] Using JS Search
[DEBUG] 16:19:36.783 [AiEngine] Adaptive time: 500ms, depth: 3, reason: midgame, opening, tactical, emergency: false
[DEBUG] 16:19:36.783 [AiEngine] Using JS Search
[DEBUG] 16:19:36.962 [AiEngine] Adaptive time: 500ms, depth: 3, reason: midgame, opening, tactical, emergency: false
[DEBUG] 16:19:36.962 [AiEngine] Using JS Search
[DEBUG] 16:19:37.012 [AiEngine] Adaptive time: 500ms, depth: 3, reason: midgame, opening, in-check, emergency: false
[DEBUG] 16:19:37.012 [AiEngine] Using JS Search
[DEBUG] 16:19:37.022 [AiEngine] Adaptive time: 500ms, depth: 3, reason: midgame, opening, tactical, emergency: false
[DEBUG] 16:19:37.022 [AiEngine] Using JS Search
[DEBUG] 16:19:37.045 [AiEngine] Adaptive time: 500ms, depth: 3, reason: midgame, opening, tactical, emergency: false
[DEBUG] 16:19:37.045 [AiEngine] Using JS Search
[DEBUG] 16:19:37.241 [AiEngine] Adaptive time: 500ms, depth: 3, reason: midgame, opening, tactical, emergency: false
[DEBUG] 16:19:37.241 [AiEngine] Using JS Search
[DEBUG] 16:19:37.262 [AiEngine] Adaptive time: 500ms, depth: 3, reason: midgame, opening, tactical, emergency: false
[DEBUG] 16:19:37.262 [AiEngine] Using JS Search
[DEBUG] 16:19:37.455 [AiEngine] Adaptive time: 500ms, depth: 3, reason: midgame, opening, tactical, emergency: false
[DEBUG] 16:19:37.455 [AiEngine] Using JS Search
[DEBUG] 16:19:37.522 [AiEngine] Adaptive time: 500ms, depth: 3, reason: midgame, opening, tactical, emergency: false
[DEBUG] 16:19:37.522 [AiEngine] Using JS Search
[DEBUG] 16:19:37.595 [AiEngine] Adaptive time: 500ms, depth: 3, reason: midgame, opening, tactical, emergency: false
[DEBUG] 16:19:37.595 [AiEngine] Using JS Search
[DEBUG] 16:19:37.777 [AiEngine] Adaptive time: 500ms, depth: 3, reason: midgame, opening, tactical, emergency: false
[DEBUG] 16:19:37.777 [AiEngine] Using JS Search
[DEBUG] 16:19:37.955 [AiEngine] Adaptive time: 500ms, depth: 3, reason: midgame, opening, tactical, emergency: false
[DEBUG] 16:19:37.955 [AiEngine] Using JS Search
[DEBUG] 16:19:38.135 [AiEngine] Adaptive time: 500ms, depth: 3, reason: midgame, opening, tactical, emergency: false
[DEBUG] 16:19:38.135 [AiEngine] Using JS Search
[DEBUG] 16:19:38.403 [AiEngine] Adaptive time: 500ms, depth: 3, reason: midgame, opening, tactical, emergency: false
[DEBUG] 16:19:38.403 [AiEngine] Using JS Search
[DEBUG] 16:19:38.470 [AiEngine] Adaptive time: 500ms, depth: 3, reason: midgame, opening, emergency: false
[DEBUG] 16:19:38.471 [AiEngine] Using JS Search
[DEBUG] 16:19:38.599 [AiEngine] Adaptive time: 500ms, depth: 3, reason: midgame, opening, tactical, emergency: false
[DEBUG] 16:19:38.599 [AiEngine] Using JS Search
[DEBUG] 16:19:38.711 [AiEngine] Adaptive time: 500ms, depth: 3, reason: midgame, opening, emergency: false
[DEBUG] 16:19:38.711 [AiEngine] Using JS Search
[DEBUG] 16:19:38.760 [AiEngine] Adaptive time: 500ms, depth: 3, reason: midgame, opening, tactical, emergency: false
[DEBUG] 16:19:38.760 [AiEngine] Using JS Search
[DEBUG] 16:19:38.822 [AiEngine] Adaptive time: 500ms, depth: 3, reason: midgame, opening, emergency: false
[DEBUG] 16:19:38.822 [AiEngine] Using JS Search
[DEBUG] 16:19:38.872 [AiEngine] Adaptive time: 500ms, depth: 3, reason: midgame, opening, tactical, emergency: false
[DEBUG] 16:19:38.872 [AiEngine] Using JS Search
[DEBUG] 16:19:39.017 [AiEngine] Adaptive time: 500ms, depth: 3, reason: midgame, opening, in-check, emergency: false
[DEBUG] 16:19:39.017 [AiEngine] Using JS Search
[DEBUG] 16:19:39.041 [AiEngine] Adaptive time: 500ms, depth: 3, reason: midgame, opening, tactical, emergency: false
[DEBUG] 16:19:39.041 [AiEngine] Using JS Search
[DEBUG] 16:19:39.087 [AiEngine] Adaptive time: 3000ms, depth: 3, reason: midgame, emergency: false
[DEBUG] 16:19:39.087 [AiEngine] Using JS Search
[DEBUG] 16:19:39.134 [AiEngine] Adaptive time: 3000ms, depth: 3, reason: midgame, tactical, emergency: false
[DEBUG] 16:19:39.134 [AiEngine] Using JS Search
[DEBUG] 16:19:39.184 [AiEngine] Adaptive time: 3000ms, depth: 3, reason: midgame, emergency: false
[DEBUG] 16:19:39.184 [AiEngine] Using JS Search
[DEBUG] 16:19:39.273 [AiEngine] Adaptive time: 3000ms, depth: 3, reason: midgame, tactical, emergency: false
[DEBUG] 16:19:39.273 [AiEngine] Using JS Search
[DEBUG] 16:19:39.339 [AiEngine] Adaptive time: 3000ms, depth: 3, reason: midgame, emergency: false
[DEBUG] 16:19:39.339 [AiEngine] Using JS Search
[DEBUG] 16:19:39.418 [AiEngine] Adaptive time: 3000ms, depth: 3, reason: midgame, tactical, emergency: false
[DEBUG] 16:19:39.418 [AiEngine] Using JS Search
[DEBUG] 16:19:39.474 [AiEngine] Adaptive time: 3000ms, depth: 3, reason: midgame, emergency: false
[DEBUG] 16:19:39.474 [AiEngine] Using JS Search
[DEBUG] 16:19:39.590 [AiEngine] Adaptive time: 3000ms, depth: 3, reason: midgame, tactical, emergency: false
[DEBUG] 16:19:39.590 [AiEngine] Using JS Search
[DEBUG] 16:19:39.760 [AiEngine] Adaptive time: 3000ms, depth: 3, reason: standard, emergency: false
[DEBUG] 16:19:39.760 [AiEngine] Using JS Search
[DEBUG] 16:19:39.777 [AiEngine] Adaptive time: 3000ms, depth: 3, reason: tactical, emergency: false
[DEBUG] 16:19:39.777 [AiEngine] Using JS Search
[DEBUG] 16:19:39.865 [AiEngine] Adaptive time: 3000ms, depth: 3, reason: standard, emergency: false
[DEBUG] 16:19:39.865 [AiEngine] Using JS Search
[DEBUG] 16:19:39.972 [AiEngine] Adaptive time: 3000ms, depth: 3, reason: tactical, emergency: false
[DEBUG] 16:19:39.972 [AiEngine] Using JS Search
[DEBUG] 16:19:40.044 [AiEngine] Adaptive time: 3000ms, depth: 3, reason: standard, emergency: false
[DEBUG] 16:19:40.044 [AiEngine] Using JS Search
[DEBUG] 16:19:40.180 [AiEngine] Adaptive time: 3000ms, depth: 3, reason: tactical, emergency: false
[DEBUG] 16:19:40.180 [AiEngine] Using JS Search
[DEBUG] 16:19:40.224 [AiEngine] Adaptive time: 3000ms, depth: 3, reason: tactical, emergency: false
[DEBUG] 16:19:40.224 [AiEngine] Using JS Search
[DEBUG] 16:19:40.298 [AiEngine] Adaptive time: 3000ms, depth: 3, reason: tactical, emergency: false
[DEBUG] 16:19:40.298 [AiEngine] Using JS Search
[DEBUG] 16:19:40.337 [AiEngine] Adaptive time: 3000ms, depth: 3, reason: tactical, emergency: false
[DEBUG] 16:19:40.337 [AiEngine] Using JS Search
[DEBUG] 16:19:40.364 [AiEngine] Adaptive time: 3000ms, depth: 3, reason: in-check, emergency: false
[DEBUG] 16:19:40.364 [AiEngine] Using JS Search
[DEBUG] 16:19:40.372 [AiEngine] Adaptive time: 3000ms, depth: 3, reason: tactical, emergency: false
[DEBUG] 16:19:40.372 [AiEngine] Using JS Search
[DEBUG] 16:19:40.440 [AiEngine] Adaptive time: 3000ms, depth: 3, reason: standard, emergency: false
[DEBUG] 16:19:40.440 [AiEngine] Using JS Search
[DEBUG] 16:19:40.452 [AiEngine] Adaptive time: 3000ms, depth: 3, reason: tactical, emergency: false
[DEBUG] 16:19:40.452 [AiEngine] Using JS Search
[DEBUG] 16:19:40.473 [AiEngine] Adaptive time: 3000ms, depth: 3, reason: standard, emergency: false
[DEBUG] 16:19:40.473 [AiEngine] Using JS Search
[DEBUG] 16:19:40.485 [AiEngine] Adaptive time: 3000ms, depth: 3, reason: tactical, emergency: false
[DEBUG] 16:19:40.485 [AiEngine] Using JS Search
[DEBUG] 16:19:40.505 [AiEngine] Adaptive time: 3000ms, depth: 3, reason: standard, emergency: false
[DEBUG] 16:19:40.505 [AiEngine] Using JS Search
[DEBUG] 16:19:40.519 [AiEngine] Adaptive time: 3000ms, depth: 3, reason: tactical, emergency: false
[DEBUG] 16:19:40.519 [AiEngine] Using JS Search
[DEBUG] 16:19:40.540 [AiEngine] Adaptive time: 3000ms, depth: 3, reason: standard, emergency: false
[DEBUG] 16:19:40.540 [AiEngine] Using JS Search
[DEBUG] 16:19:40.561 [AiEngine] Adaptive time: 3000ms, depth: 3, reason: tactical, emergency: false
[DEBUG] 16:19:40.561 [AiEngine] Using JS Search
[DEBUG] 16:19:40.585 [AiEngine] Adaptive time: 3000ms, depth: 3, reason: endgame, emergency: false
[DEBUG] 16:19:40.585 [AiEngine] Using JS Search
[DEBUG] 16:19:40.604 [AiEngine] Adaptive time: 3000ms, depth: 3, reason: endgame, tactical, emergency: false
[DEBUG] 16:19:40.604 [AiEngine] Using JS Search
[DEBUG] 16:19:40.619 [AiEngine] Adaptive time: 3000ms, depth: 3, reason: endgame, in-check, emergency: false
[DEBUG] 16:19:40.619 [AiEngine] Using JS Search
[DEBUG] 16:19:40.628 [AiEngine] Adaptive time: 3000ms, depth: 3, reason: endgame, tactical, emergency: false
[DEBUG] 16:19:40.628 [AiEngine] Using JS Search
[DEBUG] 16:19:40.642 [AiEngine] Adaptive time: 3000ms, depth: 3, reason: endgame, emergency: false
[DEBUG] 16:19:40.642 [AiEngine] Using JS Search
[DEBUG] 16:19:40.656 [AiEngine] Adaptive time: 3000ms, depth: 3, reason: endgame, tactical, emergency: false
[DEBUG] 16:19:40.656 [AiEngine] Using JS Search
[DEBUG] 16:19:40.669 [AiEngine] Adaptive time: 3000ms, depth: 3, reason: endgame, emergency: false
[DEBUG] 16:19:40.669 [AiEngine] Using JS Search
[DEBUG] 16:19:40.684 [AiEngine] Adaptive time: 3000ms, depth: 3, reason: endgame, tactical, emergency: false
[DEBUG] 16:19:40.684 [AiEngine] Using JS Search
[DEBUG] 16:19:40.708 [AiEngine] Adaptive time: 3000ms, depth: 3, reason: endgame, emergency: false
[DEBUG] 16:19:40.708 [AiEngine] Using JS Search
[DEBUG] 16:19:40.726 [AiEngine] Adaptive time: 3000ms, depth: 3, reason: endgame, tactical, emergency: false
[DEBUG] 16:19:40.726 [AiEngine] Using JS Search
[DEBUG] 16:19:40.741 [AiEngine] Adaptive time: 3000ms, depth: 3, reason: endgame, emergency: false
[DEBUG] 16:19:40.741 [AiEngine] Using JS Search
[DEBUG] 16:19:40.748 [AiEngine] Adaptive time: 3000ms, depth: 3, reason: endgame, tactical, emergency: false
[DEBUG] 16:19:40.748 [AiEngine] Using JS Search
[DEBUG] 16:19:40.769 [AiEngine] Adaptive time: 3000ms, depth: 3, reason: endgame, in-check, emergency: false
[DEBUG] 16:19:40.769 [AiEngine] Using JS Search
[DEBUG] 16:19:40.773 [AiEngine] Adaptive time: 3000ms, depth: 3, reason: endgame, tactical, emergency: false
[DEBUG] 16:19:40.773 [AiEngine] Using JS Search
[DEBUG] 16:19:40.784 [AiEngine] Adaptive time: 3000ms, depth: 3, reason: endgame, emergency: false
[DEBUG] 16:19:40.784 [AiEngine] Using JS Search
[DEBUG] 16:19:40.789 [AiEngine] Adaptive time: 3000ms, depth: 3, reason: endgame, tactical, emergency: false
[DEBUG] 16:19:40.789 [AiEngine] Using JS Search
[DEBUG] 16:19:40.807 [AiEngine] Adaptive time: 3000ms, depth: 3, reason: endgame, in-check, emergency: false
[DEBUG] 16:19:40.807 [AiEngine] Using JS Search
[DEBUG] 16:19:40.812 [AiEngine] Adaptive time: 3000ms, depth: 3, reason: endgame, tactical, emergency: false
[DEBUG] 16:19:40.812 [AiEngine] Using JS Search
[DEBUG] 16:19:40.831 [AiEngine] Adaptive time: 3000ms, depth: 3, reason: endgame, emergency: false
[DEBUG] 16:19:40.831 [AiEngine] Using JS Search
[DEBUG] 16:19:40.857 [AiEngine] Adaptive time: 3000ms, depth: 3, reason: endgame, emergency: false
[DEBUG] 16:19:40.857 [AiEngine] Using JS Search
[DEBUG] 16:19:40.873 [AiEngine] Adaptive time: 3000ms, depth: 3, reason: endgame, emergency: false
[DEBUG] 16:19:40.873 [AiEngine] Using JS Search
[DEBUG] 16:19:40.882 [AiEngine] Adaptive time: 3000ms, depth: 3, reason: endgame, tactical, emergency: false
[DEBUG] 16:19:40.882 [AiEngine] Using JS Search
[DEBUG] 16:19:40.895 [AiEngine] Adaptive time: 3000ms, depth: 3, reason: endgame, emergency: false
[DEBUG] 16:19:40.895 [AiEngine] Using JS Search
[DEBUG] 16:19:40.903 [AiEngine] Adaptive time: 3000ms, depth: 3, reason: endgame, tactical, emergency: false
[DEBUG] 16:19:40.903 [AiEngine] Using JS Search
[DEBUG] 16:19:40.921 [AiEngine] Adaptive time: 3000ms, depth: 3, reason: endgame, in-check, emergency: false
[DEBUG] 16:19:40.921 [AiEngine] Using JS Search
[DEBUG] 16:19:40.947 [AiEngine] Adaptive time: 3000ms, depth: 3, reason: endgame, tactical, emergency: false
[DEBUG] 16:19:40.947 [AiEngine] Using JS Search
[DEBUG] 16:19:40.961 [AiEngine] Adaptive time: 3000ms, depth: 3, reason: endgame, emergency: false
[DEBUG] 16:19:40.961 [AiEngine] Using JS Search
[DEBUG] 16:19:40.967 [AiEngine] Adaptive time: 3000ms, depth: 3, reason: endgame, tactical, emergency: false
[DEBUG] 16:19:40.967 [AiEngine] Using JS Search
[DEBUG] 16:19:40.977 [AiEngine] Adaptive time: 3000ms, depth: 3, reason: endgame, emergency: false
[DEBUG] 16:19:40.977 [AiEngine] Using JS Search
[DEBUG] 16:19:40.982 [AiEngine] Adaptive time: 3000ms, depth: 3, reason: endgame, tactical, emergency: false
[DEBUG] 16:19:40.982 [AiEngine] Using JS Search
[DEBUG] 16:19:40.997 [AiEngine] Adaptive time: 3000ms, depth: 3, reason: endgame, emergency: false
[DEBUG] 16:19:40.997 [AiEngine] Using JS Search
[DEBUG] 16:19:41.008 [AiEngine] Adaptive time: 3000ms, depth: 3, reason: endgame, tactical, emergency: false
[DEBUG] 16:19:41.008 [AiEngine] Using JS Search
[DEBUG] 16:19:41.020 [AiEngine] Adaptive time: 3000ms, depth: 3, reason: endgame, emergency: false
[DEBUG] 16:19:41.020 [AiEngine] Using JS Search
[DEBUG] 16:19:41.025 [AiEngine] Adaptive time: 500ms, depth: 3, reason: midgame, opening, emergency: false
[DEBUG] 16:19:41.025 [AiEngine] Using JS Search
[DEBUG] 16:19:41.060 [AiEngine] Adaptive time: 500ms, depth: 3, reason: midgame, opening, emergency: false
[DEBUG] 16:19:41.060 [AiEngine] Using JS Search
[DEBUG] 16:19:41.073 [AiEngine] Adaptive time: 500ms, depth: 3, reason: midgame, opening, emergency: false
[DEBUG] 16:19:41.073 [AiEngine] Using JS Search
[DEBUG] 16:19:41.122 [AiEngine] Adaptive time: 500ms, depth: 3, reason: midgame, opening, tactical, emergency: false
[DEBUG] 16:19:41.122 [AiEngine] Using JS Search
[DEBUG] 16:19:41.172 [AiEngine] Adaptive time: 500ms, depth: 3, reason: midgame, opening, in-check, emergency: false
[DEBUG] 16:19:41.172 [AiEngine] Using JS Search
[DEBUG] 16:19:41.174 [AiEngine] Adaptive time: 500ms, depth: 3, reason: midgame, opening, emergency: false
[DEBUG] 16:19:41.174 [AiEngine] Using JS Search
[DEBUG] 16:19:41.205 [AiEngine] Adaptive time: 500ms, depth: 3, reason: midgame, opening, emergency: false
[DEBUG] 16:19:41.205 [AiEngine] Using JS Search
[DEBUG] 16:19:41.255 [AiEngine] Adaptive time: 500ms, depth: 3, reason: midgame, opening, emergency: false
[DEBUG] 16:19:41.255 [AiEngine] Using JS Search
[DEBUG] 16:19:41.264 [AiEngine] Adaptive time: 500ms, depth: 3, reason: midgame, opening, tactical, emergency: false
[DEBUG] 16:19:41.264 [AiEngine] Using JS Search
[DEBUG] 16:19:41.424 [AiEngine] Adaptive time: 500ms, depth: 3, reason: midgame, opening, emergency: false
[DEBUG] 16:19:41.424 [AiEngine] Using JS Search
[DEBUG] 16:19:41.482 [AiEngine] Adaptive time: 500ms, depth: 3, reason: midgame, opening, emergency: false
[DEBUG] 16:19:41.482 [AiEngine] Using JS Search
[DEBUG] 16:19:41.547 [AiEngine] Adaptive time: 500ms, depth: 3, reason: midgame, opening, emergency: false
[DEBUG] 16:19:41.547 [AiEngine] Using JS Search
[DEBUG] 16:19:41.637 [AiEngine] Adaptive time: 500ms, depth: 3, reason: midgame, opening, tactical, emergency: false
[DEBUG] 16:19:41.638 [AiEngine] Using JS Search
[DEBUG] 16:19:41.727 [AiEngine] Adaptive time: 500ms, depth: 3, reason: midgame, opening, emergency: false
[DEBUG] 16:19:41.727 [AiEngine] Using JS Search
[DEBUG] 16:19:41.850 [AiEngine] Adaptive time: 500ms, depth: 3, reason: midgame, opening, tactical, emergency: false
[DEBUG] 16:19:41.850 [AiEngine] Using JS Search
[DEBUG] 16:19:42.021 [AiEngine] Adaptive time: 500ms, depth: 3, reason: midgame, opening, emergency: false
[DEBUG] 16:19:42.021 [AiEngine] Using JS Search
[DEBUG] 16:19:42.069 [AiEngine] Adaptive time: 500ms, depth: 3, reason: midgame, opening, tactical, emergency: false
[DEBUG] 16:19:42.069 [AiEngine] Using JS Search
[DEBUG] 16:19:42.103 [AiEngine] Adaptive time: 500ms, depth: 3, reason: midgame, opening, emergency: false
[DEBUG] 16:19:42.103 [AiEngine] Using JS Search
[DEBUG] 16:19:42.171 [AiEngine] Adaptive time: 500ms, depth: 3, reason: midgame, opening, tactical, emergency: false
[DEBUG] 16:19:42.171 [AiEngine] Using JS Search
[DEBUG] 16:19:42.222 [AiEngine] Adaptive time: 500ms, depth: 3, reason: midgame, opening, in-check, tactical, emergency: false
[DEBUG] 16:19:42.222 [AiEngine] Using JS Search
[DEBUG] 16:19:42.266 [AiEngine] Adaptive time: 500ms, depth: 3, reason: midgame, opening, emergency: false
[DEBUG] 16:19:42.266 [AiEngine] Using JS Search
[DEBUG] 16:19:42.439 [AiEngine] Adaptive time: 500ms, depth: 3, reason: midgame, opening, emergency: false
[DEBUG] 16:19:42.439 [AiEngine] Using JS Search
[DEBUG] 16:19:42.564 [AiEngine] Adaptive time: 500ms, depth: 3, reason: midgame, opening, tactical, emergency: false
[DEBUG] 16:19:42.564 [AiEngine] Using JS Search
[DEBUG] 16:19:42.623 [AiEngine] Adaptive time: 500ms, depth: 3, reason: midgame, opening, tactical, emergency: false
[DEBUG] 16:19:42.623 [AiEngine] Using JS Search
[DEBUG] 16:19:42.692 [AiEngine] Adaptive time: 500ms, depth: 3, reason: midgame, opening, in-check, emergency: false
[DEBUG] 16:19:42.692 [AiEngine] Using JS Search
[DEBUG] 16:19:42.724 [AiEngine] Adaptive time: 500ms, depth: 3, reason: midgame, opening, tactical, emergency: false
[DEBUG] 16:19:42.724 [AiEngine] Using JS Search
[DEBUG] 16:19:42.805 [AiEngine] Adaptive time: 500ms, depth: 3, reason: midgame, opening, in-check, emergency: false
[DEBUG] 16:19:42.805 [AiEngine] Using JS Search
[DEBUG] 16:19:42.820 [AiEngine] Adaptive time: 500ms, depth: 3, reason: midgame, opening, tactical, emergency: false
[DEBUG] 16:19:42.820 [AiEngine] Using JS Search
[DEBUG] 16:19:42.882 [AiEngine] Adaptive time: 500ms, depth: 3, reason: midgame, opening, in-check, emergency: false
[DEBUG] 16:19:42.882 [AiEngine] Using JS Search
[DEBUG] 16:19:42.912 [AiEngine] Adaptive time: 500ms, depth: 3, reason: midgame, opening, tactical, emergency: false
[DEBUG] 16:19:42.912 [AiEngine] Using JS Search
[DEBUG] 16:19:42.979 [AiEngine] Adaptive time: 500ms, depth: 3, reason: midgame, opening, tactical, emergency: false
[DEBUG] 16:19:42.979 [AiEngine] Using JS Search
[DEBUG] 16:19:43.074 [AiEngine] Adaptive time: 500ms, depth: 3, reason: midgame, opening, in-check, tactical, emergency: false
[DEBUG] 16:19:43.075 [AiEngine] Using JS Search
[DEBUG] 16:19:43.101 [AiEngine] Adaptive time: 500ms, depth: 3, reason: midgame, opening, emergency: false
[DEBUG] 16:19:43.101 [AiEngine] Using JS Search
[DEBUG] 16:19:43.183 [AiEngine] Adaptive time: 500ms, depth: 3, reason: midgame, opening, tactical, emergency: false
[DEBUG] 16:19:43.183 [AiEngine] Using JS Search
[DEBUG] 16:19:43.233 [AiEngine] Adaptive time: 500ms, depth: 3, reason: midgame, opening, tactical, emergency: false
[DEBUG] 16:19:43.234 [AiEngine] Using JS Search
[DEBUG] 16:19:43.362 [AiEngine] Adaptive time: 500ms, depth: 3, reason: midgame, opening, tactical, emergency: false
[DEBUG] 16:19:43.362 [AiEngine] Using JS Search
[DEBUG] 16:19:43.396 [AiEngine] Adaptive time: 500ms, depth: 3, reason: midgame, opening, emergency: false
[DEBUG] 16:19:43.396 [AiEngine] Using JS Search
[DEBUG] 16:19:43.418 [AiEngine] Adaptive time: 500ms, depth: 3, reason: midgame, opening, tactical, emergency: false
[DEBUG] 16:19:43.418 [AiEngine] Using JS Search
[DEBUG] 16:19:43.433 [AiEngine] Adaptive time: 500ms, depth: 3, reason: midgame, opening, emergency: false
[DEBUG] 16:19:43.433 [AiEngine] Using JS Search
[DEBUG] 16:19:43.502 [AiEngine] Adaptive time: 500ms, depth: 3, reason: midgame, opening, tactical, emergency: false
[DEBUG] 16:19:43.502 [AiEngine] Using JS Search
[DEBUG] 16:19:43.545 [AiEngine] Adaptive time: 3000ms, depth: 3, reason: midgame, tactical, emergency: false
[DEBUG] 16:19:43.545 [AiEngine] Using JS Search
[DEBUG] 16:19:43.567 [AiEngine] Adaptive time: 3000ms, depth: 3, reason: tactical, emergency: false
[DEBUG] 16:19:43.567 [AiEngine] Using JS Search
[DEBUG] 16:19:43.581 [AiEngine] Adaptive time: 3000ms, depth: 3, reason: in-check, emergency: false
[DEBUG] 16:19:43.581 [AiEngine] Using JS Search
[DEBUG] 16:19:43.586 [AiEngine] Adaptive time: 3000ms, depth: 3, reason: tactical, emergency: false
[DEBUG] 16:19:43.586 [AiEngine] Using JS Search
[DEBUG] 16:19:43.597 [AiEngine] Adaptive time: 3000ms, depth: 3, reason: tactical, emergency: false
[DEBUG] 16:19:43.597 [AiEngine] Using JS Search
[DEBUG] 16:19:43.639 [AiEngine] Adaptive time: 3000ms, depth: 3, reason: tactical, emergency: false
[DEBUG] 16:19:43.639 [AiEngine] Using JS Search
[DEBUG] 16:19:43.649 [AiEngine] Adaptive time: 3000ms, depth: 3, reason: tactical, emergency: false
[DEBUG] 16:19:43.649 [AiEngine] Using JS Search
[DEBUG] 16:19:43.669 [AiEngine] Adaptive time: 3000ms, depth: 3, reason: standard, emergency: false
[DEBUG] 16:19:43.669 [AiEngine] Using JS Search
[DEBUG] 16:19:43.676 [AiEngine] Adaptive time: 3000ms, depth: 3, reason: tactical, emergency: false
[DEBUG] 16:19:43.676 [AiEngine] Using JS Search
[DEBUG] 16:19:43.717 [AiEngine] Adaptive time: 3000ms, depth: 3, reason: standard, emergency: false
[DEBUG] 16:19:43.717 [AiEngine] Using JS Search
[DEBUG] 16:19:43.724 [AiEngine] Adaptive time: 3000ms, depth: 3, reason: tactical, emergency: false
[DEBUG] 16:19:43.724 [AiEngine] Using JS Search
[DEBUG] 16:19:43.761 [AiEngine] Adaptive time: 3000ms, depth: 3, reason: in-check, emergency: false
[DEBUG] 16:19:43.761 [AiEngine] Using JS Search
[DEBUG] 16:19:43.767 [AiEngine] Adaptive time: 3000ms, depth: 3, reason: standard, emergency: false
[DEBUG] 16:19:43.767 [AiEngine] Using JS Search
[DEBUG] 16:19:43.788 [AiEngine] Adaptive time: 3000ms, depth: 3, reason: standard, emergency: false
[DEBUG] 16:19:43.788 [AiEngine] Using JS Search
[DEBUG] 16:19:43.803 [AiEngine] Adaptive time: 3000ms, depth: 3, reason: standard, emergency: false
[DEBUG] 16:19:43.803 [AiEngine] Using JS Search
[DEBUG] 16:19:43.820 [AiEngine] Adaptive time: 3000ms, depth: 3, reason: in-check, emergency: false
[DEBUG] 16:19:43.820 [AiEngine] Using JS Search
[DEBUG] 16:19:43.827 [AiEngine] Adaptive time: 3000ms, depth: 3, reason: endgame, emergency: false
[DEBUG] 16:19:43.827 [AiEngine] Using JS Search
[DEBUG] 16:19:43.839 [AiEngine] Adaptive time: 3000ms, depth: 3, reason: endgame, emergency: false
[DEBUG] 16:19:43.839 [AiEngine] Using JS Search
[DEBUG] 16:19:43.844 [AiEngine] Adaptive time: 3000ms, depth: 3, reason: endgame, tactical, emergency: false
[DEBUG] 16:19:43.844 [AiEngine] Using JS Search
[DEBUG] 16:19:43.852 [AiEngine] Adaptive time: 3000ms, depth: 3, reason: endgame, emergency: false
[DEBUG] 16:19:43.852 [AiEngine] Using JS Search
[DEBUG] 16:19:43.857 [AiEngine] Adaptive time: 3000ms, depth: 3, reason: endgame, emergency: false
[DEBUG] 16:19:43.857 [AiEngine] Using JS Search
[DEBUG] 16:19:43.863 [AiEngine] Adaptive time: 3000ms, depth: 3, reason: endgame, emergency: false
[DEBUG] 16:19:43.863 [AiEngine] Using JS Search
[DEBUG] 16:19:43.869 [AiEngine] Adaptive time: 3000ms, depth: 3, reason: endgame, emergency: false
[DEBUG] 16:19:43.869 [AiEngine] Using JS Search
[DEBUG] 16:19:43.872 [AiEngine] Adaptive time: 3000ms, depth: 3, reason: endgame, emergency: false
[DEBUG] 16:19:43.872 [AiEngine] Using JS Search
[DEBUG] 16:19:43.876 [AiEngine] Adaptive time: 3000ms, depth: 3, reason: endgame, emergency: false
[DEBUG] 16:19:43.876 [AiEngine] Using JS Search
[DEBUG] 16:19:43.880 [AiEngine] Adaptive time: 3000ms, depth: 3, reason: endgame, emergency: false
[DEBUG] 16:19:43.880 [AiEngine] Using JS Search
[DEBUG] 16:19:43.885 [AiEngine] Adaptive time: 3000ms, depth: 3, reason: endgame, tactical, emergency: false
[DEBUG] 16:19:43.885 [AiEngine] Using JS Search
[DEBUG] 16:19:43.890 [AiEngine] Adaptive time: 3000ms, depth: 3, reason: endgame, emergency: false
[DEBUG] 16:19:43.890 [AiEngine] Using JS Search
[DEBUG] 16:19:43.895 [AiEngine] Adaptive time: 3000ms, depth: 3, reason: endgame, tactical, emergency: false
[DEBUG] 16:19:43.895 [AiEngine] Using JS Search
[DEBUG] 16:19:43.902 [AiEngine] Adaptive time: 3000ms, depth: 3, reason: endgame, emergency: false
[DEBUG] 16:19:43.902 [AiEngine] Using JS Search
[DEBUG] 16:19:43.907 [AiEngine] Adaptive time: 3000ms, depth: 3, reason: endgame, emergency: false
[DEBUG] 16:19:43.907 [AiEngine] Using JS Search
[DEBUG] 16:19:43.912 [AiEngine] Adaptive time: 3000ms, depth: 3, reason: endgame, emergency: false
[DEBUG] 16:19:43.912 [AiEngine] Using JS Search
[DEBUG] 16:19:43.917 [AiEngine] Adaptive time: 3000ms, depth: 3, reason: endgame, emergency: false
[DEBUG] 16:19:43.917 [AiEngine] Using JS Search
[DEBUG] 16:19:43.923 [AiEngine] Adaptive time: 3000ms, depth: 3, reason: endgame, emergency: false
[DEBUG] 16:19:43.923 [AiEngine] Using JS Search
[DEBUG] 16:19:43.927 [AiEngine] Adaptive time: 3000ms, depth: 3, reason: endgame, emergency: false
[DEBUG] 16:19:43.927 [AiEngine] Using JS Search
[DEBUG] 16:19:43.932 [AiEngine] Adaptive time: 3000ms, depth: 3, reason: endgame, emergency: false
[DEBUG] 16:19:43.932 [AiEngine] Using JS Search
[DEBUG] 16:19:43.937 [AiEngine] Adaptive time: 3000ms, depth: 3, reason: endgame, emergency: false
[DEBUG] 16:19:43.937 [AiEngine] Using JS Search
[DEBUG] 16:19:43.945 [AiEngine] Adaptive time: 3000ms, depth: 3, reason: endgame, emergency: false
[DEBUG] 16:19:43.945 [AiEngine] Using JS Search
[DEBUG] 16:19:43.951 [AiEngine] Adaptive time: 3000ms, depth: 3, reason: endgame, emergency: false
[DEBUG] 16:19:43.951 [AiEngine] Using JS Search
[DEBUG] 16:19:43.955 [AiEngine] Adaptive time: 3000ms, depth: 3, reason: endgame, emergency: false
[DEBUG] 16:19:43.955 [AiEngine] Using JS Search
[DEBUG] 16:19:43.963 [AiEngine] Adaptive time: 3000ms, depth: 3, reason: endgame, emergency: false
[DEBUG] 16:19:43.963 [AiEngine] Using JS Search
[DEBUG] 16:19:43.966 [AiEngine] Adaptive time: 3000ms, depth: 3, reason: endgame, emergency: false
[DEBUG] 16:19:43.966 [AiEngine] Using JS Search
[DEBUG] 16:19:43.972 [AiEngine] Adaptive time: 3000ms, depth: 3, reason: endgame, emergency: false
[DEBUG] 16:19:43.972 [AiEngine] Using JS Search
[DEBUG] 16:19:43.978 [AiEngine] Adaptive time: 3000ms, depth: 3, reason: endgame, emergency: false
[DEBUG] 16:19:43.978 [AiEngine] Using JS Search
[DEBUG] 16:19:43.983 [AiEngine] Adaptive time: 3000ms, depth: 3, reason: endgame, emergency: false
[DEBUG] 16:19:43.983 [AiEngine] Using JS Search
[DEBUG] 16:19:43.989 [AiEngine] Adaptive time: 3000ms, depth: 3, reason: endgame, emergency: false
[DEBUG] 16:19:43.989 [AiEngine] Using JS Search
[DEBUG] 16:19:43.994 [AiEngine] Adaptive time: 3000ms, depth: 3, reason: endgame, emergency: false
[DEBUG] 16:19:43.994 [AiEngine] Using JS Search
[DEBUG] 16:19:43.998 [AiEngine] Adaptive time: 3000ms, depth: 3, reason: endgame, emergency: false
[DEBUG] 16:19:43.998 [AiEngine] Using JS Search
[DEBUG] 16:19:44.003 [AiEngine] Adaptive time: 3000ms, depth: 3, reason: endgame, emergency: false
[DEBUG] 16:19:44.003 [AiEngine] Using JS Search
[DEBUG] 16:19:44.006 [AiEngine] Adaptive time: 3000ms, depth: 3, reason: endgame, emergency: false
[DEBUG] 16:19:44.006 [AiEngine] Using JS Search
[DEBUG] 16:19:44.011 [AiEngine] Adaptive time: 3000ms, depth: 3, reason: endgame, emergency: false
[DEBUG] 16:19:44.011 [AiEngine] Using JS Search
[DEBUG] 16:19:44.017 [AiEngine] Adaptive time: 3000ms, depth: 3, reason: endgame, emergency: false
[DEBUG] 16:19:44.017 [AiEngine] Using JS Search
[DEBUG] 16:19:44.023 [AiEngine] Adaptive time: 3000ms, depth: 3, reason: endgame, emergency: false
[DEBUG] 16:19:44.023 [AiEngine] Using JS Search
[DEBUG] 16:19:44.027 [AiEngine] Adaptive time: 3000ms, depth: 3, reason: endgame, emergency: false
[DEBUG] 16:19:44.027 [AiEngine] Using JS Search
[DEBUG] 16:19:44.032 [AiEngine] Adaptive time: 3000ms, depth: 3, reason: endgame, emergency: false
[DEBUG] 16:19:44.032 [AiEngine] Using JS Search
[DEBUG] 16:19:44.039 [AiEngine] Adaptive time: 3000ms, depth: 3, reason: endgame, emergency: false
[DEBUG] 16:19:44.039 [AiEngine] Using JS Search
[DEBUG] 16:19:44.044 [AiEngine] Adaptive time: 3000ms, depth: 3, reason: endgame, emergency: false
[DEBUG] 16:19:44.044 [AiEngine] Using JS Search
[DEBUG] 16:19:44.048 [AiEngine] Adaptive time: 3000ms, depth: 3, reason: endgame, emergency: false
[DEBUG] 16:19:44.048 [AiEngine] Using JS Search
[DEBUG] 16:19:44.053 [AiEngine] Adaptive time: 3000ms, depth: 3, reason: endgame, emergency: false
[DEBUG] 16:19:44.053 [AiEngine] Using JS Search
[DEBUG] 16:19:44.058 [AiEngine] Adaptive time: 3000ms, depth: 3, reason: endgame, emergency: false
[DEBUG] 16:19:44.058 [AiEngine] Using JS Search
[DEBUG] 16:19:44.061 [AiEngine] Adaptive time: 500ms, depth: 3, reason: midgame, opening, emergency: false
[DEBUG] 16:19:44.061 [AiEngine] Using JS Search
[DEBUG] 16:19:44.093 [AiEngine] Adaptive time: 500ms, depth: 3, reason: midgame, opening, emergency: false
[DEBUG] 16:19:44.093 [AiEngine] Using JS Search
[DEBUG] 16:19:44.105 [AiEngine] Adaptive time: 500ms, depth: 3, reason: midgame, opening, tactical, emergency: false
[DEBUG] 16:19:44.105 [AiEngine] Using JS Search
[DEBUG] 16:19:44.122 [AiEngine] Adaptive time: 500ms, depth: 3, reason: midgame, opening, in-check, emergency: false
[DEBUG] 16:19:44.122 [AiEngine] Using JS Search
[DEBUG] 16:19:44.123 [AiEngine] Adaptive time: 500ms, depth: 3, reason: midgame, opening, emergency: false
[DEBUG] 16:19:44.123 [AiEngine] Using JS Search
[DEBUG] 16:19:44.169 [AiEngine] Adaptive time: 500ms, depth: 3, reason: midgame, opening, tactical, emergency: false
[DEBUG] 16:19:44.169 [AiEngine] Using JS Search
[DEBUG] 16:19:44.234 [AiEngine] Adaptive time: 500ms, depth: 3, reason: midgame, opening, emergency: false
[DEBUG] 16:19:44.234 [AiEngine] Using JS Search
[DEBUG] 16:19:44.244 [AiEngine] Adaptive time: 500ms, depth: 3, reason: midgame, opening, tactical, emergency: false
[DEBUG] 16:19:44.244 [AiEngine] Using JS Search
[DEBUG] 16:19:44.251 [AiEngine] Adaptive time: 500ms, depth: 3, reason: midgame, opening, emergency: false
[DEBUG] 16:19:44.251 [AiEngine] Using JS Search
[DEBUG] 16:19:44.277 [AiEngine] Adaptive time: 500ms, depth: 3, reason: midgame, opening, tactical, emergency: false
[DEBUG] 16:19:44.277 [AiEngine] Using JS Search
[DEBUG] 16:19:44.347 [AiEngine] Adaptive time: 500ms, depth: 3, reason: midgame, opening, emergency: false
[DEBUG] 16:19:44.347 [AiEngine] Using JS Search
[DEBUG] 16:19:44.413 [AiEngine] Adaptive time: 500ms, depth: 3, reason: midgame, opening, tactical, emergency: false
[DEBUG] 16:19:44.413 [AiEngine] Using JS Search
[DEBUG] 16:19:44.461 [AiEngine] Adaptive time: 500ms, depth: 3, reason: midgame, opening, emergency: false
[DEBUG] 16:19:44.461 [AiEngine] Using JS Search
[DEBUG] 16:19:44.522 [AiEngine] Adaptive time: 500ms, depth: 3, reason: midgame, opening, tactical, emergency: false
[DEBUG] 16:19:44.522 [AiEngine] Using JS Search
[DEBUG] 16:19:44.565 [AiEngine] Adaptive time: 500ms, depth: 3, reason: midgame, opening, emergency: false
[DEBUG] 16:19:44.565 [AiEngine] Using JS Search
[DEBUG] 16:19:44.622 [AiEngine] Adaptive time: 500ms, depth: 3, reason: midgame, opening, tactical, emergency: false
[DEBUG] 16:19:44.622 [AiEngine] Using JS Search
[DEBUG] 16:19:44.656 [AiEngine] Adaptive time: 500ms, depth: 3, reason: midgame, opening, emergency: false
[DEBUG] 16:19:44.656 [AiEngine] Using JS Search
[DEBUG] 16:19:44.711 [AiEngine] Adaptive time: 500ms, depth: 3, reason: midgame, opening, tactical, emergency: false
[DEBUG] 16:19:44.711 [AiEngine] Using JS Search
[DEBUG] 16:19:44.738 [AiEngine] Adaptive time: 500ms, depth: 3, reason: midgame, opening, emergency: false
[DEBUG] 16:19:44.738 [AiEngine] Using JS Search
[DEBUG] 16:19:44.778 [AiEngine] Adaptive time: 500ms, depth: 3, reason: midgame, opening, tactical, emergency: false
[DEBUG] 16:19:44.778 [AiEngine] Using JS Search
[DEBUG] 16:19:44.824 [AiEngine] Adaptive time: 500ms, depth: 3, reason: midgame, opening, in-check, emergency: false
[DEBUG] 16:19:44.824 [AiEngine] Using JS Search
[DEBUG] 16:19:44.858 [AiEngine] Adaptive time: 500ms, depth: 3, reason: midgame, opening, tactical, emergency: false
[DEBUG] 16:19:44.858 [AiEngine] Using JS Search
[DEBUG] 16:19:44.886 [AiEngine] Adaptive time: 500ms, depth: 3, reason: midgame, opening, in-check, tactical, emergency: false
[DEBUG] 16:19:44.886 [AiEngine] Using JS Search
[DEBUG] 16:19:44.912 [AiEngine] Adaptive time: 500ms, depth: 3, reason: midgame, opening, tactical, emergency: false
[DEBUG] 16:19:44.912 [AiEngine] Using JS Search
[DEBUG] 16:19:44.927 [AiEngine] Adaptive time: 500ms, depth: 3, reason: midgame, opening, emergency: false
[DEBUG] 16:19:44.927 [AiEngine] Using JS Search
[DEBUG] 16:19:44.981 [AiEngine] Adaptive time: 500ms, depth: 3, reason: midgame, opening, tactical, emergency: false
[DEBUG] 16:19:44.981 [AiEngine] Using JS Search
[DEBUG] 16:19:44.996 [AiEngine] Adaptive time: 500ms, depth: 3, reason: midgame, opening, emergency: false
[DEBUG] 16:19:44.996 [AiEngine] Using JS Search
[DEBUG] 16:19:45.076 [AiEngine] Adaptive time: 500ms, depth: 3, reason: midgame, opening, tactical, emergency: false
[DEBUG] 16:19:45.076 [AiEngine] Using JS Search
[DEBUG] 16:19:45.111 [AiEngine] Adaptive time: 500ms, depth: 3, reason: midgame, opening, tactical, emergency: false
[DEBUG] 16:19:45.112 [AiEngine] Using JS Search
[DEBUG] 16:19:45.166 [AiEngine] Adaptive time: 500ms, depth: 3, reason: midgame, opening, tactical, emergency: false
[DEBUG] 16:19:45.166 [AiEngine] Using JS Search
[DEBUG] 16:19:45.179 [AiEngine] Adaptive time: 500ms, depth: 3, reason: midgame, opening, tactical, emergency: false
[DEBUG] 16:19:45.179 [AiEngine] Using JS Search
[DEBUG] 16:19:45.234 [AiEngine] Adaptive time: 500ms, depth: 3, reason: midgame, opening, tactical, emergency: false
[DEBUG] 16:19:45.234 [AiEngine] Using JS Search
[DEBUG] 16:19:45.248 [AiEngine] Adaptive time: 500ms, depth: 3, reason: midgame, opening, in-check, emergency: false
[DEBUG] 16:19:45.248 [AiEngine] Using JS Search
[DEBUG] 16:19:45.279 [AiEngine] Adaptive time: 500ms, depth: 3, reason: midgame, opening, tactical, emergency: false
[DEBUG] 16:19:45.279 [AiEngine] Using JS Search
[DEBUG] 16:19:45.298 [AiEngine] Adaptive time: 500ms, depth: 3, reason: midgame, opening, tactical, emergency: false
[DEBUG] 16:19:45.298 [AiEngine] Using JS Search
[DEBUG] 16:19:45.333 [AiEngine] Adaptive time: 500ms, depth: 3, reason: midgame, opening, tactical, emergency: false
[DEBUG] 16:19:45.333 [AiEngine] Using JS Search
[DEBUG] 16:19:45.365 [AiEngine] Adaptive time: 500ms, depth: 3, reason: midgame, opening, emergency: false
[DEBUG] 16:19:45.365 [AiEngine] Using JS Search
[DEBUG] 16:19:45.417 [AiEngine] Adaptive time: 500ms, depth: 3, reason: midgame, opening, tactical, emergency: false
[DEBUG] 16:19:45.417 [AiEngine] Using JS Search
[DEBUG] 16:19:45.441 [AiEngine] Adaptive time: 500ms, depth: 3, reason: midgame, opening, tactical, emergency: false
[DEBUG] 16:19:45.441 [AiEngine] Using JS Search
[DEBUG] 16:19:45.486 [AiEngine] Adaptive time: 500ms, depth: 3, reason: midgame, opening, tactical, emergency: false
[DEBUG] 16:19:45.486 [AiEngine] Using JS Search
[DEBUG] 16:19:45.512 [AiEngine] Adaptive time: 3000ms, depth: 3, reason: midgame, emergency: false
[DEBUG] 16:19:45.512 [AiEngine] Using JS Search
[DEBUG] 16:19:45.542 [AiEngine] Adaptive time: 3000ms, depth: 3, reason: midgame, tactical, emergency: false
[DEBUG] 16:19:45.542 [AiEngine] Using JS Search
[DEBUG] 16:19:45.555 [AiEngine] Adaptive time: 3000ms, depth: 3, reason: midgame, emergency: false
[DEBUG] 16:19:45.555 [AiEngine] Using JS Search
[DEBUG] 16:19:45.608 [AiEngine] Adaptive time: 3000ms, depth: 3, reason: midgame, tactical, emergency: false
[DEBUG] 16:19:45.608 [AiEngine] Using JS Search
[DEBUG] 16:19:45.620 [AiEngine] Adaptive time: 3000ms, depth: 3, reason: midgame, tactical, emergency: false
[DEBUG] 16:19:45.620 [AiEngine] Using JS Search
[DEBUG] 16:19:45.657 [AiEngine] Adaptive time: 3000ms, depth: 3, reason: midgame, tactical, emergency: false
[DEBUG] 16:19:45.657 [AiEngine] Using JS Search
[DEBUG] 16:19:45.672 [AiEngine] Adaptive time: 3000ms, depth: 3, reason: midgame, emergency: false
[DEBUG] 16:19:45.672 [AiEngine] Using JS Search
[DEBUG] 16:19:45.724 [AiEngine] Adaptive time: 3000ms, depth: 3, reason: midgame, tactical, emergency: false
[DEBUG] 16:19:45.724 [AiEngine] Using JS Search
[DEBUG] 16:19:45.740 [AiEngine] Adaptive time: 3000ms, depth: 3, reason: midgame, emergency: false
[DEBUG] 16:19:45.740 [AiEngine] Using JS Search
[DEBUG] 16:19:45.786 [AiEngine] Adaptive time: 3000ms, depth: 3, reason: tactical, emergency: false
[DEBUG] 16:19:45.786 [AiEngine] Using JS Search
[DEBUG] 16:19:45.797 [AiEngine] Adaptive time: 3000ms, depth: 3, reason: tactical, emergency: false
[DEBUG] 16:19:45.797 [AiEngine] Using JS Search
[DEBUG] 16:19:45.826 [AiEngine] Adaptive time: 3000ms, depth: 3, reason: tactical, emergency: false
[DEBUG] 16:19:45.826 [AiEngine] Using JS Search
[DEBUG] 16:19:45.837 [AiEngine] Adaptive time: 3000ms, depth: 3, reason: tactical, emergency: false
[DEBUG] 16:19:45.837 [AiEngine] Using JS Search
[DEBUG] 16:19:45.860 [AiEngine] Adaptive time: 3000ms, depth: 3, reason: tactical, emergency: false
[DEBUG] 16:19:45.860 [AiEngine] Using JS Search
[DEBUG] 16:19:45.870 [AiEngine] Adaptive time: 3000ms, depth: 3, reason: tactical, emergency: false
[DEBUG] 16:19:45.870 [AiEngine] Using JS Search
[DEBUG] 16:19:45.909 [AiEngine] Adaptive time: 3000ms, depth: 3, reason: tactical, emergency: false
[DEBUG] 16:19:45.909 [AiEngine] Using JS Search
[DEBUG] 16:19:45.921 [AiEngine] Adaptive time: 3000ms, depth: 3, reason: tactical, emergency: false
[DEBUG] 16:19:45.921 [AiEngine] Using JS Search
[DEBUG] 16:19:45.968 [AiEngine] Adaptive time: 3000ms, depth: 3, reason: in-check, emergency: false
[DEBUG] 16:19:45.968 [AiEngine] Using JS Search
[DEBUG] 16:19:45.973 [AiEngine] Adaptive time: 3000ms, depth: 3, reason: tactical, emergency: false
[DEBUG] 16:19:45.973 [AiEngine] Using JS Search
[DEBUG] 16:19:46.013 [AiEngine] Adaptive time: 3000ms, depth: 3, reason: tactical, emergency: false
[DEBUG] 16:19:46.013 [AiEngine] Using JS Search
[DEBUG] 16:19:46.034 [AiEngine] Adaptive time: 3000ms, depth: 3, reason: tactical, emergency: false
[DEBUG] 16:19:46.034 [AiEngine] Using JS Search
[DEBUG] 16:19:46.061 [AiEngine] Adaptive time: 3000ms, depth: 3, reason: endgame, tactical, emergency: false
[DEBUG] 16:19:46.061 [AiEngine] Using JS Search
[DEBUG] 16:19:46.079 [AiEngine] Adaptive time: 3000ms, depth: 3, reason: endgame, tactical, emergency: false
[DEBUG] 16:19:46.079 [AiEngine] Using JS Search
[DEBUG] 16:19:46.116 [AiEngine] Adaptive time: 3000ms, depth: 3, reason: endgame, tactical, emergency: false
[DEBUG] 16:19:46.116 [AiEngine] Using JS Search
[DEBUG] 16:19:46.130 [AiEngine] Adaptive time: 3000ms, depth: 3, reason: endgame, emergency: false
[DEBUG] 16:19:46.130 [AiEngine] Using JS Search
[DEBUG] 16:19:46.154 [AiEngine] Adaptive time: 3000ms, depth: 3, reason: endgame, tactical, emergency: false
[DEBUG] 16:19:46.154 [AiEngine] Using JS Search
[DEBUG] 16:19:46.185 [AiEngine] Adaptive time: 3000ms, depth: 3, reason: endgame, tactical, emergency: false
[DEBUG] 16:19:46.186 [AiEngine] Using JS Search
[DEBUG] 16:19:46.208 [AiEngine] Adaptive time: 3000ms, depth: 3, reason: endgame, tactical, emergency: false
[DEBUG] 16:19:46.208 [AiEngine] Using JS Search
[DEBUG] 16:19:46.249 [AiEngine] Adaptive time: 3000ms, depth: 3, reason: endgame, tactical, emergency: false
[DEBUG] 16:19:46.249 [AiEngine] Using JS Search
[DEBUG] 16:19:46.270 [AiEngine] Adaptive time: 3000ms, depth: 3, reason: endgame, tactical, emergency: false
[DEBUG] 16:19:46.270 [AiEngine] Using JS Search
[DEBUG] 16:19:46.308 [AiEngine] Adaptive time: 3000ms, depth: 3, reason: endgame, tactical, emergency: false
[DEBUG] 16:19:46.308 [AiEngine] Using JS Search
[DEBUG] 16:19:46.350 [AiEngine] Adaptive time: 3000ms, depth: 3, reason: endgame, tactical, emergency: false
[DEBUG] 16:19:46.351 [AiEngine] Using JS Search
[DEBUG] 16:19:46.366 [AiEngine] Adaptive time: 3000ms, depth: 3, reason: endgame, tactical, emergency: false
[DEBUG] 16:19:46.366 [AiEngine] Using JS Search
[DEBUG] 16:19:46.403 [AiEngine] Adaptive time: 3000ms, depth: 3, reason: endgame, tactical, emergency: false
[DEBUG] 16:19:46.403 [AiEngine] Using JS Search
[DEBUG] 16:19:46.454 [AiEngine] Adaptive time: 3000ms, depth: 3, reason: endgame, tactical, emergency: false
[DEBUG] 16:19:46.454 [AiEngine] Using JS Search
[DEBUG] 16:19:46.497 [AiEngine] Adaptive time: 3000ms, depth: 3, reason: endgame, tactical, emergency: false
[DEBUG] 16:19:46.497 [AiEngine] Using JS Search
[DEBUG] 16:19:46.546 [AiEngine] Adaptive time: 3000ms, depth: 3, reason: endgame, tactical, emergency: false
[DEBUG] 16:19:46.546 [AiEngine] Using JS Search
[DEBUG] 16:19:46.577 [AiEngine] Adaptive time: 3000ms, depth: 3, reason: endgame, tactical, emergency: false
[DEBUG] 16:19:46.577 [AiEngine] Using JS Search
[DEBUG] 16:19:46.628 [AiEngine] Adaptive time: 3000ms, depth: 3, reason: endgame, tactical, emergency: false
[DEBUG] 16:19:46.628 [AiEngine] Using JS Search
[DEBUG] 16:19:46.655 [AiEngine] Adaptive time: 3000ms, depth: 3, reason: endgame, tactical, emergency: false
[DEBUG] 16:19:46.655 [AiEngine] Using JS Search
[DEBUG] 16:19:46.705 [AiEngine] Adaptive time: 3000ms, depth: 3, reason: endgame, tactical, emergency: false
[DEBUG] 16:19:46.705 [AiEngine] Using JS Search
[DEBUG] 16:19:46.736 [AiEngine] Adaptive time: 3000ms, depth: 3, reason: endgame, tactical, emergency: false
[DEBUG] 16:19:46.736 [AiEngine] Using JS Search
