[DEBUG] 19:07:53.681 [AiEngine] Adaptive time: 500ms, depth: 4, reason: midgame, opening, emergency: false
[DEBUG] 19:07:53.690 [AiEngine] Using JS Search
[DEBUG] 19:07:53.994 [AiEngine] Adaptive time: 500ms, depth: 4, reason: midgame, opening, emergency: false
[DEBUG] 19:07:53.994 [AiEngine] Using JS Search
[DEBUG] 19:07:54.351 [AiEngine] Adaptive time: 500ms, depth: 4, reason: midgame, opening, emergency: false
[DEBUG] 19:07:54.351 [AiEngine] Using JS Search
[DEBUG] 19:07:54.664 [AiEngine] Adaptive time: 500ms, depth: 4, reason: midgame, opening, tactical, emergency: false
[DEBUG] 19:07:54.664 [AiEngine] Using JS Search
[DEBUG] 19:07:54.783 [AiEngine] Adaptive time: 500ms, depth: 4, reason: midgame, opening, tactical, emergency: false
[DEBUG] 19:07:54.783 [AiEngine] Using JS Search
[DEBUG] 19:07:54.942 [AiEngine] Adaptive time: 500ms, depth: 4, reason: midgame, opening, tactical, emergency: false
[DEBUG] 19:07:54.942 [AiEngine] Using JS Search
[DEBUG] 19:07:55.110 [AiEngine] Adaptive time: 500ms, depth: 4, reason: midgame, opening, emergency: false
[DEBUG] 19:07:55.110 [AiEngine] Using JS Search
[DEBUG] 19:07:55.182 [AiEngine] Adaptive time: 500ms, depth: 4, reason: midgame, opening, tactical, emergency: false
[DEBUG] 19:07:55.182 [AiEngine] Using JS Search
[DEBUG] 19:07:55.351 [AiEngine] Adaptive time: 500ms, depth: 4, reason: midgame, opening, in-check, emergency: false
[DEBUG] 19:07:55.351 [AiEngine] Using JS Search
[DEBUG] 19:07:55.389 [AiEngine] Adaptive time: 500ms, depth: 4, reason: midgame, opening, tactical, emergency: false
[DEBUG] 19:07:55.389 [AiEngine] Using JS Search
[DEBUG] 19:07:55.390 [AiEngine] Adaptive time: 500ms, depth: 4, reason: midgame, opening, emergency: false
[DEBUG] 19:07:55.390 [AiEngine] Using JS Search
[DEBUG] 19:07:55.675 [AiEngine] Adaptive time: 500ms, depth: 4, reason: midgame, opening, emergency: false
[DEBUG] 19:07:55.675 [AiEngine] Using JS Search
[DEBUG] 19:07:55.676 [AiEngine] Adaptive time: 500ms, depth: 4, reason: midgame, opening, tactical, emergency: false
[DEBUG] 19:07:55.676 [AiEngine] Using JS Search
[DEBUG] 19:07:55.867 [AiEngine] Adaptive time: 500ms, depth: 4, reason: midgame, opening, emergency: false
[DEBUG] 19:07:55.867 [AiEngine] Using JS Search
[DEBUG] 19:07:56.321 [AiEngine] Adaptive time: 500ms, depth: 4, reason: midgame, opening, tactical, emergency: false
[DEBUG] 19:07:56.321 [AiEngine] Using JS Search
[DEBUG] 19:07:56.438 [AiEngine] Adaptive time: 500ms, depth: 4, reason: midgame, opening, emergency: false
[DEBUG] 19:07:56.438 [AiEngine] Using JS Search
[DEBUG] 19:07:56.670 [AiEngine] Adaptive time: 500ms, depth: 4, reason: midgame, opening, emergency: false
[DEBUG] 19:07:56.670 [AiEngine] Using JS Search
[DEBUG] 19:07:56.713 [AiEngine] Adaptive time: 500ms, depth: 4, reason: midgame, opening, emergency: false
[DEBUG] 19:07:56.713 [AiEngine] Using JS Search
[DEBUG] 19:07:56.786 [AiEngine] Adaptive time: 500ms, depth: 4, reason: midgame, opening, emergency: false
[DEBUG] 19:07:56.786 [AiEngine] Using JS Search
[DEBUG] 19:07:56.804 [AiEngine] Adaptive time: 500ms, depth: 4, reason: midgame, opening, emergency: false
[DEBUG] 19:07:56.804 [AiEngine] Using JS Search
[DEBUG] 19:07:56.894 [AiEngine] Adaptive time: 500ms, depth: 4, reason: midgame, opening, emergency: false
[DEBUG] 19:07:56.894 [AiEngine] Using JS Search
[DEBUG] 19:07:56.913 [AiEngine] Adaptive time: 500ms, depth: 4, reason: midgame, opening, emergency: false
[DEBUG] 19:07:56.913 [AiEngine] Using JS Search
[DEBUG] 19:07:56.953 [AiEngine] Adaptive time: 500ms, depth: 4, reason: midgame, opening, emergency: false
[DEBUG] 19:07:56.953 [AiEngine] Using JS Search
[DEBUG] 19:07:56.975 [AiEngine] Adaptive time: 500ms, depth: 4, reason: midgame, opening, tactical, emergency: false
[DEBUG] 19:07:56.975 [AiEngine] Using JS Search
[DEBUG] 19:07:56.976 [AiEngine] Adaptive time: 500ms, depth: 4, reason: midgame, opening, emergency: false
[DEBUG] 19:07:56.976 [AiEngine] Using JS Search
[DEBUG] 19:07:57.015 [AiEngine] Adaptive time: 500ms, depth: 4, reason: midgame, opening, tactical, emergency: false
[DEBUG] 19:07:57.015 [AiEngine] Using JS Search
[DEBUG] 19:07:57.016 [AiEngine] Adaptive time: 500ms, depth: 4, reason: midgame, opening, emergency: false
[DEBUG] 19:07:57.016 [AiEngine] Using JS Search
[DEBUG] 19:07:57.041 [AiEngine] Adaptive time: 500ms, depth: 4, reason: midgame, opening, emergency: false
[DEBUG] 19:07:57.041 [AiEngine] Using JS Search
[DEBUG] 19:07:57.043 [AiEngine] Adaptive time: 500ms, depth: 4, reason: midgame, opening, emergency: false
[DEBUG] 19:07:57.043 [AiEngine] Using JS Search
[DEBUG] 19:07:57.078 [AiEngine] Adaptive time: 500ms, depth: 4, reason: midgame, opening, emergency: false
[DEBUG] 19:07:57.078 [AiEngine] Using JS Search
[DEBUG] 19:07:57.079 [AiEngine] Adaptive time: 500ms, depth: 4, reason: midgame, opening, emergency: false
[DEBUG] 19:07:57.079 [AiEngine] Using JS Search
[DEBUG] 19:07:57.118 [AiEngine] Adaptive time: 500ms, depth: 4, reason: midgame, opening, tactical, emergency: false
[DEBUG] 19:07:57.118 [AiEngine] Using JS Search
[DEBUG] 19:07:57.120 [AiEngine] Adaptive time: 500ms, depth: 4, reason: midgame, opening, in-check, emergency: false
[DEBUG] 19:07:57.120 [AiEngine] Using JS Search
[DEBUG] 19:07:57.123 [AiEngine] Adaptive time: 500ms, depth: 4, reason: midgame, opening, emergency: false
[DEBUG] 19:07:57.123 [AiEngine] Using JS Search
[DEBUG] 19:07:57.124 [AiEngine] Adaptive time: 500ms, depth: 4, reason: midgame, opening, emergency: false
[DEBUG] 19:07:57.124 [AiEngine] Using JS Search
[DEBUG] 19:07:57.237 [AiEngine] Adaptive time: 500ms, depth: 4, reason: midgame, opening, emergency: false
[DEBUG] 19:07:57.237 [AiEngine] Using JS Search
[DEBUG] 19:07:57.238 [AiEngine] Adaptive time: 500ms, depth: 4, reason: midgame, opening, emergency: false
[DEBUG] 19:07:57.238 [AiEngine] Using JS Search
[DEBUG] 19:07:57.346 [AiEngine] Adaptive time: 500ms, depth: 4, reason: midgame, opening, emergency: false
[DEBUG] 19:07:57.346 [AiEngine] Using JS Search
[DEBUG] 19:07:57.347 [AiEngine] Adaptive time: 500ms, depth: 4, reason: midgame, opening, emergency: false
[DEBUG] 19:07:57.347 [AiEngine] Using JS Search
[DEBUG] 19:07:57.452 [AiEngine] Adaptive time: 500ms, depth: 4, reason: midgame, opening, emergency: false
[DEBUG] 19:07:57.452 [AiEngine] Using JS Search
[DEBUG] 19:07:57.453 [AiEngine] Adaptive time: 3000ms, depth: 5, reason: midgame, emergency: false
[DEBUG] 19:07:57.453 [AiEngine] Using JS Search
[DEBUG] 19:07:57.902 [AiEngine] Adaptive time: 3000ms, depth: 5, reason: midgame, emergency: false
[DEBUG] 19:07:57.902 [AiEngine] Using JS Search
[DEBUG] 19:07:57.908 [AiEngine] Adaptive time: 3000ms, depth: 5, reason: midgame, emergency: false
[DEBUG] 19:07:57.908 [AiEngine] Using JS Search
[DEBUG] 19:07:58.256 [AiEngine] Adaptive time: 3000ms, depth: 5, reason: midgame, emergency: false
[DEBUG] 19:07:58.256 [AiEngine] Using JS Search
[DEBUG] 19:07:58.257 [AiEngine] Adaptive time: 3000ms, depth: 5, reason: midgame, emergency: false
[DEBUG] 19:07:58.257 [AiEngine] Using JS Search
[DEBUG] 19:07:58.424 [AiEngine] Adaptive time: 3000ms, depth: 5, reason: midgame, emergency: false
[DEBUG] 19:07:58.424 [AiEngine] Using JS Search
[DEBUG] 19:07:58.507 [AiEngine] Adaptive time: 3000ms, depth: 5, reason: midgame, emergency: false
[DEBUG] 19:07:58.507 [AiEngine] Using JS Search
[DEBUG] 19:07:58.572 [AiEngine] Adaptive time: 3000ms, depth: 5, reason: midgame, emergency: false
[DEBUG] 19:07:58.573 [AiEngine] Using JS Search
[DEBUG] 19:07:58.679 [AiEngine] Adaptive time: 3000ms, depth: 5, reason: midgame, emergency: false
[DEBUG] 19:07:58.679 [AiEngine] Using JS Search
[DEBUG] 19:07:58.763 [AiEngine] Adaptive time: 3000ms, depth: 5, reason: midgame, emergency: false
[DEBUG] 19:07:58.763 [AiEngine] Using JS Search
[DEBUG] 19:07:58.766 [AiEngine] Adaptive time: 3000ms, depth: 5, reason: midgame, emergency: false
[DEBUG] 19:07:58.766 [AiEngine] Using JS Search
[DEBUG] 19:07:58.767 [AiEngine] Adaptive time: 3000ms, depth: 5, reason: midgame, in-check, emergency: false
[DEBUG] 19:07:58.767 [AiEngine] Using JS Search
[DEBUG] 19:07:58.767 [AiEngine] Adaptive time: 500ms, depth: 4, reason: midgame, opening, emergency: false
[DEBUG] 19:07:58.767 [AiEngine] Using JS Search
[DEBUG] 19:07:59.089 [AiEngine] Adaptive time: 500ms, depth: 4, reason: midgame, opening, emergency: false
[DEBUG] 19:07:59.089 [AiEngine] Using JS Search
[DEBUG] 19:07:59.235 [AiEngine] Adaptive time: 500ms, depth: 4, reason: midgame, opening, emergency: false
[DEBUG] 19:07:59.235 [AiEngine] Using JS Search
[DEBUG] 19:07:59.514 [AiEngine] Adaptive time: 500ms, depth: 4, reason: midgame, opening, emergency: false
[DEBUG] 19:07:59.514 [AiEngine] Using JS Search
[DEBUG] 19:07:59.908 [AiEngine] Adaptive time: 500ms, depth: 4, reason: midgame, opening, emergency: false
[DEBUG] 19:07:59.908 [AiEngine] Using JS Search
[DEBUG] 19:08:00.402 [AiEngine] Adaptive time: 500ms, depth: 4, reason: midgame, opening, emergency: false
[DEBUG] 19:08:00.403 [AiEngine] Using JS Search
[DEBUG] 19:08:00.764 [AiEngine] Adaptive time: 500ms, depth: 4, reason: midgame, opening, tactical, emergency: false
[DEBUG] 19:08:00.764 [AiEngine] Using JS Search
[DEBUG] 19:08:01.110 [AiEngine] Adaptive time: 500ms, depth: 4, reason: midgame, opening, emergency: false
[DEBUG] 19:08:01.110 [AiEngine] Using JS Search
[DEBUG] 19:08:01.316 [AiEngine] Adaptive time: 500ms, depth: 4, reason: midgame, opening, tactical, emergency: false
[DEBUG] 19:08:01.316 [AiEngine] Using JS Search
[DEBUG] 19:08:01.444 [AiEngine] Adaptive time: 500ms, depth: 4, reason: midgame, opening, tactical, emergency: false
[DEBUG] 19:08:01.444 [AiEngine] Using JS Search
[DEBUG] 19:08:01.925 [AiEngine] Adaptive time: 500ms, depth: 4, reason: midgame, opening, tactical, emergency: false
[DEBUG] 19:08:01.925 [AiEngine] Using JS Search
[DEBUG] 19:08:02.088 [AiEngine] Adaptive time: 500ms, depth: 4, reason: midgame, opening, tactical, emergency: false
[DEBUG] 19:08:02.088 [AiEngine] Using JS Search
[DEBUG] 19:08:02.616 [AiEngine] Adaptive time: 500ms, depth: 4, reason: midgame, opening, tactical, emergency: false
[DEBUG] 19:08:02.616 [AiEngine] Using JS Search
[DEBUG] 19:08:02.633 [AiEngine] Adaptive time: 500ms, depth: 4, reason: midgame, opening, tactical, emergency: false
[DEBUG] 19:08:02.633 [AiEngine] Using JS Search
[DEBUG] 19:08:02.866 [AiEngine] Adaptive time: 500ms, depth: 4, reason: midgame, opening, emergency: false
[DEBUG] 19:08:02.866 [AiEngine] Using JS Search
[DEBUG] 19:08:02.903 [AiEngine] Adaptive time: 500ms, depth: 4, reason: midgame, opening, tactical, emergency: false
[DEBUG] 19:08:02.903 [AiEngine] Using JS Search
[DEBUG] 19:08:02.952 [AiEngine] Adaptive time: 500ms, depth: 4, reason: midgame, opening, in-check, emergency: false
[DEBUG] 19:08:02.952 [AiEngine] Using JS Search
[DEBUG] 19:08:02.955 [AiEngine] Adaptive time: 500ms, depth: 4, reason: midgame, opening, tactical, emergency: false
[DEBUG] 19:08:02.955 [AiEngine] Using JS Search
[DEBUG] 19:08:02.957 [AiEngine] Adaptive time: 500ms, depth: 4, reason: midgame, opening, emergency: false
[DEBUG] 19:08:02.957 [AiEngine] Using JS Search
[DEBUG] 19:08:03.024 [AiEngine] Adaptive time: 500ms, depth: 4, reason: midgame, opening, tactical, emergency: false
[DEBUG] 19:08:03.024 [AiEngine] Using JS Search
[DEBUG] 19:08:03.025 [AiEngine] Adaptive time: 500ms, depth: 4, reason: midgame, opening, emergency: false
[DEBUG] 19:08:03.025 [AiEngine] Using JS Search
[DEBUG] 19:08:03.080 [AiEngine] Adaptive time: 500ms, depth: 4, reason: midgame, opening, tactical, emergency: false
[DEBUG] 19:08:03.080 [AiEngine] Using JS Search
[DEBUG] 19:08:03.081 [AiEngine] Adaptive time: 500ms, depth: 4, reason: midgame, opening, emergency: false
[DEBUG] 19:08:03.081 [AiEngine] Using JS Search
[DEBUG] 19:08:03.149 [AiEngine] Adaptive time: 500ms, depth: 4, reason: midgame, opening, tactical, emergency: false
[DEBUG] 19:08:03.149 [AiEngine] Using JS Search
[DEBUG] 19:08:03.150 [AiEngine] Adaptive time: 500ms, depth: 4, reason: midgame, opening, emergency: false
[DEBUG] 19:08:03.150 [AiEngine] Using JS Search
[DEBUG] 19:08:03.282 [AiEngine] Adaptive time: 500ms, depth: 4, reason: midgame, opening, tactical, emergency: false
[DEBUG] 19:08:03.282 [AiEngine] Using JS Search
[DEBUG] 19:08:03.283 [AiEngine] Adaptive time: 500ms, depth: 4, reason: midgame, opening, tactical, emergency: false
[DEBUG] 19:08:03.283 [AiEngine] Using JS Search
[DEBUG] 19:08:03.412 [AiEngine] Adaptive time: 500ms, depth: 4, reason: midgame, opening, in-check, emergency: false
[DEBUG] 19:08:03.413 [AiEngine] Using JS Search
[DEBUG] 19:08:03.413 [AiEngine] Adaptive time: 500ms, depth: 4, reason: midgame, opening, emergency: false
[DEBUG] 19:08:03.414 [AiEngine] Using JS Search
[DEBUG] 19:08:03.488 [AiEngine] Adaptive time: 500ms, depth: 4, reason: midgame, opening, in-check, emergency: false
[DEBUG] 19:08:03.488 [AiEngine] Using JS Search
[DEBUG] 19:08:03.489 [AiEngine] Adaptive time: 500ms, depth: 4, reason: midgame, opening, emergency: false
[DEBUG] 19:08:03.489 [AiEngine] Using JS Search
[DEBUG] 19:08:03.619 [AiEngine] Adaptive time: 500ms, depth: 4, reason: midgame, opening, emergency: false
[DEBUG] 19:08:03.619 [AiEngine] Using JS Search
[DEBUG] 19:08:03.621 [AiEngine] Adaptive time: 500ms, depth: 4, reason: midgame, opening, emergency: false
[DEBUG] 19:08:03.621 [AiEngine] Using JS Search
[DEBUG] 19:08:03.809 [AiEngine] Adaptive time: 500ms, depth: 4, reason: midgame, opening, emergency: false
[DEBUG] 19:08:03.809 [AiEngine] Using JS Search
[DEBUG] 19:08:03.810 [AiEngine] Adaptive time: 500ms, depth: 4, reason: midgame, opening, emergency: false
[DEBUG] 19:08:03.810 [AiEngine] Using JS Search
[DEBUG] 19:08:03.855 [AiEngine] Adaptive time: 500ms, depth: 4, reason: midgame, opening, emergency: false
[DEBUG] 19:08:03.855 [AiEngine] Using JS Search
[DEBUG] 19:08:03.959 [AiEngine] Adaptive time: 500ms, depth: 4, reason: midgame, opening, emergency: false
[DEBUG] 19:08:03.960 [AiEngine] Using JS Search
[DEBUG] 19:08:03.985 [AiEngine] Adaptive time: 500ms, depth: 4, reason: midgame, opening, emergency: false
[DEBUG] 19:08:03.985 [AiEngine] Using JS Search
[DEBUG] 19:08:04.096 [AiEngine] Adaptive time: 500ms, depth: 4, reason: midgame, opening, emergency: false
[DEBUG] 19:08:04.096 [AiEngine] Using JS Search
[DEBUG] 19:08:04.128 [AiEngine] Adaptive time: 500ms, depth: 4, reason: midgame, opening, tactical, emergency: false
[DEBUG] 19:08:04.128 [AiEngine] Using JS Search
[DEBUG] 19:08:04.177 [AiEngine] Adaptive time: 3000ms, depth: 5, reason: midgame, in-check, emergency: false
[DEBUG] 19:08:04.177 [AiEngine] Using JS Search
[DEBUG] 19:08:04.202 [AiEngine] Adaptive time: 3000ms, depth: 5, reason: midgame, tactical, emergency: false
[DEBUG] 19:08:04.202 [AiEngine] Using JS Search
[DEBUG] 19:08:04.306 [AiEngine] Adaptive time: 3000ms, depth: 5, reason: midgame, in-check, emergency: false
[DEBUG] 19:08:04.306 [AiEngine] Using JS Search
[DEBUG] 19:08:04.332 [AiEngine] Adaptive time: 3000ms, depth: 5, reason: midgame, tactical, emergency: false
[DEBUG] 19:08:04.332 [AiEngine] Using JS Search
[DEBUG] 19:08:04.367 [AiEngine] Adaptive time: 3000ms, depth: 5, reason: midgame, in-check, emergency: false
[DEBUG] 19:08:04.367 [AiEngine] Using JS Search
[DEBUG] 19:08:04.386 [AiEngine] Adaptive time: 3000ms, depth: 5, reason: midgame, tactical, emergency: false
[DEBUG] 19:08:04.386 [AiEngine] Using JS Search
[DEBUG] 19:08:04.403 [AiEngine] Adaptive time: 3000ms, depth: 5, reason: standard, emergency: false
[DEBUG] 19:08:04.404 [AiEngine] Using JS Search
[DEBUG] 19:08:04.426 [AiEngine] Adaptive time: 3000ms, depth: 5, reason: tactical, emergency: false
[DEBUG] 19:08:04.426 [AiEngine] Using JS Search
[DEBUG] 19:08:04.440 [AiEngine] Adaptive time: 3000ms, depth: 5, reason: standard, emergency: false
[DEBUG] 19:08:04.440 [AiEngine] Using JS Search
[DEBUG] 19:08:04.466 [AiEngine] Adaptive time: 3000ms, depth: 5, reason: tactical, emergency: false
[DEBUG] 19:08:04.466 [AiEngine] Using JS Search
[DEBUG] 19:08:04.485 [AiEngine] Adaptive time: 3000ms, depth: 5, reason: standard, emergency: false
[DEBUG] 19:08:04.485 [AiEngine] Using JS Search
[DEBUG] 19:08:04.507 [AiEngine] Adaptive time: 3000ms, depth: 5, reason: tactical, emergency: false
[DEBUG] 19:08:04.507 [AiEngine] Using JS Search
[DEBUG] 19:08:04.524 [AiEngine] Adaptive time: 3000ms, depth: 5, reason: standard, emergency: false
[DEBUG] 19:08:04.524 [AiEngine] Using JS Search
[DEBUG] 19:08:04.545 [AiEngine] Adaptive time: 3000ms, depth: 5, reason: tactical, emergency: false
[DEBUG] 19:08:04.545 [AiEngine] Using JS Search
[DEBUG] 19:08:04.555 [AiEngine] Adaptive time: 3000ms, depth: 5, reason: standard, emergency: false
[DEBUG] 19:08:04.556 [AiEngine] Using JS Search
[DEBUG] 19:08:04.572 [AiEngine] Adaptive time: 3000ms, depth: 5, reason: tactical, emergency: false
[DEBUG] 19:08:04.572 [AiEngine] Using JS Search
[DEBUG] 19:08:04.589 [AiEngine] Adaptive time: 3000ms, depth: 5, reason: standard, emergency: false
[DEBUG] 19:08:04.589 [AiEngine] Using JS Search
[DEBUG] 19:08:04.610 [AiEngine] Adaptive time: 3000ms, depth: 5, reason: tactical, emergency: false
[DEBUG] 19:08:04.610 [AiEngine] Using JS Search
[DEBUG] 19:08:04.625 [AiEngine] Adaptive time: 3000ms, depth: 5, reason: standard, emergency: false
[DEBUG] 19:08:04.625 [AiEngine] Using JS Search
[DEBUG] 19:08:04.643 [AiEngine] Adaptive time: 3000ms, depth: 5, reason: tactical, emergency: false
[DEBUG] 19:08:04.643 [AiEngine] Using JS Search
[DEBUG] 19:08:04.654 [AiEngine] Adaptive time: 3000ms, depth: 5, reason: standard, emergency: false
[DEBUG] 19:08:04.654 [AiEngine] Using JS Search
[DEBUG] 19:08:04.666 [AiEngine] Adaptive time: 3000ms, depth: 5, reason: tactical, emergency: false
[DEBUG] 19:08:04.666 [AiEngine] Using JS Search
[DEBUG] 19:08:04.818 [AiEngine] Adaptive time: 3000ms, depth: 5, reason: standard, emergency: false
[DEBUG] 19:08:04.818 [AiEngine] Using JS Search
[DEBUG] 19:08:04.833 [AiEngine] Adaptive time: 3000ms, depth: 5, reason: tactical, emergency: false
[DEBUG] 19:08:04.834 [AiEngine] Using JS Search
[DEBUG] 19:08:04.836 [AiEngine] Adaptive time: 3000ms, depth: 5, reason: in-check, emergency: false
[DEBUG] 19:08:04.836 [AiEngine] Using JS Search
[DEBUG] 19:08:04.847 [AiEngine] Adaptive time: 3000ms, depth: 5, reason: tactical, emergency: false
[DEBUG] 19:08:04.847 [AiEngine] Using JS Search
[DEBUG] 19:08:04.860 [AiEngine] Adaptive time: 3000ms, depth: 5, reason: standard, emergency: false
[DEBUG] 19:08:04.860 [AiEngine] Using JS Search
[DEBUG] 19:08:04.878 [AiEngine] Adaptive time: 3000ms, depth: 5, reason: tactical, emergency: false
[DEBUG] 19:08:04.878 [AiEngine] Using JS Search
[DEBUG] 19:08:04.884 [AiEngine] Adaptive time: 3000ms, depth: 5, reason: standard, emergency: false
[DEBUG] 19:08:04.884 [AiEngine] Using JS Search
[DEBUG] 19:08:04.893 [AiEngine] Adaptive time: 3000ms, depth: 5, reason: tactical, emergency: false
[DEBUG] 19:08:04.893 [AiEngine] Using JS Search
[DEBUG] 19:08:04.898 [AiEngine] Adaptive time: 3000ms, depth: 5, reason: standard, emergency: false
[DEBUG] 19:08:04.898 [AiEngine] Using JS Search
[DEBUG] 19:08:04.908 [AiEngine] Adaptive time: 3000ms, depth: 5, reason: tactical, emergency: false
[DEBUG] 19:08:04.908 [AiEngine] Using JS Search
[DEBUG] 19:08:05.014 [AiEngine] Adaptive time: 3000ms, depth: 5, reason: standard, emergency: false
[DEBUG] 19:08:05.014 [AiEngine] Using JS Search
[DEBUG] 19:08:05.022 [AiEngine] Adaptive time: 3000ms, depth: 5, reason: tactical, emergency: false
[DEBUG] 19:08:05.022 [AiEngine] Using JS Search
[DEBUG] 19:08:05.025 [AiEngine] Adaptive time: 3000ms, depth: 5, reason: standard, emergency: false
[DEBUG] 19:08:05.025 [AiEngine] Using JS Search
[DEBUG] 19:08:05.031 [AiEngine] Adaptive time: 3000ms, depth: 5, reason: tactical, emergency: false
[DEBUG] 19:08:05.031 [AiEngine] Using JS Search
[DEBUG] 19:08:05.038 [AiEngine] Adaptive time: 3000ms, depth: 5, reason: standard, emergency: false
[DEBUG] 19:08:05.038 [AiEngine] Using JS Search
[DEBUG] 19:08:05.047 [AiEngine] Adaptive time: 3000ms, depth: 5, reason: tactical, emergency: false
[DEBUG] 19:08:05.047 [AiEngine] Using JS Search
[DEBUG] 19:08:05.049 [AiEngine] Adaptive time: 3000ms, depth: 5, reason: standard, emergency: false
[DEBUG] 19:08:05.049 [AiEngine] Using JS Search
[DEBUG] 19:08:05.055 [AiEngine] Adaptive time: 3000ms, depth: 5, reason: tactical, emergency: false
[DEBUG] 19:08:05.055 [AiEngine] Using JS Search
[DEBUG] 19:08:05.323 [AiEngine] Adaptive time: 3000ms, depth: 5, reason: standard, emergency: false
[DEBUG] 19:08:05.323 [AiEngine] Using JS Search
[DEBUG] 19:08:05.331 [AiEngine] Adaptive time: 3000ms, depth: 5, reason: tactical, emergency: false
[DEBUG] 19:08:05.331 [AiEngine] Using JS Search
[DEBUG] 19:08:05.334 [AiEngine] Adaptive time: 3000ms, depth: 5, reason: standard, emergency: false
[DEBUG] 19:08:05.334 [AiEngine] Using JS Search
[DEBUG] 19:08:05.340 [AiEngine] Adaptive time: 3000ms, depth: 5, reason: tactical, emergency: false
[DEBUG] 19:08:05.340 [AiEngine] Using JS Search
[DEBUG] 19:08:05.345 [AiEngine] Adaptive time: 3000ms, depth: 5, reason: standard, emergency: false
[DEBUG] 19:08:05.345 [AiEngine] Using JS Search
[DEBUG] 19:08:05.353 [AiEngine] Adaptive time: 3000ms, depth: 5, reason: tactical, emergency: false
[DEBUG] 19:08:05.353 [AiEngine] Using JS Search
[DEBUG] 19:08:05.630 [AiEngine] Adaptive time: 3000ms, depth: 5, reason: in-check, emergency: false
[DEBUG] 19:08:05.631 [AiEngine] Using JS Search
[DEBUG] 19:08:05.639 [AiEngine] Adaptive time: 3000ms, depth: 5, reason: tactical, emergency: false
[DEBUG] 19:08:05.639 [AiEngine] Using JS Search
[DEBUG] 19:08:05.642 [AiEngine] Adaptive time: 3000ms, depth: 5, reason: standard, emergency: false
[DEBUG] 19:08:05.642 [AiEngine] Using JS Search
[DEBUG] 19:08:05.647 [AiEngine] Adaptive time: 3000ms, depth: 5, reason: tactical, emergency: false
[DEBUG] 19:08:05.647 [AiEngine] Using JS Search
[DEBUG] 19:08:05.650 [AiEngine] Adaptive time: 3000ms, depth: 5, reason: standard, emergency: false
[DEBUG] 19:08:05.650 [AiEngine] Using JS Search
[DEBUG] 19:08:05.654 [AiEngine] Adaptive time: 3000ms, depth: 5, reason: tactical, emergency: false
[DEBUG] 19:08:05.654 [AiEngine] Using JS Search
[DEBUG] 19:08:05.941 [AiEngine] Adaptive time: 3000ms, depth: 5, reason: standard, emergency: false
[DEBUG] 19:08:05.941 [AiEngine] Using JS Search
[DEBUG] 19:08:05.946 [AiEngine] Adaptive time: 3000ms, depth: 5, reason: tactical, emergency: false
[DEBUG] 19:08:05.946 [AiEngine] Using JS Search
[DEBUG] 19:08:05.950 [AiEngine] Adaptive time: 3000ms, depth: 5, reason: standard, emergency: false
[DEBUG] 19:08:05.951 [AiEngine] Using JS Search
[DEBUG] 19:08:05.956 [AiEngine] Adaptive time: 3000ms, depth: 5, reason: tactical, emergency: false
[DEBUG] 19:08:05.956 [AiEngine] Using JS Search
[DEBUG] 19:08:05.960 [AiEngine] Adaptive time: 3000ms, depth: 5, reason: standard, emergency: false
[DEBUG] 19:08:05.960 [AiEngine] Using JS Search
[DEBUG] 19:08:05.967 [AiEngine] Adaptive time: 3000ms, depth: 5, reason: tactical, emergency: false
[DEBUG] 19:08:05.967 [AiEngine] Using JS Search
[DEBUG] 19:08:05.969 [AiEngine] Adaptive time: 3000ms, depth: 5, reason: standard, emergency: false
[DEBUG] 19:08:05.969 [AiEngine] Using JS Search
[DEBUG] 19:08:05.972 [AiEngine] Adaptive time: 3000ms, depth: 5, reason: tactical, emergency: false
[DEBUG] 19:08:05.973 [AiEngine] Using JS Search
[DEBUG] 19:08:05.975 [AiEngine] Adaptive time: 500ms, depth: 4, reason: midgame, opening, emergency: false
[DEBUG] 19:08:05.975 [AiEngine] Using JS Search
[DEBUG] 19:08:06.133 [AiEngine] Adaptive time: 500ms, depth: 4, reason: midgame, opening, emergency: false
[DEBUG] 19:08:06.133 [AiEngine] Using JS Search
[DEBUG] 19:08:06.231 [AiEngine] Adaptive time: 500ms, depth: 4, reason: midgame, opening, emergency: false
[DEBUG] 19:08:06.231 [AiEngine] Using JS Search
[DEBUG] 19:08:06.527 [AiEngine] Adaptive time: 500ms, depth: 4, reason: midgame, opening, emergency: false
[DEBUG] 19:08:06.527 [AiEngine] Using JS Search
[DEBUG] 19:08:06.956 [AiEngine] Adaptive time: 500ms, depth: 4, reason: midgame, opening, emergency: false
[DEBUG] 19:08:06.956 [AiEngine] Using JS Search
[DEBUG] 19:08:07.127 [AiEngine] Adaptive time: 500ms, depth: 4, reason: midgame, opening, emergency: false
[DEBUG] 19:08:07.127 [AiEngine] Using JS Search
[DEBUG] 19:08:07.394 [AiEngine] Adaptive time: 500ms, depth: 4, reason: midgame, opening, emergency: false
[DEBUG] 19:08:07.394 [AiEngine] Using JS Search
[DEBUG] 19:08:07.761 [AiEngine] Adaptive time: 500ms, depth: 4, reason: midgame, opening, emergency: false
[DEBUG] 19:08:07.761 [AiEngine] Using JS Search
[DEBUG] 19:08:08.097 [AiEngine] Adaptive time: 500ms, depth: 4, reason: midgame, opening, tactical, emergency: false
[DEBUG] 19:08:08.097 [AiEngine] Using JS Search
[DEBUG] 19:08:08.232 [AiEngine] Adaptive time: 500ms, depth: 4, reason: midgame, opening, emergency: false
[DEBUG] 19:08:08.232 [AiEngine] Using JS Search
[DEBUG] 19:08:08.258 [AiEngine] Adaptive time: 500ms, depth: 4, reason: midgame, opening, tactical, emergency: false
[DEBUG] 19:08:08.258 [AiEngine] Using JS Search
[DEBUG] 19:08:08.713 [AiEngine] Adaptive time: 500ms, depth: 4, reason: midgame, opening, emergency: false
[DEBUG] 19:08:08.713 [AiEngine] Using JS Search
[DEBUG] 19:08:08.813 [AiEngine] Adaptive time: 500ms, depth: 4, reason: midgame, opening, tactical, emergency: false
[DEBUG] 19:08:08.813 [AiEngine] Using JS Search
[DEBUG] 19:08:08.991 [AiEngine] Adaptive time: 500ms, depth: 4, reason: midgame, opening, emergency: false
[DEBUG] 19:08:08.991 [AiEngine] Using JS Search
[DEBUG] 19:08:09.109 [AiEngine] Adaptive time: 500ms, depth: 4, reason: midgame, opening, emergency: false
[DEBUG] 19:08:09.109 [AiEngine] Using JS Search
[DEBUG] 19:08:09.250 [AiEngine] Adaptive time: 500ms, depth: 4, reason: midgame, opening, tactical, emergency: false
[DEBUG] 19:08:09.250 [AiEngine] Using JS Search
[DEBUG] 19:08:09.391 [AiEngine] Adaptive time: 500ms, depth: 4, reason: midgame, opening, emergency: false
[DEBUG] 19:08:09.391 [AiEngine] Using JS Search
[DEBUG] 19:08:09.575 [AiEngine] Adaptive time: 500ms, depth: 4, reason: midgame, opening, emergency: false
[DEBUG] 19:08:09.575 [AiEngine] Using JS Search
[DEBUG] 19:08:09.704 [AiEngine] Adaptive time: 500ms, depth: 4, reason: midgame, opening, tactical, emergency: false
[DEBUG] 19:08:09.704 [AiEngine] Using JS Search
[DEBUG] 19:08:09.891 [AiEngine] Adaptive time: 500ms, depth: 4, reason: midgame, opening, emergency: false
[DEBUG] 19:08:09.891 [AiEngine] Using JS Search
[DEBUG] 19:08:10.217 [AiEngine] Adaptive time: 500ms, depth: 4, reason: midgame, opening, tactical, emergency: false
[DEBUG] 19:08:10.217 [AiEngine] Using JS Search
[DEBUG] 19:08:10.461 [AiEngine] Adaptive time: 500ms, depth: 4, reason: midgame, opening, emergency: false
[DEBUG] 19:08:10.461 [AiEngine] Using JS Search
[DEBUG] 19:08:10.667 [AiEngine] Adaptive time: 500ms, depth: 4, reason: midgame, opening, tactical, emergency: false
[DEBUG] 19:08:10.667 [AiEngine] Using JS Search
[DEBUG] 19:08:10.762 [AiEngine] Adaptive time: 500ms, depth: 4, reason: midgame, opening, emergency: false
[DEBUG] 19:08:10.762 [AiEngine] Using JS Search
[DEBUG] 19:08:10.825 [AiEngine] Adaptive time: 500ms, depth: 4, reason: midgame, opening, tactical, emergency: false
[DEBUG] 19:08:10.825 [AiEngine] Using JS Search
[DEBUG] 19:08:11.030 [AiEngine] Adaptive time: 500ms, depth: 4, reason: midgame, opening, tactical, emergency: false
[DEBUG] 19:08:11.030 [AiEngine] Using JS Search
[DEBUG] 19:08:11.089 [AiEngine] Adaptive time: 500ms, depth: 4, reason: midgame, opening, tactical, emergency: false
[DEBUG] 19:08:11.089 [AiEngine] Using JS Search
[DEBUG] 19:08:11.202 [AiEngine] Adaptive time: 500ms, depth: 4, reason: midgame, opening, emergency: false
[DEBUG] 19:08:11.202 [AiEngine] Using JS Search
[DEBUG] 19:08:11.226 [AiEngine] Adaptive time: 500ms, depth: 4, reason: midgame, opening, tactical, emergency: false
[DEBUG] 19:08:11.226 [AiEngine] Using JS Search
[DEBUG] 19:08:11.377 [AiEngine] Adaptive time: 500ms, depth: 4, reason: midgame, opening, emergency: false
[DEBUG] 19:08:11.377 [AiEngine] Using JS Search
[DEBUG] 19:08:11.400 [AiEngine] Adaptive time: 500ms, depth: 4, reason: midgame, opening, tactical, emergency: false
[DEBUG] 19:08:11.400 [AiEngine] Using JS Search
[DEBUG] 19:08:11.569 [AiEngine] Adaptive time: 500ms, depth: 4, reason: midgame, opening, emergency: false
[DEBUG] 19:08:11.569 [AiEngine] Using JS Search
[DEBUG] 19:08:11.595 [AiEngine] Adaptive time: 500ms, depth: 4, reason: midgame, opening, tactical, emergency: false
[DEBUG] 19:08:11.595 [AiEngine] Using JS Search
[DEBUG] 19:08:11.683 [AiEngine] Adaptive time: 500ms, depth: 4, reason: midgame, opening, in-check, emergency: false
[DEBUG] 19:08:11.683 [AiEngine] Using JS Search
[DEBUG] 19:08:11.688 [AiEngine] Adaptive time: 500ms, depth: 4, reason: midgame, opening, tactical, emergency: false
[DEBUG] 19:08:11.688 [AiEngine] Using JS Search
[DEBUG] 19:08:11.690 [AiEngine] Adaptive time: 500ms, depth: 4, reason: midgame, opening, emergency: false
[DEBUG] 19:08:11.690 [AiEngine] Using JS Search
[DEBUG] 19:08:11.721 [AiEngine] Adaptive time: 500ms, depth: 4, reason: midgame, opening, tactical, emergency: false
[DEBUG] 19:08:11.721 [AiEngine] Using JS Search
[DEBUG] 19:08:11.723 [AiEngine] Adaptive time: 500ms, depth: 4, reason: midgame, opening, in-check, emergency: false
[DEBUG] 19:08:11.723 [AiEngine] Using JS Search
[DEBUG] 19:08:11.727 [AiEngine] Adaptive time: 500ms, depth: 4, reason: midgame, opening, tactical, emergency: false
[DEBUG] 19:08:11.727 [AiEngine] Using JS Search
[DEBUG] 19:08:11.729 [AiEngine] Adaptive time: 500ms, depth: 4, reason: midgame, opening, in-check, emergency: false
[DEBUG] 19:08:11.729 [AiEngine] Using JS Search
[DEBUG] 19:08:11.732 [AiEngine] Adaptive time: 3000ms, depth: 5, reason: midgame, emergency: false
[DEBUG] 19:08:11.732 [AiEngine] Using JS Search
[DEBUG] 19:08:12.066 [AiEngine] Adaptive time: 3000ms, depth: 5, reason: midgame, emergency: false
[DEBUG] 19:08:12.066 [AiEngine] Using JS Search
[DEBUG] 19:08:12.129 [AiEngine] Adaptive time: 3000ms, depth: 5, reason: midgame, tactical, emergency: false
[DEBUG] 19:08:12.129 [AiEngine] Using JS Search
[DEBUG] 19:08:12.407 [AiEngine] Adaptive time: 3000ms, depth: 5, reason: midgame, emergency: false
[DEBUG] 19:08:12.407 [AiEngine] Using JS Search
[DEBUG] 19:08:12.457 [AiEngine] Adaptive time: 3000ms, depth: 5, reason: midgame, tactical, emergency: false
[DEBUG] 19:08:12.457 [AiEngine] Using JS Search
[DEBUG] 19:08:12.861 [AiEngine] Adaptive time: 3000ms, depth: 5, reason: midgame, in-check, emergency: false
[DEBUG] 19:08:12.861 [AiEngine] Using JS Search
[DEBUG] 19:08:12.873 [AiEngine] Adaptive time: 3000ms, depth: 5, reason: midgame, tactical, emergency: false
[DEBUG] 19:08:12.873 [AiEngine] Using JS Search
[DEBUG] 19:08:13.000 [AiEngine] Adaptive time: 3000ms, depth: 5, reason: midgame, in-check, emergency: false
[DEBUG] 19:08:13.000 [AiEngine] Using JS Search
[DEBUG] 19:08:13.010 [AiEngine] Adaptive time: 3000ms, depth: 5, reason: midgame, tactical, emergency: false
[DEBUG] 19:08:13.010 [AiEngine] Using JS Search
[DEBUG] 19:08:13.093 [AiEngine] Adaptive time: 3000ms, depth: 5, reason: midgame, in-check, emergency: false
[DEBUG] 19:08:13.093 [AiEngine] Using JS Search
[DEBUG] 19:08:13.100 [AiEngine] Adaptive time: 3000ms, depth: 5, reason: midgame, tactical, emergency: false
[DEBUG] 19:08:13.100 [AiEngine] Using JS Search
[DEBUG] 19:08:13.113 [AiEngine] Adaptive time: 3000ms, depth: 5, reason: midgame, in-check, emergency: false
[DEBUG] 19:08:13.113 [AiEngine] Using JS Search
[DEBUG] 19:08:13.118 [AiEngine] Adaptive time: 3000ms, depth: 5, reason: midgame, tactical, emergency: false
[DEBUG] 19:08:13.118 [AiEngine] Using JS Search
[DEBUG] 19:08:13.127 [AiEngine] Adaptive time: 3000ms, depth: 5, reason: in-check, emergency: false
[DEBUG] 19:08:13.127 [AiEngine] Using JS Search
[DEBUG] 19:08:13.135 [AiEngine] Adaptive time: 3000ms, depth: 5, reason: tactical, emergency: false
[DEBUG] 19:08:13.135 [AiEngine] Using JS Search
[DEBUG] 19:08:13.144 [AiEngine] Adaptive time: 3000ms, depth: 5, reason: standard, emergency: false
[DEBUG] 19:08:13.144 [AiEngine] Using JS Search
[DEBUG] 19:08:13.176 [AiEngine] Adaptive time: 3000ms, depth: 5, reason: tactical, emergency: false
[DEBUG] 19:08:13.176 [AiEngine] Using JS Search
[DEBUG] 19:08:13.177 [AiEngine] Adaptive time: 3000ms, depth: 5, reason: standard, emergency: false
[DEBUG] 19:08:13.177 [AiEngine] Using JS Search
[DEBUG] 19:08:13.197 [AiEngine] Adaptive time: 3000ms, depth: 5, reason: tactical, emergency: false
[DEBUG] 19:08:13.197 [AiEngine] Using JS Search
[DEBUG] 19:08:13.198 [AiEngine] Adaptive time: 3000ms, depth: 5, reason: standard, emergency: false
[DEBUG] 19:08:13.198 [AiEngine] Using JS Search
[DEBUG] 19:08:13.240 [AiEngine] Adaptive time: 3000ms, depth: 5, reason: tactical, emergency: false
[DEBUG] 19:08:13.240 [AiEngine] Using JS Search
[DEBUG] 19:08:13.242 [AiEngine] Adaptive time: 3000ms, depth: 5, reason: standard, emergency: false
[DEBUG] 19:08:13.242 [AiEngine] Using JS Search
[DEBUG] 19:08:13.251 [AiEngine] Adaptive time: 3000ms, depth: 5, reason: standard, emergency: false
[DEBUG] 19:08:13.251 [AiEngine] Using JS Search
[DEBUG] 19:08:13.323 [AiEngine] Adaptive time: 3000ms, depth: 5, reason: standard, emergency: false
[DEBUG] 19:08:13.323 [AiEngine] Using JS Search
[DEBUG] 19:08:13.331 [AiEngine] Adaptive time: 3000ms, depth: 5, reason: standard, emergency: false
[DEBUG] 19:08:13.331 [AiEngine] Using JS Search
[DEBUG] 19:08:13.397 [AiEngine] Adaptive time: 3000ms, depth: 5, reason: standard, emergency: false
[DEBUG] 19:08:13.397 [AiEngine] Using JS Search
[DEBUG] 19:08:13.404 [AiEngine] Adaptive time: 3000ms, depth: 5, reason: standard, emergency: false
[DEBUG] 19:08:13.404 [AiEngine] Using JS Search
[DEBUG] 19:08:13.435 [AiEngine] Adaptive time: 3000ms, depth: 5, reason: standard, emergency: false
[DEBUG] 19:08:13.435 [AiEngine] Using JS Search
[DEBUG] 19:08:13.442 [AiEngine] Adaptive time: 3000ms, depth: 5, reason: standard, emergency: false
[DEBUG] 19:08:13.442 [AiEngine] Using JS Search
[DEBUG] 19:08:13.469 [AiEngine] Adaptive time: 3000ms, depth: 5, reason: endgame, emergency: false
[DEBUG] 19:08:13.469 [AiEngine] Using JS Search
[DEBUG] 19:08:13.476 [AiEngine] Adaptive time: 3000ms, depth: 5, reason: endgame, emergency: false
[DEBUG] 19:08:13.476 [AiEngine] Using JS Search
[DEBUG] 19:08:13.488 [AiEngine] Adaptive time: 3000ms, depth: 5, reason: endgame, emergency: false
[DEBUG] 19:08:13.488 [AiEngine] Using JS Search
[DEBUG] 19:08:13.492 [AiEngine] Adaptive time: 3000ms, depth: 5, reason: endgame, tactical, emergency: false
[DEBUG] 19:08:13.492 [AiEngine] Using JS Search
[DEBUG] 19:08:13.499 [AiEngine] Adaptive time: 3000ms, depth: 5, reason: endgame, emergency: false
[DEBUG] 19:08:13.499 [AiEngine] Using JS Search
[DEBUG] 19:08:13.502 [AiEngine] Adaptive time: 3000ms, depth: 5, reason: endgame, tactical, emergency: false
[DEBUG] 19:08:13.502 [AiEngine] Using JS Search
[DEBUG] 19:08:13.514 [AiEngine] Adaptive time: 3000ms, depth: 5, reason: endgame, in-check, emergency: false
[DEBUG] 19:08:13.514 [AiEngine] Using JS Search
[DEBUG] 19:08:13.519 [AiEngine] Adaptive time: 3000ms, depth: 5, reason: endgame, tactical, emergency: false
[DEBUG] 19:08:13.519 [AiEngine] Using JS Search
[DEBUG] 19:08:13.542 [AiEngine] Adaptive time: 3000ms, depth: 5, reason: endgame, emergency: false
[DEBUG] 19:08:13.542 [AiEngine] Using JS Search
[DEBUG] 19:08:13.548 [AiEngine] Adaptive time: 3000ms, depth: 5, reason: endgame, tactical, emergency: false
[DEBUG] 19:08:13.548 [AiEngine] Using JS Search
[DEBUG] 19:08:13.599 [AiEngine] Adaptive time: 3000ms, depth: 5, reason: endgame, in-check, emergency: false
[DEBUG] 19:08:13.599 [AiEngine] Using JS Search
[DEBUG] 19:08:13.605 [AiEngine] Adaptive time: 3000ms, depth: 5, reason: endgame, tactical, emergency: false
[DEBUG] 19:08:13.606 [AiEngine] Using JS Search
[DEBUG] 19:08:13.633 [AiEngine] Adaptive time: 3000ms, depth: 5, reason: endgame, emergency: false
[DEBUG] 19:08:13.633 [AiEngine] Using JS Search
[DEBUG] 19:08:13.638 [AiEngine] Adaptive time: 3000ms, depth: 5, reason: endgame, tactical, emergency: false
[DEBUG] 19:08:13.638 [AiEngine] Using JS Search
[DEBUG] 19:08:13.643 [AiEngine] Adaptive time: 3000ms, depth: 5, reason: endgame, emergency: false
[DEBUG] 19:08:13.643 [AiEngine] Using JS Search
[DEBUG] 19:08:13.650 [AiEngine] Adaptive time: 3000ms, depth: 5, reason: endgame, tactical, emergency: false
[DEBUG] 19:08:13.651 [AiEngine] Using JS Search
[DEBUG] 19:08:13.659 [AiEngine] Adaptive time: 3000ms, depth: 5, reason: endgame, emergency: false
[DEBUG] 19:08:13.659 [AiEngine] Using JS Search
[DEBUG] 19:08:13.666 [AiEngine] Adaptive time: 3000ms, depth: 5, reason: endgame, tactical, emergency: false
[DEBUG] 19:08:13.666 [AiEngine] Using JS Search
[DEBUG] 19:08:13.700 [AiEngine] Adaptive time: 3000ms, depth: 5, reason: endgame, in-check, emergency: false
[DEBUG] 19:08:13.700 [AiEngine] Using JS Search
[DEBUG] 19:08:13.709 [AiEngine] Adaptive time: 3000ms, depth: 5, reason: endgame, tactical, emergency: false
[DEBUG] 19:08:13.709 [AiEngine] Using JS Search
[DEBUG] 19:08:13.747 [AiEngine] Adaptive time: 3000ms, depth: 5, reason: endgame, emergency: false
[DEBUG] 19:08:13.747 [AiEngine] Using JS Search
[DEBUG] 19:08:13.755 [AiEngine] Adaptive time: 3000ms, depth: 5, reason: endgame, tactical, emergency: false
[DEBUG] 19:08:13.755 [AiEngine] Using JS Search
[DEBUG] 19:08:13.757 [AiEngine] Adaptive time: 3000ms, depth: 5, reason: endgame, in-check, emergency: false
[DEBUG] 19:08:13.757 [AiEngine] Using JS Search
[DEBUG] 19:08:13.763 [AiEngine] Adaptive time: 3000ms, depth: 5, reason: endgame, tactical, emergency: false
[DEBUG] 19:08:13.763 [AiEngine] Using JS Search
[DEBUG] 19:08:13.775 [AiEngine] Adaptive time: 3000ms, depth: 5, reason: endgame, emergency: false
[DEBUG] 19:08:13.775 [AiEngine] Using JS Search
[DEBUG] 19:08:13.783 [AiEngine] Adaptive time: 3000ms, depth: 5, reason: endgame, tactical, emergency: false
[DEBUG] 19:08:13.783 [AiEngine] Using JS Search
[DEBUG] 19:08:13.872 [AiEngine] Adaptive time: 3000ms, depth: 5, reason: endgame, emergency: false
[DEBUG] 19:08:13.872 [AiEngine] Using JS Search
[DEBUG] 19:08:13.875 [AiEngine] Adaptive time: 3000ms, depth: 5, reason: endgame, tactical, emergency: false
[DEBUG] 19:08:13.875 [AiEngine] Using JS Search
[DEBUG] 19:08:13.987 [AiEngine] Adaptive time: 3000ms, depth: 5, reason: endgame, emergency: false
[DEBUG] 19:08:13.987 [AiEngine] Using JS Search
[DEBUG] 19:08:13.990 [AiEngine] Adaptive time: 3000ms, depth: 5, reason: endgame, tactical, emergency: false
[DEBUG] 19:08:13.990 [AiEngine] Using JS Search
[DEBUG] 19:08:14.094 [AiEngine] Adaptive time: 3000ms, depth: 5, reason: endgame, emergency: false
[DEBUG] 19:08:14.094 [AiEngine] Using JS Search
[DEBUG] 19:08:14.097 [AiEngine] Adaptive time: 500ms, depth: 4, reason: midgame, opening, emergency: false
[DEBUG] 19:08:14.097 [AiEngine] Using JS Search
[DEBUG] 19:08:14.307 [AiEngine] Adaptive time: 500ms, depth: 4, reason: midgame, opening, emergency: false
[DEBUG] 19:08:14.307 [AiEngine] Using JS Search
[DEBUG] 19:08:14.593 [AiEngine] Adaptive time: 500ms, depth: 4, reason: midgame, opening, emergency: false
[DEBUG] 19:08:14.593 [AiEngine] Using JS Search
[DEBUG] 19:08:14.769 [AiEngine] Adaptive time: 500ms, depth: 4, reason: midgame, opening, emergency: false
[DEBUG] 19:08:14.769 [AiEngine] Using JS Search
[DEBUG] 19:08:15.133 [AiEngine] Adaptive time: 500ms, depth: 4, reason: midgame, opening, emergency: false
[DEBUG] 19:08:15.133 [AiEngine] Using JS Search
[DEBUG] 19:08:15.427 [AiEngine] Adaptive time: 500ms, depth: 4, reason: midgame, opening, emergency: false
[DEBUG] 19:08:15.427 [AiEngine] Using JS Search
[DEBUG] 19:08:15.562 [AiEngine] Adaptive time: 500ms, depth: 4, reason: midgame, opening, tactical, emergency: false
[DEBUG] 19:08:15.562 [AiEngine] Using JS Search
[DEBUG] 19:08:15.912 [AiEngine] Adaptive time: 500ms, depth: 4, reason: midgame, opening, emergency: false
[DEBUG] 19:08:15.912 [AiEngine] Using JS Search
[DEBUG] 19:08:16.103 [AiEngine] Adaptive time: 500ms, depth: 4, reason: midgame, opening, tactical, emergency: false
[DEBUG] 19:08:16.104 [AiEngine] Using JS Search
[DEBUG] 19:08:16.178 [AiEngine] Adaptive time: 500ms, depth: 4, reason: midgame, opening, tactical, emergency: false
[DEBUG] 19:08:16.178 [AiEngine] Using JS Search
[DEBUG] 19:08:16.600 [AiEngine] Adaptive time: 500ms, depth: 4, reason: midgame, opening, tactical, emergency: false
[DEBUG] 19:08:16.600 [AiEngine] Using JS Search
[DEBUG] 19:08:16.712 [AiEngine] Adaptive time: 500ms, depth: 4, reason: midgame, opening, tactical, emergency: false
[DEBUG] 19:08:16.712 [AiEngine] Using JS Search
[DEBUG] 19:08:16.767 [AiEngine] Adaptive time: 500ms, depth: 4, reason: midgame, opening, tactical, emergency: false
[DEBUG] 19:08:16.767 [AiEngine] Using JS Search
[DEBUG] 19:08:16.917 [AiEngine] Adaptive time: 500ms, depth: 4, reason: midgame, opening, tactical, emergency: false
[DEBUG] 19:08:16.917 [AiEngine] Using JS Search
[DEBUG] 19:08:16.969 [AiEngine] Adaptive time: 500ms, depth: 4, reason: midgame, opening, tactical, emergency: false
[DEBUG] 19:08:16.969 [AiEngine] Using JS Search
[DEBUG] 19:08:17.140 [AiEngine] Adaptive time: 500ms, depth: 4, reason: midgame, opening, tactical, emergency: false
[DEBUG] 19:08:17.140 [AiEngine] Using JS Search
[DEBUG] 19:08:17.185 [AiEngine] Adaptive time: 500ms, depth: 4, reason: midgame, opening, tactical, emergency: false
[DEBUG] 19:08:17.185 [AiEngine] Using JS Search
[DEBUG] 19:08:17.334 [AiEngine] Adaptive time: 500ms, depth: 4, reason: midgame, opening, tactical, emergency: false
[DEBUG] 19:08:17.334 [AiEngine] Using JS Search
[DEBUG] 19:08:17.377 [AiEngine] Adaptive time: 500ms, depth: 4, reason: midgame, opening, tactical, emergency: false
[DEBUG] 19:08:17.377 [AiEngine] Using JS Search
[DEBUG] 19:08:17.637 [AiEngine] Adaptive time: 500ms, depth: 4, reason: midgame, opening, tactical, emergency: false
[DEBUG] 19:08:17.638 [AiEngine] Using JS Search
[DEBUG] 19:08:17.668 [AiEngine] Adaptive time: 500ms, depth: 4, reason: midgame, opening, tactical, emergency: false
[DEBUG] 19:08:17.668 [AiEngine] Using JS Search
[DEBUG] 19:08:17.866 [AiEngine] Adaptive time: 500ms, depth: 4, reason: midgame, opening, emergency: false
[DEBUG] 19:08:17.866 [AiEngine] Using JS Search
[DEBUG] 19:08:17.886 [AiEngine] Adaptive time: 500ms, depth: 4, reason: midgame, opening, tactical, emergency: false
[DEBUG] 19:08:17.886 [AiEngine] Using JS Search
[DEBUG] 19:08:17.903 [AiEngine] Adaptive time: 500ms, depth: 4, reason: midgame, opening, tactical, emergency: false
[DEBUG] 19:08:17.903 [AiEngine] Using JS Search
[DEBUG] 19:08:17.964 [AiEngine] Adaptive time: 500ms, depth: 4, reason: midgame, opening, tactical, emergency: false
[DEBUG] 19:08:17.964 [AiEngine] Using JS Search
[DEBUG] 19:08:18.005 [AiEngine] Adaptive time: 500ms, depth: 4, reason: midgame, opening, in-check, emergency: false
[DEBUG] 19:08:18.006 [AiEngine] Using JS Search
[DEBUG] 19:08:18.010 [AiEngine] Adaptive time: 500ms, depth: 4, reason: midgame, opening, tactical, emergency: false
[DEBUG] 19:08:18.010 [AiEngine] Using JS Search
[DEBUG] 19:08:18.015 [AiEngine] Adaptive time: 500ms, depth: 4, reason: midgame, opening, emergency: false
[DEBUG] 19:08:18.015 [AiEngine] Using JS Search
[DEBUG] 19:08:18.033 [AiEngine] Adaptive time: 500ms, depth: 4, reason: midgame, opening, tactical, emergency: false
[DEBUG] 19:08:18.033 [AiEngine] Using JS Search
[DEBUG] 19:08:18.036 [AiEngine] Adaptive time: 500ms, depth: 4, reason: midgame, opening, in-check, emergency: false
[DEBUG] 19:08:18.036 [AiEngine] Using JS Search
[DEBUG] 19:08:18.037 [AiEngine] Adaptive time: 500ms, depth: 4, reason: midgame, opening, tactical, emergency: false
[DEBUG] 19:08:18.037 [AiEngine] Using JS Search
[DEBUG] 19:08:18.047 [AiEngine] Adaptive time: 500ms, depth: 4, reason: midgame, opening, emergency: false
[DEBUG] 19:08:18.047 [AiEngine] Using JS Search
[DEBUG] 19:08:18.062 [AiEngine] Adaptive time: 500ms, depth: 4, reason: midgame, opening, tactical, emergency: false
[DEBUG] 19:08:18.062 [AiEngine] Using JS Search
[DEBUG] 19:08:18.081 [AiEngine] Adaptive time: 500ms, depth: 4, reason: midgame, opening, emergency: false
[DEBUG] 19:08:18.081 [AiEngine] Using JS Search
[DEBUG] 19:08:18.095 [AiEngine] Adaptive time: 500ms, depth: 4, reason: midgame, opening, tactical, emergency: false
[DEBUG] 19:08:18.096 [AiEngine] Using JS Search
[DEBUG] 19:08:18.103 [AiEngine] Adaptive time: 500ms, depth: 4, reason: midgame, opening, emergency: false
[DEBUG] 19:08:18.103 [AiEngine] Using JS Search
[DEBUG] 19:08:18.115 [AiEngine] Adaptive time: 500ms, depth: 4, reason: midgame, opening, tactical, emergency: false
[DEBUG] 19:08:18.115 [AiEngine] Using JS Search
[DEBUG] 19:08:18.118 [AiEngine] Adaptive time: 500ms, depth: 4, reason: midgame, opening, in-check, emergency: false
[DEBUG] 19:08:18.118 [AiEngine] Using JS Search
[DEBUG] 19:08:18.124 [AiEngine] Adaptive time: 500ms, depth: 4, reason: midgame, opening, tactical, emergency: false
[DEBUG] 19:08:18.124 [AiEngine] Using JS Search
[DEBUG] 19:08:18.126 [AiEngine] Adaptive time: 500ms, depth: 4, reason: midgame, opening, in-check, emergency: false
[DEBUG] 19:08:18.126 [AiEngine] Using JS Search
[DEBUG] 19:08:18.129 [AiEngine] Adaptive time: 3000ms, depth: 5, reason: standard, emergency: false
[DEBUG] 19:08:18.129 [AiEngine] Using JS Search
[DEBUG] 19:08:18.734 [AiEngine] Adaptive time: 3000ms, depth: 5, reason: in-check, emergency: false
[DEBUG] 19:08:18.734 [AiEngine] Using JS Search
[DEBUG] 19:08:18.755 [AiEngine] Adaptive time: 3000ms, depth: 5, reason: standard, emergency: false
[DEBUG] 19:08:18.756 [AiEngine] Using JS Search
[DEBUG] 19:08:19.359 [AiEngine] Adaptive time: 3000ms, depth: 5, reason: standard, emergency: false
[DEBUG] 19:08:19.359 [AiEngine] Using JS Search
[DEBUG] 19:08:19.375 [AiEngine] Adaptive time: 3000ms, depth: 5, reason: standard, emergency: false
[DEBUG] 19:08:19.375 [AiEngine] Using JS Search
[DEBUG] 19:08:19.940 [AiEngine] Adaptive time: 3000ms, depth: 5, reason: in-check, emergency: false
[DEBUG] 19:08:19.940 [AiEngine] Using JS Search
[DEBUG] 19:08:19.951 [AiEngine] Adaptive time: 3000ms, depth: 5, reason: tactical, emergency: false
[DEBUG] 19:08:19.951 [AiEngine] Using JS Search
[DEBUG] 19:08:20.489 [AiEngine] Adaptive time: 3000ms, depth: 5, reason: standard, emergency: false
[DEBUG] 19:08:20.489 [AiEngine] Using JS Search
[DEBUG] 19:08:20.507 [AiEngine] Adaptive time: 3000ms, depth: 5, reason: tactical, emergency: false
[DEBUG] 19:08:20.507 [AiEngine] Using JS Search
[DEBUG] 19:08:20.545 [AiEngine] Adaptive time: 3000ms, depth: 5, reason: standard, emergency: false
[DEBUG] 19:08:20.545 [AiEngine] Using JS Search
[DEBUG] 19:08:20.562 [AiEngine] Adaptive time: 3000ms, depth: 5, reason: tactical, emergency: false
[DEBUG] 19:08:20.562 [AiEngine] Using JS Search
[DEBUG] 19:08:20.593 [AiEngine] Adaptive time: 3000ms, depth: 5, reason: in-check, emergency: false
[DEBUG] 19:08:20.593 [AiEngine] Using JS Search
[DEBUG] 19:08:20.610 [AiEngine] Adaptive time: 3000ms, depth: 5, reason: tactical, emergency: false
[DEBUG] 19:08:20.610 [AiEngine] Using JS Search
[DEBUG] 19:08:20.667 [AiEngine] Adaptive time: 3000ms, depth: 5, reason: standard, emergency: false
[DEBUG] 19:08:20.667 [AiEngine] Using JS Search
[DEBUG] 19:08:20.686 [AiEngine] Adaptive time: 3000ms, depth: 5, reason: tactical, emergency: false
[DEBUG] 19:08:20.686 [AiEngine] Using JS Search
[DEBUG] 19:08:20.725 [AiEngine] Adaptive time: 3000ms, depth: 5, reason: standard, emergency: false
[DEBUG] 19:08:20.725 [AiEngine] Using JS Search
[DEBUG] 19:08:20.739 [AiEngine] Adaptive time: 3000ms, depth: 5, reason: tactical, emergency: false
[DEBUG] 19:08:20.739 [AiEngine] Using JS Search
[DEBUG] 19:08:20.847 [AiEngine] Adaptive time: 3000ms, depth: 5, reason: standard, emergency: false
[DEBUG] 19:08:20.847 [AiEngine] Using JS Search
[DEBUG] 19:08:20.863 [AiEngine] Adaptive time: 3000ms, depth: 5, reason: tactical, emergency: false
[DEBUG] 19:08:20.864 [AiEngine] Using JS Search
[DEBUG] 19:08:20.932 [AiEngine] Adaptive time: 3000ms, depth: 5, reason: standard, emergency: false
[DEBUG] 19:08:20.933 [AiEngine] Using JS Search
[DEBUG] 19:08:20.948 [AiEngine] Adaptive time: 3000ms, depth: 5, reason: tactical, emergency: false
[DEBUG] 19:08:20.948 [AiEngine] Using JS Search
[DEBUG] 19:08:21.091 [AiEngine] Adaptive time: 3000ms, depth: 5, reason: standard, emergency: false
[DEBUG] 19:08:21.091 [AiEngine] Using JS Search
[DEBUG] 19:08:21.106 [AiEngine] Adaptive time: 3000ms, depth: 5, reason: tactical, emergency: false
[DEBUG] 19:08:21.106 [AiEngine] Using JS Search
[DEBUG] 19:08:21.151 [AiEngine] Adaptive time: 3000ms, depth: 5, reason: standard, emergency: false
[DEBUG] 19:08:21.151 [AiEngine] Using JS Search
[DEBUG] 19:08:21.164 [AiEngine] Adaptive time: 3000ms, depth: 5, reason: tactical, emergency: false
[DEBUG] 19:08:21.164 [AiEngine] Using JS Search
[DEBUG] 19:08:21.171 [AiEngine] Adaptive time: 3000ms, depth: 5, reason: standard, emergency: false
[DEBUG] 19:08:21.171 [AiEngine] Using JS Search
[DEBUG] 19:08:21.179 [AiEngine] Adaptive time: 3000ms, depth: 5, reason: tactical, emergency: false
[DEBUG] 19:08:21.180 [AiEngine] Using JS Search
[DEBUG] 19:08:21.184 [AiEngine] Adaptive time: 3000ms, depth: 5, reason: in-check, emergency: false
[DEBUG] 19:08:21.184 [AiEngine] Using JS Search
[DEBUG] 19:08:21.187 [AiEngine] Adaptive time: 3000ms, depth: 5, reason: tactical, emergency: false
[DEBUG] 19:08:21.187 [AiEngine] Using JS Search
[DEBUG] 19:08:21.300 [AiEngine] Adaptive time: 3000ms, depth: 5, reason: standard, emergency: false
[DEBUG] 19:08:21.300 [AiEngine] Using JS Search
[DEBUG] 19:08:21.312 [AiEngine] Adaptive time: 3000ms, depth: 5, reason: tactical, emergency: false
[DEBUG] 19:08:21.312 [AiEngine] Using JS Search
[DEBUG] 19:08:21.324 [AiEngine] Adaptive time: 3000ms, depth: 5, reason: in-check, emergency: false
[DEBUG] 19:08:21.324 [AiEngine] Using JS Search
[DEBUG] 19:08:21.334 [AiEngine] Adaptive time: 3000ms, depth: 5, reason: tactical, emergency: false
[DEBUG] 19:08:21.334 [AiEngine] Using JS Search
[DEBUG] 19:08:21.411 [AiEngine] Adaptive time: 3000ms, depth: 5, reason: standard, emergency: false
[DEBUG] 19:08:21.411 [AiEngine] Using JS Search
[DEBUG] 19:08:21.418 [AiEngine] Adaptive time: 3000ms, depth: 5, reason: tactical, emergency: false
[DEBUG] 19:08:21.418 [AiEngine] Using JS Search
[DEBUG] 19:08:21.512 [AiEngine] Adaptive time: 3000ms, depth: 5, reason: standard, emergency: false
[DEBUG] 19:08:21.513 [AiEngine] Using JS Search
[DEBUG] 19:08:21.520 [AiEngine] Adaptive time: 3000ms, depth: 5, reason: tactical, emergency: false
[DEBUG] 19:08:21.520 [AiEngine] Using JS Search
[DEBUG] 19:08:21.607 [AiEngine] Adaptive time: 3000ms, depth: 5, reason: endgame, emergency: false
[DEBUG] 19:08:21.607 [AiEngine] Using JS Search
[DEBUG] 19:08:21.612 [AiEngine] Adaptive time: 3000ms, depth: 5, reason: endgame, tactical, emergency: false
[DEBUG] 19:08:21.612 [AiEngine] Using JS Search
[DEBUG] 19:08:21.780 [AiEngine] Adaptive time: 3000ms, depth: 5, reason: endgame, emergency: false
[DEBUG] 19:08:21.780 [AiEngine] Using JS Search
[DEBUG] 19:08:21.783 [AiEngine] Adaptive time: 3000ms, depth: 5, reason: endgame, tactical, emergency: false
[DEBUG] 19:08:21.783 [AiEngine] Using JS Search
[DEBUG] 19:08:21.786 [AiEngine] Adaptive time: 3000ms, depth: 5, reason: endgame, emergency: false
[DEBUG] 19:08:21.786 [AiEngine] Using JS Search
[DEBUG] 19:08:21.792 [AiEngine] Adaptive time: 3000ms, depth: 5, reason: endgame, tactical, emergency: false
[DEBUG] 19:08:21.792 [AiEngine] Using JS Search
[DEBUG] 19:08:21.795 [AiEngine] Adaptive time: 3000ms, depth: 5, reason: endgame, in-check, emergency: false
[DEBUG] 19:08:21.795 [AiEngine] Using JS Search
[DEBUG] 19:08:21.800 [AiEngine] Adaptive time: 3000ms, depth: 5, reason: endgame, tactical, emergency: false
[DEBUG] 19:08:21.800 [AiEngine] Using JS Search
[DEBUG] 19:08:21.803 [AiEngine] Adaptive time: 3000ms, depth: 5, reason: endgame, emergency: false
[DEBUG] 19:08:21.803 [AiEngine] Using JS Search
[DEBUG] 19:08:21.806 [AiEngine] Adaptive time: 3000ms, depth: 5, reason: endgame, tactical, emergency: false
[DEBUG] 19:08:21.806 [AiEngine] Using JS Search
[DEBUG] 19:08:21.808 [AiEngine] Adaptive time: 3000ms, depth: 5, reason: endgame, emergency: false
[DEBUG] 19:08:21.808 [AiEngine] Using JS Search
[DEBUG] 19:08:21.815 [AiEngine] Adaptive time: 3000ms, depth: 5, reason: endgame, tactical, emergency: false
[DEBUG] 19:08:21.815 [AiEngine] Using JS Search
[DEBUG] 19:08:21.817 [AiEngine] Adaptive time: 3000ms, depth: 5, reason: endgame, emergency: false
[DEBUG] 19:08:21.817 [AiEngine] Using JS Search
[DEBUG] 19:08:21.823 [AiEngine] Adaptive time: 3000ms, depth: 5, reason: endgame, tactical, emergency: false
[DEBUG] 19:08:21.823 [AiEngine] Using JS Search
[DEBUG] 19:08:21.824 [AiEngine] Adaptive time: 3000ms, depth: 5, reason: endgame, emergency: false
[DEBUG] 19:08:21.824 [AiEngine] Using JS Search
[DEBUG] 19:08:21.827 [AiEngine] Adaptive time: 3000ms, depth: 5, reason: endgame, tactical, emergency: false
[DEBUG] 19:08:21.827 [AiEngine] Using JS Search
[DEBUG] 19:08:21.918 [AiEngine] Adaptive time: 3000ms, depth: 5, reason: endgame, emergency: false
[DEBUG] 19:08:21.918 [AiEngine] Using JS Search
[DEBUG] 19:08:21.925 [AiEngine] Adaptive time: 3000ms, depth: 5, reason: endgame, tactical, emergency: false
[DEBUG] 19:08:21.925 [AiEngine] Using JS Search
[DEBUG] 19:08:22.101 [AiEngine] Adaptive time: 3000ms, depth: 5, reason: endgame, emergency: false
[DEBUG] 19:08:22.101 [AiEngine] Using JS Search
[DEBUG] 19:08:22.104 [AiEngine] Adaptive time: 3000ms, depth: 5, reason: endgame, tactical, emergency: false
[DEBUG] 19:08:22.104 [AiEngine] Using JS Search
[DEBUG] 19:08:22.263 [AiEngine] Adaptive time: 3000ms, depth: 5, reason: endgame, emergency: false
[DEBUG] 19:08:22.263 [AiEngine] Using JS Search
[DEBUG] 19:08:22.267 [AiEngine] Adaptive time: 3000ms, depth: 5, reason: endgame, tactical, emergency: false
[DEBUG] 19:08:22.267 [AiEngine] Using JS Search
[DEBUG] 19:08:22.270 [AiEngine] Adaptive time: 3000ms, depth: 5, reason: endgame, in-check, emergency: false
[DEBUG] 19:08:22.270 [AiEngine] Using JS Search
[DEBUG] 19:08:22.275 [AiEngine] Adaptive time: 500ms, depth: 4, reason: midgame, opening, emergency: false
[DEBUG] 19:08:22.276 [AiEngine] Using JS Search
[DEBUG] 19:08:22.365 [AiEngine] Adaptive time: 500ms, depth: 4, reason: midgame, opening, emergency: false
[DEBUG] 19:08:22.366 [AiEngine] Using JS Search
[DEBUG] 19:08:22.618 [AiEngine] Adaptive time: 500ms, depth: 4, reason: midgame, opening, emergency: false
[DEBUG] 19:08:22.619 [AiEngine] Using JS Search
[DEBUG] 19:08:22.863 [AiEngine] Adaptive time: 500ms, depth: 4, reason: midgame, opening, emergency: false
[DEBUG] 19:08:22.863 [AiEngine] Using JS Search
[DEBUG] 19:08:23.157 [AiEngine] Adaptive time: 500ms, depth: 4, reason: midgame, opening, emergency: false
[DEBUG] 19:08:23.157 [AiEngine] Using JS Search
[DEBUG] 19:08:23.456 [AiEngine] Adaptive time: 500ms, depth: 4, reason: midgame, opening, emergency: false
[DEBUG] 19:08:23.456 [AiEngine] Using JS Search
[DEBUG] 19:08:23.720 [AiEngine] Adaptive time: 500ms, depth: 4, reason: midgame, opening, tactical, emergency: false
[DEBUG] 19:08:23.720 [AiEngine] Using JS Search
[DEBUG] 19:08:23.864 [AiEngine] Adaptive time: 500ms, depth: 4, reason: midgame, opening, emergency: false
[DEBUG] 19:08:23.864 [AiEngine] Using JS Search
[DEBUG] 19:08:24.087 [AiEngine] Adaptive time: 500ms, depth: 4, reason: midgame, opening, emergency: false
[DEBUG] 19:08:24.087 [AiEngine] Using JS Search
[DEBUG] 19:08:24.185 [AiEngine] Adaptive time: 500ms, depth: 4, reason: midgame, opening, emergency: false
[DEBUG] 19:08:24.185 [AiEngine] Using JS Search
[DEBUG] 19:08:24.338 [AiEngine] Adaptive time: 500ms, depth: 4, reason: midgame, opening, emergency: false
[DEBUG] 19:08:24.338 [AiEngine] Using JS Search
[DEBUG] 19:08:24.378 [AiEngine] Adaptive time: 500ms, depth: 4, reason: midgame, opening, tactical, emergency: false
[DEBUG] 19:08:24.378 [AiEngine] Using JS Search
[DEBUG] 19:08:24.584 [AiEngine] Adaptive time: 500ms, depth: 4, reason: midgame, opening, emergency: false
[DEBUG] 19:08:24.584 [AiEngine] Using JS Search
[DEBUG] 19:08:24.616 [AiEngine] Adaptive time: 500ms, depth: 4, reason: midgame, opening, tactical, emergency: false
[DEBUG] 19:08:24.616 [AiEngine] Using JS Search
[DEBUG] 19:08:24.700 [AiEngine] Adaptive time: 500ms, depth: 4, reason: midgame, opening, emergency: false
[DEBUG] 19:08:24.701 [AiEngine] Using JS Search
[DEBUG] 19:08:24.810 [AiEngine] Adaptive time: 500ms, depth: 4, reason: midgame, opening, tactical, emergency: false
[DEBUG] 19:08:24.810 [AiEngine] Using JS Search
[DEBUG] 19:08:24.987 [AiEngine] Adaptive time: 500ms, depth: 4, reason: midgame, opening, emergency: false
[DEBUG] 19:08:24.987 [AiEngine] Using JS Search
[DEBUG] 19:08:25.031 [AiEngine] Adaptive time: 500ms, depth: 4, reason: midgame, opening, tactical, emergency: false
[DEBUG] 19:08:25.031 [AiEngine] Using JS Search
[DEBUG] 19:08:25.171 [AiEngine] Adaptive time: 500ms, depth: 4, reason: midgame, opening, emergency: false
[DEBUG] 19:08:25.171 [AiEngine] Using JS Search
[DEBUG] 19:08:25.289 [AiEngine] Adaptive time: 500ms, depth: 4, reason: midgame, opening, emergency: false
[DEBUG] 19:08:25.289 [AiEngine] Using JS Search
[DEBUG] 19:08:25.380 [AiEngine] Adaptive time: 500ms, depth: 4, reason: midgame, opening, emergency: false
[DEBUG] 19:08:25.380 [AiEngine] Using JS Search
[DEBUG] 19:08:25.576 [AiEngine] Adaptive time: 500ms, depth: 4, reason: midgame, opening, emergency: false
[DEBUG] 19:08:25.576 [AiEngine] Using JS Search
[DEBUG] 19:08:25.697 [AiEngine] Adaptive time: 500ms, depth: 4, reason: midgame, opening, tactical, emergency: false
[DEBUG] 19:08:25.697 [AiEngine] Using JS Search
[DEBUG] 19:08:25.907 [AiEngine] Adaptive time: 500ms, depth: 4, reason: midgame, opening, emergency: false
[DEBUG] 19:08:25.907 [AiEngine] Using JS Search
[DEBUG] 19:08:26.071 [AiEngine] Adaptive time: 500ms, depth: 4, reason: midgame, opening, emergency: false
[DEBUG] 19:08:26.071 [AiEngine] Using JS Search
[DEBUG] 19:08:26.185 [AiEngine] Adaptive time: 500ms, depth: 4, reason: midgame, opening, emergency: false
[DEBUG] 19:08:26.185 [AiEngine] Using JS Search
[DEBUG] 19:08:26.283 [AiEngine] Adaptive time: 500ms, depth: 4, reason: midgame, opening, emergency: false
[DEBUG] 19:08:26.283 [AiEngine] Using JS Search
[DEBUG] 19:08:26.489 [AiEngine] Adaptive time: 500ms, depth: 4, reason: midgame, opening, emergency: false
[DEBUG] 19:08:26.489 [AiEngine] Using JS Search
[DEBUG] 19:08:26.536 [AiEngine] Adaptive time: 500ms, depth: 4, reason: midgame, opening, emergency: false
[DEBUG] 19:08:26.537 [AiEngine] Using JS Search
[DEBUG] 19:08:26.566 [AiEngine] Adaptive time: 500ms, depth: 4, reason: midgame, opening, in-check, emergency: false
[DEBUG] 19:08:26.567 [AiEngine] Using JS Search
[DEBUG] 19:08:26.574 [AiEngine] Adaptive time: 500ms, depth: 4, reason: midgame, opening, emergency: false
[DEBUG] 19:08:26.574 [AiEngine] Using JS Search
[DEBUG] 19:08:26.575 [AiEngine] Adaptive time: 500ms, depth: 4, reason: midgame, opening, in-check, emergency: false
[DEBUG] 19:08:26.575 [AiEngine] Using JS Search
[DEBUG] 19:08:26.577 [AiEngine] Adaptive time: 500ms, depth: 4, reason: midgame, opening, tactical, emergency: false
[DEBUG] 19:08:26.577 [AiEngine] Using JS Search
[DEBUG] 19:08:26.704 [AiEngine] Adaptive time: 500ms, depth: 4, reason: midgame, opening, emergency: false
[DEBUG] 19:08:26.704 [AiEngine] Using JS Search
[DEBUG] 19:08:26.724 [AiEngine] Adaptive time: 500ms, depth: 4, reason: midgame, opening, tactical, emergency: false
[DEBUG] 19:08:26.724 [AiEngine] Using JS Search
[DEBUG] 19:08:26.926 [AiEngine] Adaptive time: 500ms, depth: 4, reason: midgame, opening, emergency: false
[DEBUG] 19:08:26.926 [AiEngine] Using JS Search
[DEBUG] 19:08:26.951 [AiEngine] Adaptive time: 500ms, depth: 4, reason: midgame, opening, tactical, emergency: false
[DEBUG] 19:08:26.951 [AiEngine] Using JS Search
[DEBUG] 19:08:27.185 [AiEngine] Adaptive time: 500ms, depth: 4, reason: midgame, opening, emergency: false
[DEBUG] 19:08:27.185 [AiEngine] Using JS Search
[DEBUG] 19:08:27.209 [AiEngine] Adaptive time: 500ms, depth: 4, reason: midgame, opening, tactical, emergency: false
[DEBUG] 19:08:27.209 [AiEngine] Using JS Search
[DEBUG] 19:08:27.278 [AiEngine] Adaptive time: 500ms, depth: 4, reason: midgame, opening, emergency: false
[DEBUG] 19:08:27.279 [AiEngine] Using JS Search
[DEBUG] 19:08:27.303 [AiEngine] Adaptive time: 3000ms, depth: 5, reason: midgame, emergency: false
[DEBUG] 19:08:27.303 [AiEngine] Using JS Search
[DEBUG] 19:08:27.961 [AiEngine] Adaptive time: 3000ms, depth: 5, reason: midgame, emergency: false
[DEBUG] 19:08:27.962 [AiEngine] Using JS Search
[DEBUG] 19:08:28.009 [AiEngine] Adaptive time: 3000ms, depth: 5, reason: midgame, emergency: false
[DEBUG] 19:08:28.009 [AiEngine] Using JS Search
[DEBUG] 19:08:28.566 [AiEngine] Adaptive time: 3000ms, depth: 5, reason: midgame, emergency: false
[DEBUG] 19:08:28.566 [AiEngine] Using JS Search
[DEBUG] 19:08:28.604 [AiEngine] Adaptive time: 3000ms, depth: 5, reason: midgame, emergency: false
[DEBUG] 19:08:28.604 [AiEngine] Using JS Search
[DEBUG] 19:08:28.743 [AiEngine] Adaptive time: 3000ms, depth: 5, reason: midgame, emergency: false
[DEBUG] 19:08:28.743 [AiEngine] Using JS Search
[DEBUG] 19:08:28.803 [AiEngine] Adaptive time: 3000ms, depth: 5, reason: midgame, tactical, emergency: false
[DEBUG] 19:08:28.803 [AiEngine] Using JS Search
[DEBUG] 19:08:28.804 [AiEngine] Adaptive time: 3000ms, depth: 5, reason: midgame, emergency: false
[DEBUG] 19:08:28.805 [AiEngine] Using JS Search
[DEBUG] 19:08:28.841 [AiEngine] Adaptive time: 3000ms, depth: 5, reason: midgame, emergency: false
[DEBUG] 19:08:28.841 [AiEngine] Using JS Search
[DEBUG] 19:08:28.842 [AiEngine] Adaptive time: 3000ms, depth: 5, reason: midgame, emergency: false
[DEBUG] 19:08:28.842 [AiEngine] Using JS Search
[DEBUG] 19:08:28.885 [AiEngine] Adaptive time: 3000ms, depth: 5, reason: midgame, emergency: false
[DEBUG] 19:08:28.885 [AiEngine] Using JS Search
[DEBUG] 19:08:28.886 [AiEngine] Adaptive time: 3000ms, depth: 5, reason: midgame, emergency: false
[DEBUG] 19:08:28.886 [AiEngine] Using JS Search
[DEBUG] 19:08:28.948 [AiEngine] Adaptive time: 3000ms, depth: 5, reason: midgame, emergency: false
[DEBUG] 19:08:28.948 [AiEngine] Using JS Search
[DEBUG] 19:08:28.949 [AiEngine] Adaptive time: 3000ms, depth: 5, reason: midgame, emergency: false
[DEBUG] 19:08:28.949 [AiEngine] Using JS Search
[DEBUG] 19:08:29.055 [AiEngine] Adaptive time: 3000ms, depth: 5, reason: midgame, emergency: false
[DEBUG] 19:08:29.055 [AiEngine] Using JS Search
[DEBUG] 19:08:29.056 [AiEngine] Adaptive time: 3000ms, depth: 5, reason: midgame, emergency: false
[DEBUG] 19:08:29.056 [AiEngine] Using JS Search
[DEBUG] 19:08:29.143 [AiEngine] Adaptive time: 3000ms, depth: 5, reason: midgame, emergency: false
[DEBUG] 19:08:29.143 [AiEngine] Using JS Search
[DEBUG] 19:08:29.144 [AiEngine] Adaptive time: 3000ms, depth: 5, reason: midgame, emergency: false
[DEBUG] 19:08:29.144 [AiEngine] Using JS Search
[DEBUG] 19:08:29.241 [AiEngine] Adaptive time: 3000ms, depth: 5, reason: midgame, emergency: false
[DEBUG] 19:08:29.241 [AiEngine] Using JS Search
[DEBUG] 19:08:29.242 [AiEngine] Adaptive time: 3000ms, depth: 5, reason: midgame, emergency: false
[DEBUG] 19:08:29.242 [AiEngine] Using JS Search
[DEBUG] 19:08:29.438 [AiEngine] Adaptive time: 3000ms, depth: 5, reason: midgame, emergency: false
[DEBUG] 19:08:29.439 [AiEngine] Using JS Search
[DEBUG] 19:08:29.440 [AiEngine] Adaptive time: 3000ms, depth: 5, reason: midgame, emergency: false
[DEBUG] 19:08:29.440 [AiEngine] Using JS Search
[DEBUG] 19:08:29.653 [AiEngine] Adaptive time: 3000ms, depth: 5, reason: midgame, emergency: false
[DEBUG] 19:08:29.653 [AiEngine] Using JS Search
[DEBUG] 19:08:29.656 [AiEngine] Adaptive time: 3000ms, depth: 5, reason: midgame, in-check, emergency: false
[DEBUG] 19:08:29.656 [AiEngine] Using JS Search
[DEBUG] 19:08:29.703 [AiEngine] Adaptive time: 3000ms, depth: 5, reason: midgame, emergency: false
[DEBUG] 19:08:29.703 [AiEngine] Using JS Search
[DEBUG] 19:08:29.704 [AiEngine] Adaptive time: 3000ms, depth: 5, reason: midgame, emergency: false
[DEBUG] 19:08:29.704 [AiEngine] Using JS Search
[DEBUG] 19:08:29.790 [AiEngine] Adaptive time: 3000ms, depth: 5, reason: midgame, emergency: false
[DEBUG] 19:08:29.791 [AiEngine] Using JS Search
[DEBUG] 19:08:29.792 [AiEngine] Adaptive time: 3000ms, depth: 5, reason: standard, emergency: false
[DEBUG] 19:08:29.792 [AiEngine] Using JS Search
[DEBUG] 19:08:29.898 [AiEngine] Adaptive time: 3000ms, depth: 5, reason: standard, emergency: false
[DEBUG] 19:08:29.898 [AiEngine] Using JS Search
[DEBUG] 19:08:29.899 [AiEngine] Adaptive time: 3000ms, depth: 5, reason: standard, emergency: false
[DEBUG] 19:08:29.899 [AiEngine] Using JS Search
[DEBUG] 19:08:30.083 [AiEngine] Adaptive time: 3000ms, depth: 5, reason: tactical, emergency: false
[DEBUG] 19:08:30.083 [AiEngine] Using JS Search
[DEBUG] 19:08:30.269 [AiEngine] Adaptive time: 3000ms, depth: 5, reason: standard, emergency: false
[DEBUG] 19:08:30.270 [AiEngine] Using JS Search
[DEBUG] 19:08:30.300 [AiEngine] Adaptive time: 3000ms, depth: 5, reason: tactical, emergency: false
[DEBUG] 19:08:30.300 [AiEngine] Using JS Search
[DEBUG] 19:08:30.307 [AiEngine] Adaptive time: 3000ms, depth: 5, reason: in-check, emergency: false
[DEBUG] 19:08:30.307 [AiEngine] Using JS Search
[DEBUG] 19:08:30.336 [AiEngine] Adaptive time: 3000ms, depth: 5, reason: tactical, emergency: false
[DEBUG] 19:08:30.336 [AiEngine] Using JS Search
[DEBUG] 19:08:30.387 [AiEngine] Adaptive time: 3000ms, depth: 5, reason: in-check, emergency: false
[DEBUG] 19:08:30.387 [AiEngine] Using JS Search
[DEBUG] 19:08:30.403 [AiEngine] Adaptive time: 3000ms, depth: 5, reason: standard, emergency: false
[DEBUG] 19:08:30.403 [AiEngine] Using JS Search
[DEBUG] 19:08:30.436 [AiEngine] Adaptive time: 3000ms, depth: 5, reason: standard, emergency: false
[DEBUG] 19:08:30.436 [AiEngine] Using JS Search
[DEBUG] 19:08:30.463 [AiEngine] Adaptive time: 3000ms, depth: 5, reason: standard, emergency: false
[DEBUG] 19:08:30.463 [AiEngine] Using JS Search
[DEBUG] 19:08:30.621 [AiEngine] Adaptive time: 3000ms, depth: 5, reason: standard, emergency: false
[DEBUG] 19:08:30.621 [AiEngine] Using JS Search
[DEBUG] 19:08:30.655 [AiEngine] Adaptive time: 3000ms, depth: 5, reason: tactical, emergency: false
[DEBUG] 19:08:30.656 [AiEngine] Using JS Search
[DEBUG] 19:08:30.846 [AiEngine] Adaptive time: 3000ms, depth: 5, reason: endgame, emergency: false
[DEBUG] 19:08:30.846 [AiEngine] Using JS Search
[DEBUG] 19:08:30.868 [AiEngine] Adaptive time: 3000ms, depth: 5, reason: endgame, tactical, emergency: false
[DEBUG] 19:08:30.868 [AiEngine] Using JS Search
[DEBUG] 19:08:30.982 [AiEngine] Adaptive time: 3000ms, depth: 5, reason: endgame, in-check, emergency: false
[DEBUG] 19:08:30.982 [AiEngine] Using JS Search
[DEBUG] 19:08:30.995 [AiEngine] Adaptive time: 3000ms, depth: 5, reason: endgame, tactical, emergency: false
[DEBUG] 19:08:30.995 [AiEngine] Using JS Search
[DEBUG] 19:08:31.112 [AiEngine] Adaptive time: 3000ms, depth: 5, reason: endgame, in-check, emergency: false
[DEBUG] 19:08:31.113 [AiEngine] Using JS Search
[DEBUG] 19:08:31.124 [AiEngine] Adaptive time: 3000ms, depth: 5, reason: endgame, tactical, emergency: false
[DEBUG] 19:08:31.124 [AiEngine] Using JS Search
[DEBUG] 19:08:31.305 [AiEngine] Adaptive time: 3000ms, depth: 5, reason: endgame, emergency: false
[DEBUG] 19:08:31.305 [AiEngine] Using JS Search
[DEBUG] 19:08:31.333 [AiEngine] Adaptive time: 3000ms, depth: 5, reason: endgame, in-check, emergency: false
[DEBUG] 19:08:31.333 [AiEngine] Using JS Search
[DEBUG] 19:08:31.568 [AiEngine] Adaptive time: 3000ms, depth: 5, reason: endgame, emergency: false
[DEBUG] 19:08:31.568 [AiEngine] Using JS Search
[DEBUG] 19:08:31.597 [AiEngine] Adaptive time: 3000ms, depth: 5, reason: endgame, tactical, emergency: false
[DEBUG] 19:08:31.597 [AiEngine] Using JS Search
[DEBUG] 19:08:31.713 [AiEngine] Adaptive time: 3000ms, depth: 5, reason: endgame, in-check, emergency: false
[DEBUG] 19:08:31.713 [AiEngine] Using JS Search
[DEBUG] 19:08:31.720 [AiEngine] Adaptive time: 3000ms, depth: 5, reason: endgame, tactical, emergency: false
[DEBUG] 19:08:31.720 [AiEngine] Using JS Search
[DEBUG] 19:08:31.725 [AiEngine] Adaptive time: 3000ms, depth: 5, reason: endgame, emergency: false
[DEBUG] 19:08:31.725 [AiEngine] Using JS Search
[DEBUG] 19:08:31.735 [AiEngine] Adaptive time: 3000ms, depth: 5, reason: endgame, tactical, emergency: false
[DEBUG] 19:08:31.735 [AiEngine] Using JS Search
[DEBUG] 19:08:31.805 [AiEngine] Adaptive time: 3000ms, depth: 5, reason: endgame, emergency: false
[DEBUG] 19:08:31.805 [AiEngine] Using JS Search
[DEBUG] 19:08:31.823 [AiEngine] Adaptive time: 3000ms, depth: 5, reason: endgame, emergency: false
[DEBUG] 19:08:31.823 [AiEngine] Using JS Search
[DEBUG] 19:08:31.873 [AiEngine] Adaptive time: 3000ms, depth: 5, reason: endgame, in-check, emergency: false
[DEBUG] 19:08:31.873 [AiEngine] Using JS Search
[DEBUG] 19:08:31.881 [AiEngine] Adaptive time: 3000ms, depth: 5, reason: endgame, tactical, emergency: false
[DEBUG] 19:08:31.881 [AiEngine] Using JS Search
[DEBUG] 19:08:31.938 [AiEngine] Adaptive time: 3000ms, depth: 5, reason: endgame, in-check, emergency: false
[DEBUG] 19:08:31.938 [AiEngine] Using JS Search
[DEBUG] 19:08:31.942 [AiEngine] Adaptive time: 500ms, depth: 4, reason: midgame, opening, emergency: false
[DEBUG] 19:08:31.942 [AiEngine] Using JS Search
[DEBUG] 19:08:32.212 [AiEngine] Adaptive time: 500ms, depth: 4, reason: midgame, opening, emergency: false
[DEBUG] 19:08:32.212 [AiEngine] Using JS Search
[DEBUG] 19:08:32.469 [AiEngine] Adaptive time: 500ms, depth: 4, reason: midgame, opening, emergency: false
[DEBUG] 19:08:32.469 [AiEngine] Using JS Search
[DEBUG] 19:08:32.544 [AiEngine] Adaptive time: 500ms, depth: 4, reason: midgame, opening, emergency: false
[DEBUG] 19:08:32.544 [AiEngine] Using JS Search
[DEBUG] 19:08:32.633 [AiEngine] Adaptive time: 500ms, depth: 4, reason: midgame, opening, emergency: false
[DEBUG] 19:08:32.633 [AiEngine] Using JS Search
[DEBUG] 19:08:32.674 [AiEngine] Adaptive time: 500ms, depth: 4, reason: midgame, opening, tactical, emergency: false
[DEBUG] 19:08:32.674 [AiEngine] Using JS Search
[DEBUG] 19:08:32.790 [AiEngine] Adaptive time: 500ms, depth: 4, reason: midgame, opening, emergency: false
[DEBUG] 19:08:32.790 [AiEngine] Using JS Search
[DEBUG] 19:08:32.913 [AiEngine] Adaptive time: 500ms, depth: 4, reason: midgame, opening, emergency: false
[DEBUG] 19:08:32.913 [AiEngine] Using JS Search
[DEBUG] 19:08:33.079 [AiEngine] Adaptive time: 500ms, depth: 4, reason: midgame, opening, emergency: false
[DEBUG] 19:08:33.079 [AiEngine] Using JS Search
[DEBUG] 19:08:33.227 [AiEngine] Adaptive time: 500ms, depth: 4, reason: midgame, opening, emergency: false
[DEBUG] 19:08:33.227 [AiEngine] Using JS Search
[DEBUG] 19:08:33.304 [AiEngine] Adaptive time: 500ms, depth: 4, reason: midgame, opening, emergency: false
[DEBUG] 19:08:33.304 [AiEngine] Using JS Search
[DEBUG] 19:08:33.407 [AiEngine] Adaptive time: 500ms, depth: 4, reason: midgame, opening, emergency: false
[DEBUG] 19:08:33.407 [AiEngine] Using JS Search
[DEBUG] 19:08:33.458 [AiEngine] Adaptive time: 500ms, depth: 4, reason: midgame, opening, tactical, emergency: false
[DEBUG] 19:08:33.458 [AiEngine] Using JS Search
[DEBUG] 19:08:33.806 [AiEngine] Adaptive time: 500ms, depth: 4, reason: midgame, opening, emergency: false
[DEBUG] 19:08:33.806 [AiEngine] Using JS Search
[DEBUG] 19:08:33.942 [AiEngine] Adaptive time: 500ms, depth: 4, reason: midgame, opening, tactical, emergency: false
[DEBUG] 19:08:33.942 [AiEngine] Using JS Search
[DEBUG] 19:08:34.113 [AiEngine] Adaptive time: 500ms, depth: 4, reason: midgame, opening, tactical, emergency: false
[DEBUG] 19:08:34.113 [AiEngine] Using JS Search
[DEBUG] 19:08:34.202 [AiEngine] Adaptive time: 500ms, depth: 4, reason: midgame, opening, tactical, emergency: false
[DEBUG] 19:08:34.202 [AiEngine] Using JS Search
[DEBUG] 19:08:34.460 [AiEngine] Adaptive time: 500ms, depth: 4, reason: midgame, opening, emergency: false
[DEBUG] 19:08:34.461 [AiEngine] Using JS Search
[DEBUG] 19:08:34.508 [AiEngine] Adaptive time: 500ms, depth: 4, reason: midgame, opening, tactical, emergency: false
[DEBUG] 19:08:34.508 [AiEngine] Using JS Search
[DEBUG] 19:08:34.641 [AiEngine] Adaptive time: 500ms, depth: 4, reason: midgame, opening, emergency: false
[DEBUG] 19:08:34.641 [AiEngine] Using JS Search
[DEBUG] 19:08:34.677 [AiEngine] Adaptive time: 500ms, depth: 4, reason: midgame, opening, tactical, emergency: false
[DEBUG] 19:08:34.677 [AiEngine] Using JS Search
[DEBUG] 19:08:34.730 [AiEngine] Adaptive time: 500ms, depth: 4, reason: midgame, opening, in-check, emergency: false
[DEBUG] 19:08:34.730 [AiEngine] Using JS Search
[DEBUG] 19:08:34.733 [AiEngine] Adaptive time: 500ms, depth: 4, reason: midgame, opening, tactical, emergency: false
[DEBUG] 19:08:34.733 [AiEngine] Using JS Search
[DEBUG] 19:08:34.735 [AiEngine] Adaptive time: 500ms, depth: 4, reason: midgame, opening, in-check, emergency: false
[DEBUG] 19:08:34.735 [AiEngine] Using JS Search
[DEBUG] 19:08:34.737 [AiEngine] Adaptive time: 500ms, depth: 4, reason: midgame, opening, tactical, emergency: false
[DEBUG] 19:08:34.737 [AiEngine] Using JS Search
[DEBUG] 19:08:34.739 [AiEngine] Adaptive time: 500ms, depth: 4, reason: midgame, opening, emergency: false
[DEBUG] 19:08:34.739 [AiEngine] Using JS Search
[DEBUG] 19:08:34.786 [AiEngine] Adaptive time: 500ms, depth: 4, reason: midgame, opening, tactical, emergency: false
[DEBUG] 19:08:34.786 [AiEngine] Using JS Search
[DEBUG] 19:08:34.787 [AiEngine] Adaptive time: 500ms, depth: 4, reason: midgame, opening, emergency: false
[DEBUG] 19:08:34.787 [AiEngine] Using JS Search
[DEBUG] 19:08:34.857 [AiEngine] Adaptive time: 500ms, depth: 4, reason: midgame, opening, tactical, emergency: false
[DEBUG] 19:08:34.857 [AiEngine] Using JS Search
[DEBUG] 19:08:34.862 [AiEngine] Adaptive time: 500ms, depth: 4, reason: midgame, opening, in-check, emergency: false
[DEBUG] 19:08:34.862 [AiEngine] Using JS Search
[DEBUG] 19:08:34.917 [AiEngine] Adaptive time: 500ms, depth: 4, reason: midgame, opening, emergency: false
[DEBUG] 19:08:34.917 [AiEngine] Using JS Search
[DEBUG] 19:08:35.028 [AiEngine] Adaptive time: 500ms, depth: 4, reason: midgame, opening, emergency: false
[DEBUG] 19:08:35.028 [AiEngine] Using JS Search
[DEBUG] 19:08:35.062 [AiEngine] Adaptive time: 500ms, depth: 4, reason: midgame, opening, emergency: false
[DEBUG] 19:08:35.063 [AiEngine] Using JS Search
[DEBUG] 19:08:35.208 [AiEngine] Adaptive time: 500ms, depth: 4, reason: midgame, opening, emergency: false
[DEBUG] 19:08:35.208 [AiEngine] Using JS Search
[DEBUG] 19:08:35.257 [AiEngine] Adaptive time: 500ms, depth: 4, reason: midgame, opening, tactical, emergency: false
[DEBUG] 19:08:35.257 [AiEngine] Using JS Search
[DEBUG] 19:08:35.449 [AiEngine] Adaptive time: 500ms, depth: 4, reason: midgame, opening, emergency: false
[DEBUG] 19:08:35.449 [AiEngine] Using JS Search
[DEBUG] 19:08:35.497 [AiEngine] Adaptive time: 500ms, depth: 4, reason: midgame, opening, tactical, emergency: false
[DEBUG] 19:08:35.497 [AiEngine] Using JS Search
[DEBUG] 19:08:35.685 [AiEngine] Adaptive time: 500ms, depth: 4, reason: midgame, opening, emergency: false
[DEBUG] 19:08:35.685 [AiEngine] Using JS Search
[DEBUG] 19:08:35.742 [AiEngine] Adaptive time: 500ms, depth: 4, reason: midgame, opening, in-check, emergency: false
[DEBUG] 19:08:35.742 [AiEngine] Using JS Search
[DEBUG] 19:08:35.793 [AiEngine] Adaptive time: 500ms, depth: 4, reason: midgame, opening, emergency: false
[DEBUG] 19:08:35.793 [AiEngine] Using JS Search
[DEBUG] 19:08:35.821 [AiEngine] Adaptive time: 3000ms, depth: 5, reason: midgame, tactical, emergency: false
[DEBUG] 19:08:35.821 [AiEngine] Using JS Search
[DEBUG] 19:08:36.022 [AiEngine] Adaptive time: 3000ms, depth: 5, reason: midgame, emergency: false
[DEBUG] 19:08:36.022 [AiEngine] Using JS Search
[DEBUG] 19:08:36.060 [AiEngine] Adaptive time: 3000ms, depth: 5, reason: midgame, tactical, emergency: false
[DEBUG] 19:08:36.060 [AiEngine] Using JS Search
[DEBUG] 19:08:36.643 [AiEngine] Adaptive time: 3000ms, depth: 5, reason: midgame, emergency: false
[DEBUG] 19:08:36.643 [AiEngine] Using JS Search
[DEBUG] 19:08:36.678 [AiEngine] Adaptive time: 3000ms, depth: 5, reason: midgame, tactical, emergency: false
[DEBUG] 19:08:36.678 [AiEngine] Using JS Search
[DEBUG] 19:08:37.015 [AiEngine] Adaptive time: 3000ms, depth: 5, reason: midgame, emergency: false
[DEBUG] 19:08:37.015 [AiEngine] Using JS Search
[DEBUG] 19:08:37.048 [AiEngine] Adaptive time: 3000ms, depth: 5, reason: midgame, tactical, emergency: false
[DEBUG] 19:08:37.048 [AiEngine] Using JS Search
[DEBUG] 19:08:37.570 [AiEngine] Adaptive time: 3000ms, depth: 5, reason: midgame, emergency: false
[DEBUG] 19:08:37.570 [AiEngine] Using JS Search
[DEBUG] 19:08:37.598 [AiEngine] Adaptive time: 3000ms, depth: 5, reason: midgame, tactical, emergency: false
[DEBUG] 19:08:37.599 [AiEngine] Using JS Search
[DEBUG] 19:08:37.943 [AiEngine] Adaptive time: 3000ms, depth: 5, reason: midgame, emergency: false
[DEBUG] 19:08:37.943 [AiEngine] Using JS Search
[DEBUG] 19:08:37.944 [AiEngine] Adaptive time: 3000ms, depth: 5, reason: midgame, tactical, emergency: false
[DEBUG] 19:08:37.944 [AiEngine] Using JS Search
[DEBUG] 19:08:37.944 [AiEngine] Adaptive time: 3000ms, depth: 5, reason: midgame, in-check, emergency: false
[DEBUG] 19:08:37.944 [AiEngine] Using JS Search
[DEBUG] 19:08:37.944 [AiEngine] Adaptive time: 500ms, depth: 4, reason: midgame, opening, emergency: false
[DEBUG] 19:08:37.944 [AiEngine] Using JS Search
[DEBUG] 19:08:38.018 [AiEngine] Adaptive time: 500ms, depth: 4, reason: midgame, opening, emergency: false
[DEBUG] 19:08:38.018 [AiEngine] Using JS Search
[DEBUG] 19:08:38.136 [AiEngine] Adaptive time: 500ms, depth: 4, reason: midgame, opening, emergency: false
[DEBUG] 19:08:38.136 [AiEngine] Using JS Search
[DEBUG] 19:08:38.201 [AiEngine] Adaptive time: 500ms, depth: 4, reason: midgame, opening, emergency: false
[DEBUG] 19:08:38.201 [AiEngine] Using JS Search
[DEBUG] 19:08:38.440 [AiEngine] Adaptive time: 500ms, depth: 4, reason: midgame, opening, emergency: false
[DEBUG] 19:08:38.440 [AiEngine] Using JS Search
[DEBUG] 19:08:38.467 [AiEngine] Adaptive time: 500ms, depth: 4, reason: midgame, opening, tactical, emergency: false
[DEBUG] 19:08:38.467 [AiEngine] Using JS Search
[DEBUG] 19:08:38.572 [AiEngine] Adaptive time: 500ms, depth: 4, reason: midgame, opening, emergency: false
[DEBUG] 19:08:38.572 [AiEngine] Using JS Search
[DEBUG] 19:08:38.595 [AiEngine] Adaptive time: 500ms, depth: 4, reason: midgame, opening, tactical, emergency: false
[DEBUG] 19:08:38.595 [AiEngine] Using JS Search
[DEBUG] 19:08:38.663 [AiEngine] Adaptive time: 500ms, depth: 4, reason: midgame, opening, emergency: false
[DEBUG] 19:08:38.663 [AiEngine] Using JS Search
[DEBUG] 19:08:38.663 [AiEngine] Adaptive time: 500ms, depth: 4, reason: midgame, opening, tactical, emergency: false
[DEBUG] 19:08:38.663 [AiEngine] Using JS Search
[DEBUG] 19:08:38.664 [AiEngine] Adaptive time: 500ms, depth: 4, reason: midgame, opening, in-check, emergency: false
[DEBUG] 19:08:38.664 [AiEngine] Using JS Search
[DEBUG] 19:08:38.664 [AiEngine] Adaptive time: 500ms, depth: 4, reason: midgame, opening, emergency: false
[DEBUG] 19:08:38.664 [AiEngine] Using JS Search
[DEBUG] 19:08:38.726 [AiEngine] Adaptive time: 500ms, depth: 4, reason: midgame, opening, emergency: false
[DEBUG] 19:08:38.726 [AiEngine] Using JS Search
[DEBUG] 19:08:38.936 [AiEngine] Adaptive time: 500ms, depth: 4, reason: midgame, opening, emergency: false
[DEBUG] 19:08:38.936 [AiEngine] Using JS Search
[DEBUG] 19:08:39.258 [AiEngine] Adaptive time: 500ms, depth: 4, reason: midgame, opening, emergency: false
[DEBUG] 19:08:39.258 [AiEngine] Using JS Search
[DEBUG] 19:08:39.476 [AiEngine] Adaptive time: 500ms, depth: 4, reason: midgame, opening, emergency: false
[DEBUG] 19:08:39.476 [AiEngine] Using JS Search
[DEBUG] 19:08:39.649 [AiEngine] Adaptive time: 500ms, depth: 4, reason: midgame, opening, emergency: false
[DEBUG] 19:08:39.649 [AiEngine] Using JS Search
[DEBUG] 19:08:39.816 [AiEngine] Adaptive time: 500ms, depth: 4, reason: midgame, opening, emergency: false
[DEBUG] 19:08:39.816 [AiEngine] Using JS Search
[DEBUG] 19:08:39.915 [AiEngine] Adaptive time: 500ms, depth: 4, reason: midgame, opening, emergency: false
[DEBUG] 19:08:39.915 [AiEngine] Using JS Search
[DEBUG] 19:08:39.989 [AiEngine] Adaptive time: 500ms, depth: 4, reason: midgame, opening, emergency: false
[DEBUG] 19:08:39.989 [AiEngine] Using JS Search
[DEBUG] 19:08:40.180 [AiEngine] Adaptive time: 500ms, depth: 4, reason: midgame, opening, emergency: false
[DEBUG] 19:08:40.181 [AiEngine] Using JS Search
[DEBUG] 19:08:40.224 [AiEngine] Adaptive time: 500ms, depth: 4, reason: midgame, opening, in-check, emergency: false
[DEBUG] 19:08:40.224 [AiEngine] Using JS Search
[DEBUG] 19:08:40.574 [AiEngine] Adaptive time: 500ms, depth: 4, reason: midgame, opening, emergency: false
[DEBUG] 19:08:40.574 [AiEngine] Using JS Search
[DEBUG] 19:08:40.619 [AiEngine] Adaptive time: 500ms, depth: 4, reason: midgame, opening, tactical, emergency: false
[DEBUG] 19:08:40.619 [AiEngine] Using JS Search
[DEBUG] 19:08:40.705 [AiEngine] Adaptive time: 500ms, depth: 4, reason: midgame, opening, emergency: false
[DEBUG] 19:08:40.705 [AiEngine] Using JS Search
[DEBUG] 19:08:40.739 [AiEngine] Adaptive time: 500ms, depth: 4, reason: midgame, opening, tactical, emergency: false
[DEBUG] 19:08:40.739 [AiEngine] Using JS Search
[DEBUG] 19:08:40.798 [AiEngine] Adaptive time: 500ms, depth: 4, reason: midgame, opening, emergency: false
[DEBUG] 19:08:40.798 [AiEngine] Using JS Search
[DEBUG] 19:08:40.839 [AiEngine] Adaptive time: 500ms, depth: 4, reason: midgame, opening, tactical, emergency: false
[DEBUG] 19:08:40.839 [AiEngine] Using JS Search
[DEBUG] 19:08:41.075 [AiEngine] Adaptive time: 500ms, depth: 4, reason: midgame, opening, emergency: false
[DEBUG] 19:08:41.075 [AiEngine] Using JS Search
[DEBUG] 19:08:41.111 [AiEngine] Adaptive time: 500ms, depth: 4, reason: midgame, opening, tactical, emergency: false
[DEBUG] 19:08:41.111 [AiEngine] Using JS Search
[DEBUG] 19:08:41.767 [AiEngine] Adaptive time: 500ms, depth: 4, reason: midgame, opening, emergency: false
[DEBUG] 19:08:41.767 [AiEngine] Using JS Search
[DEBUG] 19:08:41.805 [AiEngine] Adaptive time: 500ms, depth: 4, reason: midgame, opening, tactical, emergency: false
[DEBUG] 19:08:41.805 [AiEngine] Using JS Search
[DEBUG] 19:08:41.891 [AiEngine] Adaptive time: 500ms, depth: 4, reason: midgame, opening, emergency: false
[DEBUG] 19:08:41.891 [AiEngine] Using JS Search
[DEBUG] 19:08:41.923 [AiEngine] Adaptive time: 500ms, depth: 4, reason: midgame, opening, tactical, emergency: false
[DEBUG] 19:08:41.923 [AiEngine] Using JS Search
[DEBUG] 19:08:41.925 [AiEngine] Adaptive time: 500ms, depth: 4, reason: midgame, opening, emergency: false
[DEBUG] 19:08:41.925 [AiEngine] Using JS Search
[DEBUG] 19:08:42.024 [AiEngine] Adaptive time: 500ms, depth: 4, reason: midgame, opening, emergency: false
[DEBUG] 19:08:42.024 [AiEngine] Using JS Search
[DEBUG] 19:08:42.025 [AiEngine] Adaptive time: 500ms, depth: 4, reason: midgame, opening, emergency: false
[DEBUG] 19:08:42.025 [AiEngine] Using JS Search
[DEBUG] 19:08:42.274 [AiEngine] Adaptive time: 500ms, depth: 4, reason: midgame, opening, emergency: false
[DEBUG] 19:08:42.274 [AiEngine] Using JS Search
[DEBUG] 19:08:42.275 [AiEngine] Adaptive time: 500ms, depth: 4, reason: midgame, opening, emergency: false
[DEBUG] 19:08:42.275 [AiEngine] Using JS Search
[DEBUG] 19:08:42.351 [AiEngine] Adaptive time: 500ms, depth: 4, reason: midgame, opening, tactical, emergency: false
[DEBUG] 19:08:42.351 [AiEngine] Using JS Search
[DEBUG] 19:08:42.352 [AiEngine] Adaptive time: 500ms, depth: 4, reason: midgame, opening, emergency: false
[DEBUG] 19:08:42.352 [AiEngine] Using JS Search
[DEBUG] 19:08:42.393 [AiEngine] Adaptive time: 500ms, depth: 4, reason: midgame, opening, tactical, emergency: false
[DEBUG] 19:08:42.394 [AiEngine] Using JS Search
[DEBUG] 19:08:42.602 [AiEngine] Adaptive time: 500ms, depth: 4, reason: midgame, opening, emergency: false
[DEBUG] 19:08:42.602 [AiEngine] Using JS Search
[DEBUG] 19:08:42.640 [AiEngine] Adaptive time: 500ms, depth: 4, reason: midgame, opening, tactical, emergency: false
[DEBUG] 19:08:42.640 [AiEngine] Using JS Search
[DEBUG] 19:08:42.851 [AiEngine] Adaptive time: 500ms, depth: 4, reason: midgame, opening, emergency: false
[DEBUG] 19:08:42.851 [AiEngine] Using JS Search
[DEBUG] 19:08:42.878 [AiEngine] Adaptive time: 500ms, depth: 4, reason: midgame, opening, tactical, emergency: false
[DEBUG] 19:08:42.879 [AiEngine] Using JS Search
[DEBUG] 19:08:43.132 [AiEngine] Adaptive time: 500ms, depth: 4, reason: midgame, opening, emergency: false
[DEBUG] 19:08:43.132 [AiEngine] Using JS Search
[DEBUG] 19:08:43.184 [AiEngine] Adaptive time: 500ms, depth: 4, reason: midgame, opening, tactical, emergency: false
[DEBUG] 19:08:43.184 [AiEngine] Using JS Search
[DEBUG] 19:08:43.472 [AiEngine] Adaptive time: 500ms, depth: 4, reason: midgame, opening, emergency: false
[DEBUG] 19:08:43.472 [AiEngine] Using JS Search
[DEBUG] 19:08:43.519 [AiEngine] Adaptive time: 500ms, depth: 4, reason: midgame, opening, tactical, emergency: false
[DEBUG] 19:08:43.519 [AiEngine] Using JS Search
[DEBUG] 19:08:43.751 [AiEngine] Adaptive time: 500ms, depth: 4, reason: midgame, opening, in-check, emergency: false
[DEBUG] 19:08:43.751 [AiEngine] Using JS Search
[DEBUG] 19:08:43.761 [AiEngine] Adaptive time: 3000ms, depth: 5, reason: midgame, tactical, emergency: false
[DEBUG] 19:08:43.761 [AiEngine] Using JS Search
[DEBUG] 19:08:44.938 [AiEngine] Adaptive time: 3000ms, depth: 5, reason: midgame, emergency: false
[DEBUG] 19:08:44.938 [AiEngine] Using JS Search
[DEBUG] 19:08:44.997 [AiEngine] Adaptive time: 3000ms, depth: 5, reason: midgame, tactical, emergency: false
[DEBUG] 19:08:44.997 [AiEngine] Using JS Search
[DEBUG] 19:08:45.219 [AiEngine] Adaptive time: 3000ms, depth: 5, reason: midgame, emergency: false
[DEBUG] 19:08:45.219 [AiEngine] Using JS Search
[DEBUG] 19:08:45.340 [AiEngine] Adaptive time: 3000ms, depth: 5, reason: midgame, emergency: false
[DEBUG] 19:08:45.340 [AiEngine] Using JS Search
[DEBUG] 19:08:45.341 [AiEngine] Adaptive time: 3000ms, depth: 5, reason: midgame, emergency: false
[DEBUG] 19:08:45.341 [AiEngine] Using JS Search
[DEBUG] 19:08:45.570 [AiEngine] Adaptive time: 3000ms, depth: 5, reason: midgame, emergency: false
[DEBUG] 19:08:45.570 [AiEngine] Using JS Search
[DEBUG] 19:08:45.571 [AiEngine] Adaptive time: 3000ms, depth: 5, reason: midgame, emergency: false
[DEBUG] 19:08:45.571 [AiEngine] Using JS Search
[DEBUG] 19:08:45.923 [AiEngine] Adaptive time: 3000ms, depth: 5, reason: midgame, emergency: false
[DEBUG] 19:08:45.923 [AiEngine] Using JS Search
[DEBUG] 19:08:45.924 [AiEngine] Adaptive time: 3000ms, depth: 5, reason: midgame, emergency: false
[DEBUG] 19:08:45.924 [AiEngine] Using JS Search
[DEBUG] 19:08:46.462 [AiEngine] Adaptive time: 3000ms, depth: 5, reason: midgame, emergency: false
[DEBUG] 19:08:46.462 [AiEngine] Using JS Search
[DEBUG] 19:08:46.463 [AiEngine] Adaptive time: 3000ms, depth: 5, reason: midgame, emergency: false
[DEBUG] 19:08:46.463 [AiEngine] Using JS Search
[DEBUG] 19:08:47.128 [AiEngine] Adaptive time: 3000ms, depth: 5, reason: midgame, emergency: false
[DEBUG] 19:08:47.128 [AiEngine] Using JS Search
[DEBUG] 19:08:47.129 [AiEngine] Adaptive time: 3000ms, depth: 5, reason: midgame, tactical, emergency: false
[DEBUG] 19:08:47.129 [AiEngine] Using JS Search
[DEBUG] 19:08:47.985 [AiEngine] Adaptive time: 3000ms, depth: 5, reason: midgame, emergency: false
[DEBUG] 19:08:47.985 [AiEngine] Using JS Search
[DEBUG] 19:08:47.990 [AiEngine] Adaptive time: 3000ms, depth: 5, reason: midgame, tactical, emergency: false
[DEBUG] 19:08:47.990 [AiEngine] Using JS Search
[DEBUG] 19:08:48.324 [AiEngine] Adaptive time: 3000ms, depth: 5, reason: midgame, in-check, emergency: false
[DEBUG] 19:08:48.324 [AiEngine] Using JS Search
[DEBUG] 19:08:48.328 [AiEngine] Adaptive time: 3000ms, depth: 5, reason: midgame, tactical, emergency: false
[DEBUG] 19:08:48.328 [AiEngine] Using JS Search
[DEBUG] 19:08:48.652 [AiEngine] Adaptive time: 3000ms, depth: 5, reason: midgame, tactical, emergency: false
[DEBUG] 19:08:48.652 [AiEngine] Using JS Search
[DEBUG] 19:08:48.925 [AiEngine] Adaptive time: 3000ms, depth: 5, reason: midgame, tactical, emergency: false
[DEBUG] 19:08:48.925 [AiEngine] Using JS Search
[DEBUG] 19:08:49.170 [AiEngine] Adaptive time: 3000ms, depth: 5, reason: midgame, emergency: false
[DEBUG] 19:08:49.170 [AiEngine] Using JS Search
[DEBUG] 19:08:49.296 [AiEngine] Adaptive time: 3000ms, depth: 5, reason: midgame, tactical, emergency: false
[DEBUG] 19:08:49.296 [AiEngine] Using JS Search
[DEBUG] 19:08:49.706 [AiEngine] Adaptive time: 3000ms, depth: 5, reason: standard, emergency: false
[DEBUG] 19:08:49.706 [AiEngine] Using JS Search
[DEBUG] 19:08:49.812 [AiEngine] Adaptive time: 3000ms, depth: 5, reason: tactical, emergency: false
[DEBUG] 19:08:49.812 [AiEngine] Using JS Search
[DEBUG] 19:08:50.109 [AiEngine] Adaptive time: 3000ms, depth: 5, reason: standard, emergency: false
[DEBUG] 19:08:50.109 [AiEngine] Using JS Search
[DEBUG] 19:08:50.309 [AiEngine] Adaptive time: 3000ms, depth: 5, reason: standard, emergency: false
[DEBUG] 19:08:50.309 [AiEngine] Using JS Search
[DEBUG] 19:08:50.422 [AiEngine] Adaptive time: 3000ms, depth: 5, reason: standard, emergency: false
[DEBUG] 19:08:50.422 [AiEngine] Using JS Search
[DEBUG] 19:08:50.674 [AiEngine] Adaptive time: 3000ms, depth: 5, reason: tactical, emergency: false
[DEBUG] 19:08:50.674 [AiEngine] Using JS Search
[DEBUG] 19:08:50.777 [AiEngine] Adaptive time: 3000ms, depth: 5, reason: tactical, emergency: false
[DEBUG] 19:08:50.777 [AiEngine] Using JS Search
[DEBUG] 19:08:50.921 [AiEngine] Adaptive time: 3000ms, depth: 5, reason: standard, emergency: false
[DEBUG] 19:08:50.921 [AiEngine] Using JS Search
[DEBUG] 19:08:50.958 [AiEngine] Adaptive time: 3000ms, depth: 5, reason: standard, emergency: false
[DEBUG] 19:08:50.959 [AiEngine] Using JS Search
[DEBUG] 19:08:51.095 [AiEngine] Adaptive time: 3000ms, depth: 5, reason: endgame, emergency: false
[DEBUG] 19:08:51.095 [AiEngine] Using JS Search
[DEBUG] 19:08:51.212 [AiEngine] Adaptive time: 3000ms, depth: 5, reason: endgame, emergency: false
[DEBUG] 19:08:51.212 [AiEngine] Using JS Search
[DEBUG] 19:08:51.345 [AiEngine] Adaptive time: 3000ms, depth: 5, reason: endgame, in-check, emergency: false
[DEBUG] 19:08:51.345 [AiEngine] Using JS Search
[DEBUG] 19:08:51.669 [AiEngine] Adaptive time: 3000ms, depth: 5, reason: endgame, tactical, emergency: false
[DEBUG] 19:08:51.670 [AiEngine] Using JS Search
[DEBUG] 19:08:51.743 [AiEngine] Adaptive time: 3000ms, depth: 5, reason: endgame, emergency: false
[DEBUG] 19:08:51.743 [AiEngine] Using JS Search
[DEBUG] 19:08:52.004 [AiEngine] Adaptive time: 3000ms, depth: 5, reason: endgame, tactical, emergency: false
[DEBUG] 19:08:52.004 [AiEngine] Using JS Search
[DEBUG] 19:08:52.128 [AiEngine] Adaptive time: 3000ms, depth: 5, reason: endgame, emergency: false
[DEBUG] 19:08:52.129 [AiEngine] Using JS Search
[DEBUG] 19:08:52.249 [AiEngine] Adaptive time: 3000ms, depth: 5, reason: endgame, tactical, emergency: false
[DEBUG] 19:08:52.249 [AiEngine] Using JS Search
[DEBUG] 19:08:52.365 [AiEngine] Adaptive time: 3000ms, depth: 5, reason: endgame, emergency: false
[DEBUG] 19:08:52.365 [AiEngine] Using JS Search
[DEBUG] 19:08:52.463 [AiEngine] Adaptive time: 3000ms, depth: 5, reason: endgame, tactical, emergency: false
[DEBUG] 19:08:52.464 [AiEngine] Using JS Search
[DEBUG] 19:08:52.599 [AiEngine] Adaptive time: 3000ms, depth: 5, reason: endgame, emergency: false
[DEBUG] 19:08:52.599 [AiEngine] Using JS Search
[DEBUG] 19:08:52.727 [AiEngine] Adaptive time: 3000ms, depth: 5, reason: endgame, emergency: false
[DEBUG] 19:08:52.727 [AiEngine] Using JS Search
[DEBUG] 19:08:52.826 [AiEngine] Adaptive time: 3000ms, depth: 5, reason: endgame, emergency: false
[DEBUG] 19:08:52.826 [AiEngine] Using JS Search
[DEBUG] 19:08:52.847 [AiEngine] Adaptive time: 3000ms, depth: 5, reason: endgame, emergency: false
[DEBUG] 19:08:52.847 [AiEngine] Using JS Search
[DEBUG] 19:08:52.946 [AiEngine] Adaptive time: 3000ms, depth: 5, reason: endgame, emergency: false
[DEBUG] 19:08:52.946 [AiEngine] Using JS Search
[DEBUG] 19:08:53.041 [AiEngine] Adaptive time: 3000ms, depth: 5, reason: endgame, tactical, emergency: false
[DEBUG] 19:08:53.041 [AiEngine] Using JS Search
[DEBUG] 19:08:53.124 [AiEngine] Adaptive time: 3000ms, depth: 5, reason: endgame, emergency: false
[DEBUG] 19:08:53.124 [AiEngine] Using JS Search
[DEBUG] 19:08:53.177 [AiEngine] Adaptive time: 3000ms, depth: 5, reason: endgame, tactical, emergency: false
[DEBUG] 19:08:53.177 [AiEngine] Using JS Search
[DEBUG] 19:08:53.267 [AiEngine] Adaptive time: 3000ms, depth: 5, reason: endgame, emergency: false
[DEBUG] 19:08:53.267 [AiEngine] Using JS Search
[DEBUG] 19:08:53.298 [AiEngine] Adaptive time: 3000ms, depth: 5, reason: endgame, tactical, emergency: false
[DEBUG] 19:08:53.298 [AiEngine] Using JS Search
[DEBUG] 19:08:53.392 [AiEngine] Adaptive time: 3000ms, depth: 5, reason: endgame, emergency: false
[DEBUG] 19:08:53.392 [AiEngine] Using JS Search
[DEBUG] 19:08:53.430 [AiEngine] Adaptive time: 3000ms, depth: 5, reason: endgame, tactical, emergency: false
[DEBUG] 19:08:53.430 [AiEngine] Using JS Search
[DEBUG] 19:08:53.503 [AiEngine] Adaptive time: 3000ms, depth: 5, reason: endgame, in-check, emergency: false
[DEBUG] 19:08:53.503 [AiEngine] Using JS Search
[DEBUG] 19:08:53.516 [AiEngine] Adaptive time: 3000ms, depth: 5, reason: endgame, tactical, emergency: false
[DEBUG] 19:08:53.516 [AiEngine] Using JS Search
[DEBUG] 19:08:53.608 [AiEngine] Adaptive time: 3000ms, depth: 5, reason: endgame, emergency: false
[DEBUG] 19:08:53.608 [AiEngine] Using JS Search
[DEBUG] 19:08:53.625 [AiEngine] Adaptive time: 3000ms, depth: 5, reason: endgame, tactical, emergency: false
[DEBUG] 19:08:53.625 [AiEngine] Using JS Search
[DEBUG] 19:08:53.687 [AiEngine] Adaptive time: 3000ms, depth: 5, reason: endgame, in-check, emergency: false
[DEBUG] 19:08:53.687 [AiEngine] Using JS Search
[DEBUG] 19:08:53.693 [AiEngine] Adaptive time: 3000ms, depth: 5, reason: endgame, tactical, emergency: false
[DEBUG] 19:08:53.693 [AiEngine] Using JS Search
[DEBUG] 19:08:53.734 [AiEngine] Adaptive time: 3000ms, depth: 5, reason: endgame, emergency: false
[DEBUG] 19:08:53.734 [AiEngine] Using JS Search
[DEBUG] 19:08:53.744 [AiEngine] Adaptive time: 500ms, depth: 4, reason: midgame, opening, emergency: false
[DEBUG] 19:08:53.744 [AiEngine] Using JS Search
[DEBUG] 19:08:53.787 [AiEngine] Adaptive time: 500ms, depth: 4, reason: midgame, opening, emergency: false
[DEBUG] 19:08:53.787 [AiEngine] Using JS Search
[DEBUG] 19:08:53.952 [AiEngine] Adaptive time: 500ms, depth: 4, reason: midgame, opening, emergency: false
[DEBUG] 19:08:53.952 [AiEngine] Using JS Search
[DEBUG] 19:08:54.244 [AiEngine] Adaptive time: 500ms, depth: 4, reason: midgame, opening, emergency: false
[DEBUG] 19:08:54.244 [AiEngine] Using JS Search
[DEBUG] 19:08:54.310 [AiEngine] Adaptive time: 500ms, depth: 4, reason: midgame, opening, emergency: false
[DEBUG] 19:08:54.310 [AiEngine] Using JS Search
[DEBUG] 19:08:54.476 [AiEngine] Adaptive time: 500ms, depth: 4, reason: midgame, opening, emergency: false
[DEBUG] 19:08:54.476 [AiEngine] Using JS Search
[DEBUG] 19:08:54.546 [AiEngine] Adaptive time: 500ms, depth: 4, reason: midgame, opening, emergency: false
[DEBUG] 19:08:54.546 [AiEngine] Using JS Search
[DEBUG] 19:08:55.104 [AiEngine] Adaptive time: 500ms, depth: 4, reason: midgame, opening, emergency: false
[DEBUG] 19:08:55.104 [AiEngine] Using JS Search
[DEBUG] 19:08:55.145 [AiEngine] Adaptive time: 500ms, depth: 4, reason: midgame, opening, tactical, emergency: false
[DEBUG] 19:08:55.145 [AiEngine] Using JS Search
[DEBUG] 19:08:55.284 [AiEngine] Adaptive time: 500ms, depth: 4, reason: midgame, opening, emergency: false
[DEBUG] 19:08:55.284 [AiEngine] Using JS Search
[DEBUG] 19:08:55.352 [AiEngine] Adaptive time: 500ms, depth: 4, reason: midgame, opening, tactical, emergency: false
[DEBUG] 19:08:55.352 [AiEngine] Using JS Search
[DEBUG] 19:08:55.621 [AiEngine] Adaptive time: 500ms, depth: 4, reason: midgame, opening, in-check, tactical, emergency: false
[DEBUG] 19:08:55.621 [AiEngine] Using JS Search
[DEBUG] 19:08:55.813 [AiEngine] Adaptive time: 500ms, depth: 4, reason: midgame, opening, emergency: false
[DEBUG] 19:08:55.813 [AiEngine] Using JS Search
[DEBUG] 19:08:55.853 [AiEngine] Adaptive time: 500ms, depth: 4, reason: midgame, opening, tactical, emergency: false
[DEBUG] 19:08:55.853 [AiEngine] Using JS Search
[DEBUG] 19:08:55.925 [AiEngine] Adaptive time: 500ms, depth: 4, reason: midgame, opening, emergency: false
[DEBUG] 19:08:55.925 [AiEngine] Using JS Search
[DEBUG] 19:08:56.111 [AiEngine] Adaptive time: 500ms, depth: 4, reason: midgame, opening, emergency: false
[DEBUG] 19:08:56.111 [AiEngine] Using JS Search
[DEBUG] 19:08:56.148 [AiEngine] Adaptive time: 500ms, depth: 4, reason: midgame, opening, emergency: false
[DEBUG] 19:08:56.148 [AiEngine] Using JS Search
[DEBUG] 19:08:56.400 [AiEngine] Adaptive time: 500ms, depth: 4, reason: midgame, opening, emergency: false
[DEBUG] 19:08:56.400 [AiEngine] Using JS Search
[DEBUG] 19:08:56.424 [AiEngine] Adaptive time: 500ms, depth: 4, reason: midgame, opening, emergency: false
[DEBUG] 19:08:56.424 [AiEngine] Using JS Search
[DEBUG] 19:08:56.602 [AiEngine] Adaptive time: 500ms, depth: 4, reason: midgame, opening, emergency: false
[DEBUG] 19:08:56.602 [AiEngine] Using JS Search
[DEBUG] 19:08:56.637 [AiEngine] Adaptive time: 500ms, depth: 4, reason: midgame, opening, tactical, emergency: false
[DEBUG] 19:08:56.637 [AiEngine] Using JS Search
[DEBUG] 19:08:56.983 [AiEngine] Adaptive time: 500ms, depth: 4, reason: midgame, opening, emergency: false
[DEBUG] 19:08:56.983 [AiEngine] Using JS Search
[DEBUG] 19:08:57.017 [AiEngine] Adaptive time: 500ms, depth: 4, reason: midgame, opening, emergency: false
[DEBUG] 19:08:57.017 [AiEngine] Using JS Search
[DEBUG] 19:08:57.175 [AiEngine] Adaptive time: 500ms, depth: 4, reason: midgame, opening, emergency: false
[DEBUG] 19:08:57.175 [AiEngine] Using JS Search
[DEBUG] 19:08:57.204 [AiEngine] Adaptive time: 500ms, depth: 4, reason: midgame, opening, tactical, emergency: false
[DEBUG] 19:08:57.204 [AiEngine] Using JS Search
[DEBUG] 19:08:57.274 [AiEngine] Adaptive time: 500ms, depth: 4, reason: midgame, opening, emergency: false
[DEBUG] 19:08:57.274 [AiEngine] Using JS Search
[DEBUG] 19:08:57.302 [AiEngine] Adaptive time: 500ms, depth: 4, reason: midgame, opening, emergency: false
[DEBUG] 19:08:57.302 [AiEngine] Using JS Search
[DEBUG] 19:08:57.370 [AiEngine] Adaptive time: 500ms, depth: 4, reason: midgame, opening, emergency: false
[DEBUG] 19:08:57.370 [AiEngine] Using JS Search
[DEBUG] 19:08:57.391 [AiEngine] Adaptive time: 500ms, depth: 4, reason: midgame, opening, tactical, emergency: false
[DEBUG] 19:08:57.391 [AiEngine] Using JS Search
[DEBUG] 19:08:57.437 [AiEngine] Adaptive time: 500ms, depth: 4, reason: midgame, opening, emergency: false
[DEBUG] 19:08:57.437 [AiEngine] Using JS Search
[DEBUG] 19:08:57.502 [AiEngine] Adaptive time: 500ms, depth: 4, reason: midgame, opening, emergency: false
[DEBUG] 19:08:57.502 [AiEngine] Using JS Search
[DEBUG] 19:08:57.655 [AiEngine] Adaptive time: 500ms, depth: 4, reason: midgame, opening, emergency: false
[DEBUG] 19:08:57.655 [AiEngine] Using JS Search
[DEBUG] 19:08:57.693 [AiEngine] Adaptive time: 500ms, depth: 4, reason: midgame, opening, emergency: false
[DEBUG] 19:08:57.694 [AiEngine] Using JS Search
[DEBUG] 19:08:57.878 [AiEngine] Adaptive time: 500ms, depth: 4, reason: midgame, opening, emergency: false
[DEBUG] 19:08:57.878 [AiEngine] Using JS Search
[DEBUG] 19:08:57.919 [AiEngine] Adaptive time: 500ms, depth: 4, reason: midgame, opening, emergency: false
[DEBUG] 19:08:57.919 [AiEngine] Using JS Search
[DEBUG] 19:08:58.015 [AiEngine] Adaptive time: 500ms, depth: 4, reason: midgame, opening, emergency: false
[DEBUG] 19:08:58.015 [AiEngine] Using JS Search
[DEBUG] 19:08:58.049 [AiEngine] Adaptive time: 500ms, depth: 4, reason: midgame, opening, tactical, emergency: false
[DEBUG] 19:08:58.049 [AiEngine] Using JS Search
[DEBUG] 19:08:58.217 [AiEngine] Adaptive time: 500ms, depth: 4, reason: midgame, opening, emergency: false
[DEBUG] 19:08:58.217 [AiEngine] Using JS Search
[DEBUG] 19:08:58.255 [AiEngine] Adaptive time: 500ms, depth: 4, reason: midgame, opening, tactical, emergency: false
[DEBUG] 19:08:58.255 [AiEngine] Using JS Search
[DEBUG] 19:08:58.446 [AiEngine] Adaptive time: 500ms, depth: 4, reason: midgame, opening, emergency: false
[DEBUG] 19:08:58.446 [AiEngine] Using JS Search
[DEBUG] 19:08:58.475 [AiEngine] Adaptive time: 3000ms, depth: 5, reason: midgame, emergency: false
[DEBUG] 19:08:58.475 [AiEngine] Using JS Search
[DEBUG] 19:08:58.689 [AiEngine] Adaptive time: 3000ms, depth: 5, reason: midgame, emergency: false
[DEBUG] 19:08:58.689 [AiEngine] Using JS Search
[DEBUG] 19:08:58.736 [AiEngine] Adaptive time: 3000ms, depth: 5, reason: midgame, tactical, emergency: false
[DEBUG] 19:08:58.736 [AiEngine] Using JS Search
[DEBUG] 19:08:59.173 [AiEngine] Adaptive time: 3000ms, depth: 5, reason: midgame, emergency: false
[DEBUG] 19:08:59.173 [AiEngine] Using JS Search
[DEBUG] 19:08:59.220 [AiEngine] Adaptive time: 3000ms, depth: 5, reason: midgame, tactical, emergency: false
[DEBUG] 19:08:59.220 [AiEngine] Using JS Search
[DEBUG] 19:08:59.518 [AiEngine] Adaptive time: 3000ms, depth: 5, reason: midgame, emergency: false
[DEBUG] 19:08:59.518 [AiEngine] Using JS Search
[DEBUG] 19:08:59.569 [AiEngine] Adaptive time: 3000ms, depth: 5, reason: midgame, tactical, emergency: false
[DEBUG] 19:08:59.569 [AiEngine] Using JS Search
[DEBUG] 19:08:59.968 [AiEngine] Adaptive time: 3000ms, depth: 5, reason: midgame, emergency: false
[DEBUG] 19:08:59.968 [AiEngine] Using JS Search
[DEBUG] 19:09:00.014 [AiEngine] Adaptive time: 3000ms, depth: 5, reason: midgame, tactical, emergency: false
[DEBUG] 19:09:00.014 [AiEngine] Using JS Search
[DEBUG] 19:09:00.413 [AiEngine] Adaptive time: 3000ms, depth: 5, reason: midgame, emergency: false
[DEBUG] 19:09:00.414 [AiEngine] Using JS Search
[DEBUG] 19:09:00.550 [AiEngine] Adaptive time: 3000ms, depth: 5, reason: midgame, tactical, emergency: false
[DEBUG] 19:09:00.550 [AiEngine] Using JS Search
[DEBUG] 19:09:00.552 [AiEngine] Adaptive time: 3000ms, depth: 5, reason: midgame, emergency: false
[DEBUG] 19:09:00.552 [AiEngine] Using JS Search
[DEBUG] 19:09:00.724 [AiEngine] Adaptive time: 3000ms, depth: 5, reason: midgame, emergency: false
[DEBUG] 19:09:00.724 [AiEngine] Using JS Search
[DEBUG] 19:09:01.148 [AiEngine] Adaptive time: 3000ms, depth: 5, reason: midgame, emergency: false
[DEBUG] 19:09:01.148 [AiEngine] Using JS Search
[DEBUG] 19:09:01.302 [AiEngine] Adaptive time: 3000ms, depth: 5, reason: midgame, emergency: false
[DEBUG] 19:09:01.302 [AiEngine] Using JS Search
[DEBUG] 19:09:01.574 [AiEngine] Adaptive time: 3000ms, depth: 5, reason: standard, emergency: false
[DEBUG] 19:09:01.574 [AiEngine] Using JS Search
[DEBUG] 19:09:01.627 [AiEngine] Adaptive time: 3000ms, depth: 5, reason: standard, emergency: false
[DEBUG] 19:09:01.627 [AiEngine] Using JS Search
[DEBUG] 19:09:01.924 [AiEngine] Adaptive time: 3000ms, depth: 5, reason: standard, emergency: false
[DEBUG] 19:09:01.924 [AiEngine] Using JS Search
[DEBUG] 19:09:01.988 [AiEngine] Adaptive time: 3000ms, depth: 5, reason: standard, emergency: false
[DEBUG] 19:09:01.988 [AiEngine] Using JS Search
[DEBUG] 19:09:02.412 [AiEngine] Adaptive time: 3000ms, depth: 5, reason: tactical, emergency: false
[DEBUG] 19:09:02.412 [AiEngine] Using JS Search
[DEBUG] 19:09:02.480 [AiEngine] Adaptive time: 3000ms, depth: 5, reason: in-check, emergency: false
[DEBUG] 19:09:02.480 [AiEngine] Using JS Search
[DEBUG] 19:09:02.626 [AiEngine] Adaptive time: 3000ms, depth: 5, reason: standard, emergency: false
[DEBUG] 19:09:02.626 [AiEngine] Using JS Search
[DEBUG] 19:09:02.712 [AiEngine] Adaptive time: 3000ms, depth: 5, reason: standard, emergency: false
[DEBUG] 19:09:02.712 [AiEngine] Using JS Search
[DEBUG] 19:09:03.352 [AiEngine] Adaptive time: 3000ms, depth: 5, reason: standard, emergency: false
[DEBUG] 19:09:03.352 [AiEngine] Using JS Search
[DEBUG] 19:09:03.391 [AiEngine] Adaptive time: 3000ms, depth: 5, reason: tactical, emergency: false
[DEBUG] 19:09:03.392 [AiEngine] Using JS Search
[DEBUG] 19:09:03.782 [AiEngine] Adaptive time: 3000ms, depth: 5, reason: standard, emergency: false
[DEBUG] 19:09:03.782 [AiEngine] Using JS Search
[DEBUG] 19:09:03.831 [AiEngine] Adaptive time: 3000ms, depth: 5, reason: tactical, emergency: false
[DEBUG] 19:09:03.831 [AiEngine] Using JS Search
[DEBUG] 19:09:03.997 [AiEngine] Adaptive time: 3000ms, depth: 5, reason: standard, emergency: false
[DEBUG] 19:09:03.997 [AiEngine] Using JS Search
[DEBUG] 19:09:04.041 [AiEngine] Adaptive time: 500ms, depth: 4, reason: midgame, opening, emergency: false
[DEBUG] 19:09:04.041 [AiEngine] Using JS Search
[DEBUG] 19:09:04.068 [AiEngine] Adaptive time: 500ms, depth: 4, reason: midgame, opening, emergency: false
[DEBUG] 19:09:04.068 [AiEngine] Using JS Search
[DEBUG] 19:09:04.293 [AiEngine] Adaptive time: 500ms, depth: 4, reason: midgame, opening, emergency: false
[DEBUG] 19:09:04.293 [AiEngine] Using JS Search
[DEBUG] 19:09:04.511 [AiEngine] Adaptive time: 500ms, depth: 4, reason: midgame, opening, emergency: false
[DEBUG] 19:09:04.512 [AiEngine] Using JS Search
[DEBUG] 19:09:04.627 [AiEngine] Adaptive time: 500ms, depth: 4, reason: midgame, opening, emergency: false
[DEBUG] 19:09:04.627 [AiEngine] Using JS Search
[DEBUG] 19:09:04.776 [AiEngine] Adaptive time: 500ms, depth: 4, reason: midgame, opening, emergency: false
[DEBUG] 19:09:04.776 [AiEngine] Using JS Search
[DEBUG] 19:09:04.869 [AiEngine] Adaptive time: 500ms, depth: 4, reason: midgame, opening, tactical, emergency: false
[DEBUG] 19:09:04.869 [AiEngine] Using JS Search
[DEBUG] 19:09:04.969 [AiEngine] Adaptive time: 500ms, depth: 4, reason: midgame, opening, emergency: false
[DEBUG] 19:09:04.969 [AiEngine] Using JS Search
[DEBUG] 19:09:05.007 [AiEngine] Adaptive time: 500ms, depth: 4, reason: midgame, opening, tactical, emergency: false
[DEBUG] 19:09:05.007 [AiEngine] Using JS Search
[DEBUG] 19:09:05.090 [AiEngine] Adaptive time: 500ms, depth: 4, reason: midgame, opening, emergency: false
[DEBUG] 19:09:05.090 [AiEngine] Using JS Search
[DEBUG] 19:09:05.120 [AiEngine] Adaptive time: 500ms, depth: 4, reason: midgame, opening, tactical, emergency: false
[DEBUG] 19:09:05.120 [AiEngine] Using JS Search
[DEBUG] 19:09:05.215 [AiEngine] Adaptive time: 500ms, depth: 4, reason: midgame, opening, tactical, emergency: false
[DEBUG] 19:09:05.215 [AiEngine] Using JS Search
[DEBUG] 19:09:05.611 [AiEngine] Adaptive time: 500ms, depth: 4, reason: midgame, opening, tactical, emergency: false
[DEBUG] 19:09:05.611 [AiEngine] Using JS Search
[DEBUG] 19:09:05.650 [AiEngine] Adaptive time: 500ms, depth: 4, reason: midgame, opening, tactical, emergency: false
[DEBUG] 19:09:05.650 [AiEngine] Using JS Search
[DEBUG] 19:09:05.744 [AiEngine] Adaptive time: 500ms, depth: 4, reason: midgame, opening, emergency: false
[DEBUG] 19:09:05.744 [AiEngine] Using JS Search
[DEBUG] 19:09:05.788 [AiEngine] Adaptive time: 500ms, depth: 4, reason: midgame, opening, tactical, emergency: false
[DEBUG] 19:09:05.788 [AiEngine] Using JS Search
[DEBUG] 19:09:05.887 [AiEngine] Adaptive time: 500ms, depth: 4, reason: midgame, opening, emergency: false
[DEBUG] 19:09:05.887 [AiEngine] Using JS Search
[DEBUG] 19:09:06.098 [AiEngine] Adaptive time: 500ms, depth: 4, reason: midgame, opening, tactical, emergency: false
[DEBUG] 19:09:06.098 [AiEngine] Using JS Search
[DEBUG] 19:09:06.266 [AiEngine] Adaptive time: 500ms, depth: 4, reason: midgame, opening, emergency: false
[DEBUG] 19:09:06.266 [AiEngine] Using JS Search
[DEBUG] 19:09:06.519 [AiEngine] Adaptive time: 500ms, depth: 4, reason: midgame, opening, tactical, emergency: false
[DEBUG] 19:09:06.519 [AiEngine] Using JS Search
[DEBUG] 19:09:06.618 [AiEngine] Adaptive time: 500ms, depth: 4, reason: midgame, opening, emergency: false
[DEBUG] 19:09:06.618 [AiEngine] Using JS Search
[DEBUG] 19:09:06.737 [AiEngine] Adaptive time: 500ms, depth: 4, reason: midgame, opening, tactical, emergency: false
[DEBUG] 19:09:06.737 [AiEngine] Using JS Search
[DEBUG] 19:09:06.909 [AiEngine] Adaptive time: 500ms, depth: 4, reason: midgame, opening, emergency: false
[DEBUG] 19:09:06.909 [AiEngine] Using JS Search
[DEBUG] 19:09:06.980 [AiEngine] Adaptive time: 500ms, depth: 4, reason: midgame, opening, tactical, emergency: false
[DEBUG] 19:09:06.980 [AiEngine] Using JS Search
[DEBUG] 19:09:07.104 [AiEngine] Adaptive time: 500ms, depth: 4, reason: midgame, opening, emergency: false
[DEBUG] 19:09:07.104 [AiEngine] Using JS Search
[DEBUG] 19:09:07.105 [AiEngine] Adaptive time: 500ms, depth: 4, reason: midgame, opening, tactical, emergency: false
[DEBUG] 19:09:07.105 [AiEngine] Using JS Search
[DEBUG] 19:09:07.105 [AiEngine] Adaptive time: 500ms, depth: 4, reason: midgame, opening, in-check, emergency: false
[DEBUG] 19:09:07.105 [AiEngine] Using JS Search
[DEBUG] 19:09:07.105 [AiEngine] Adaptive time: 500ms, depth: 4, reason: midgame, opening, emergency: false
[DEBUG] 19:09:07.105 [AiEngine] Using JS Search
[DEBUG] 19:09:07.124 [AiEngine] Adaptive time: 500ms, depth: 4, reason: midgame, opening, emergency: false
[DEBUG] 19:09:07.124 [AiEngine] Using JS Search
[DEBUG] 19:09:07.336 [AiEngine] Adaptive time: 500ms, depth: 4, reason: midgame, opening, emergency: false
[DEBUG] 19:09:07.336 [AiEngine] Using JS Search
[DEBUG] 19:09:07.631 [AiEngine] Adaptive time: 500ms, depth: 4, reason: midgame, opening, emergency: false
[DEBUG] 19:09:07.631 [AiEngine] Using JS Search
[DEBUG] 19:09:07.906 [AiEngine] Adaptive time: 500ms, depth: 4, reason: midgame, opening, emergency: false
[DEBUG] 19:09:07.907 [AiEngine] Using JS Search
[DEBUG] 19:09:08.132 [AiEngine] Adaptive time: 500ms, depth: 4, reason: midgame, opening, emergency: false
[DEBUG] 19:09:08.132 [AiEngine] Using JS Search
[DEBUG] 19:09:08.391 [AiEngine] Adaptive time: 500ms, depth: 4, reason: midgame, opening, emergency: false
[DEBUG] 19:09:08.392 [AiEngine] Using JS Search
[DEBUG] 19:09:08.732 [AiEngine] Adaptive time: 500ms, depth: 4, reason: midgame, opening, emergency: false
[DEBUG] 19:09:08.732 [AiEngine] Using JS Search
[DEBUG] 19:09:09.040 [AiEngine] Adaptive time: 500ms, depth: 4, reason: midgame, opening, emergency: false
[DEBUG] 19:09:09.040 [AiEngine] Using JS Search
[DEBUG] 19:09:09.183 [AiEngine] Adaptive time: 500ms, depth: 4, reason: midgame, opening, tactical, emergency: false
[DEBUG] 19:09:09.183 [AiEngine] Using JS Search
[DEBUG] 19:09:09.524 [AiEngine] Adaptive time: 500ms, depth: 4, reason: midgame, opening, emergency: false
[DEBUG] 19:09:09.524 [AiEngine] Using JS Search
[DEBUG] 19:09:09.573 [AiEngine] Adaptive time: 500ms, depth: 4, reason: midgame, opening, emergency: false
[DEBUG] 19:09:09.573 [AiEngine] Using JS Search
[DEBUG] 19:09:09.882 [AiEngine] Adaptive time: 500ms, depth: 4, reason: midgame, opening, emergency: false
[DEBUG] 19:09:09.882 [AiEngine] Using JS Search
[DEBUG] 19:09:09.928 [AiEngine] Adaptive time: 500ms, depth: 4, reason: midgame, opening, tactical, emergency: false
[DEBUG] 19:09:09.928 [AiEngine] Using JS Search
[DEBUG] 19:09:10.039 [AiEngine] Adaptive time: 500ms, depth: 4, reason: midgame, opening, emergency: false
[DEBUG] 19:09:10.040 [AiEngine] Using JS Search
[DEBUG] 19:09:10.071 [AiEngine] Adaptive time: 500ms, depth: 4, reason: midgame, opening, tactical, emergency: false
[DEBUG] 19:09:10.071 [AiEngine] Using JS Search
[DEBUG] 19:09:11.272 [AiEngine] Adaptive time: 500ms, depth: 4, reason: midgame, opening, emergency: false
[DEBUG] 19:09:11.272 [AiEngine] Using JS Search
[DEBUG] 19:09:11.275 [AiEngine] Adaptive time: 500ms, depth: 4, reason: midgame, opening, tactical, emergency: false
[DEBUG] 19:09:11.275 [AiEngine] Using JS Search
[DEBUG] 19:09:11.275 [AiEngine] Adaptive time: 500ms, depth: 4, reason: midgame, opening, in-check, emergency: false
[DEBUG] 19:09:11.275 [AiEngine] Using JS Search
[DEBUG] 19:09:11.276 [AiEngine] Adaptive time: 500ms, depth: 4, reason: midgame, opening, emergency: false
[DEBUG] 19:09:11.276 [AiEngine] Using JS Search
[DEBUG] 19:09:11.310 [AiEngine] Adaptive time: 500ms, depth: 4, reason: midgame, opening, emergency: false
[DEBUG] 19:09:11.310 [AiEngine] Using JS Search
[DEBUG] 19:09:11.451 [AiEngine] Adaptive time: 500ms, depth: 4, reason: midgame, opening, emergency: false
[DEBUG] 19:09:11.451 [AiEngine] Using JS Search
[DEBUG] 19:09:11.688 [AiEngine] Adaptive time: 500ms, depth: 4, reason: midgame, opening, emergency: false
[DEBUG] 19:09:11.688 [AiEngine] Using JS Search
[DEBUG] 19:09:11.818 [AiEngine] Adaptive time: 500ms, depth: 4, reason: midgame, opening, emergency: false
[DEBUG] 19:09:11.818 [AiEngine] Using JS Search
[DEBUG] 19:09:12.141 [AiEngine] Adaptive time: 500ms, depth: 4, reason: midgame, opening, emergency: false
[DEBUG] 19:09:12.141 [AiEngine] Using JS Search
[DEBUG] 19:09:12.280 [AiEngine] Adaptive time: 500ms, depth: 4, reason: midgame, opening, emergency: false
[DEBUG] 19:09:12.280 [AiEngine] Using JS Search
[DEBUG] 19:09:12.493 [AiEngine] Adaptive time: 500ms, depth: 4, reason: midgame, opening, emergency: false
[DEBUG] 19:09:12.493 [AiEngine] Using JS Search
[DEBUG] 19:09:12.610 [AiEngine] Adaptive time: 500ms, depth: 4, reason: midgame, opening, in-check, emergency: false
[DEBUG] 19:09:12.610 [AiEngine] Using JS Search
[DEBUG] 19:09:12.644 [AiEngine] Adaptive time: 500ms, depth: 4, reason: midgame, opening, tactical, emergency: false
[DEBUG] 19:09:12.644 [AiEngine] Using JS Search
[DEBUG] 19:09:12.779 [AiEngine] Adaptive time: 500ms, depth: 4, reason: midgame, opening, in-check, tactical, emergency: false
[DEBUG] 19:09:12.779 [AiEngine] Using JS Search
[DEBUG] 19:09:12.933 [AiEngine] Adaptive time: 500ms, depth: 4, reason: midgame, opening, emergency: false
[DEBUG] 19:09:12.933 [AiEngine] Using JS Search
[DEBUG] 19:09:13.063 [AiEngine] Adaptive time: 500ms, depth: 4, reason: midgame, opening, emergency: false
[DEBUG] 19:09:13.063 [AiEngine] Using JS Search
[DEBUG] 19:09:13.257 [AiEngine] Adaptive time: 500ms, depth: 4, reason: midgame, opening, emergency: false
[DEBUG] 19:09:13.257 [AiEngine] Using JS Search
[DEBUG] 19:09:13.473 [AiEngine] Adaptive time: 500ms, depth: 4, reason: midgame, opening, emergency: false
[DEBUG] 19:09:13.474 [AiEngine] Using JS Search
[DEBUG] 19:09:13.775 [AiEngine] Adaptive time: 500ms, depth: 4, reason: midgame, opening, emergency: false
[DEBUG] 19:09:13.775 [AiEngine] Using JS Search
[DEBUG] 19:09:13.929 [AiEngine] Adaptive time: 500ms, depth: 4, reason: midgame, opening, tactical, emergency: false
[DEBUG] 19:09:13.929 [AiEngine] Using JS Search
[DEBUG] 19:09:14.090 [AiEngine] Adaptive time: 500ms, depth: 4, reason: midgame, opening, emergency: false
[DEBUG] 19:09:14.091 [AiEngine] Using JS Search
[DEBUG] 19:09:14.268 [AiEngine] Adaptive time: 500ms, depth: 4, reason: midgame, opening, tactical, emergency: false
[DEBUG] 19:09:14.269 [AiEngine] Using JS Search
[DEBUG] 19:09:14.432 [AiEngine] Adaptive time: 500ms, depth: 4, reason: midgame, opening, emergency: false
[DEBUG] 19:09:14.432 [AiEngine] Using JS Search
[DEBUG] 19:09:14.656 [AiEngine] Adaptive time: 500ms, depth: 4, reason: midgame, opening, tactical, emergency: false
[DEBUG] 19:09:14.657 [AiEngine] Using JS Search
[DEBUG] 19:09:14.777 [AiEngine] Adaptive time: 500ms, depth: 4, reason: midgame, opening, emergency: false
[DEBUG] 19:09:14.777 [AiEngine] Using JS Search
[DEBUG] 19:09:14.847 [AiEngine] Adaptive time: 500ms, depth: 4, reason: midgame, opening, tactical, emergency: false
[DEBUG] 19:09:14.847 [AiEngine] Using JS Search
[DEBUG] 19:09:14.917 [AiEngine] Adaptive time: 500ms, depth: 4, reason: midgame, opening, tactical, emergency: false
[DEBUG] 19:09:14.917 [AiEngine] Using JS Search
[DEBUG] 19:09:15.194 [AiEngine] Adaptive time: 500ms, depth: 4, reason: midgame, opening, emergency: false
[DEBUG] 19:09:15.194 [AiEngine] Using JS Search
[DEBUG] 19:09:15.244 [AiEngine] Adaptive time: 500ms, depth: 4, reason: midgame, opening, tactical, emergency: false
[DEBUG] 19:09:15.244 [AiEngine] Using JS Search
[DEBUG] 19:09:15.594 [AiEngine] Adaptive time: 500ms, depth: 4, reason: midgame, opening, emergency: false
[DEBUG] 19:09:15.595 [AiEngine] Using JS Search
[DEBUG] 19:09:15.647 [AiEngine] Adaptive time: 500ms, depth: 4, reason: midgame, opening, tactical, emergency: false
[DEBUG] 19:09:15.647 [AiEngine] Using JS Search
[DEBUG] 19:09:15.929 [AiEngine] Adaptive time: 500ms, depth: 4, reason: midgame, opening, emergency: false
[DEBUG] 19:09:15.929 [AiEngine] Using JS Search
[DEBUG] 19:09:16.087 [AiEngine] Adaptive time: 500ms, depth: 4, reason: midgame, opening, tactical, emergency: false
[DEBUG] 19:09:16.087 [AiEngine] Using JS Search
[DEBUG] 19:09:16.176 [AiEngine] Adaptive time: 500ms, depth: 4, reason: midgame, opening, emergency: false
[DEBUG] 19:09:16.176 [AiEngine] Using JS Search
[DEBUG] 19:09:16.216 [AiEngine] Adaptive time: 500ms, depth: 4, reason: midgame, opening, tactical, emergency: false
[DEBUG] 19:09:16.216 [AiEngine] Using JS Search
[DEBUG] 19:09:16.288 [AiEngine] Adaptive time: 500ms, depth: 4, reason: midgame, opening, tactical, emergency: false
[DEBUG] 19:09:16.288 [AiEngine] Using JS Search
[DEBUG] 19:09:16.332 [AiEngine] Adaptive time: 500ms, depth: 4, reason: midgame, opening, tactical, emergency: false
[DEBUG] 19:09:16.332 [AiEngine] Using JS Search
[DEBUG] 19:09:16.623 [AiEngine] Adaptive time: 500ms, depth: 4, reason: midgame, opening, in-check, emergency: false
[DEBUG] 19:09:16.623 [AiEngine] Using JS Search
[DEBUG] 19:09:16.711 [AiEngine] Adaptive time: 500ms, depth: 4, reason: midgame, opening, tactical, emergency: false
[DEBUG] 19:09:16.711 [AiEngine] Using JS Search
[DEBUG] 19:09:16.712 [AiEngine] Adaptive time: 500ms, depth: 4, reason: midgame, opening, emergency: false
[DEBUG] 19:09:16.712 [AiEngine] Using JS Search
[DEBUG] 19:09:16.815 [AiEngine] Adaptive time: 500ms, depth: 4, reason: midgame, opening, tactical, emergency: false
[DEBUG] 19:09:16.816 [AiEngine] Using JS Search
[DEBUG] 19:09:16.884 [AiEngine] Adaptive time: 500ms, depth: 4, reason: midgame, opening, emergency: false
[DEBUG] 19:09:16.884 [AiEngine] Using JS Search
[DEBUG] 19:09:16.992 [AiEngine] Adaptive time: 500ms, depth: 4, reason: midgame, opening, emergency: false
[DEBUG] 19:09:16.992 [AiEngine] Using JS Search
[DEBUG] 19:09:17.153 [AiEngine] Adaptive time: 3000ms, depth: 5, reason: midgame, in-check, emergency: false
[DEBUG] 19:09:17.154 [AiEngine] Using JS Search
[DEBUG] 19:09:17.348 [AiEngine] Adaptive time: 3000ms, depth: 5, reason: midgame, tactical, emergency: false
[DEBUG] 19:09:17.348 [AiEngine] Using JS Search
[DEBUG] 19:09:17.554 [AiEngine] Adaptive time: 3000ms, depth: 5, reason: midgame, emergency: false
[DEBUG] 19:09:17.554 [AiEngine] Using JS Search
[DEBUG] 19:09:17.761 [AiEngine] Adaptive time: 3000ms, depth: 5, reason: midgame, tactical, emergency: false
[DEBUG] 19:09:17.761 [AiEngine] Using JS Search
[DEBUG] 19:09:18.155 [AiEngine] Adaptive time: 3000ms, depth: 5, reason: midgame, emergency: false
[DEBUG] 19:09:18.155 [AiEngine] Using JS Search
[DEBUG] 19:09:18.323 [AiEngine] Adaptive time: 3000ms, depth: 5, reason: midgame, tactical, emergency: false
[DEBUG] 19:09:18.323 [AiEngine] Using JS Search
[DEBUG] 19:09:18.810 [AiEngine] Adaptive time: 3000ms, depth: 5, reason: midgame, in-check, emergency: false
[DEBUG] 19:09:18.810 [AiEngine] Using JS Search
[DEBUG] 19:09:18.811 [AiEngine] Adaptive time: 3000ms, depth: 5, reason: midgame, tactical, emergency: false
[DEBUG] 19:09:18.811 [AiEngine] Using JS Search
[DEBUG] 19:09:18.811 [AiEngine] Adaptive time: 3000ms, depth: 5, reason: midgame, in-check, emergency: false
[DEBUG] 19:09:18.811 [AiEngine] Using JS Search
[DEBUG] 19:09:18.811 [AiEngine] Adaptive time: 500ms, depth: 4, reason: midgame, opening, emergency: false
[DEBUG] 19:09:18.811 [AiEngine] Using JS Search
[DEBUG] 19:09:18.867 [AiEngine] Adaptive time: 500ms, depth: 4, reason: midgame, opening, emergency: false
[DEBUG] 19:09:18.867 [AiEngine] Using JS Search
[DEBUG] 19:09:18.972 [AiEngine] Adaptive time: 500ms, depth: 4, reason: midgame, opening, emergency: false
[DEBUG] 19:09:18.972 [AiEngine] Using JS Search
[DEBUG] 19:09:19.636 [AiEngine] Adaptive time: 500ms, depth: 4, reason: midgame, opening, emergency: false
[DEBUG] 19:09:19.636 [AiEngine] Using JS Search
[DEBUG] 19:09:19.750 [AiEngine] Adaptive time: 500ms, depth: 4, reason: midgame, opening, emergency: false
[DEBUG] 19:09:19.750 [AiEngine] Using JS Search
[DEBUG] 19:09:20.379 [AiEngine] Adaptive time: 500ms, depth: 4, reason: midgame, opening, emergency: false
[DEBUG] 19:09:20.379 [AiEngine] Using JS Search
[DEBUG] 19:09:20.516 [AiEngine] Adaptive time: 500ms, depth: 4, reason: midgame, opening, emergency: false
[DEBUG] 19:09:20.516 [AiEngine] Using JS Search
[DEBUG] 19:09:20.587 [AiEngine] Adaptive time: 500ms, depth: 4, reason: midgame, opening, emergency: false
[DEBUG] 19:09:20.587 [AiEngine] Using JS Search
[DEBUG] 19:09:20.696 [AiEngine] Adaptive time: 500ms, depth: 4, reason: midgame, opening, tactical, emergency: false
[DEBUG] 19:09:20.696 [AiEngine] Using JS Search
[DEBUG] 19:09:20.769 [AiEngine] Adaptive time: 500ms, depth: 4, reason: midgame, opening, emergency: false
[DEBUG] 19:09:20.769 [AiEngine] Using JS Search
[DEBUG] 19:09:20.835 [AiEngine] Adaptive time: 500ms, depth: 4, reason: midgame, opening, tactical, emergency: false
[DEBUG] 19:09:20.835 [AiEngine] Using JS Search
[DEBUG] 19:09:20.924 [AiEngine] Adaptive time: 500ms, depth: 4, reason: midgame, opening, emergency: false
[DEBUG] 19:09:20.924 [AiEngine] Using JS Search
[DEBUG] 19:09:20.956 [AiEngine] Adaptive time: 500ms, depth: 4, reason: midgame, opening, emergency: false
[DEBUG] 19:09:20.956 [AiEngine] Using JS Search
[DEBUG] 19:09:21.114 [AiEngine] Adaptive time: 500ms, depth: 4, reason: midgame, opening, emergency: false
[DEBUG] 19:09:21.115 [AiEngine] Using JS Search
[DEBUG] 19:09:21.231 [AiEngine] Adaptive time: 500ms, depth: 4, reason: midgame, opening, emergency: false
[DEBUG] 19:09:21.232 [AiEngine] Using JS Search
[DEBUG] 19:09:21.687 [AiEngine] Adaptive time: 500ms, depth: 4, reason: midgame, opening, emergency: false
[DEBUG] 19:09:21.687 [AiEngine] Using JS Search
[DEBUG] 19:09:21.834 [AiEngine] Adaptive time: 500ms, depth: 4, reason: midgame, opening, tactical, emergency: false
[DEBUG] 19:09:21.834 [AiEngine] Using JS Search
[DEBUG] 19:09:22.147 [AiEngine] Adaptive time: 500ms, depth: 4, reason: midgame, opening, emergency: false
[DEBUG] 19:09:22.147 [AiEngine] Using JS Search
[DEBUG] 19:09:22.232 [AiEngine] Adaptive time: 500ms, depth: 4, reason: midgame, opening, tactical, emergency: false
[DEBUG] 19:09:22.232 [AiEngine] Using JS Search
[DEBUG] 19:09:22.429 [AiEngine] Adaptive time: 500ms, depth: 4, reason: midgame, opening, emergency: false
[DEBUG] 19:09:22.429 [AiEngine] Using JS Search
[DEBUG] 19:09:22.476 [AiEngine] Adaptive time: 500ms, depth: 4, reason: midgame, opening, tactical, emergency: false
[DEBUG] 19:09:22.476 [AiEngine] Using JS Search
[DEBUG] 19:09:22.585 [AiEngine] Adaptive time: 500ms, depth: 4, reason: midgame, opening, tactical, emergency: false
[DEBUG] 19:09:22.585 [AiEngine] Using JS Search
[DEBUG] 19:09:22.642 [AiEngine] Adaptive time: 500ms, depth: 4, reason: midgame, opening, tactical, emergency: false
[DEBUG] 19:09:22.642 [AiEngine] Using JS Search
[DEBUG] 19:09:22.759 [AiEngine] Adaptive time: 500ms, depth: 4, reason: midgame, opening, tactical, emergency: false
[DEBUG] 19:09:22.759 [AiEngine] Using JS Search
[DEBUG] 19:09:22.812 [AiEngine] Adaptive time: 500ms, depth: 4, reason: midgame, opening, in-check, emergency: false
[DEBUG] 19:09:22.812 [AiEngine] Using JS Search
[DEBUG] 19:09:22.817 [AiEngine] Adaptive time: 500ms, depth: 4, reason: midgame, opening, tactical, emergency: false
[DEBUG] 19:09:22.817 [AiEngine] Using JS Search
[DEBUG] 19:09:22.909 [AiEngine] Adaptive time: 500ms, depth: 4, reason: midgame, opening, emergency: false
[DEBUG] 19:09:22.909 [AiEngine] Using JS Search
[DEBUG] 19:09:22.948 [AiEngine] Adaptive time: 500ms, depth: 4, reason: midgame, opening, emergency: false
[DEBUG] 19:09:22.948 [AiEngine] Using JS Search
[DEBUG] 19:09:23.089 [AiEngine] Adaptive time: 500ms, depth: 4, reason: midgame, opening, tactical, emergency: false
[DEBUG] 19:09:23.089 [AiEngine] Using JS Search
[DEBUG] 19:09:23.133 [AiEngine] Adaptive time: 500ms, depth: 4, reason: midgame, opening, emergency: false
[DEBUG] 19:09:23.133 [AiEngine] Using JS Search
[DEBUG] 19:09:23.202 [AiEngine] Adaptive time: 500ms, depth: 4, reason: midgame, opening, tactical, emergency: false
[DEBUG] 19:09:23.202 [AiEngine] Using JS Search
[DEBUG] 19:09:23.247 [AiEngine] Adaptive time: 500ms, depth: 4, reason: midgame, opening, emergency: false
[DEBUG] 19:09:23.247 [AiEngine] Using JS Search
[DEBUG] 19:09:23.277 [AiEngine] Adaptive time: 500ms, depth: 4, reason: midgame, opening, emergency: false
[DEBUG] 19:09:23.277 [AiEngine] Using JS Search
[DEBUG] 19:09:23.310 [AiEngine] Adaptive time: 500ms, depth: 4, reason: midgame, opening, emergency: false
[DEBUG] 19:09:23.310 [AiEngine] Using JS Search
[DEBUG] 19:09:23.336 [AiEngine] Adaptive time: 500ms, depth: 4, reason: midgame, opening, emergency: false
[DEBUG] 19:09:23.337 [AiEngine] Using JS Search
[DEBUG] 19:09:23.352 [AiEngine] Adaptive time: 500ms, depth: 4, reason: midgame, opening, emergency: false
[DEBUG] 19:09:23.352 [AiEngine] Using JS Search
[DEBUG] 19:09:23.417 [AiEngine] Adaptive time: 500ms, depth: 4, reason: midgame, opening, emergency: false
[DEBUG] 19:09:23.417 [AiEngine] Using JS Search
[DEBUG] 19:09:23.435 [AiEngine] Adaptive time: 500ms, depth: 4, reason: midgame, opening, emergency: false
[DEBUG] 19:09:23.435 [AiEngine] Using JS Search
[DEBUG] 19:09:23.499 [AiEngine] Adaptive time: 500ms, depth: 4, reason: midgame, opening, emergency: false
[DEBUG] 19:09:23.499 [AiEngine] Using JS Search
[DEBUG] 19:09:23.516 [AiEngine] Adaptive time: 500ms, depth: 4, reason: midgame, opening, tactical, emergency: false
[DEBUG] 19:09:23.516 [AiEngine] Using JS Search
[DEBUG] 19:09:23.540 [AiEngine] Adaptive time: 3000ms, depth: 5, reason: midgame, emergency: false
[DEBUG] 19:09:23.540 [AiEngine] Using JS Search
[DEBUG] 19:09:23.569 [AiEngine] Adaptive time: 3000ms, depth: 5, reason: midgame, emergency: false
[DEBUG] 19:09:23.569 [AiEngine] Using JS Search
[DEBUG] 19:09:23.794 [AiEngine] Adaptive time: 3000ms, depth: 5, reason: midgame, emergency: false
[DEBUG] 19:09:23.795 [AiEngine] Using JS Search
[DEBUG] 19:09:23.834 [AiEngine] Adaptive time: 3000ms, depth: 5, reason: midgame, tactical, emergency: false
[DEBUG] 19:09:23.834 [AiEngine] Using JS Search
[DEBUG] 19:09:24.139 [AiEngine] Adaptive time: 3000ms, depth: 5, reason: midgame, emergency: false
[DEBUG] 19:09:24.139 [AiEngine] Using JS Search
[DEBUG] 19:09:24.175 [AiEngine] Adaptive time: 3000ms, depth: 5, reason: midgame, tactical, emergency: false
[DEBUG] 19:09:24.176 [AiEngine] Using JS Search
[DEBUG] 19:09:24.415 [AiEngine] Adaptive time: 3000ms, depth: 5, reason: midgame, emergency: false
[DEBUG] 19:09:24.416 [AiEngine] Using JS Search
[DEBUG] 19:09:24.446 [AiEngine] Adaptive time: 3000ms, depth: 5, reason: midgame, tactical, emergency: false
[DEBUG] 19:09:24.446 [AiEngine] Using JS Search
[DEBUG] 19:09:24.447 [AiEngine] Adaptive time: 3000ms, depth: 5, reason: midgame, emergency: false
[DEBUG] 19:09:24.447 [AiEngine] Using JS Search
[DEBUG] 19:09:24.551 [AiEngine] Adaptive time: 3000ms, depth: 5, reason: midgame, emergency: false
[DEBUG] 19:09:24.551 [AiEngine] Using JS Search
[DEBUG] 19:09:24.552 [AiEngine] Adaptive time: 3000ms, depth: 5, reason: midgame, emergency: false
[DEBUG] 19:09:24.552 [AiEngine] Using JS Search
[DEBUG] 19:09:24.833 [AiEngine] Adaptive time: 3000ms, depth: 5, reason: midgame, emergency: false
[DEBUG] 19:09:24.833 [AiEngine] Using JS Search
[DEBUG] 19:09:24.834 [AiEngine] Adaptive time: 3000ms, depth: 5, reason: midgame, emergency: false
[DEBUG] 19:09:24.834 [AiEngine] Using JS Search
[DEBUG] 19:09:24.992 [AiEngine] Adaptive time: 3000ms, depth: 5, reason: midgame, emergency: false
[DEBUG] 19:09:24.993 [AiEngine] Using JS Search
[DEBUG] 19:09:24.994 [AiEngine] Adaptive time: 3000ms, depth: 5, reason: midgame, emergency: false
[DEBUG] 19:09:24.994 [AiEngine] Using JS Search
[DEBUG] 19:09:25.057 [AiEngine] Adaptive time: 3000ms, depth: 5, reason: midgame, emergency: false
[DEBUG] 19:09:25.057 [AiEngine] Using JS Search
[DEBUG] 19:09:25.110 [AiEngine] Adaptive time: 3000ms, depth: 5, reason: midgame, emergency: false
[DEBUG] 19:09:25.110 [AiEngine] Using JS Search
[DEBUG] 19:09:25.141 [AiEngine] Adaptive time: 3000ms, depth: 5, reason: midgame, emergency: false
[DEBUG] 19:09:25.141 [AiEngine] Using JS Search
[DEBUG] 19:09:25.198 [AiEngine] Adaptive time: 3000ms, depth: 5, reason: midgame, emergency: false
[DEBUG] 19:09:25.198 [AiEngine] Using JS Search
[DEBUG] 19:09:25.220 [AiEngine] Adaptive time: 3000ms, depth: 5, reason: midgame, emergency: false
[DEBUG] 19:09:25.220 [AiEngine] Using JS Search
[DEBUG] 19:09:25.354 [AiEngine] Adaptive time: 3000ms, depth: 5, reason: midgame, emergency: false
[DEBUG] 19:09:25.354 [AiEngine] Using JS Search
[DEBUG] 19:09:25.373 [AiEngine] Adaptive time: 3000ms, depth: 5, reason: midgame, tactical, emergency: false
[DEBUG] 19:09:25.373 [AiEngine] Using JS Search
[DEBUG] 19:09:25.437 [AiEngine] Adaptive time: 3000ms, depth: 5, reason: midgame, emergency: false
[DEBUG] 19:09:25.437 [AiEngine] Using JS Search
[DEBUG] 19:09:25.456 [AiEngine] Adaptive time: 3000ms, depth: 5, reason: midgame, tactical, emergency: false
[DEBUG] 19:09:25.456 [AiEngine] Using JS Search
[DEBUG] 19:09:25.471 [AiEngine] Adaptive time: 3000ms, depth: 5, reason: standard, emergency: false
[DEBUG] 19:09:25.471 [AiEngine] Using JS Search
[DEBUG] 19:09:25.487 [AiEngine] Adaptive time: 3000ms, depth: 5, reason: tactical, emergency: false
[DEBUG] 19:09:25.487 [AiEngine] Using JS Search
[DEBUG] 19:09:25.492 [AiEngine] Adaptive time: 3000ms, depth: 5, reason: standard, emergency: false
[DEBUG] 19:09:25.492 [AiEngine] Using JS Search
[DEBUG] 19:09:25.503 [AiEngine] Adaptive time: 3000ms, depth: 5, reason: tactical, emergency: false
[DEBUG] 19:09:25.503 [AiEngine] Using JS Search
[DEBUG] 19:09:25.509 [AiEngine] Adaptive time: 3000ms, depth: 5, reason: standard, emergency: false
[DEBUG] 19:09:25.509 [AiEngine] Using JS Search
[DEBUG] 19:09:25.519 [AiEngine] Adaptive time: 3000ms, depth: 5, reason: tactical, emergency: false
[DEBUG] 19:09:25.519 [AiEngine] Using JS Search
[DEBUG] 19:09:25.524 [AiEngine] Adaptive time: 3000ms, depth: 5, reason: standard, emergency: false
[DEBUG] 19:09:25.524 [AiEngine] Using JS Search
[DEBUG] 19:09:25.532 [AiEngine] Adaptive time: 3000ms, depth: 5, reason: tactical, emergency: false
[DEBUG] 19:09:25.533 [AiEngine] Using JS Search
[DEBUG] 19:09:25.535 [AiEngine] Adaptive time: 3000ms, depth: 5, reason: standard, emergency: false
[DEBUG] 19:09:25.535 [AiEngine] Using JS Search
[DEBUG] 19:09:25.541 [AiEngine] Adaptive time: 3000ms, depth: 5, reason: tactical, emergency: false
[DEBUG] 19:09:25.541 [AiEngine] Using JS Search
[DEBUG] 19:09:25.545 [AiEngine] Adaptive time: 3000ms, depth: 5, reason: standard, emergency: false
[DEBUG] 19:09:25.545 [AiEngine] Using JS Search
[DEBUG] 19:09:25.552 [AiEngine] Adaptive time: 3000ms, depth: 5, reason: tactical, emergency: false
[DEBUG] 19:09:25.552 [AiEngine] Using JS Search
[DEBUG] 19:09:25.559 [AiEngine] Adaptive time: 3000ms, depth: 5, reason: standard, emergency: false
[DEBUG] 19:09:25.559 [AiEngine] Using JS Search
[DEBUG] 19:09:25.569 [AiEngine] Adaptive time: 3000ms, depth: 5, reason: tactical, emergency: false
[DEBUG] 19:09:25.569 [AiEngine] Using JS Search
[DEBUG] 19:09:25.573 [AiEngine] Adaptive time: 3000ms, depth: 5, reason: in-check, emergency: false
[DEBUG] 19:09:25.573 [AiEngine] Using JS Search
[DEBUG] 19:09:25.580 [AiEngine] Adaptive time: 3000ms, depth: 5, reason: tactical, emergency: false
[DEBUG] 19:09:25.580 [AiEngine] Using JS Search
[DEBUG] 19:09:25.583 [AiEngine] Adaptive time: 3000ms, depth: 5, reason: standard, emergency: false
[DEBUG] 19:09:25.583 [AiEngine] Using JS Search
[DEBUG] 19:09:25.589 [AiEngine] Adaptive time: 3000ms, depth: 5, reason: tactical, emergency: false
[DEBUG] 19:09:25.589 [AiEngine] Using JS Search
[DEBUG] 19:09:25.594 [AiEngine] Adaptive time: 3000ms, depth: 5, reason: standard, emergency: false
[DEBUG] 19:09:25.594 [AiEngine] Using JS Search
[DEBUG] 19:09:25.601 [AiEngine] Adaptive time: 3000ms, depth: 5, reason: tactical, emergency: false
[DEBUG] 19:09:25.601 [AiEngine] Using JS Search
[DEBUG] 19:09:25.603 [AiEngine] Adaptive time: 3000ms, depth: 5, reason: standard, emergency: false
[DEBUG] 19:09:25.603 [AiEngine] Using JS Search
[DEBUG] 19:09:25.607 [AiEngine] Adaptive time: 3000ms, depth: 5, reason: tactical, emergency: false
[DEBUG] 19:09:25.607 [AiEngine] Using JS Search
[DEBUG] 19:09:25.770 [AiEngine] Adaptive time: 3000ms, depth: 5, reason: standard, emergency: false
[DEBUG] 19:09:25.770 [AiEngine] Using JS Search
[DEBUG] 19:09:25.779 [AiEngine] Adaptive time: 3000ms, depth: 5, reason: tactical, emergency: false
[DEBUG] 19:09:25.779 [AiEngine] Using JS Search
[DEBUG] 19:09:25.783 [AiEngine] Adaptive time: 3000ms, depth: 5, reason: endgame, emergency: false
[DEBUG] 19:09:25.783 [AiEngine] Using JS Search
[DEBUG] 19:09:25.792 [AiEngine] Adaptive time: 3000ms, depth: 5, reason: endgame, tactical, emergency: false
[DEBUG] 19:09:25.792 [AiEngine] Using JS Search
[DEBUG] 19:09:25.799 [AiEngine] Adaptive time: 3000ms, depth: 5, reason: endgame, emergency: false
[DEBUG] 19:09:25.799 [AiEngine] Using JS Search
[DEBUG] 19:09:25.810 [AiEngine] Adaptive time: 3000ms, depth: 5, reason: endgame, tactical, emergency: false
[DEBUG] 19:09:25.810 [AiEngine] Using JS Search
[DEBUG] 19:09:26.003 [AiEngine] Adaptive time: 3000ms, depth: 5, reason: endgame, emergency: false
[DEBUG] 19:09:26.003 [AiEngine] Using JS Search
[DEBUG] 19:09:26.017 [AiEngine] Adaptive time: 3000ms, depth: 5, reason: endgame, tactical, emergency: false
[DEBUG] 19:09:26.017 [AiEngine] Using JS Search
[DEBUG] 19:09:26.022 [AiEngine] Adaptive time: 3000ms, depth: 5, reason: endgame, emergency: false
[DEBUG] 19:09:26.022 [AiEngine] Using JS Search
[DEBUG] 19:09:26.031 [AiEngine] Adaptive time: 3000ms, depth: 5, reason: endgame, tactical, emergency: false
[DEBUG] 19:09:26.031 [AiEngine] Using JS Search
[DEBUG] 19:09:26.037 [AiEngine] Adaptive time: 3000ms, depth: 5, reason: endgame, in-check, emergency: false
[DEBUG] 19:09:26.037 [AiEngine] Using JS Search
[DEBUG] 19:09:26.047 [AiEngine] Adaptive time: 3000ms, depth: 5, reason: endgame, emergency: false
[DEBUG] 19:09:26.047 [AiEngine] Using JS Search
[DEBUG] 19:09:26.050 [AiEngine] Adaptive time: 3000ms, depth: 5, reason: endgame, emergency: false
[DEBUG] 19:09:26.050 [AiEngine] Using JS Search
[DEBUG] 19:09:26.054 [AiEngine] Adaptive time: 3000ms, depth: 5, reason: endgame, tactical, emergency: false
[DEBUG] 19:09:26.054 [AiEngine] Using JS Search
[DEBUG] 19:09:26.277 [AiEngine] Adaptive time: 500ms, depth: 4, reason: midgame, opening, emergency: false
[DEBUG] 19:09:26.277 [AiEngine] Using JS Search
[DEBUG] 19:09:26.373 [AiEngine] Adaptive time: 500ms, depth: 4, reason: midgame, opening, emergency: false
[DEBUG] 19:09:26.373 [AiEngine] Using JS Search
[DEBUG] 19:09:26.550 [AiEngine] Adaptive time: 500ms, depth: 4, reason: midgame, opening, emergency: false
[DEBUG] 19:09:26.550 [AiEngine] Using JS Search
[DEBUG] 19:09:26.800 [AiEngine] Adaptive time: 500ms, depth: 4, reason: midgame, opening, emergency: false
[DEBUG] 19:09:26.800 [AiEngine] Using JS Search
[DEBUG] 19:09:27.277 [AiEngine] Adaptive time: 500ms, depth: 4, reason: midgame, opening, emergency: false
[DEBUG] 19:09:27.277 [AiEngine] Using JS Search
[DEBUG] 19:09:27.400 [AiEngine] Adaptive time: 500ms, depth: 4, reason: midgame, opening, tactical, emergency: false
[DEBUG] 19:09:27.400 [AiEngine] Using JS Search
[DEBUG] 19:09:27.521 [AiEngine] Adaptive time: 500ms, depth: 4, reason: midgame, opening, emergency: false
[DEBUG] 19:09:27.521 [AiEngine] Using JS Search
[DEBUG] 19:09:27.735 [AiEngine] Adaptive time: 500ms, depth: 4, reason: midgame, opening, tactical, emergency: false
[DEBUG] 19:09:27.735 [AiEngine] Using JS Search
[DEBUG] 19:09:28.093 [AiEngine] Adaptive time: 500ms, depth: 4, reason: midgame, opening, emergency: false
[DEBUG] 19:09:28.093 [AiEngine] Using JS Search
[DEBUG] 19:09:28.162 [AiEngine] Adaptive time: 500ms, depth: 4, reason: midgame, opening, tactical, emergency: false
[DEBUG] 19:09:28.162 [AiEngine] Using JS Search
[DEBUG] 19:09:28.404 [AiEngine] Adaptive time: 500ms, depth: 4, reason: midgame, opening, emergency: false
[DEBUG] 19:09:28.404 [AiEngine] Using JS Search
[DEBUG] 19:09:28.459 [AiEngine] Adaptive time: 500ms, depth: 4, reason: midgame, opening, tactical, emergency: false
[DEBUG] 19:09:28.460 [AiEngine] Using JS Search
[DEBUG] 19:09:28.583 [AiEngine] Adaptive time: 500ms, depth: 4, reason: midgame, opening, emergency: false
[DEBUG] 19:09:28.584 [AiEngine] Using JS Search
[DEBUG] 19:09:28.623 [AiEngine] Adaptive time: 500ms, depth: 4, reason: midgame, opening, tactical, emergency: false
[DEBUG] 19:09:28.623 [AiEngine] Using JS Search
[DEBUG] 19:09:28.693 [AiEngine] Adaptive time: 500ms, depth: 4, reason: midgame, opening, emergency: false
[DEBUG] 19:09:28.693 [AiEngine] Using JS Search
[DEBUG] 19:09:28.724 [AiEngine] Adaptive time: 500ms, depth: 4, reason: midgame, opening, tactical, emergency: false
[DEBUG] 19:09:28.724 [AiEngine] Using JS Search
[DEBUG] 19:09:28.808 [AiEngine] Adaptive time: 500ms, depth: 4, reason: midgame, opening, emergency: false
[DEBUG] 19:09:28.808 [AiEngine] Using JS Search
[DEBUG] 19:09:28.837 [AiEngine] Adaptive time: 500ms, depth: 4, reason: midgame, opening, tactical, emergency: false
[DEBUG] 19:09:28.837 [AiEngine] Using JS Search
[DEBUG] 19:09:28.940 [AiEngine] Adaptive time: 500ms, depth: 4, reason: midgame, opening, emergency: false
[DEBUG] 19:09:28.940 [AiEngine] Using JS Search
[DEBUG] 19:09:28.972 [AiEngine] Adaptive time: 500ms, depth: 4, reason: midgame, opening, tactical, emergency: false
[DEBUG] 19:09:28.972 [AiEngine] Using JS Search
[DEBUG] 19:09:29.086 [AiEngine] Adaptive time: 500ms, depth: 4, reason: midgame, opening, emergency: false
[DEBUG] 19:09:29.086 [AiEngine] Using JS Search
[DEBUG] 19:09:29.113 [AiEngine] Adaptive time: 500ms, depth: 4, reason: midgame, opening, tactical, emergency: false
[DEBUG] 19:09:29.113 [AiEngine] Using JS Search
[DEBUG] 19:09:29.322 [AiEngine] Adaptive time: 500ms, depth: 4, reason: midgame, opening, emergency: false
[DEBUG] 19:09:29.322 [AiEngine] Using JS Search
[DEBUG] 19:09:29.346 [AiEngine] Adaptive time: 500ms, depth: 4, reason: midgame, opening, tactical, emergency: false
[DEBUG] 19:09:29.346 [AiEngine] Using JS Search
[DEBUG] 19:09:29.347 [AiEngine] Adaptive time: 500ms, depth: 4, reason: midgame, opening, emergency: false
[DEBUG] 19:09:29.348 [AiEngine] Using JS Search
[DEBUG] 19:09:29.390 [AiEngine] Adaptive time: 500ms, depth: 4, reason: midgame, opening, emergency: false
[DEBUG] 19:09:29.390 [AiEngine] Using JS Search
[DEBUG] 19:09:29.391 [AiEngine] Adaptive time: 500ms, depth: 4, reason: midgame, opening, emergency: false
[DEBUG] 19:09:29.391 [AiEngine] Using JS Search
[DEBUG] 19:09:29.430 [AiEngine] Adaptive time: 500ms, depth: 4, reason: midgame, opening, tactical, emergency: false
[DEBUG] 19:09:29.430 [AiEngine] Using JS Search
[DEBUG] 19:09:29.431 [AiEngine] Adaptive time: 500ms, depth: 4, reason: midgame, opening, emergency: false
[DEBUG] 19:09:29.431 [AiEngine] Using JS Search
[DEBUG] 19:09:29.470 [AiEngine] Adaptive time: 500ms, depth: 4, reason: midgame, opening, tactical, emergency: false
[DEBUG] 19:09:29.470 [AiEngine] Using JS Search
[DEBUG] 19:09:29.471 [AiEngine] Adaptive time: 500ms, depth: 4, reason: midgame, opening, emergency: false
[DEBUG] 19:09:29.471 [AiEngine] Using JS Search
[DEBUG] 19:09:29.502 [AiEngine] Adaptive time: 500ms, depth: 4, reason: midgame, opening, emergency: false
[DEBUG] 19:09:29.503 [AiEngine] Using JS Search
[DEBUG] 19:09:29.504 [AiEngine] Adaptive time: 500ms, depth: 4, reason: midgame, opening, emergency: false
[DEBUG] 19:09:29.504 [AiEngine] Using JS Search
[DEBUG] 19:09:29.555 [AiEngine] Adaptive time: 500ms, depth: 4, reason: midgame, opening, emergency: false
[DEBUG] 19:09:29.555 [AiEngine] Using JS Search
[DEBUG] 19:09:29.556 [AiEngine] Adaptive time: 500ms, depth: 4, reason: midgame, opening, emergency: false
[DEBUG] 19:09:29.556 [AiEngine] Using JS Search
[DEBUG] 19:09:29.612 [AiEngine] Adaptive time: 500ms, depth: 4, reason: midgame, opening, in-check, emergency: false
[DEBUG] 19:09:29.612 [AiEngine] Using JS Search
[DEBUG] 19:09:29.612 [AiEngine] Adaptive time: 500ms, depth: 4, reason: midgame, opening, emergency: false
[DEBUG] 19:09:29.612 [AiEngine] Using JS Search
[DEBUG] 19:09:29.649 [AiEngine] Adaptive time: 500ms, depth: 4, reason: midgame, opening, tactical, emergency: false
[DEBUG] 19:09:29.649 [AiEngine] Using JS Search
[DEBUG] 19:09:29.651 [AiEngine] Adaptive time: 500ms, depth: 4, reason: midgame, opening, in-check, emergency: false
[DEBUG] 19:09:29.652 [AiEngine] Using JS Search
[DEBUG] 19:09:29.656 [AiEngine] Adaptive time: 500ms, depth: 4, reason: midgame, opening, tactical, emergency: false
[DEBUG] 19:09:29.656 [AiEngine] Using JS Search
[DEBUG] 19:09:29.657 [AiEngine] Adaptive time: 3000ms, depth: 5, reason: midgame, emergency: false
[DEBUG] 19:09:29.657 [AiEngine] Using JS Search
[DEBUG] 19:09:29.753 [AiEngine] Adaptive time: 3000ms, depth: 5, reason: midgame, tactical, emergency: false
[DEBUG] 19:09:29.753 [AiEngine] Using JS Search
[DEBUG] 19:09:29.754 [AiEngine] Adaptive time: 3000ms, depth: 5, reason: midgame, emergency: false
[DEBUG] 19:09:29.754 [AiEngine] Using JS Search
[DEBUG] 19:09:29.881 [AiEngine] Adaptive time: 3000ms, depth: 5, reason: midgame, tactical, emergency: false
[DEBUG] 19:09:29.881 [AiEngine] Using JS Search
[DEBUG] 19:09:29.882 [AiEngine] Adaptive time: 3000ms, depth: 5, reason: midgame, emergency: false
[DEBUG] 19:09:29.882 [AiEngine] Using JS Search
[DEBUG] 19:09:30.011 [AiEngine] Adaptive time: 3000ms, depth: 5, reason: standard, emergency: false
[DEBUG] 19:09:30.011 [AiEngine] Using JS Search
[DEBUG] 19:09:30.045 [AiEngine] Adaptive time: 3000ms, depth: 5, reason: standard, emergency: false
[DEBUG] 19:09:30.045 [AiEngine] Using JS Search
[DEBUG] 19:09:30.211 [AiEngine] Adaptive time: 3000ms, depth: 5, reason: standard, emergency: false
[DEBUG] 19:09:30.212 [AiEngine] Using JS Search
[DEBUG] 19:09:30.214 [AiEngine] Adaptive time: 3000ms, depth: 5, reason: standard, emergency: false
[DEBUG] 19:09:30.214 [AiEngine] Using JS Search
[DEBUG] 19:09:30.463 [AiEngine] Adaptive time: 3000ms, depth: 5, reason: standard, emergency: false
[DEBUG] 19:09:30.463 [AiEngine] Using JS Search
[DEBUG] 19:09:30.498 [AiEngine] Adaptive time: 3000ms, depth: 5, reason: tactical, emergency: false
[DEBUG] 19:09:30.498 [AiEngine] Using JS Search
[DEBUG] 19:09:30.603 [AiEngine] Adaptive time: 3000ms, depth: 5, reason: standard, emergency: false
[DEBUG] 19:09:30.603 [AiEngine] Using JS Search
[DEBUG] 19:09:30.659 [AiEngine] Adaptive time: 3000ms, depth: 5, reason: tactical, emergency: false
[DEBUG] 19:09:30.659 [AiEngine] Using JS Search
[DEBUG] 19:09:30.807 [AiEngine] Adaptive time: 3000ms, depth: 5, reason: standard, emergency: false
[DEBUG] 19:09:30.807 [AiEngine] Using JS Search
[DEBUG] 19:09:30.878 [AiEngine] Adaptive time: 3000ms, depth: 5, reason: standard, emergency: false
[DEBUG] 19:09:30.878 [AiEngine] Using JS Search
[DEBUG] 19:09:31.030 [AiEngine] Adaptive time: 3000ms, depth: 5, reason: standard, emergency: false
[DEBUG] 19:09:31.030 [AiEngine] Using JS Search
[DEBUG] 19:09:31.046 [AiEngine] Adaptive time: 3000ms, depth: 5, reason: standard, emergency: false
[DEBUG] 19:09:31.046 [AiEngine] Using JS Search
[DEBUG] 19:09:31.233 [AiEngine] Adaptive time: 3000ms, depth: 5, reason: standard, emergency: false
[DEBUG] 19:09:31.233 [AiEngine] Using JS Search
[DEBUG] 19:09:31.274 [AiEngine] Adaptive time: 3000ms, depth: 5, reason: standard, emergency: false
[DEBUG] 19:09:31.274 [AiEngine] Using JS Search
[DEBUG] 19:09:31.479 [AiEngine] Adaptive time: 3000ms, depth: 5, reason: standard, emergency: false
[DEBUG] 19:09:31.479 [AiEngine] Using JS Search
[DEBUG] 19:09:31.521 [AiEngine] Adaptive time: 3000ms, depth: 5, reason: tactical, emergency: false
[DEBUG] 19:09:31.521 [AiEngine] Using JS Search
[DEBUG] 19:09:31.709 [AiEngine] Adaptive time: 3000ms, depth: 5, reason: standard, emergency: false
[DEBUG] 19:09:31.709 [AiEngine] Using JS Search
[DEBUG] 19:09:31.750 [AiEngine] Adaptive time: 3000ms, depth: 5, reason: tactical, emergency: false
[DEBUG] 19:09:31.750 [AiEngine] Using JS Search
[DEBUG] 19:09:31.924 [AiEngine] Adaptive time: 3000ms, depth: 5, reason: standard, emergency: false
[DEBUG] 19:09:31.924 [AiEngine] Using JS Search
[DEBUG] 19:09:31.998 [AiEngine] Adaptive time: 3000ms, depth: 5, reason: tactical, emergency: false
[DEBUG] 19:09:31.998 [AiEngine] Using JS Search
[DEBUG] 19:09:32.166 [AiEngine] Adaptive time: 3000ms, depth: 5, reason: standard, emergency: false
[DEBUG] 19:09:32.166 [AiEngine] Using JS Search
[DEBUG] 19:09:32.195 [AiEngine] Adaptive time: 3000ms, depth: 5, reason: tactical, emergency: false
[DEBUG] 19:09:32.195 [AiEngine] Using JS Search
[DEBUG] 19:09:32.398 [AiEngine] Adaptive time: 3000ms, depth: 5, reason: standard, emergency: false
[DEBUG] 19:09:32.398 [AiEngine] Using JS Search
[DEBUG] 19:09:32.463 [AiEngine] Adaptive time: 3000ms, depth: 5, reason: tactical, emergency: false
[DEBUG] 19:09:32.463 [AiEngine] Using JS Search
[DEBUG] 19:09:32.602 [AiEngine] Adaptive time: 3000ms, depth: 5, reason: standard, emergency: false
[DEBUG] 19:09:32.602 [AiEngine] Using JS Search
[DEBUG] 19:09:32.631 [AiEngine] Adaptive time: 3000ms, depth: 5, reason: tactical, emergency: false
[DEBUG] 19:09:32.631 [AiEngine] Using JS Search
[DEBUG] 19:09:32.805 [AiEngine] Adaptive time: 3000ms, depth: 5, reason: standard, emergency: false
[DEBUG] 19:09:32.805 [AiEngine] Using JS Search
[DEBUG] 19:09:32.831 [AiEngine] Adaptive time: 3000ms, depth: 5, reason: tactical, emergency: false
[DEBUG] 19:09:32.831 [AiEngine] Using JS Search
[DEBUG] 19:09:33.000 [AiEngine] Adaptive time: 3000ms, depth: 5, reason: standard, emergency: false
[DEBUG] 19:09:33.000 [AiEngine] Using JS Search
[DEBUG] 19:09:33.025 [AiEngine] Adaptive time: 3000ms, depth: 5, reason: tactical, emergency: false
[DEBUG] 19:09:33.026 [AiEngine] Using JS Search
[DEBUG] 19:09:33.217 [AiEngine] Adaptive time: 3000ms, depth: 5, reason: standard, emergency: false
[DEBUG] 19:09:33.217 [AiEngine] Using JS Search
[DEBUG] 19:09:33.239 [AiEngine] Adaptive time: 3000ms, depth: 5, reason: tactical, emergency: false
[DEBUG] 19:09:33.239 [AiEngine] Using JS Search
[DEBUG] 19:09:33.382 [AiEngine] Adaptive time: 3000ms, depth: 5, reason: standard, emergency: false
[DEBUG] 19:09:33.382 [AiEngine] Using JS Search
[DEBUG] 19:09:33.400 [AiEngine] Adaptive time: 3000ms, depth: 5, reason: tactical, emergency: false
[DEBUG] 19:09:33.400 [AiEngine] Using JS Search
[DEBUG] 19:09:33.480 [AiEngine] Adaptive time: 3000ms, depth: 5, reason: endgame, emergency: false
[DEBUG] 19:09:33.480 [AiEngine] Using JS Search
[DEBUG] 19:09:33.493 [AiEngine] Adaptive time: 3000ms, depth: 5, reason: endgame, tactical, emergency: false
[DEBUG] 19:09:33.493 [AiEngine] Using JS Search
[DEBUG] 19:09:33.655 [AiEngine] Adaptive time: 3000ms, depth: 5, reason: endgame, emergency: false
[DEBUG] 19:09:33.655 [AiEngine] Using JS Search
[DEBUG] 19:09:33.668 [AiEngine] Adaptive time: 3000ms, depth: 5, reason: endgame, tactical, emergency: false
[DEBUG] 19:09:33.668 [AiEngine] Using JS Search
[DEBUG] 19:09:33.749 [AiEngine] Adaptive time: 3000ms, depth: 5, reason: endgame, emergency: false
[DEBUG] 19:09:33.749 [AiEngine] Using JS Search
[DEBUG] 19:09:33.758 [AiEngine] Adaptive time: 3000ms, depth: 5, reason: endgame, tactical, emergency: false
[DEBUG] 19:09:33.758 [AiEngine] Using JS Search
[DEBUG] 19:09:33.829 [AiEngine] Adaptive time: 3000ms, depth: 5, reason: endgame, in-check, emergency: false
[DEBUG] 19:09:33.830 [AiEngine] Using JS Search
[DEBUG] 19:09:33.830 [AiEngine] Adaptive time: 3000ms, depth: 5, reason: endgame, tactical, emergency: false
[DEBUG] 19:09:33.830 [AiEngine] Using JS Search
[DEBUG] 19:09:33.830 [AiEngine] Adaptive time: 3000ms, depth: 5, reason: endgame, emergency: false
[DEBUG] 19:09:33.830 [AiEngine] Using JS Search
[DEBUG] 19:09:33.864 [AiEngine] Adaptive time: 3000ms, depth: 5, reason: endgame, tactical, emergency: false
[DEBUG] 19:09:33.864 [AiEngine] Using JS Search
[DEBUG] 19:09:33.869 [AiEngine] Adaptive time: 3000ms, depth: 5, reason: endgame, emergency: false
[DEBUG] 19:09:33.869 [AiEngine] Using JS Search
[DEBUG] 19:09:33.883 [AiEngine] Adaptive time: 3000ms, depth: 5, reason: endgame, tactical, emergency: false
[DEBUG] 19:09:33.883 [AiEngine] Using JS Search
[DEBUG] 19:09:34.076 [AiEngine] Adaptive time: 3000ms, depth: 5, reason: endgame, emergency: false
[DEBUG] 19:09:34.076 [AiEngine] Using JS Search
[DEBUG] 19:09:34.083 [AiEngine] Adaptive time: 3000ms, depth: 5, reason: endgame, tactical, emergency: false
[DEBUG] 19:09:34.083 [AiEngine] Using JS Search
[DEBUG] 19:09:34.153 [AiEngine] Adaptive time: 3000ms, depth: 5, reason: endgame, emergency: false
[DEBUG] 19:09:34.154 [AiEngine] Using JS Search
[DEBUG] 19:09:34.158 [AiEngine] Adaptive time: 3000ms, depth: 5, reason: endgame, tactical, emergency: false
[DEBUG] 19:09:34.158 [AiEngine] Using JS Search
[DEBUG] 19:09:34.179 [AiEngine] Adaptive time: 3000ms, depth: 5, reason: endgame, emergency: false
[DEBUG] 19:09:34.179 [AiEngine] Using JS Search
[DEBUG] 19:09:34.181 [AiEngine] Adaptive time: 3000ms, depth: 5, reason: endgame, tactical, emergency: false
[DEBUG] 19:09:34.181 [AiEngine] Using JS Search
[DEBUG] 19:09:34.183 [AiEngine] Adaptive time: 3000ms, depth: 5, reason: endgame, emergency: false
[DEBUG] 19:09:34.183 [AiEngine] Using JS Search
[DEBUG] 19:09:34.235 [AiEngine] Adaptive time: 3000ms, depth: 5, reason: endgame, tactical, emergency: false
[DEBUG] 19:09:34.235 [AiEngine] Using JS Search
[DEBUG] 19:09:34.236 [AiEngine] Adaptive time: 3000ms, depth: 5, reason: endgame, in-check, emergency: false
[DEBUG] 19:09:34.236 [AiEngine] Using JS Search
[DEBUG] 19:09:34.389 [AiEngine] Adaptive time: 500ms, depth: 4, reason: midgame, opening, emergency: false
[DEBUG] 19:09:34.389 [AiEngine] Using JS Search
[DEBUG] 19:09:34.446 [AiEngine] Adaptive time: 500ms, depth: 4, reason: midgame, opening, emergency: false
[DEBUG] 19:09:34.446 [AiEngine] Using JS Search
[DEBUG] 19:09:34.536 [AiEngine] Adaptive time: 500ms, depth: 4, reason: midgame, opening, emergency: false
[DEBUG] 19:09:34.536 [AiEngine] Using JS Search
[DEBUG] 19:09:34.711 [AiEngine] Adaptive time: 500ms, depth: 4, reason: midgame, opening, emergency: false
[DEBUG] 19:09:34.711 [AiEngine] Using JS Search
[DEBUG] 19:09:34.909 [AiEngine] Adaptive time: 500ms, depth: 4, reason: midgame, opening, emergency: false
[DEBUG] 19:09:34.909 [AiEngine] Using JS Search
[DEBUG] 19:09:35.334 [AiEngine] Adaptive time: 500ms, depth: 4, reason: midgame, opening, emergency: false
[DEBUG] 19:09:35.334 [AiEngine] Using JS Search
[DEBUG] 19:09:35.548 [AiEngine] Adaptive time: 500ms, depth: 4, reason: midgame, opening, emergency: false
[DEBUG] 19:09:35.549 [AiEngine] Using JS Search
[DEBUG] 19:09:35.655 [AiEngine] Adaptive time: 500ms, depth: 4, reason: midgame, opening, emergency: false
[DEBUG] 19:09:35.655 [AiEngine] Using JS Search
[DEBUG] 19:09:35.869 [AiEngine] Adaptive time: 500ms, depth: 4, reason: midgame, opening, emergency: false
[DEBUG] 19:09:35.869 [AiEngine] Using JS Search
[DEBUG] 19:09:35.930 [AiEngine] Adaptive time: 500ms, depth: 4, reason: midgame, opening, emergency: false
[DEBUG] 19:09:35.930 [AiEngine] Using JS Search
[DEBUG] 19:09:35.949 [AiEngine] Adaptive time: 500ms, depth: 4, reason: midgame, opening, emergency: false
[DEBUG] 19:09:35.949 [AiEngine] Using JS Search
[DEBUG] 19:09:35.987 [AiEngine] Adaptive time: 500ms, depth: 4, reason: midgame, opening, emergency: false
[DEBUG] 19:09:35.987 [AiEngine] Using JS Search
[DEBUG] 19:09:36.112 [AiEngine] Adaptive time: 500ms, depth: 4, reason: midgame, opening, emergency: false
[DEBUG] 19:09:36.112 [AiEngine] Using JS Search
[DEBUG] 19:09:36.167 [AiEngine] Adaptive time: 500ms, depth: 4, reason: midgame, opening, tactical, emergency: false
[DEBUG] 19:09:36.167 [AiEngine] Using JS Search
[DEBUG] 19:09:36.320 [AiEngine] Adaptive time: 500ms, depth: 4, reason: midgame, opening, emergency: false
[DEBUG] 19:09:36.320 [AiEngine] Using JS Search
[DEBUG] 19:09:36.353 [AiEngine] Adaptive time: 500ms, depth: 4, reason: midgame, opening, tactical, emergency: false
[DEBUG] 19:09:36.353 [AiEngine] Using JS Search
[DEBUG] 19:09:36.412 [AiEngine] Adaptive time: 500ms, depth: 4, reason: midgame, opening, in-check, emergency: false
[DEBUG] 19:09:36.412 [AiEngine] Using JS Search
[DEBUG] 19:09:36.423 [AiEngine] Adaptive time: 500ms, depth: 4, reason: midgame, opening, tactical, emergency: false
[DEBUG] 19:09:36.423 [AiEngine] Using JS Search
[DEBUG] 19:09:36.425 [AiEngine] Adaptive time: 500ms, depth: 4, reason: midgame, opening, in-check, emergency: false
[DEBUG] 19:09:36.425 [AiEngine] Using JS Search
[DEBUG] 19:09:36.441 [AiEngine] Adaptive time: 500ms, depth: 4, reason: midgame, opening, emergency: false
[DEBUG] 19:09:36.442 [AiEngine] Using JS Search
[DEBUG] 19:09:36.686 [AiEngine] Adaptive time: 500ms, depth: 4, reason: midgame, opening, emergency: false
[DEBUG] 19:09:36.686 [AiEngine] Using JS Search
[DEBUG] 19:09:36.732 [AiEngine] Adaptive time: 500ms, depth: 4, reason: midgame, opening, emergency: false
[DEBUG] 19:09:36.732 [AiEngine] Using JS Search
[DEBUG] 19:09:36.967 [AiEngine] Adaptive time: 500ms, depth: 4, reason: midgame, opening, emergency: false
[DEBUG] 19:09:36.967 [AiEngine] Using JS Search
[DEBUG] 19:09:37.019 [AiEngine] Adaptive time: 500ms, depth: 4, reason: midgame, opening, emergency: false
[DEBUG] 19:09:37.019 [AiEngine] Using JS Search
[DEBUG] 19:09:37.166 [AiEngine] Adaptive time: 500ms, depth: 4, reason: midgame, opening, emergency: false
[DEBUG] 19:09:37.166 [AiEngine] Using JS Search
[DEBUG] 19:09:37.219 [AiEngine] Adaptive time: 500ms, depth: 4, reason: midgame, opening, emergency: false
[DEBUG] 19:09:37.219 [AiEngine] Using JS Search
[DEBUG] 19:09:37.395 [AiEngine] Adaptive time: 500ms, depth: 4, reason: midgame, opening, tactical, emergency: false
[DEBUG] 19:09:37.396 [AiEngine] Using JS Search
[DEBUG] 19:09:37.453 [AiEngine] Adaptive time: 500ms, depth: 4, reason: midgame, opening, in-check, emergency: false
[DEBUG] 19:09:37.453 [AiEngine] Using JS Search
[DEBUG] 19:09:37.565 [AiEngine] Adaptive time: 500ms, depth: 4, reason: midgame, opening, emergency: false
[DEBUG] 19:09:37.566 [AiEngine] Using JS Search
[DEBUG] 19:09:37.597 [AiEngine] Adaptive time: 500ms, depth: 4, reason: midgame, opening, tactical, emergency: false
[DEBUG] 19:09:37.597 [AiEngine] Using JS Search
[DEBUG] 19:09:37.760 [AiEngine] Adaptive time: 500ms, depth: 4, reason: midgame, opening, emergency: false
[DEBUG] 19:09:37.760 [AiEngine] Using JS Search
[DEBUG] 19:09:37.796 [AiEngine] Adaptive time: 500ms, depth: 4, reason: midgame, opening, emergency: false
[DEBUG] 19:09:37.796 [AiEngine] Using JS Search
[DEBUG] 19:09:37.860 [AiEngine] Adaptive time: 500ms, depth: 4, reason: midgame, opening, emergency: false
[DEBUG] 19:09:37.860 [AiEngine] Using JS Search
[DEBUG] 19:09:38.012 [AiEngine] Adaptive time: 500ms, depth: 4, reason: midgame, opening, tactical, emergency: false
[DEBUG] 19:09:38.012 [AiEngine] Using JS Search
[DEBUG] 19:09:38.013 [AiEngine] Adaptive time: 500ms, depth: 4, reason: midgame, opening, tactical, emergency: false
[DEBUG] 19:09:38.013 [AiEngine] Using JS Search
[DEBUG] 19:09:38.128 [AiEngine] Adaptive time: 500ms, depth: 4, reason: midgame, opening, emergency: false
[DEBUG] 19:09:38.128 [AiEngine] Using JS Search
[DEBUG] 19:09:38.130 [AiEngine] Adaptive time: 500ms, depth: 4, reason: midgame, opening, tactical, emergency: false
[DEBUG] 19:09:38.130 [AiEngine] Using JS Search
[DEBUG] 19:09:38.244 [AiEngine] Adaptive time: 500ms, depth: 4, reason: midgame, opening, emergency: false
[DEBUG] 19:09:38.244 [AiEngine] Using JS Search
[DEBUG] 19:09:38.294 [AiEngine] Adaptive time: 500ms, depth: 4, reason: midgame, opening, tactical, emergency: false
[DEBUG] 19:09:38.294 [AiEngine] Using JS Search
[DEBUG] 19:09:38.356 [AiEngine] Adaptive time: 500ms, depth: 4, reason: midgame, opening, emergency: false
[DEBUG] 19:09:38.356 [AiEngine] Using JS Search
[DEBUG] 19:09:38.391 [AiEngine] Adaptive time: 3000ms, depth: 5, reason: midgame, tactical, emergency: false
[DEBUG] 19:09:38.391 [AiEngine] Using JS Search
[DEBUG] 19:09:38.470 [AiEngine] Adaptive time: 3000ms, depth: 5, reason: midgame, emergency: false
[DEBUG] 19:09:38.470 [AiEngine] Using JS Search
[DEBUG] 19:09:38.548 [AiEngine] Adaptive time: 3000ms, depth: 5, reason: midgame, emergency: false
[DEBUG] 19:09:38.548 [AiEngine] Using JS Search
[DEBUG] 19:09:38.695 [AiEngine] Adaptive time: 3000ms, depth: 5, reason: midgame, emergency: false
[DEBUG] 19:09:38.695 [AiEngine] Using JS Search
[DEBUG] 19:09:38.697 [AiEngine] Adaptive time: 3000ms, depth: 5, reason: midgame, emergency: false
[DEBUG] 19:09:38.697 [AiEngine] Using JS Search
[DEBUG] 19:09:38.991 [AiEngine] Adaptive time: 3000ms, depth: 5, reason: midgame, emergency: false
[DEBUG] 19:09:38.991 [AiEngine] Using JS Search
[DEBUG] 19:09:38.993 [AiEngine] Adaptive time: 3000ms, depth: 5, reason: midgame, emergency: false
[DEBUG] 19:09:38.993 [AiEngine] Using JS Search
[DEBUG] 19:09:39.269 [AiEngine] Adaptive time: 3000ms, depth: 5, reason: midgame, emergency: false
[DEBUG] 19:09:39.269 [AiEngine] Using JS Search
[DEBUG] 19:09:39.271 [AiEngine] Adaptive time: 3000ms, depth: 5, reason: midgame, emergency: false
[DEBUG] 19:09:39.271 [AiEngine] Using JS Search
[DEBUG] 19:09:39.535 [AiEngine] Adaptive time: 3000ms, depth: 5, reason: midgame, emergency: false
[DEBUG] 19:09:39.535 [AiEngine] Using JS Search
[DEBUG] 19:09:39.536 [AiEngine] Adaptive time: 3000ms, depth: 5, reason: midgame, emergency: false
[DEBUG] 19:09:39.536 [AiEngine] Using JS Search
[DEBUG] 19:09:39.681 [AiEngine] Adaptive time: 3000ms, depth: 5, reason: midgame, emergency: false
[DEBUG] 19:09:39.681 [AiEngine] Using JS Search
[DEBUG] 19:09:39.788 [AiEngine] Adaptive time: 3000ms, depth: 5, reason: standard, emergency: false
[DEBUG] 19:09:39.788 [AiEngine] Using JS Search
[DEBUG] 19:09:39.877 [AiEngine] Adaptive time: 3000ms, depth: 5, reason: in-check, emergency: false
[DEBUG] 19:09:39.877 [AiEngine] Using JS Search
[DEBUG] 19:09:39.893 [AiEngine] Adaptive time: 3000ms, depth: 5, reason: standard, emergency: false
[DEBUG] 19:09:39.893 [AiEngine] Using JS Search
[DEBUG] 19:09:40.027 [AiEngine] Adaptive time: 3000ms, depth: 5, reason: standard, emergency: false
[DEBUG] 19:09:40.027 [AiEngine] Using JS Search
[DEBUG] 19:09:40.028 [AiEngine] Adaptive time: 3000ms, depth: 5, reason: standard, emergency: false
[DEBUG] 19:09:40.029 [AiEngine] Using JS Search
[DEBUG] 19:09:40.092 [AiEngine] Adaptive time: 3000ms, depth: 5, reason: standard, emergency: false
[DEBUG] 19:09:40.092 [AiEngine] Using JS Search
[DEBUG] 19:09:40.093 [AiEngine] Adaptive time: 3000ms, depth: 5, reason: standard, emergency: false
[DEBUG] 19:09:40.093 [AiEngine] Using JS Search
[DEBUG] 19:09:40.118 [AiEngine] Adaptive time: 3000ms, depth: 5, reason: standard, emergency: false
[DEBUG] 19:09:40.119 [AiEngine] Using JS Search
[DEBUG] 19:09:40.234 [AiEngine] Adaptive time: 3000ms, depth: 5, reason: standard, emergency: false
[DEBUG] 19:09:40.234 [AiEngine] Using JS Search
[DEBUG] 19:09:40.260 [AiEngine] Adaptive time: 3000ms, depth: 5, reason: standard, emergency: false
[DEBUG] 19:09:40.260 [AiEngine] Using JS Search
[DEBUG] 19:09:40.311 [AiEngine] Adaptive time: 3000ms, depth: 5, reason: standard, emergency: false
[DEBUG] 19:09:40.311 [AiEngine] Using JS Search
[DEBUG] 19:09:40.326 [AiEngine] Adaptive time: 3000ms, depth: 5, reason: standard, emergency: false
[DEBUG] 19:09:40.326 [AiEngine] Using JS Search
[DEBUG] 19:09:40.449 [AiEngine] Adaptive time: 3000ms, depth: 5, reason: standard, emergency: false
[DEBUG] 19:09:40.449 [AiEngine] Using JS Search
[DEBUG] 19:09:40.466 [AiEngine] Adaptive time: 3000ms, depth: 5, reason: tactical, emergency: false
[DEBUG] 19:09:40.466 [AiEngine] Using JS Search
[DEBUG] 19:09:40.624 [AiEngine] Adaptive time: 3000ms, depth: 5, reason: standard, emergency: false
[DEBUG] 19:09:40.624 [AiEngine] Using JS Search
[DEBUG] 19:09:40.638 [AiEngine] Adaptive time: 3000ms, depth: 5, reason: tactical, emergency: false
[DEBUG] 19:09:40.638 [AiEngine] Using JS Search
[DEBUG] 19:09:40.696 [AiEngine] Adaptive time: 3000ms, depth: 5, reason: standard, emergency: false
[DEBUG] 19:09:40.696 [AiEngine] Using JS Search
[DEBUG] 19:09:40.706 [AiEngine] Adaptive time: 3000ms, depth: 5, reason: tactical, emergency: false
[DEBUG] 19:09:40.706 [AiEngine] Using JS Search
[DEBUG] 19:09:40.725 [AiEngine] Adaptive time: 3000ms, depth: 5, reason: in-check, emergency: false
[DEBUG] 19:09:40.725 [AiEngine] Using JS Search
[DEBUG] 19:09:40.734 [AiEngine] Adaptive time: 3000ms, depth: 5, reason: tactical, emergency: false
[DEBUG] 19:09:40.734 [AiEngine] Using JS Search
[DEBUG] 19:09:40.834 [AiEngine] Adaptive time: 3000ms, depth: 5, reason: standard, emergency: false
[DEBUG] 19:09:40.834 [AiEngine] Using JS Search
[DEBUG] 19:09:40.844 [AiEngine] Adaptive time: 3000ms, depth: 5, reason: standard, emergency: false
[DEBUG] 19:09:40.844 [AiEngine] Using JS Search
[DEBUG] 19:09:40.848 [AiEngine] Adaptive time: 3000ms, depth: 5, reason: endgame, emergency: false
[DEBUG] 19:09:40.848 [AiEngine] Using JS Search
[DEBUG] 19:09:40.854 [AiEngine] Adaptive time: 3000ms, depth: 5, reason: endgame, tactical, emergency: false
[DEBUG] 19:09:40.854 [AiEngine] Using JS Search
[DEBUG] 19:09:40.858 [AiEngine] Adaptive time: 3000ms, depth: 5, reason: endgame, emergency: false
[DEBUG] 19:09:40.858 [AiEngine] Using JS Search
[DEBUG] 19:09:40.864 [AiEngine] Adaptive time: 3000ms, depth: 5, reason: endgame, tactical, emergency: false
[DEBUG] 19:09:40.864 [AiEngine] Using JS Search
[DEBUG] 19:09:40.868 [AiEngine] Adaptive time: 3000ms, depth: 5, reason: endgame, emergency: false
[DEBUG] 19:09:40.868 [AiEngine] Using JS Search
[DEBUG] 19:09:40.873 [AiEngine] Adaptive time: 3000ms, depth: 5, reason: endgame, tactical, emergency: false
[DEBUG] 19:09:40.874 [AiEngine] Using JS Search
[DEBUG] 19:09:40.876 [AiEngine] Adaptive time: 3000ms, depth: 5, reason: endgame, emergency: false
[DEBUG] 19:09:40.876 [AiEngine] Using JS Search
[DEBUG] 19:09:40.880 [AiEngine] Adaptive time: 3000ms, depth: 5, reason: endgame, tactical, emergency: false
[DEBUG] 19:09:40.881 [AiEngine] Using JS Search
[DEBUG] 19:09:40.884 [AiEngine] Adaptive time: 3000ms, depth: 5, reason: endgame, emergency: false
[DEBUG] 19:09:40.884 [AiEngine] Using JS Search
[DEBUG] 19:09:40.889 [AiEngine] Adaptive time: 3000ms, depth: 5, reason: endgame, tactical, emergency: false
[DEBUG] 19:09:40.889 [AiEngine] Using JS Search
[DEBUG] 19:09:40.890 [AiEngine] Adaptive time: 3000ms, depth: 5, reason: endgame, emergency: false
[DEBUG] 19:09:40.890 [AiEngine] Using JS Search
[DEBUG] 19:09:40.894 [AiEngine] Adaptive time: 3000ms, depth: 5, reason: endgame, tactical, emergency: false
[DEBUG] 19:09:40.894 [AiEngine] Using JS Search
[DEBUG] 19:09:40.898 [AiEngine] Adaptive time: 3000ms, depth: 5, reason: endgame, emergency: false
[DEBUG] 19:09:40.898 [AiEngine] Using JS Search
[DEBUG] 19:09:40.901 [AiEngine] Adaptive time: 3000ms, depth: 5, reason: endgame, tactical, emergency: false
[DEBUG] 19:09:40.901 [AiEngine] Using JS Search
[DEBUG] 19:09:41.004 [AiEngine] Adaptive time: 3000ms, depth: 5, reason: endgame, emergency: false
[DEBUG] 19:09:41.004 [AiEngine] Using JS Search
[DEBUG] 19:09:41.010 [AiEngine] Adaptive time: 3000ms, depth: 5, reason: endgame, tactical, emergency: false
[DEBUG] 19:09:41.010 [AiEngine] Using JS Search
[DEBUG] 19:09:41.014 [AiEngine] Adaptive time: 3000ms, depth: 5, reason: endgame, emergency: false
[DEBUG] 19:09:41.014 [AiEngine] Using JS Search
[DEBUG] 19:09:41.018 [AiEngine] Adaptive time: 3000ms, depth: 5, reason: endgame, tactical, emergency: false
[DEBUG] 19:09:41.018 [AiEngine] Using JS Search
[DEBUG] 19:09:41.069 [AiEngine] Adaptive time: 3000ms, depth: 5, reason: endgame, emergency: false
[DEBUG] 19:09:41.069 [AiEngine] Using JS Search
[DEBUG] 19:09:41.076 [AiEngine] Adaptive time: 3000ms, depth: 5, reason: endgame, tactical, emergency: false
[DEBUG] 19:09:41.076 [AiEngine] Using JS Search
[DEBUG] 19:09:41.083 [AiEngine] Adaptive time: 3000ms, depth: 5, reason: endgame, emergency: false
[DEBUG] 19:09:41.083 [AiEngine] Using JS Search
[DEBUG] 19:09:41.088 [AiEngine] Adaptive time: 3000ms, depth: 5, reason: endgame, tactical, emergency: false
[DEBUG] 19:09:41.088 [AiEngine] Using JS Search
[DEBUG] 19:09:41.112 [AiEngine] Adaptive time: 3000ms, depth: 5, reason: endgame, emergency: false
[DEBUG] 19:09:41.112 [AiEngine] Using JS Search
[DEBUG] 19:09:41.118 [AiEngine] Adaptive time: 3000ms, depth: 5, reason: endgame, tactical, emergency: false
[DEBUG] 19:09:41.118 [AiEngine] Using JS Search
[DEBUG] 19:09:41.121 [AiEngine] Adaptive time: 3000ms, depth: 5, reason: endgame, in-check, emergency: false
[DEBUG] 19:09:41.121 [AiEngine] Using JS Search
[DEBUG] 19:09:41.126 [AiEngine] Adaptive time: 3000ms, depth: 5, reason: endgame, tactical, emergency: false
[DEBUG] 19:09:41.126 [AiEngine] Using JS Search
[DEBUG] 19:09:41.128 [AiEngine] Adaptive time: 500ms, depth: 4, reason: midgame, opening, emergency: false
[DEBUG] 19:09:41.128 [AiEngine] Using JS Search
[DEBUG] 19:09:41.168 [AiEngine] Adaptive time: 500ms, depth: 4, reason: midgame, opening, emergency: false
[DEBUG] 19:09:41.168 [AiEngine] Using JS Search
[DEBUG] 19:09:41.411 [AiEngine] Adaptive time: 500ms, depth: 4, reason: midgame, opening, emergency: false
[DEBUG] 19:09:41.412 [AiEngine] Using JS Search
[DEBUG] 19:09:41.531 [AiEngine] Adaptive time: 500ms, depth: 4, reason: midgame, opening, emergency: false
[DEBUG] 19:09:41.531 [AiEngine] Using JS Search
[DEBUG] 19:09:41.703 [AiEngine] Adaptive time: 500ms, depth: 4, reason: midgame, opening, tactical, emergency: false
[DEBUG] 19:09:41.703 [AiEngine] Using JS Search
[DEBUG] 19:09:41.901 [AiEngine] Adaptive time: 500ms, depth: 4, reason: midgame, opening, tactical, emergency: false
[DEBUG] 19:09:41.901 [AiEngine] Using JS Search
[DEBUG] 19:09:42.445 [AiEngine] Adaptive time: 500ms, depth: 4, reason: midgame, opening, tactical, emergency: false
[DEBUG] 19:09:42.445 [AiEngine] Using JS Search
[DEBUG] 19:09:42.594 [AiEngine] Adaptive time: 500ms, depth: 4, reason: midgame, opening, tactical, emergency: false
[DEBUG] 19:09:42.594 [AiEngine] Using JS Search
[DEBUG] 19:09:42.775 [AiEngine] Adaptive time: 500ms, depth: 4, reason: midgame, opening, in-check, emergency: false
[DEBUG] 19:09:42.775 [AiEngine] Using JS Search
[DEBUG] 19:09:42.782 [AiEngine] Adaptive time: 500ms, depth: 4, reason: midgame, opening, tactical, emergency: false
[DEBUG] 19:09:42.782 [AiEngine] Using JS Search
[DEBUG] 19:09:42.930 [AiEngine] Adaptive time: 500ms, depth: 4, reason: midgame, opening, tactical, emergency: false
[DEBUG] 19:09:42.930 [AiEngine] Using JS Search
[DEBUG] 19:09:43.041 [AiEngine] Adaptive time: 500ms, depth: 4, reason: midgame, opening, tactical, emergency: false
[DEBUG] 19:09:43.041 [AiEngine] Using JS Search
[DEBUG] 19:09:43.122 [AiEngine] Adaptive time: 500ms, depth: 4, reason: midgame, opening, emergency: false
[DEBUG] 19:09:43.122 [AiEngine] Using JS Search
[DEBUG] 19:09:43.151 [AiEngine] Adaptive time: 500ms, depth: 4, reason: midgame, opening, tactical, emergency: false
[DEBUG] 19:09:43.151 [AiEngine] Using JS Search
[DEBUG] 19:09:43.156 [AiEngine] Adaptive time: 500ms, depth: 4, reason: midgame, opening, in-check, emergency: false
[DEBUG] 19:09:43.156 [AiEngine] Using JS Search
[DEBUG] 19:09:43.163 [AiEngine] Adaptive time: 500ms, depth: 4, reason: midgame, opening, tactical, emergency: false
[DEBUG] 19:09:43.163 [AiEngine] Using JS Search
[DEBUG] 19:09:43.165 [AiEngine] Adaptive time: 500ms, depth: 4, reason: midgame, opening, emergency: false
[DEBUG] 19:09:43.165 [AiEngine] Using JS Search
[DEBUG] 19:09:43.214 [AiEngine] Adaptive time: 500ms, depth: 4, reason: midgame, opening, tactical, emergency: false
[DEBUG] 19:09:43.214 [AiEngine] Using JS Search
[DEBUG] 19:09:43.215 [AiEngine] Adaptive time: 500ms, depth: 4, reason: midgame, opening, emergency: false
[DEBUG] 19:09:43.215 [AiEngine] Using JS Search
[DEBUG] 19:09:43.269 [AiEngine] Adaptive time: 500ms, depth: 4, reason: midgame, opening, tactical, emergency: false
[DEBUG] 19:09:43.269 [AiEngine] Using JS Search
[DEBUG] 19:09:43.270 [AiEngine] Adaptive time: 500ms, depth: 4, reason: midgame, opening, emergency: false
[DEBUG] 19:09:43.270 [AiEngine] Using JS Search
[DEBUG] 19:09:43.301 [AiEngine] Adaptive time: 500ms, depth: 4, reason: midgame, opening, tactical, emergency: false
[DEBUG] 19:09:43.301 [AiEngine] Using JS Search
[DEBUG] 19:09:43.302 [AiEngine] Adaptive time: 500ms, depth: 4, reason: midgame, opening, tactical, emergency: false
[DEBUG] 19:09:43.302 [AiEngine] Using JS Search
[DEBUG] 19:09:43.341 [AiEngine] Adaptive time: 500ms, depth: 4, reason: midgame, opening, tactical, emergency: false
[DEBUG] 19:09:43.342 [AiEngine] Using JS Search
[DEBUG] 19:09:43.343 [AiEngine] Adaptive time: 500ms, depth: 4, reason: midgame, opening, emergency: false
[DEBUG] 19:09:43.343 [AiEngine] Using JS Search
[DEBUG] 19:09:43.361 [AiEngine] Adaptive time: 500ms, depth: 4, reason: midgame, opening, tactical, emergency: false
[DEBUG] 19:09:43.361 [AiEngine] Using JS Search
[DEBUG] 19:09:43.362 [AiEngine] Adaptive time: 500ms, depth: 4, reason: midgame, opening, emergency: false
[DEBUG] 19:09:43.362 [AiEngine] Using JS Search
[DEBUG] 19:09:43.387 [AiEngine] Adaptive time: 500ms, depth: 4, reason: midgame, opening, tactical, emergency: false
[DEBUG] 19:09:43.387 [AiEngine] Using JS Search
[DEBUG] 19:09:43.388 [AiEngine] Adaptive time: 500ms, depth: 4, reason: midgame, opening, emergency: false
[DEBUG] 19:09:43.388 [AiEngine] Using JS Search
[DEBUG] 19:09:43.415 [AiEngine] Adaptive time: 500ms, depth: 4, reason: midgame, opening, tactical, emergency: false
[DEBUG] 19:09:43.415 [AiEngine] Using JS Search
[DEBUG] 19:09:43.416 [AiEngine] Adaptive time: 500ms, depth: 4, reason: midgame, opening, emergency: false
[DEBUG] 19:09:43.416 [AiEngine] Using JS Search
[DEBUG] 19:09:43.442 [AiEngine] Adaptive time: 500ms, depth: 4, reason: midgame, opening, tactical, emergency: false
[DEBUG] 19:09:43.442 [AiEngine] Using JS Search
[DEBUG] 19:09:43.443 [AiEngine] Adaptive time: 500ms, depth: 4, reason: midgame, opening, emergency: false
[DEBUG] 19:09:43.443 [AiEngine] Using JS Search
[DEBUG] 19:09:43.461 [AiEngine] Adaptive time: 500ms, depth: 4, reason: midgame, opening, tactical, emergency: false
[DEBUG] 19:09:43.461 [AiEngine] Using JS Search
[DEBUG] 19:09:43.462 [AiEngine] Adaptive time: 500ms, depth: 4, reason: midgame, opening, emergency: false
[DEBUG] 19:09:43.462 [AiEngine] Using JS Search
[DEBUG] 19:09:43.484 [AiEngine] Adaptive time: 500ms, depth: 4, reason: midgame, opening, tactical, emergency: false
[DEBUG] 19:09:43.484 [AiEngine] Using JS Search
[DEBUG] 19:09:43.485 [AiEngine] Adaptive time: 500ms, depth: 4, reason: midgame, opening, emergency: false
[DEBUG] 19:09:43.485 [AiEngine] Using JS Search
[DEBUG] 19:09:43.505 [AiEngine] Adaptive time: 500ms, depth: 4, reason: midgame, opening, tactical, emergency: false
[DEBUG] 19:09:43.505 [AiEngine] Using JS Search
[DEBUG] 19:09:43.506 [AiEngine] Adaptive time: 500ms, depth: 4, reason: midgame, opening, emergency: false
[DEBUG] 19:09:43.506 [AiEngine] Using JS Search
[DEBUG] 19:09:43.526 [AiEngine] Adaptive time: 500ms, depth: 4, reason: midgame, opening, tactical, emergency: false
[DEBUG] 19:09:43.526 [AiEngine] Using JS Search
[DEBUG] 19:09:43.527 [AiEngine] Adaptive time: 3000ms, depth: 5, reason: midgame, emergency: false
[DEBUG] 19:09:43.527 [AiEngine] Using JS Search
[DEBUG] 19:09:43.552 [AiEngine] Adaptive time: 3000ms, depth: 5, reason: midgame, tactical, emergency: false
[DEBUG] 19:09:43.553 [AiEngine] Using JS Search
[DEBUG] 19:09:43.982 [AiEngine] Adaptive time: 3000ms, depth: 5, reason: midgame, in-check, emergency: false
[DEBUG] 19:09:43.982 [AiEngine] Using JS Search
[DEBUG] 19:09:44.010 [AiEngine] Adaptive time: 3000ms, depth: 5, reason: midgame, tactical, emergency: false
[DEBUG] 19:09:44.010 [AiEngine] Using JS Search
[DEBUG] 19:09:44.031 [AiEngine] Adaptive time: 3000ms, depth: 5, reason: midgame, emergency: false
[DEBUG] 19:09:44.031 [AiEngine] Using JS Search
[DEBUG] 19:09:44.066 [AiEngine] Adaptive time: 3000ms, depth: 5, reason: midgame, tactical, emergency: false
[DEBUG] 19:09:44.066 [AiEngine] Using JS Search
[DEBUG] 19:09:44.067 [AiEngine] Adaptive time: 3000ms, depth: 5, reason: midgame, emergency: false
[DEBUG] 19:09:44.067 [AiEngine] Using JS Search
[DEBUG] 19:09:44.108 [AiEngine] Adaptive time: 3000ms, depth: 5, reason: midgame, tactical, emergency: false
[DEBUG] 19:09:44.108 [AiEngine] Using JS Search
[DEBUG] 19:09:44.110 [AiEngine] Adaptive time: 3000ms, depth: 5, reason: midgame, emergency: false
[DEBUG] 19:09:44.110 [AiEngine] Using JS Search
[DEBUG] 19:09:44.179 [AiEngine] Adaptive time: 3000ms, depth: 5, reason: midgame, tactical, emergency: false
[DEBUG] 19:09:44.179 [AiEngine] Using JS Search
[DEBUG] 19:09:44.337 [AiEngine] Adaptive time: 3000ms, depth: 5, reason: midgame, in-check, emergency: false
[DEBUG] 19:09:44.337 [AiEngine] Using JS Search
[DEBUG] 19:09:44.337 [AiEngine] Adaptive time: 3000ms, depth: 5, reason: midgame, tactical, emergency: false
[DEBUG] 19:09:44.338 [AiEngine] Using JS Search
[DEBUG] 19:09:44.338 [AiEngine] Adaptive time: 3000ms, depth: 5, reason: midgame, in-check, emergency: false
[DEBUG] 19:09:44.338 [AiEngine] Using JS Search
[DEBUG] 19:09:44.338 [AiEngine] Adaptive time: 500ms, depth: 4, reason: midgame, opening, emergency: false
[DEBUG] 19:09:44.338 [AiEngine] Using JS Search
[DEBUG] 19:09:44.383 [AiEngine] Adaptive time: 500ms, depth: 4, reason: midgame, opening, emergency: false
[DEBUG] 19:09:44.383 [AiEngine] Using JS Search
[DEBUG] 19:09:44.567 [AiEngine] Adaptive time: 500ms, depth: 4, reason: midgame, opening, emergency: false
[DEBUG] 19:09:44.567 [AiEngine] Using JS Search
[DEBUG] 19:09:44.849 [AiEngine] Adaptive time: 500ms, depth: 4, reason: midgame, opening, emergency: false
[DEBUG] 19:09:44.849 [AiEngine] Using JS Search
[DEBUG] 19:09:45.119 [AiEngine] Adaptive time: 500ms, depth: 4, reason: midgame, opening, emergency: false
[DEBUG] 19:09:45.119 [AiEngine] Using JS Search
[DEBUG] 19:09:45.363 [AiEngine] Adaptive time: 500ms, depth: 4, reason: midgame, opening, emergency: false
[DEBUG] 19:09:45.363 [AiEngine] Using JS Search
[DEBUG] 19:09:45.755 [AiEngine] Adaptive time: 500ms, depth: 4, reason: midgame, opening, emergency: false
[DEBUG] 19:09:45.755 [AiEngine] Using JS Search
[DEBUG] 19:09:46.174 [AiEngine] Adaptive time: 500ms, depth: 4, reason: midgame, opening, emergency: false
[DEBUG] 19:09:46.174 [AiEngine] Using JS Search
[DEBUG] 19:09:46.398 [AiEngine] Adaptive time: 500ms, depth: 4, reason: midgame, opening, tactical, emergency: false
[DEBUG] 19:09:46.398 [AiEngine] Using JS Search
[DEBUG] 19:09:46.958 [AiEngine] Adaptive time: 500ms, depth: 4, reason: midgame, opening, tactical, emergency: false
[DEBUG] 19:09:46.959 [AiEngine] Using JS Search
[DEBUG] 19:09:47.126 [AiEngine] Adaptive time: 500ms, depth: 4, reason: midgame, opening, tactical, emergency: false
[DEBUG] 19:09:47.127 [AiEngine] Using JS Search
[DEBUG] 19:09:47.370 [AiEngine] Adaptive time: 500ms, depth: 4, reason: midgame, opening, emergency: false
[DEBUG] 19:09:47.370 [AiEngine] Using JS Search
[DEBUG] 19:09:47.447 [AiEngine] Adaptive time: 500ms, depth: 4, reason: midgame, opening, tactical, emergency: false
[DEBUG] 19:09:47.447 [AiEngine] Using JS Search
[DEBUG] 19:09:47.496 [AiEngine] Adaptive time: 500ms, depth: 4, reason: midgame, opening, tactical, emergency: false
[DEBUG] 19:09:47.496 [AiEngine] Using JS Search
[DEBUG] 19:09:47.629 [AiEngine] Adaptive time: 500ms, depth: 4, reason: midgame, opening, emergency: false
[DEBUG] 19:09:47.629 [AiEngine] Using JS Search
[DEBUG] 19:09:47.815 [AiEngine] Adaptive time: 500ms, depth: 4, reason: midgame, opening, emergency: false
[DEBUG] 19:09:47.815 [AiEngine] Using JS Search
[DEBUG] 19:09:47.972 [AiEngine] Adaptive time: 500ms, depth: 4, reason: midgame, opening, tactical, emergency: false
[DEBUG] 19:09:47.972 [AiEngine] Using JS Search
[DEBUG] 19:09:48.108 [AiEngine] Adaptive time: 500ms, depth: 4, reason: midgame, opening, tactical, emergency: false
[DEBUG] 19:09:48.108 [AiEngine] Using JS Search
[DEBUG] 19:09:48.374 [AiEngine] Adaptive time: 500ms, depth: 4, reason: midgame, opening, emergency: false
[DEBUG] 19:09:48.374 [AiEngine] Using JS Search
[DEBUG] 19:09:48.426 [AiEngine] Adaptive time: 500ms, depth: 4, reason: midgame, opening, tactical, emergency: false
[DEBUG] 19:09:48.426 [AiEngine] Using JS Search
[DEBUG] 19:09:48.620 [AiEngine] Adaptive time: 500ms, depth: 4, reason: midgame, opening, emergency: false
[DEBUG] 19:09:48.620 [AiEngine] Using JS Search
[DEBUG] 19:09:48.650 [AiEngine] Adaptive time: 500ms, depth: 4, reason: midgame, opening, tactical, emergency: false
[DEBUG] 19:09:48.650 [AiEngine] Using JS Search
[DEBUG] 19:09:48.731 [AiEngine] Adaptive time: 500ms, depth: 4, reason: midgame, opening, emergency: false
[DEBUG] 19:09:48.731 [AiEngine] Using JS Search
[DEBUG] 19:09:48.756 [AiEngine] Adaptive time: 500ms, depth: 4, reason: midgame, opening, tactical, emergency: false
[DEBUG] 19:09:48.756 [AiEngine] Using JS Search
[DEBUG] 19:09:48.758 [AiEngine] Adaptive time: 500ms, depth: 4, reason: midgame, opening, emergency: false
[DEBUG] 19:09:48.758 [AiEngine] Using JS Search
[DEBUG] 19:09:48.805 [AiEngine] Adaptive time: 500ms, depth: 4, reason: midgame, opening, tactical, emergency: false
[DEBUG] 19:09:48.805 [AiEngine] Using JS Search
[DEBUG] 19:09:48.806 [AiEngine] Adaptive time: 500ms, depth: 4, reason: midgame, opening, emergency: false
[DEBUG] 19:09:48.806 [AiEngine] Using JS Search
[DEBUG] 19:09:48.853 [AiEngine] Adaptive time: 500ms, depth: 4, reason: midgame, opening, tactical, emergency: false
[DEBUG] 19:09:48.853 [AiEngine] Using JS Search
[DEBUG] 19:09:48.855 [AiEngine] Adaptive time: 500ms, depth: 4, reason: midgame, opening, emergency: false
[DEBUG] 19:09:48.855 [AiEngine] Using JS Search
[DEBUG] 19:09:48.910 [AiEngine] Adaptive time: 500ms, depth: 4, reason: midgame, opening, tactical, emergency: false
[DEBUG] 19:09:48.910 [AiEngine] Using JS Search
[DEBUG] 19:09:48.911 [AiEngine] Adaptive time: 500ms, depth: 4, reason: midgame, opening, emergency: false
[DEBUG] 19:09:48.911 [AiEngine] Using JS Search
[DEBUG] 19:09:48.946 [AiEngine] Adaptive time: 500ms, depth: 4, reason: midgame, opening, tactical, emergency: false
[DEBUG] 19:09:48.946 [AiEngine] Using JS Search
[DEBUG] 19:09:48.947 [AiEngine] Adaptive time: 500ms, depth: 4, reason: midgame, opening, emergency: false
[DEBUG] 19:09:48.948 [AiEngine] Using JS Search
[DEBUG] 19:09:48.974 [AiEngine] Adaptive time: 500ms, depth: 4, reason: midgame, opening, tactical, emergency: false
[DEBUG] 19:09:48.974 [AiEngine] Using JS Search
[DEBUG] 19:09:48.975 [AiEngine] Adaptive time: 500ms, depth: 4, reason: midgame, opening, emergency: false
[DEBUG] 19:09:48.975 [AiEngine] Using JS Search
[DEBUG] 19:09:49.005 [AiEngine] Adaptive time: 500ms, depth: 4, reason: midgame, opening, tactical, emergency: false
[DEBUG] 19:09:49.005 [AiEngine] Using JS Search
[DEBUG] 19:09:49.006 [AiEngine] Adaptive time: 500ms, depth: 4, reason: midgame, opening, emergency: false
[DEBUG] 19:09:49.007 [AiEngine] Using JS Search
[DEBUG] 19:09:49.057 [AiEngine] Adaptive time: 500ms, depth: 4, reason: midgame, opening, emergency: false
[DEBUG] 19:09:49.057 [AiEngine] Using JS Search
[DEBUG] 19:09:49.057 [AiEngine] Adaptive time: 500ms, depth: 4, reason: midgame, opening, emergency: false
[DEBUG] 19:09:49.057 [AiEngine] Using JS Search
[DEBUG] 19:09:49.111 [AiEngine] Adaptive time: 500ms, depth: 4, reason: midgame, opening, emergency: false
[DEBUG] 19:09:49.111 [AiEngine] Using JS Search
[DEBUG] 19:09:49.112 [AiEngine] Adaptive time: 3000ms, depth: 5, reason: midgame, emergency: false
[DEBUG] 19:09:49.112 [AiEngine] Using JS Search
[DEBUG] 19:09:49.280 [AiEngine] Adaptive time: 3000ms, depth: 5, reason: midgame, emergency: false
[DEBUG] 19:09:49.280 [AiEngine] Using JS Search
[DEBUG] 19:09:49.282 [AiEngine] Adaptive time: 3000ms, depth: 5, reason: midgame, emergency: false
[DEBUG] 19:09:49.282 [AiEngine] Using JS Search
[DEBUG] 19:09:49.487 [AiEngine] Adaptive time: 3000ms, depth: 5, reason: midgame, emergency: false
[DEBUG] 19:09:49.487 [AiEngine] Using JS Search
[DEBUG] 19:09:49.489 [AiEngine] Adaptive time: 3000ms, depth: 5, reason: midgame, emergency: false
[DEBUG] 19:09:49.489 [AiEngine] Using JS Search
[DEBUG] 19:09:49.693 [AiEngine] Adaptive time: 3000ms, depth: 5, reason: midgame, emergency: false
[DEBUG] 19:09:49.693 [AiEngine] Using JS Search
[DEBUG] 19:09:49.694 [AiEngine] Adaptive time: 3000ms, depth: 5, reason: midgame, emergency: false
[DEBUG] 19:09:49.695 [AiEngine] Using JS Search
[DEBUG] 19:09:49.889 [AiEngine] Adaptive time: 3000ms, depth: 5, reason: midgame, emergency: false
[DEBUG] 19:09:49.889 [AiEngine] Using JS Search
[DEBUG] 19:09:49.890 [AiEngine] Adaptive time: 3000ms, depth: 5, reason: midgame, emergency: false
[DEBUG] 19:09:49.890 [AiEngine] Using JS Search
[DEBUG] 19:09:50.096 [AiEngine] Adaptive time: 3000ms, depth: 5, reason: midgame, emergency: false
[DEBUG] 19:09:50.096 [AiEngine] Using JS Search
[DEBUG] 19:09:50.098 [AiEngine] Adaptive time: 3000ms, depth: 5, reason: midgame, emergency: false
[DEBUG] 19:09:50.098 [AiEngine] Using JS Search
[DEBUG] 19:09:50.372 [AiEngine] Adaptive time: 3000ms, depth: 5, reason: midgame, tactical, emergency: false
[DEBUG] 19:09:50.372 [AiEngine] Using JS Search
[DEBUG] 19:09:50.374 [AiEngine] Adaptive time: 3000ms, depth: 5, reason: midgame, emergency: false
[DEBUG] 19:09:50.374 [AiEngine] Using JS Search
[DEBUG] 19:09:50.573 [AiEngine] Adaptive time: 3000ms, depth: 5, reason: midgame, emergency: false
[DEBUG] 19:09:50.573 [AiEngine] Using JS Search
[DEBUG] 19:09:50.574 [AiEngine] Adaptive time: 3000ms, depth: 5, reason: midgame, emergency: false
[DEBUG] 19:09:50.574 [AiEngine] Using JS Search
[DEBUG] 19:09:50.815 [AiEngine] Adaptive time: 3000ms, depth: 5, reason: midgame, tactical, emergency: false
[DEBUG] 19:09:50.815 [AiEngine] Using JS Search
[DEBUG] 19:09:50.817 [AiEngine] Adaptive time: 3000ms, depth: 5, reason: midgame, emergency: false
[DEBUG] 19:09:50.817 [AiEngine] Using JS Search
[DEBUG] 19:09:50.997 [AiEngine] Adaptive time: 3000ms, depth: 5, reason: midgame, emergency: false
[DEBUG] 19:09:50.997 [AiEngine] Using JS Search
[DEBUG] 19:09:50.998 [AiEngine] Adaptive time: 3000ms, depth: 5, reason: midgame, emergency: false
[DEBUG] 19:09:50.998 [AiEngine] Using JS Search
[DEBUG] 19:09:51.216 [AiEngine] Adaptive time: 3000ms, depth: 5, reason: midgame, tactical, emergency: false
[DEBUG] 19:09:51.216 [AiEngine] Using JS Search
[DEBUG] 19:09:51.224 [AiEngine] Adaptive time: 3000ms, depth: 5, reason: midgame, emergency: false
[DEBUG] 19:09:51.224 [AiEngine] Using JS Search
[DEBUG] 19:09:51.471 [AiEngine] Adaptive time: 3000ms, depth: 5, reason: midgame, tactical, emergency: false
[DEBUG] 19:09:51.471 [AiEngine] Using JS Search
[DEBUG] 19:09:51.472 [AiEngine] Adaptive time: 3000ms, depth: 5, reason: midgame, emergency: false
[DEBUG] 19:09:51.472 [AiEngine] Using JS Search
[DEBUG] 19:09:51.605 [AiEngine] Adaptive time: 3000ms, depth: 5, reason: midgame, emergency: false
[DEBUG] 19:09:51.605 [AiEngine] Using JS Search
[DEBUG] 19:09:51.607 [AiEngine] Adaptive time: 3000ms, depth: 5, reason: midgame, emergency: false
[DEBUG] 19:09:51.608 [AiEngine] Using JS Search
[DEBUG] 19:09:51.675 [AiEngine] Adaptive time: 3000ms, depth: 5, reason: midgame, emergency: false
[DEBUG] 19:09:51.675 [AiEngine] Using JS Search
[DEBUG] 19:09:51.676 [AiEngine] Adaptive time: 3000ms, depth: 5, reason: midgame, emergency: false
[DEBUG] 19:09:51.676 [AiEngine] Using JS Search
[DEBUG] 19:09:51.792 [AiEngine] Adaptive time: 3000ms, depth: 5, reason: midgame, emergency: false
[DEBUG] 19:09:51.792 [AiEngine] Using JS Search
[DEBUG] 19:09:51.794 [AiEngine] Adaptive time: 3000ms, depth: 5, reason: midgame, emergency: false
[DEBUG] 19:09:51.794 [AiEngine] Using JS Search
[DEBUG] 19:09:51.898 [AiEngine] Adaptive time: 3000ms, depth: 5, reason: midgame, emergency: false
[DEBUG] 19:09:51.898 [AiEngine] Using JS Search
[DEBUG] 19:09:51.899 [AiEngine] Adaptive time: 3000ms, depth: 5, reason: midgame, emergency: false
[DEBUG] 19:09:51.899 [AiEngine] Using JS Search
[DEBUG] 19:09:51.997 [AiEngine] Adaptive time: 3000ms, depth: 5, reason: midgame, emergency: false
[DEBUG] 19:09:51.997 [AiEngine] Using JS Search
[DEBUG] 19:09:51.999 [AiEngine] Adaptive time: 3000ms, depth: 5, reason: standard, emergency: false
[DEBUG] 19:09:51.999 [AiEngine] Using JS Search
[DEBUG] 19:09:52.150 [AiEngine] Adaptive time: 3000ms, depth: 5, reason: tactical, emergency: false
[DEBUG] 19:09:52.150 [AiEngine] Using JS Search
[DEBUG] 19:09:52.151 [AiEngine] Adaptive time: 3000ms, depth: 5, reason: standard, emergency: false
[DEBUG] 19:09:52.151 [AiEngine] Using JS Search
[DEBUG] 19:09:52.232 [AiEngine] Adaptive time: 3000ms, depth: 5, reason: tactical, emergency: false
[DEBUG] 19:09:52.232 [AiEngine] Using JS Search
[DEBUG] 19:09:52.233 [AiEngine] Adaptive time: 3000ms, depth: 5, reason: standard, emergency: false
[DEBUG] 19:09:52.233 [AiEngine] Using JS Search
[DEBUG] 19:09:52.328 [AiEngine] Adaptive time: 3000ms, depth: 5, reason: standard, emergency: false
[DEBUG] 19:09:52.328 [AiEngine] Using JS Search
[DEBUG] 19:09:52.329 [AiEngine] Adaptive time: 3000ms, depth: 5, reason: standard, emergency: false
[DEBUG] 19:09:52.329 [AiEngine] Using JS Search
[DEBUG] 19:09:52.398 [AiEngine] Adaptive time: 3000ms, depth: 5, reason: standard, emergency: false
[DEBUG] 19:09:52.398 [AiEngine] Using JS Search
[DEBUG] 19:09:52.399 [AiEngine] Adaptive time: 3000ms, depth: 5, reason: standard, emergency: false
[DEBUG] 19:09:52.399 [AiEngine] Using JS Search
[DEBUG] 19:09:52.427 [AiEngine] Adaptive time: 3000ms, depth: 5, reason: standard, emergency: false
[DEBUG] 19:09:52.427 [AiEngine] Using JS Search
[DEBUG] 19:09:52.428 [AiEngine] Adaptive time: 3000ms, depth: 5, reason: standard, emergency: false
[DEBUG] 19:09:52.428 [AiEngine] Using JS Search
[DEBUG] 19:09:52.436 [AiEngine] Adaptive time: 3000ms, depth: 5, reason: tactical, emergency: false
[DEBUG] 19:09:52.436 [AiEngine] Using JS Search
[DEBUG] 19:09:52.443 [AiEngine] Adaptive time: 3000ms, depth: 5, reason: standard, emergency: false
[DEBUG] 19:09:52.443 [AiEngine] Using JS Search
[DEBUG] 19:09:52.460 [AiEngine] Adaptive time: 3000ms, depth: 5, reason: tactical, emergency: false
[DEBUG] 19:09:52.460 [AiEngine] Using JS Search
[DEBUG] 19:09:52.464 [AiEngine] Adaptive time: 3000ms, depth: 5, reason: standard, emergency: false
[DEBUG] 19:09:52.464 [AiEngine] Using JS Search
[DEBUG] 19:09:52.469 [AiEngine] Adaptive time: 3000ms, depth: 5, reason: tactical, emergency: false
[DEBUG] 19:09:52.469 [AiEngine] Using JS Search
[DEBUG] 19:09:52.473 [AiEngine] Adaptive time: 3000ms, depth: 5, reason: standard, emergency: false
[DEBUG] 19:09:52.473 [AiEngine] Using JS Search
[DEBUG] 19:09:52.479 [AiEngine] Adaptive time: 3000ms, depth: 5, reason: tactical, emergency: false
[DEBUG] 19:09:52.479 [AiEngine] Using JS Search
[DEBUG] 19:09:52.483 [AiEngine] Adaptive time: 3000ms, depth: 5, reason: standard, emergency: false
[DEBUG] 19:09:52.483 [AiEngine] Using JS Search
[DEBUG] 19:09:52.488 [AiEngine] Adaptive time: 3000ms, depth: 5, reason: tactical, emergency: false
[DEBUG] 19:09:52.488 [AiEngine] Using JS Search
[DEBUG] 19:09:52.492 [AiEngine] Adaptive time: 3000ms, depth: 5, reason: standard, emergency: false
[DEBUG] 19:09:52.492 [AiEngine] Using JS Search
[DEBUG] 19:09:52.497 [AiEngine] Adaptive time: 3000ms, depth: 5, reason: tactical, emergency: false
[DEBUG] 19:09:52.497 [AiEngine] Using JS Search
[DEBUG] 19:09:52.500 [AiEngine] Adaptive time: 3000ms, depth: 5, reason: standard, emergency: false
[DEBUG] 19:09:52.500 [AiEngine] Using JS Search
[DEBUG] 19:09:52.507 [AiEngine] Adaptive time: 3000ms, depth: 5, reason: tactical, emergency: false
[DEBUG] 19:09:52.507 [AiEngine] Using JS Search
[DEBUG] 19:09:52.511 [AiEngine] Adaptive time: 3000ms, depth: 5, reason: standard, emergency: false
[DEBUG] 19:09:52.511 [AiEngine] Using JS Search
[DEBUG] 19:09:52.519 [AiEngine] Adaptive time: 3000ms, depth: 5, reason: tactical, emergency: false
[DEBUG] 19:09:52.520 [AiEngine] Using JS Search
[DEBUG] 19:09:52.715 [AiEngine] Adaptive time: 3000ms, depth: 5, reason: in-check, emergency: false
[DEBUG] 19:09:52.715 [AiEngine] Using JS Search
[DEBUG] 19:09:52.724 [AiEngine] Adaptive time: 3000ms, depth: 5, reason: tactical, emergency: false
[DEBUG] 19:09:52.725 [AiEngine] Using JS Search
[DEBUG] 19:09:52.728 [AiEngine] Adaptive time: 500ms, depth: 4, reason: midgame, opening, emergency: false
[DEBUG] 19:09:52.728 [AiEngine] Using JS Search
[DEBUG] 19:09:52.831 [AiEngine] Adaptive time: 500ms, depth: 4, reason: midgame, opening, emergency: false
[DEBUG] 19:09:52.831 [AiEngine] Using JS Search
[DEBUG] 19:09:52.981 [AiEngine] Adaptive time: 500ms, depth: 4, reason: midgame, opening, emergency: false
[DEBUG] 19:09:52.981 [AiEngine] Using JS Search
[DEBUG] 19:09:53.328 [AiEngine] Adaptive time: 500ms, depth: 4, reason: midgame, opening, emergency: false
[DEBUG] 19:09:53.328 [AiEngine] Using JS Search
[DEBUG] 19:09:53.523 [AiEngine] Adaptive time: 500ms, depth: 4, reason: midgame, opening, tactical, emergency: false
[DEBUG] 19:09:53.523 [AiEngine] Using JS Search
[DEBUG] 19:09:54.399 [AiEngine] Adaptive time: 500ms, depth: 4, reason: midgame, opening, emergency: false
[DEBUG] 19:09:54.399 [AiEngine] Using JS Search
[DEBUG] 19:09:54.530 [AiEngine] Adaptive time: 500ms, depth: 4, reason: midgame, opening, tactical, emergency: false
[DEBUG] 19:09:54.530 [AiEngine] Using JS Search
[DEBUG] 19:09:54.895 [AiEngine] Adaptive time: 500ms, depth: 4, reason: midgame, opening, emergency: false
[DEBUG] 19:09:54.895 [AiEngine] Using JS Search
[DEBUG] 19:09:55.079 [AiEngine] Adaptive time: 500ms, depth: 4, reason: midgame, opening, tactical, emergency: false
[DEBUG] 19:09:55.079 [AiEngine] Using JS Search
[DEBUG] 19:09:55.357 [AiEngine] Adaptive time: 500ms, depth: 4, reason: midgame, opening, emergency: false
[DEBUG] 19:09:55.357 [AiEngine] Using JS Search
[DEBUG] 19:09:55.550 [AiEngine] Adaptive time: 500ms, depth: 4, reason: midgame, opening, tactical, emergency: false
[DEBUG] 19:09:55.550 [AiEngine] Using JS Search
[DEBUG] 19:09:55.781 [AiEngine] Adaptive time: 500ms, depth: 4, reason: midgame, opening, emergency: false
[DEBUG] 19:09:55.781 [AiEngine] Using JS Search
[DEBUG] 19:09:55.923 [AiEngine] Adaptive time: 500ms, depth: 4, reason: midgame, opening, tactical, emergency: false
[DEBUG] 19:09:55.923 [AiEngine] Using JS Search
[DEBUG] 19:09:56.143 [AiEngine] Adaptive time: 500ms, depth: 4, reason: midgame, opening, emergency: false
[DEBUG] 19:09:56.143 [AiEngine] Using JS Search
[DEBUG] 19:09:56.207 [AiEngine] Adaptive time: 500ms, depth: 4, reason: midgame, opening, tactical, emergency: false
[DEBUG] 19:09:56.207 [AiEngine] Using JS Search
[DEBUG] 19:09:56.389 [AiEngine] Adaptive time: 500ms, depth: 4, reason: midgame, opening, emergency: false
[DEBUG] 19:09:56.389 [AiEngine] Using JS Search
[DEBUG] 19:09:56.477 [AiEngine] Adaptive time: 500ms, depth: 4, reason: midgame, opening, tactical, emergency: false
[DEBUG] 19:09:56.477 [AiEngine] Using JS Search
[DEBUG] 19:09:56.698 [AiEngine] Adaptive time: 500ms, depth: 4, reason: midgame, opening, in-check, emergency: false
[DEBUG] 19:09:56.698 [AiEngine] Using JS Search
[DEBUG] 19:09:56.862 [AiEngine] Adaptive time: 500ms, depth: 4, reason: midgame, opening, tactical, emergency: false
[DEBUG] 19:09:56.862 [AiEngine] Using JS Search
[DEBUG] 19:09:57.007 [AiEngine] Adaptive time: 500ms, depth: 4, reason: midgame, opening, tactical, emergency: false
[DEBUG] 19:09:57.007 [AiEngine] Using JS Search
[DEBUG] 19:09:57.197 [AiEngine] Adaptive time: 500ms, depth: 4, reason: midgame, opening, emergency: false
[DEBUG] 19:09:57.197 [AiEngine] Using JS Search
[DEBUG] 19:09:57.238 [AiEngine] Adaptive time: 500ms, depth: 4, reason: midgame, opening, tactical, emergency: false
[DEBUG] 19:09:57.238 [AiEngine] Using JS Search
[DEBUG] 19:09:57.791 [AiEngine] Adaptive time: 500ms, depth: 4, reason: midgame, opening, emergency: false
[DEBUG] 19:09:57.791 [AiEngine] Using JS Search
[DEBUG] 19:09:57.822 [AiEngine] Adaptive time: 500ms, depth: 4, reason: midgame, opening, in-check, tactical, emergency: false
[DEBUG] 19:09:57.822 [AiEngine] Using JS Search
[DEBUG] 19:09:58.106 [AiEngine] Adaptive time: 500ms, depth: 4, reason: midgame, opening, in-check, emergency: false
[DEBUG] 19:09:58.106 [AiEngine] Using JS Search
[DEBUG] 19:09:58.112 [AiEngine] Adaptive time: 500ms, depth: 4, reason: midgame, opening, tactical, emergency: false
[DEBUG] 19:09:58.112 [AiEngine] Using JS Search
[DEBUG] 19:09:58.120 [AiEngine] Adaptive time: 500ms, depth: 4, reason: midgame, opening, in-check, emergency: false
[DEBUG] 19:09:58.120 [AiEngine] Using JS Search
[DEBUG] 19:09:58.124 [AiEngine] Adaptive time: 500ms, depth: 4, reason: midgame, opening, tactical, emergency: false
[DEBUG] 19:09:58.124 [AiEngine] Using JS Search
[DEBUG] 19:09:58.143 [AiEngine] Adaptive time: 500ms, depth: 4, reason: midgame, opening, in-check, emergency: false
[DEBUG] 19:09:58.143 [AiEngine] Using JS Search
[DEBUG] 19:09:58.147 [AiEngine] Adaptive time: 500ms, depth: 4, reason: midgame, opening, tactical, emergency: false
[DEBUG] 19:09:58.147 [AiEngine] Using JS Search
[DEBUG] 19:09:58.150 [AiEngine] Adaptive time: 500ms, depth: 4, reason: midgame, opening, emergency: false
[DEBUG] 19:09:58.150 [AiEngine] Using JS Search
[DEBUG] 19:09:58.193 [AiEngine] Adaptive time: 500ms, depth: 4, reason: midgame, opening, tactical, emergency: false
[DEBUG] 19:09:58.193 [AiEngine] Using JS Search
[DEBUG] 19:09:58.194 [AiEngine] Adaptive time: 500ms, depth: 4, reason: midgame, opening, emergency: false
[DEBUG] 19:09:58.194 [AiEngine] Using JS Search
[DEBUG] 19:09:58.243 [AiEngine] Adaptive time: 500ms, depth: 4, reason: midgame, opening, tactical, emergency: false
[DEBUG] 19:09:58.243 [AiEngine] Using JS Search
[DEBUG] 19:09:58.245 [AiEngine] Adaptive time: 500ms, depth: 4, reason: midgame, opening, in-check, emergency: false
[DEBUG] 19:09:58.245 [AiEngine] Using JS Search
[DEBUG] 19:09:58.251 [AiEngine] Adaptive time: 500ms, depth: 4, reason: midgame, opening, emergency: false
[DEBUG] 19:09:58.251 [AiEngine] Using JS Search
[DEBUG] 19:09:58.252 [AiEngine] Adaptive time: 500ms, depth: 4, reason: midgame, opening, emergency: false
[DEBUG] 19:09:58.252 [AiEngine] Using JS Search
[DEBUG] 19:09:58.301 [AiEngine] Adaptive time: 500ms, depth: 4, reason: midgame, opening, tactical, emergency: false
[DEBUG] 19:09:58.301 [AiEngine] Using JS Search
[DEBUG] 19:09:58.302 [AiEngine] Adaptive time: 500ms, depth: 4, reason: midgame, opening, emergency: false
[DEBUG] 19:09:58.302 [AiEngine] Using JS Search
[DEBUG] 19:09:58.327 [AiEngine] Adaptive time: 500ms, depth: 4, reason: midgame, opening, tactical, emergency: false
[DEBUG] 19:09:58.327 [AiEngine] Using JS Search
[DEBUG] 19:09:58.328 [AiEngine] Adaptive time: 3000ms, depth: 5, reason: midgame, emergency: false
[DEBUG] 19:09:58.328 [AiEngine] Using JS Search
[DEBUG] 19:09:58.391 [AiEngine] Adaptive time: 3000ms, depth: 5, reason: midgame, emergency: false
[DEBUG] 19:09:58.391 [AiEngine] Using JS Search
[DEBUG] 19:09:58.392 [AiEngine] Adaptive time: 3000ms, depth: 5, reason: midgame, emergency: false
[DEBUG] 19:09:58.392 [AiEngine] Using JS Search
[DEBUG] 19:09:58.488 [AiEngine] Adaptive time: 3000ms, depth: 5, reason: midgame, tactical, emergency: false
[DEBUG] 19:09:58.488 [AiEngine] Using JS Search
[DEBUG] 19:09:58.490 [AiEngine] Adaptive time: 3000ms, depth: 5, reason: midgame, emergency: false
[DEBUG] 19:09:58.490 [AiEngine] Using JS Search
[DEBUG] 19:09:58.613 [AiEngine] Adaptive time: 3000ms, depth: 5, reason: midgame, emergency: false
[DEBUG] 19:09:58.613 [AiEngine] Using JS Search
[DEBUG] 19:09:58.615 [AiEngine] Adaptive time: 3000ms, depth: 5, reason: midgame, emergency: false
[DEBUG] 19:09:58.615 [AiEngine] Using JS Search
[DEBUG] 19:09:58.791 [AiEngine] Adaptive time: 3000ms, depth: 5, reason: midgame, emergency: false
[DEBUG] 19:09:58.791 [AiEngine] Using JS Search
[DEBUG] 19:09:58.792 [AiEngine] Adaptive time: 3000ms, depth: 5, reason: standard, emergency: false
[DEBUG] 19:09:58.792 [AiEngine] Using JS Search
[DEBUG] 19:09:58.913 [AiEngine] Adaptive time: 3000ms, depth: 5, reason: standard, emergency: false
[DEBUG] 19:09:58.913 [AiEngine] Using JS Search
[DEBUG] 19:09:58.921 [AiEngine] Adaptive time: 3000ms, depth: 5, reason: standard, emergency: false
[DEBUG] 19:09:58.921 [AiEngine] Using JS Search
[DEBUG] 19:09:58.936 [AiEngine] Adaptive time: 3000ms, depth: 5, reason: tactical, emergency: false
[DEBUG] 19:09:58.936 [AiEngine] Using JS Search
[DEBUG] 19:09:58.943 [AiEngine] Adaptive time: 3000ms, depth: 5, reason: standard, emergency: false
[DEBUG] 19:09:58.943 [AiEngine] Using JS Search
[DEBUG] 19:09:58.958 [AiEngine] Adaptive time: 3000ms, depth: 5, reason: tactical, emergency: false
[DEBUG] 19:09:58.958 [AiEngine] Using JS Search
[DEBUG] 19:09:58.965 [AiEngine] Adaptive time: 3000ms, depth: 5, reason: standard, emergency: false
[DEBUG] 19:09:58.965 [AiEngine] Using JS Search
[DEBUG] 19:09:58.980 [AiEngine] Adaptive time: 3000ms, depth: 5, reason: tactical, emergency: false
[DEBUG] 19:09:58.980 [AiEngine] Using JS Search
[DEBUG] 19:09:59.276 [AiEngine] Adaptive time: 3000ms, depth: 5, reason: standard, emergency: false
[DEBUG] 19:09:59.276 [AiEngine] Using JS Search
[DEBUG] 19:09:59.295 [AiEngine] Adaptive time: 3000ms, depth: 5, reason: tactical, emergency: false
[DEBUG] 19:09:59.295 [AiEngine] Using JS Search
[DEBUG] 19:09:59.298 [AiEngine] Adaptive time: 3000ms, depth: 5, reason: in-check, emergency: false
[DEBUG] 19:09:59.298 [AiEngine] Using JS Search
[DEBUG] 19:09:59.307 [AiEngine] Adaptive time: 3000ms, depth: 5, reason: tactical, emergency: false
[DEBUG] 19:09:59.307 [AiEngine] Using JS Search
[DEBUG] 19:09:59.315 [AiEngine] Adaptive time: 3000ms, depth: 5, reason: standard, emergency: false
[DEBUG] 19:09:59.315 [AiEngine] Using JS Search
[DEBUG] 19:09:59.327 [AiEngine] Adaptive time: 3000ms, depth: 5, reason: tactical, emergency: false
[DEBUG] 19:09:59.327 [AiEngine] Using JS Search
[DEBUG] 19:09:59.333 [AiEngine] Adaptive time: 3000ms, depth: 5, reason: standard, emergency: false
[DEBUG] 19:09:59.333 [AiEngine] Using JS Search
[DEBUG] 19:09:59.342 [AiEngine] Adaptive time: 3000ms, depth: 5, reason: tactical, emergency: false
[DEBUG] 19:09:59.342 [AiEngine] Using JS Search
[DEBUG] 19:09:59.506 [AiEngine] Adaptive time: 3000ms, depth: 5, reason: in-check, emergency: false
[DEBUG] 19:09:59.506 [AiEngine] Using JS Search
[DEBUG] 19:09:59.514 [AiEngine] Adaptive time: 3000ms, depth: 5, reason: tactical, emergency: false
[DEBUG] 19:09:59.514 [AiEngine] Using JS Search
[DEBUG] 19:09:59.537 [AiEngine] Adaptive time: 3000ms, depth: 5, reason: standard, emergency: false
[DEBUG] 19:09:59.537 [AiEngine] Using JS Search
[DEBUG] 19:09:59.550 [AiEngine] Adaptive time: 3000ms, depth: 5, reason: tactical, emergency: false
[DEBUG] 19:09:59.550 [AiEngine] Using JS Search
[DEBUG] 19:09:59.672 [AiEngine] Adaptive time: 3000ms, depth: 5, reason: in-check, emergency: false
[DEBUG] 19:09:59.672 [AiEngine] Using JS Search
[DEBUG] 19:09:59.683 [AiEngine] Adaptive time: 3000ms, depth: 5, reason: tactical, emergency: false
[DEBUG] 19:09:59.683 [AiEngine] Using JS Search
[DEBUG] 19:09:59.685 [AiEngine] Adaptive time: 3000ms, depth: 5, reason: endgame, emergency: false
[DEBUG] 19:09:59.685 [AiEngine] Using JS Search
[DEBUG] 19:09:59.692 [AiEngine] Adaptive time: 3000ms, depth: 5, reason: endgame, tactical, emergency: false
[DEBUG] 19:09:59.692 [AiEngine] Using JS Search
[DEBUG] 19:09:59.695 [AiEngine] Adaptive time: 3000ms, depth: 5, reason: endgame, emergency: false
[DEBUG] 19:09:59.695 [AiEngine] Using JS Search
[DEBUG] 19:09:59.701 [AiEngine] Adaptive time: 3000ms, depth: 5, reason: endgame, tactical, emergency: false
[DEBUG] 19:09:59.701 [AiEngine] Using JS Search
[DEBUG] 19:09:59.707 [AiEngine] Adaptive time: 3000ms, depth: 5, reason: endgame, emergency: false
[DEBUG] 19:09:59.707 [AiEngine] Using JS Search
[DEBUG] 19:09:59.717 [AiEngine] Adaptive time: 3000ms, depth: 5, reason: endgame, tactical, emergency: false
[DEBUG] 19:09:59.717 [AiEngine] Using JS Search
[DEBUG] 19:09:59.960 [AiEngine] Adaptive time: 3000ms, depth: 5, reason: endgame, emergency: false
[DEBUG] 19:09:59.960 [AiEngine] Using JS Search
[DEBUG] 19:09:59.969 [AiEngine] Adaptive time: 3000ms, depth: 5, reason: endgame, tactical, emergency: false
[DEBUG] 19:09:59.969 [AiEngine] Using JS Search
[DEBUG] 19:09:59.972 [AiEngine] Adaptive time: 3000ms, depth: 5, reason: endgame, emergency: false
[DEBUG] 19:09:59.972 [AiEngine] Using JS Search
[DEBUG] 19:09:59.978 [AiEngine] Adaptive time: 3000ms, depth: 5, reason: endgame, tactical, emergency: false
[DEBUG] 19:09:59.978 [AiEngine] Using JS Search
[DEBUG] 19:09:59.981 [AiEngine] Adaptive time: 3000ms, depth: 5, reason: endgame, emergency: false
[DEBUG] 19:09:59.981 [AiEngine] Using JS Search
[DEBUG] 19:09:59.987 [AiEngine] Adaptive time: 3000ms, depth: 5, reason: endgame, tactical, emergency: false
[DEBUG] 19:09:59.987 [AiEngine] Using JS Search
[DEBUG] 19:09:59.991 [AiEngine] Adaptive time: 3000ms, depth: 5, reason: endgame, emergency: false
[DEBUG] 19:09:59.992 [AiEngine] Using JS Search
[DEBUG] 19:09:59.999 [AiEngine] Adaptive time: 3000ms, depth: 5, reason: endgame, tactical, emergency: false
[DEBUG] 19:09:59.999 [AiEngine] Using JS Search
[DEBUG] 19:10:00.003 [AiEngine] Adaptive time: 3000ms, depth: 5, reason: endgame, emergency: false
[DEBUG] 19:10:00.003 [AiEngine] Using JS Search
[DEBUG] 19:10:00.009 [AiEngine] Adaptive time: 3000ms, depth: 5, reason: endgame, tactical, emergency: false
[DEBUG] 19:10:00.009 [AiEngine] Using JS Search
[DEBUG] 19:10:00.012 [AiEngine] Adaptive time: 3000ms, depth: 5, reason: endgame, emergency: false
[DEBUG] 19:10:00.012 [AiEngine] Using JS Search
[DEBUG] 19:10:00.017 [AiEngine] Adaptive time: 3000ms, depth: 5, reason: endgame, tactical, emergency: false
[DEBUG] 19:10:00.017 [AiEngine] Using JS Search
[DEBUG] 19:10:00.021 [AiEngine] Adaptive time: 3000ms, depth: 5, reason: endgame, emergency: false
[DEBUG] 19:10:00.021 [AiEngine] Using JS Search
[DEBUG] 19:10:00.028 [AiEngine] Adaptive time: 3000ms, depth: 5, reason: endgame, tactical, emergency: false
[DEBUG] 19:10:00.028 [AiEngine] Using JS Search
[DEBUG] 19:10:00.030 [AiEngine] Adaptive time: 3000ms, depth: 5, reason: endgame, emergency: false
[DEBUG] 19:10:00.030 [AiEngine] Using JS Search
[DEBUG] 19:10:00.035 [AiEngine] Adaptive time: 3000ms, depth: 5, reason: endgame, tactical, emergency: false
[DEBUG] 19:10:00.035 [AiEngine] Using JS Search
[DEBUG] 19:10:00.038 [AiEngine] Adaptive time: 3000ms, depth: 5, reason: endgame, emergency: false
[DEBUG] 19:10:00.038 [AiEngine] Using JS Search
[DEBUG] 19:10:00.043 [AiEngine] Adaptive time: 3000ms, depth: 5, reason: endgame, tactical, emergency: false
[DEBUG] 19:10:00.043 [AiEngine] Using JS Search
[DEBUG] 19:10:00.046 [AiEngine] Adaptive time: 3000ms, depth: 5, reason: endgame, emergency: false
[DEBUG] 19:10:00.046 [AiEngine] Using JS Search
[DEBUG] 19:10:00.053 [AiEngine] Adaptive time: 3000ms, depth: 5, reason: endgame, tactical, emergency: false
[DEBUG] 19:10:00.053 [AiEngine] Using JS Search
[DEBUG] 19:10:00.055 [AiEngine] Adaptive time: 3000ms, depth: 5, reason: endgame, emergency: false
[DEBUG] 19:10:00.055 [AiEngine] Using JS Search
[DEBUG] 19:10:00.059 [AiEngine] Adaptive time: 3000ms, depth: 5, reason: endgame, tactical, emergency: false
[DEBUG] 19:10:00.059 [AiEngine] Using JS Search
[DEBUG] 19:10:00.221 [AiEngine] Adaptive time: 3000ms, depth: 5, reason: endgame, emergency: false
[DEBUG] 19:10:00.221 [AiEngine] Using JS Search
[DEBUG] 19:10:00.226 [AiEngine] Adaptive time: 3000ms, depth: 5, reason: endgame, tactical, emergency: false
[DEBUG] 19:10:00.226 [AiEngine] Using JS Search
[DEBUG] 19:10:00.232 [AiEngine] Adaptive time: 500ms, depth: 4, reason: midgame, opening, emergency: false
[DEBUG] 19:10:00.233 [AiEngine] Using JS Search
[DEBUG] 19:10:00.319 [AiEngine] Adaptive time: 500ms, depth: 4, reason: midgame, opening, emergency: false
[DEBUG] 19:10:00.319 [AiEngine] Using JS Search
[DEBUG] 19:10:00.461 [AiEngine] Adaptive time: 500ms, depth: 4, reason: midgame, opening, emergency: false
[DEBUG] 19:10:00.461 [AiEngine] Using JS Search
[DEBUG] 19:10:00.594 [AiEngine] Adaptive time: 500ms, depth: 4, reason: midgame, opening, emergency: false
[DEBUG] 19:10:00.594 [AiEngine] Using JS Search
[DEBUG] 19:10:00.941 [AiEngine] Adaptive time: 500ms, depth: 4, reason: midgame, opening, emergency: false
[DEBUG] 19:10:00.941 [AiEngine] Using JS Search
[DEBUG] 19:10:01.119 [AiEngine] Adaptive time: 500ms, depth: 4, reason: midgame, opening, emergency: false
[DEBUG] 19:10:01.119 [AiEngine] Using JS Search
[DEBUG] 19:10:01.382 [AiEngine] Adaptive time: 500ms, depth: 4, reason: midgame, opening, emergency: false
[DEBUG] 19:10:01.382 [AiEngine] Using JS Search
[DEBUG] 19:10:01.495 [AiEngine] Adaptive time: 500ms, depth: 4, reason: midgame, opening, emergency: false
[DEBUG] 19:10:01.495 [AiEngine] Using JS Search
[DEBUG] 19:10:01.609 [AiEngine] Adaptive time: 500ms, depth: 4, reason: midgame, opening, emergency: false
[DEBUG] 19:10:01.609 [AiEngine] Using JS Search
[DEBUG] 19:10:01.665 [AiEngine] Adaptive time: 500ms, depth: 4, reason: midgame, opening, tactical, emergency: false
[DEBUG] 19:10:01.666 [AiEngine] Using JS Search
[DEBUG] 19:10:01.736 [AiEngine] Adaptive time: 500ms, depth: 4, reason: midgame, opening, tactical, emergency: false
[DEBUG] 19:10:01.736 [AiEngine] Using JS Search
[DEBUG] 19:10:01.986 [AiEngine] Adaptive time: 500ms, depth: 4, reason: midgame, opening, emergency: false
[DEBUG] 19:10:01.986 [AiEngine] Using JS Search
[DEBUG] 19:10:02.025 [AiEngine] Adaptive time: 500ms, depth: 4, reason: midgame, opening, tactical, emergency: false
[DEBUG] 19:10:02.025 [AiEngine] Using JS Search
[DEBUG] 19:10:02.110 [AiEngine] Adaptive time: 500ms, depth: 4, reason: midgame, opening, emergency: false
[DEBUG] 19:10:02.110 [AiEngine] Using JS Search
[DEBUG] 19:10:02.168 [AiEngine] Adaptive time: 500ms, depth: 4, reason: midgame, opening, tactical, emergency: false
[DEBUG] 19:10:02.168 [AiEngine] Using JS Search
[DEBUG] 19:10:02.233 [AiEngine] Adaptive time: 500ms, depth: 4, reason: midgame, opening, emergency: false
[DEBUG] 19:10:02.234 [AiEngine] Using JS Search
[DEBUG] 19:10:02.265 [AiEngine] Adaptive time: 500ms, depth: 4, reason: midgame, opening, tactical, emergency: false
[DEBUG] 19:10:02.265 [AiEngine] Using JS Search
[DEBUG] 19:10:02.345 [AiEngine] Adaptive time: 500ms, depth: 4, reason: midgame, opening, emergency: false
[DEBUG] 19:10:02.345 [AiEngine] Using JS Search
[DEBUG] 19:10:02.380 [AiEngine] Adaptive time: 500ms, depth: 4, reason: midgame, opening, tactical, emergency: false
[DEBUG] 19:10:02.380 [AiEngine] Using JS Search
[DEBUG] 19:10:02.402 [AiEngine] Adaptive time: 500ms, depth: 4, reason: midgame, opening, in-check, emergency: false
[DEBUG] 19:10:02.402 [AiEngine] Using JS Search
[DEBUG] 19:10:02.408 [AiEngine] Adaptive time: 500ms, depth: 4, reason: midgame, opening, tactical, emergency: false
[DEBUG] 19:10:02.408 [AiEngine] Using JS Search
[DEBUG] 19:10:02.620 [AiEngine] Adaptive time: 500ms, depth: 4, reason: midgame, opening, emergency: false
[DEBUG] 19:10:02.620 [AiEngine] Using JS Search
[DEBUG] 19:10:02.642 [AiEngine] Adaptive time: 500ms, depth: 4, reason: midgame, opening, tactical, emergency: false
[DEBUG] 19:10:02.643 [AiEngine] Using JS Search
[DEBUG] 19:10:02.918 [AiEngine] Adaptive time: 500ms, depth: 4, reason: midgame, opening, emergency: false
[DEBUG] 19:10:02.918 [AiEngine] Using JS Search
[DEBUG] 19:10:02.937 [AiEngine] Adaptive time: 500ms, depth: 4, reason: midgame, opening, tactical, emergency: false
[DEBUG] 19:10:02.937 [AiEngine] Using JS Search
[DEBUG] 19:10:03.061 [AiEngine] Adaptive time: 500ms, depth: 4, reason: midgame, opening, emergency: false
[DEBUG] 19:10:03.061 [AiEngine] Using JS Search
[DEBUG] 19:10:03.077 [AiEngine] Adaptive time: 500ms, depth: 4, reason: midgame, opening, tactical, emergency: false
[DEBUG] 19:10:03.077 [AiEngine] Using JS Search
[DEBUG] 19:10:03.078 [AiEngine] Adaptive time: 500ms, depth: 4, reason: midgame, opening, emergency: false
[DEBUG] 19:10:03.078 [AiEngine] Using JS Search
[DEBUG] 19:10:03.122 [AiEngine] Adaptive time: 500ms, depth: 4, reason: midgame, opening, emergency: false
[DEBUG] 19:10:03.122 [AiEngine] Using JS Search
[DEBUG] 19:10:03.123 [AiEngine] Adaptive time: 500ms, depth: 4, reason: midgame, opening, emergency: false
[DEBUG] 19:10:03.123 [AiEngine] Using JS Search
[DEBUG] 19:10:03.206 [AiEngine] Adaptive time: 500ms, depth: 4, reason: midgame, opening, emergency: false
[DEBUG] 19:10:03.206 [AiEngine] Using JS Search
[DEBUG] 19:10:03.207 [AiEngine] Adaptive time: 500ms, depth: 4, reason: midgame, opening, emergency: false
[DEBUG] 19:10:03.207 [AiEngine] Using JS Search
[DEBUG] 19:10:03.264 [AiEngine] Adaptive time: 500ms, depth: 4, reason: midgame, opening, emergency: false
[DEBUG] 19:10:03.264 [AiEngine] Using JS Search
[DEBUG] 19:10:03.265 [AiEngine] Adaptive time: 500ms, depth: 4, reason: midgame, opening, emergency: false
[DEBUG] 19:10:03.265 [AiEngine] Using JS Search
[DEBUG] 19:10:03.407 [AiEngine] Adaptive time: 500ms, depth: 4, reason: midgame, opening, emergency: false
[DEBUG] 19:10:03.407 [AiEngine] Using JS Search
[DEBUG] 19:10:03.408 [AiEngine] Adaptive time: 500ms, depth: 4, reason: midgame, opening, emergency: false
[DEBUG] 19:10:03.408 [AiEngine] Using JS Search
[DEBUG] 19:10:03.490 [AiEngine] Adaptive time: 500ms, depth: 4, reason: midgame, opening, emergency: false
[DEBUG] 19:10:03.490 [AiEngine] Using JS Search
[DEBUG] 19:10:03.491 [AiEngine] Adaptive time: 500ms, depth: 4, reason: midgame, opening, emergency: false
[DEBUG] 19:10:03.491 [AiEngine] Using JS Search
[DEBUG] 19:10:03.632 [AiEngine] Adaptive time: 500ms, depth: 4, reason: midgame, opening, in-check, emergency: false
[DEBUG] 19:10:03.632 [AiEngine] Using JS Search
[DEBUG] 19:10:03.633 [AiEngine] Adaptive time: 500ms, depth: 4, reason: midgame, opening, emergency: false
[DEBUG] 19:10:03.633 [AiEngine] Using JS Search
[DEBUG] 19:10:03.665 [AiEngine] Adaptive time: 3000ms, depth: 5, reason: midgame, in-check, emergency: false
[DEBUG] 19:10:03.665 [AiEngine] Using JS Search
[DEBUG] 19:10:03.723 [AiEngine] Adaptive time: 3000ms, depth: 5, reason: midgame, emergency: false
[DEBUG] 19:10:03.723 [AiEngine] Using JS Search
[DEBUG] 19:10:03.755 [AiEngine] Adaptive time: 3000ms, depth: 5, reason: midgame, emergency: false
[DEBUG] 19:10:03.755 [AiEngine] Using JS Search
[DEBUG] 19:10:04.112 [AiEngine] Adaptive time: 3000ms, depth: 5, reason: midgame, emergency: false
[DEBUG] 19:10:04.112 [AiEngine] Using JS Search
[DEBUG] 19:10:04.145 [AiEngine] Adaptive time: 3000ms, depth: 5, reason: midgame, emergency: false
[DEBUG] 19:10:04.145 [AiEngine] Using JS Search
[DEBUG] 19:10:04.540 [AiEngine] Adaptive time: 3000ms, depth: 5, reason: midgame, emergency: false
[DEBUG] 19:10:04.540 [AiEngine] Using JS Search
[DEBUG] 19:10:04.574 [AiEngine] Adaptive time: 3000ms, depth: 5, reason: midgame, emergency: false
[DEBUG] 19:10:04.574 [AiEngine] Using JS Search
[DEBUG] 19:10:05.034 [AiEngine] Adaptive time: 3000ms, depth: 5, reason: midgame, emergency: false
[DEBUG] 19:10:05.034 [AiEngine] Using JS Search
[DEBUG] 19:10:05.075 [AiEngine] Adaptive time: 3000ms, depth: 5, reason: midgame, emergency: false
[DEBUG] 19:10:05.075 [AiEngine] Using JS Search
[DEBUG] 19:10:05.523 [AiEngine] Adaptive time: 3000ms, depth: 5, reason: midgame, emergency: false
[DEBUG] 19:10:05.523 [AiEngine] Using JS Search
[DEBUG] 19:10:05.561 [AiEngine] Adaptive time: 3000ms, depth: 5, reason: midgame, tactical, emergency: false
[DEBUG] 19:10:05.561 [AiEngine] Using JS Search
[DEBUG] 19:10:06.175 [AiEngine] Adaptive time: 3000ms, depth: 5, reason: midgame, emergency: false
[DEBUG] 19:10:06.175 [AiEngine] Using JS Search
[DEBUG] 19:10:06.209 [AiEngine] Adaptive time: 3000ms, depth: 5, reason: midgame, tactical, emergency: false
[DEBUG] 19:10:06.209 [AiEngine] Using JS Search
[DEBUG] 19:10:06.568 [AiEngine] Adaptive time: 3000ms, depth: 5, reason: midgame, emergency: false
[DEBUG] 19:10:06.568 [AiEngine] Using JS Search
[DEBUG] 19:10:06.604 [AiEngine] Adaptive time: 3000ms, depth: 5, reason: midgame, tactical, emergency: false
[DEBUG] 19:10:06.605 [AiEngine] Using JS Search
[DEBUG] 19:10:06.937 [AiEngine] Adaptive time: 3000ms, depth: 5, reason: midgame, emergency: false
[DEBUG] 19:10:06.937 [AiEngine] Using JS Search
[DEBUG] 19:10:06.959 [AiEngine] Adaptive time: 3000ms, depth: 5, reason: midgame, tactical, emergency: false
[DEBUG] 19:10:06.959 [AiEngine] Using JS Search
[DEBUG] 19:10:07.210 [AiEngine] Adaptive time: 3000ms, depth: 5, reason: midgame, in-check, emergency: false
[DEBUG] 19:10:07.210 [AiEngine] Using JS Search
[DEBUG] 19:10:07.237 [AiEngine] Adaptive time: 3000ms, depth: 5, reason: midgame, tactical, emergency: false
[DEBUG] 19:10:07.238 [AiEngine] Using JS Search
[DEBUG] 19:10:07.248 [AiEngine] Adaptive time: 3000ms, depth: 5, reason: midgame, emergency: false
[DEBUG] 19:10:07.248 [AiEngine] Using JS Search
[DEBUG] 19:10:07.276 [AiEngine] Adaptive time: 3000ms, depth: 5, reason: midgame, tactical, emergency: false
[DEBUG] 19:10:07.276 [AiEngine] Using JS Search
[DEBUG] 19:10:07.569 [AiEngine] Adaptive time: 3000ms, depth: 5, reason: midgame, in-check, emergency: false
[DEBUG] 19:10:07.569 [AiEngine] Using JS Search
[DEBUG] 19:10:07.584 [AiEngine] Adaptive time: 3000ms, depth: 5, reason: midgame, tactical, emergency: false
[DEBUG] 19:10:07.584 [AiEngine] Using JS Search
[DEBUG] 19:10:07.712 [AiEngine] Adaptive time: 3000ms, depth: 5, reason: midgame, emergency: false
[DEBUG] 19:10:07.712 [AiEngine] Using JS Search
[DEBUG] 19:10:07.727 [AiEngine] Adaptive time: 3000ms, depth: 5, reason: midgame, tactical, emergency: false
[DEBUG] 19:10:07.727 [AiEngine] Using JS Search
[DEBUG] 19:10:07.842 [AiEngine] Adaptive time: 3000ms, depth: 5, reason: midgame, emergency: false
[DEBUG] 19:10:07.842 [AiEngine] Using JS Search
[DEBUG] 19:10:07.857 [AiEngine] Adaptive time: 3000ms, depth: 5, reason: midgame, tactical, emergency: false
[DEBUG] 19:10:07.857 [AiEngine] Using JS Search
[DEBUG] 19:10:07.933 [AiEngine] Adaptive time: 3000ms, depth: 5, reason: midgame, emergency: false
[DEBUG] 19:10:07.933 [AiEngine] Using JS Search
[DEBUG] 19:10:07.945 [AiEngine] Adaptive time: 3000ms, depth: 5, reason: midgame, tactical, emergency: false
[DEBUG] 19:10:07.945 [AiEngine] Using JS Search
[DEBUG] 19:10:07.968 [AiEngine] Adaptive time: 3000ms, depth: 5, reason: standard, emergency: false
[DEBUG] 19:10:07.968 [AiEngine] Using JS Search
[DEBUG] 19:10:07.979 [AiEngine] Adaptive time: 3000ms, depth: 5, reason: tactical, emergency: false
[DEBUG] 19:10:07.979 [AiEngine] Using JS Search
[DEBUG] 19:10:07.988 [AiEngine] Adaptive time: 3000ms, depth: 5, reason: standard, emergency: false
[DEBUG] 19:10:07.989 [AiEngine] Using JS Search
[DEBUG] 19:10:08.000 [AiEngine] Adaptive time: 3000ms, depth: 5, reason: tactical, emergency: false
[DEBUG] 19:10:08.000 [AiEngine] Using JS Search
[DEBUG] 19:10:08.022 [AiEngine] Adaptive time: 3000ms, depth: 5, reason: standard, emergency: false
[DEBUG] 19:10:08.022 [AiEngine] Using JS Search
[DEBUG] 19:10:08.034 [AiEngine] Adaptive time: 3000ms, depth: 5, reason: tactical, emergency: false
[DEBUG] 19:10:08.034 [AiEngine] Using JS Search
[DEBUG] 19:10:08.041 [AiEngine] Adaptive time: 3000ms, depth: 5, reason: standard, emergency: false
[DEBUG] 19:10:08.041 [AiEngine] Using JS Search
[DEBUG] 19:10:08.051 [AiEngine] Adaptive time: 3000ms, depth: 5, reason: tactical, emergency: false
[DEBUG] 19:10:08.051 [AiEngine] Using JS Search
[DEBUG] 19:10:08.067 [AiEngine] Adaptive time: 3000ms, depth: 5, reason: standard, emergency: false
[DEBUG] 19:10:08.067 [AiEngine] Using JS Search
[DEBUG] 19:10:08.076 [AiEngine] Adaptive time: 3000ms, depth: 5, reason: tactical, emergency: false
[DEBUG] 19:10:08.076 [AiEngine] Using JS Search
[DEBUG] 19:10:08.146 [AiEngine] Adaptive time: 3000ms, depth: 5, reason: standard, emergency: false
[DEBUG] 19:10:08.146 [AiEngine] Using JS Search
[DEBUG] 19:10:08.155 [AiEngine] Adaptive time: 3000ms, depth: 5, reason: tactical, emergency: false
[DEBUG] 19:10:08.155 [AiEngine] Using JS Search
[DEBUG] 19:10:08.185 [AiEngine] Adaptive time: 3000ms, depth: 5, reason: standard, emergency: false
[DEBUG] 19:10:08.185 [AiEngine] Using JS Search
[DEBUG] 19:10:08.194 [AiEngine] Adaptive time: 3000ms, depth: 5, reason: tactical, emergency: false
[DEBUG] 19:10:08.194 [AiEngine] Using JS Search
[DEBUG] 19:10:08.210 [AiEngine] Adaptive time: 3000ms, depth: 5, reason: standard, emergency: false
[DEBUG] 19:10:08.210 [AiEngine] Using JS Search
[DEBUG] 19:10:08.223 [AiEngine] Adaptive time: 3000ms, depth: 5, reason: tactical, emergency: false
[DEBUG] 19:10:08.223 [AiEngine] Using JS Search
[DEBUG] 19:10:08.241 [AiEngine] Adaptive time: 3000ms, depth: 5, reason: standard, emergency: false
[DEBUG] 19:10:08.241 [AiEngine] Using JS Search
[DEBUG] 19:10:08.260 [AiEngine] Adaptive time: 3000ms, depth: 5, reason: tactical, emergency: false
[DEBUG] 19:10:08.260 [AiEngine] Using JS Search
[DEBUG] 19:10:08.264 [AiEngine] Adaptive time: 3000ms, depth: 5, reason: standard, emergency: false
[DEBUG] 19:10:08.264 [AiEngine] Using JS Search
[DEBUG] 19:10:08.276 [AiEngine] Adaptive time: 3000ms, depth: 5, reason: tactical, emergency: false
[DEBUG] 19:10:08.276 [AiEngine] Using JS Search
[DEBUG] 19:10:08.283 [AiEngine] Adaptive time: 3000ms, depth: 5, reason: standard, emergency: false
[DEBUG] 19:10:08.283 [AiEngine] Using JS Search
[DEBUG] 19:10:08.296 [AiEngine] Adaptive time: 3000ms, depth: 5, reason: tactical, emergency: false
[DEBUG] 19:10:08.296 [AiEngine] Using JS Search
[DEBUG] 19:10:08.300 [AiEngine] Adaptive time: 3000ms, depth: 5, reason: standard, emergency: false
[DEBUG] 19:10:08.300 [AiEngine] Using JS Search
[DEBUG] 19:10:08.305 [AiEngine] Adaptive time: 3000ms, depth: 5, reason: standard, emergency: false
[DEBUG] 19:10:08.305 [AiEngine] Using JS Search
[DEBUG] 19:10:08.346 [AiEngine] Adaptive time: 3000ms, depth: 5, reason: standard, emergency: false
[DEBUG] 19:10:08.346 [AiEngine] Using JS Search
[DEBUG] 19:10:08.352 [AiEngine] Adaptive time: 3000ms, depth: 5, reason: standard, emergency: false
[DEBUG] 19:10:08.352 [AiEngine] Using JS Search
[DEBUG] 19:10:08.401 [AiEngine] Adaptive time: 3000ms, depth: 5, reason: standard, emergency: false
[DEBUG] 19:10:08.401 [AiEngine] Using JS Search
[DEBUG] 19:10:08.408 [AiEngine] Adaptive time: 3000ms, depth: 5, reason: standard, emergency: false
[DEBUG] 19:10:08.409 [AiEngine] Using JS Search
[DEBUG] 19:10:08.414 [AiEngine] Adaptive time: 3000ms, depth: 5, reason: endgame, emergency: false
[DEBUG] 19:10:08.414 [AiEngine] Using JS Search
[DEBUG] 19:10:08.419 [AiEngine] Adaptive time: 3000ms, depth: 5, reason: endgame, emergency: false
[DEBUG] 19:10:08.419 [AiEngine] Using JS Search
[DEBUG] 19:10:08.423 [AiEngine] Adaptive time: 3000ms, depth: 5, reason: endgame, emergency: false
[DEBUG] 19:10:08.423 [AiEngine] Using JS Search
[DEBUG] 19:10:08.519 [AiEngine] Adaptive time: 500ms, depth: 4, reason: midgame, opening, emergency: false
[DEBUG] 19:10:08.519 [AiEngine] Using JS Search
[DEBUG] 19:10:08.605 [AiEngine] Adaptive time: 500ms, depth: 4, reason: midgame, opening, emergency: false
[DEBUG] 19:10:08.605 [AiEngine] Using JS Search
[DEBUG] 19:10:08.904 [AiEngine] Adaptive time: 500ms, depth: 4, reason: midgame, opening, emergency: false
[DEBUG] 19:10:08.904 [AiEngine] Using JS Search
[DEBUG] 19:10:09.098 [AiEngine] Adaptive time: 500ms, depth: 4, reason: midgame, opening, emergency: false
[DEBUG] 19:10:09.098 [AiEngine] Using JS Search
[DEBUG] 19:10:09.337 [AiEngine] Adaptive time: 500ms, depth: 4, reason: midgame, opening, emergency: false
[DEBUG] 19:10:09.337 [AiEngine] Using JS Search
[DEBUG] 19:10:09.418 [AiEngine] Adaptive time: 500ms, depth: 4, reason: midgame, opening, emergency: false
[DEBUG] 19:10:09.418 [AiEngine] Using JS Search
[DEBUG] 19:10:09.562 [AiEngine] Adaptive time: 500ms, depth: 4, reason: midgame, opening, emergency: false
[DEBUG] 19:10:09.562 [AiEngine] Using JS Search
[DEBUG] 19:10:09.878 [AiEngine] Adaptive time: 500ms, depth: 4, reason: midgame, opening, tactical, emergency: false
[DEBUG] 19:10:09.878 [AiEngine] Using JS Search
[DEBUG] 19:10:09.998 [AiEngine] Adaptive time: 500ms, depth: 4, reason: midgame, opening, emergency: false
[DEBUG] 19:10:09.998 [AiEngine] Using JS Search
[DEBUG] 19:10:10.108 [AiEngine] Adaptive time: 500ms, depth: 4, reason: midgame, opening, tactical, emergency: false
[DEBUG] 19:10:10.108 [AiEngine] Using JS Search
[DEBUG] 19:10:10.329 [AiEngine] Adaptive time: 500ms, depth: 4, reason: midgame, opening, emergency: false
[DEBUG] 19:10:10.329 [AiEngine] Using JS Search
[DEBUG] 19:10:10.332 [AiEngine] Adaptive time: 500ms, depth: 4, reason: midgame, opening, tactical, emergency: false
[DEBUG] 19:10:10.332 [AiEngine] Using JS Search
[DEBUG] 19:10:10.332 [AiEngine] Adaptive time: 500ms, depth: 4, reason: midgame, opening, in-check, emergency: false
[DEBUG] 19:10:10.332 [AiEngine] Using JS Search
[DEBUG] 19:10:10.332 [AiEngine] Adaptive time: 500ms, depth: 4, reason: midgame, opening, emergency: false
[DEBUG] 19:10:10.332 [AiEngine] Using JS Search
[DEBUG] 19:10:10.364 [AiEngine] Adaptive time: 500ms, depth: 4, reason: midgame, opening, emergency: false
[DEBUG] 19:10:10.364 [AiEngine] Using JS Search
[DEBUG] 19:10:10.521 [AiEngine] Adaptive time: 500ms, depth: 4, reason: midgame, opening, emergency: false
[DEBUG] 19:10:10.521 [AiEngine] Using JS Search
[DEBUG] 19:10:10.998 [AiEngine] Adaptive time: 500ms, depth: 4, reason: midgame, opening, emergency: false
[DEBUG] 19:10:10.998 [AiEngine] Using JS Search
[DEBUG] 19:10:11.294 [AiEngine] Adaptive time: 500ms, depth: 4, reason: midgame, opening, tactical, emergency: false
[DEBUG] 19:10:11.294 [AiEngine] Using JS Search
[DEBUG] 19:10:11.421 [AiEngine] Adaptive time: 500ms, depth: 4, reason: midgame, opening, emergency: false
[DEBUG] 19:10:11.421 [AiEngine] Using JS Search
[DEBUG] 19:10:11.634 [AiEngine] Adaptive time: 500ms, depth: 4, reason: midgame, opening, emergency: false
[DEBUG] 19:10:11.634 [AiEngine] Using JS Search
[DEBUG] 19:10:11.701 [AiEngine] Adaptive time: 500ms, depth: 4, reason: midgame, opening, emergency: false
[DEBUG] 19:10:11.701 [AiEngine] Using JS Search
[DEBUG] 19:10:11.991 [AiEngine] Adaptive time: 500ms, depth: 4, reason: midgame, opening, emergency: false
[DEBUG] 19:10:11.991 [AiEngine] Using JS Search
[DEBUG] 19:10:12.050 [AiEngine] Adaptive time: 500ms, depth: 4, reason: midgame, opening, emergency: false
[DEBUG] 19:10:12.051 [AiEngine] Using JS Search
[DEBUG] 19:10:12.144 [AiEngine] Adaptive time: 500ms, depth: 4, reason: midgame, opening, emergency: false
[DEBUG] 19:10:12.145 [AiEngine] Using JS Search
[DEBUG] 19:10:12.382 [AiEngine] Adaptive time: 500ms, depth: 4, reason: midgame, opening, emergency: false
[DEBUG] 19:10:12.382 [AiEngine] Using JS Search
[DEBUG] 19:10:12.825 [AiEngine] Adaptive time: 500ms, depth: 4, reason: midgame, opening, tactical, emergency: false
[DEBUG] 19:10:12.825 [AiEngine] Using JS Search
[DEBUG] 19:10:13.101 [AiEngine] Adaptive time: 500ms, depth: 4, reason: midgame, opening, emergency: false
[DEBUG] 19:10:13.101 [AiEngine] Using JS Search
[DEBUG] 19:10:13.183 [AiEngine] Adaptive time: 500ms, depth: 4, reason: midgame, opening, tactical, emergency: false
[DEBUG] 19:10:13.183 [AiEngine] Using JS Search
[DEBUG] 19:10:13.398 [AiEngine] Adaptive time: 500ms, depth: 4, reason: midgame, opening, emergency: false
[DEBUG] 19:10:13.398 [AiEngine] Using JS Search
[DEBUG] 19:10:13.545 [AiEngine] Adaptive time: 500ms, depth: 4, reason: midgame, opening, tactical, emergency: false
[DEBUG] 19:10:13.546 [AiEngine] Using JS Search
[DEBUG] 19:10:14.066 [AiEngine] Adaptive time: 500ms, depth: 4, reason: midgame, opening, emergency: false
[DEBUG] 19:10:14.067 [AiEngine] Using JS Search
[DEBUG] 19:10:14.189 [AiEngine] Adaptive time: 500ms, depth: 4, reason: midgame, opening, tactical, emergency: false
[DEBUG] 19:10:14.190 [AiEngine] Using JS Search
[DEBUG] 19:10:14.436 [AiEngine] Adaptive time: 500ms, depth: 4, reason: midgame, opening, tactical, emergency: false
[DEBUG] 19:10:14.436 [AiEngine] Using JS Search
[DEBUG] 19:10:14.515 [AiEngine] Adaptive time: 500ms, depth: 4, reason: midgame, opening, emergency: false
[DEBUG] 19:10:14.515 [AiEngine] Using JS Search
[DEBUG] 19:10:14.906 [AiEngine] Adaptive time: 500ms, depth: 4, reason: midgame, opening, tactical, emergency: false
[DEBUG] 19:10:14.906 [AiEngine] Using JS Search
[DEBUG] 19:10:14.999 [AiEngine] Adaptive time: 500ms, depth: 4, reason: midgame, opening, emergency: false
[DEBUG] 19:10:14.999 [AiEngine] Using JS Search
[DEBUG] 19:10:15.167 [AiEngine] Adaptive time: 500ms, depth: 4, reason: midgame, opening, tactical, emergency: false
[DEBUG] 19:10:15.167 [AiEngine] Using JS Search
[DEBUG] 19:10:15.232 [AiEngine] Adaptive time: 500ms, depth: 4, reason: midgame, opening, in-check, tactical, emergency: false
[DEBUG] 19:10:15.232 [AiEngine] Using JS Search
[DEBUG] 19:10:15.494 [AiEngine] Adaptive time: 500ms, depth: 4, reason: midgame, opening, emergency: false
[DEBUG] 19:10:15.494 [AiEngine] Using JS Search
[DEBUG] 19:10:15.533 [AiEngine] Adaptive time: 500ms, depth: 4, reason: midgame, opening, tactical, emergency: false
[DEBUG] 19:10:15.533 [AiEngine] Using JS Search
[DEBUG] 19:10:15.817 [AiEngine] Adaptive time: 500ms, depth: 4, reason: midgame, opening, emergency: false
[DEBUG] 19:10:15.817 [AiEngine] Using JS Search
[DEBUG] 19:10:15.842 [AiEngine] Adaptive time: 500ms, depth: 4, reason: midgame, opening, tactical, emergency: false
[DEBUG] 19:10:15.842 [AiEngine] Using JS Search
[DEBUG] 19:10:16.084 [AiEngine] Adaptive time: 500ms, depth: 4, reason: midgame, opening, emergency: false
[DEBUG] 19:10:16.084 [AiEngine] Using JS Search
[DEBUG] 19:10:16.105 [AiEngine] Adaptive time: 500ms, depth: 4, reason: midgame, opening, tactical, emergency: false
[DEBUG] 19:10:16.105 [AiEngine] Using JS Search
[DEBUG] 19:10:17.031 [AiEngine] Adaptive time: 500ms, depth: 4, reason: midgame, opening, emergency: false
[DEBUG] 19:10:17.031 [AiEngine] Using JS Search
[DEBUG] 19:10:17.032 [AiEngine] Adaptive time: 500ms, depth: 4, reason: midgame, opening, tactical, emergency: false
[DEBUG] 19:10:17.032 [AiEngine] Using JS Search
[DEBUG] 19:10:17.032 [AiEngine] Adaptive time: 500ms, depth: 4, reason: midgame, opening, in-check, emergency: false
[DEBUG] 19:10:17.032 [AiEngine] Using JS Search
[DEBUG] 19:10:17.032 [AiEngine] Adaptive time: 500ms, depth: 4, reason: midgame, opening, emergency: false
[DEBUG] 19:10:17.032 [AiEngine] Using JS Search
[DEBUG] 19:10:17.126 [AiEngine] Adaptive time: 500ms, depth: 4, reason: midgame, opening, emergency: false
[DEBUG] 19:10:17.126 [AiEngine] Using JS Search
[DEBUG] 19:10:17.306 [AiEngine] Adaptive time: 500ms, depth: 4, reason: midgame, opening, emergency: false
[DEBUG] 19:10:17.306 [AiEngine] Using JS Search
[DEBUG] 19:10:17.683 [AiEngine] Adaptive time: 500ms, depth: 4, reason: midgame, opening, emergency: false
[DEBUG] 19:10:17.683 [AiEngine] Using JS Search
[DEBUG] 19:10:17.883 [AiEngine] Adaptive time: 500ms, depth: 4, reason: midgame, opening, tactical, emergency: false
[DEBUG] 19:10:17.883 [AiEngine] Using JS Search
[DEBUG] 19:10:18.406 [AiEngine] Adaptive time: 500ms, depth: 4, reason: midgame, opening, emergency: false
[DEBUG] 19:10:18.406 [AiEngine] Using JS Search
[DEBUG] 19:10:18.770 [AiEngine] Adaptive time: 500ms, depth: 4, reason: midgame, opening, tactical, emergency: false
[DEBUG] 19:10:18.770 [AiEngine] Using JS Search
[DEBUG] 19:10:18.966 [AiEngine] Adaptive time: 500ms, depth: 4, reason: midgame, opening, emergency: false
[DEBUG] 19:10:18.966 [AiEngine] Using JS Search
[DEBUG] 19:10:19.115 [AiEngine] Adaptive time: 500ms, depth: 4, reason: midgame, opening, emergency: false
[DEBUG] 19:10:19.115 [AiEngine] Using JS Search
[DEBUG] 19:10:19.182 [AiEngine] Adaptive time: 500ms, depth: 4, reason: midgame, opening, tactical, emergency: false
[DEBUG] 19:10:19.182 [AiEngine] Using JS Search
[DEBUG] 19:10:19.292 [AiEngine] Adaptive time: 500ms, depth: 4, reason: midgame, opening, in-check, emergency: false
[DEBUG] 19:10:19.292 [AiEngine] Using JS Search
[DEBUG] 19:10:19.304 [AiEngine] Adaptive time: 500ms, depth: 4, reason: midgame, opening, tactical, emergency: false
[DEBUG] 19:10:19.304 [AiEngine] Using JS Search
[DEBUG] 19:10:19.588 [AiEngine] Adaptive time: 500ms, depth: 4, reason: midgame, opening, tactical, emergency: false
[DEBUG] 19:10:19.588 [AiEngine] Using JS Search
[DEBUG] 19:10:19.629 [AiEngine] Adaptive time: 500ms, depth: 4, reason: midgame, opening, tactical, emergency: false
[DEBUG] 19:10:19.629 [AiEngine] Using JS Search
[DEBUG] 19:10:19.799 [AiEngine] Adaptive time: 500ms, depth: 4, reason: midgame, opening, emergency: false
[DEBUG] 19:10:19.799 [AiEngine] Using JS Search
[DEBUG] 19:10:19.833 [AiEngine] Adaptive time: 500ms, depth: 4, reason: midgame, opening, tactical, emergency: false
[DEBUG] 19:10:19.833 [AiEngine] Using JS Search
[DEBUG] 19:10:19.837 [AiEngine] Adaptive time: 500ms, depth: 4, reason: midgame, opening, in-check, emergency: false
[DEBUG] 19:10:19.837 [AiEngine] Using JS Search
[DEBUG] 19:10:19.841 [AiEngine] Adaptive time: 500ms, depth: 4, reason: midgame, opening, tactical, emergency: false
[DEBUG] 19:10:19.841 [AiEngine] Using JS Search
[DEBUG] 19:10:19.843 [AiEngine] Adaptive time: 500ms, depth: 4, reason: midgame, opening, in-check, emergency: false
[DEBUG] 19:10:19.843 [AiEngine] Using JS Search
[DEBUG] 19:10:19.847 [AiEngine] Adaptive time: 500ms, depth: 4, reason: midgame, opening, emergency: false
[DEBUG] 19:10:19.847 [AiEngine] Using JS Search
[DEBUG] 19:10:19.848 [AiEngine] Adaptive time: 500ms, depth: 4, reason: midgame, opening, emergency: false
[DEBUG] 19:10:19.848 [AiEngine] Using JS Search
[DEBUG] 19:10:19.884 [AiEngine] Adaptive time: 500ms, depth: 4, reason: midgame, opening, emergency: false
[DEBUG] 19:10:19.884 [AiEngine] Using JS Search
[DEBUG] 19:10:19.885 [AiEngine] Adaptive time: 500ms, depth: 4, reason: midgame, opening, emergency: false
[DEBUG] 19:10:19.885 [AiEngine] Using JS Search
[DEBUG] 19:10:19.921 [AiEngine] Adaptive time: 500ms, depth: 4, reason: midgame, opening, emergency: false
[DEBUG] 19:10:19.921 [AiEngine] Using JS Search
[DEBUG] 19:10:19.922 [AiEngine] Adaptive time: 500ms, depth: 4, reason: midgame, opening, emergency: false
[DEBUG] 19:10:19.922 [AiEngine] Using JS Search
[DEBUG] 19:10:19.966 [AiEngine] Adaptive time: 500ms, depth: 4, reason: midgame, opening, in-check, emergency: false
[DEBUG] 19:10:19.967 [AiEngine] Using JS Search
[DEBUG] 19:10:19.967 [AiEngine] Adaptive time: 500ms, depth: 4, reason: midgame, opening, emergency: false
[DEBUG] 19:10:19.967 [AiEngine] Using JS Search
[DEBUG] 19:10:19.992 [AiEngine] Adaptive time: 500ms, depth: 4, reason: midgame, opening, tactical, emergency: false
[DEBUG] 19:10:19.992 [AiEngine] Using JS Search
[DEBUG] 19:10:19.993 [AiEngine] Adaptive time: 500ms, depth: 4, reason: midgame, opening, emergency: false
[DEBUG] 19:10:19.993 [AiEngine] Using JS Search
[DEBUG] 19:10:20.013 [AiEngine] Adaptive time: 500ms, depth: 4, reason: midgame, opening, emergency: false
[DEBUG] 19:10:20.013 [AiEngine] Using JS Search
[DEBUG] 19:10:20.014 [AiEngine] Adaptive time: 500ms, depth: 4, reason: midgame, opening, emergency: false
[DEBUG] 19:10:20.014 [AiEngine] Using JS Search
[DEBUG] 19:10:20.035 [AiEngine] Adaptive time: 500ms, depth: 4, reason: midgame, opening, emergency: false
[DEBUG] 19:10:20.035 [AiEngine] Using JS Search
[DEBUG] 19:10:20.036 [AiEngine] Adaptive time: 500ms, depth: 4, reason: midgame, opening, emergency: false
[DEBUG] 19:10:20.036 [AiEngine] Using JS Search
[DEBUG] 19:10:20.057 [AiEngine] Adaptive time: 500ms, depth: 4, reason: midgame, opening, emergency: false
[DEBUG] 19:10:20.057 [AiEngine] Using JS Search
[DEBUG] 19:10:20.058 [AiEngine] Adaptive time: 500ms, depth: 4, reason: midgame, opening, emergency: false
[DEBUG] 19:10:20.058 [AiEngine] Using JS Search
[DEBUG] 19:10:20.074 [AiEngine] Adaptive time: 500ms, depth: 4, reason: midgame, opening, emergency: false
[DEBUG] 19:10:20.074 [AiEngine] Using JS Search
[DEBUG] 19:10:20.075 [AiEngine] Adaptive time: 500ms, depth: 4, reason: midgame, opening, emergency: false
[DEBUG] 19:10:20.075 [AiEngine] Using JS Search
[DEBUG] 19:10:20.093 [AiEngine] Adaptive time: 500ms, depth: 4, reason: midgame, opening, emergency: false
[DEBUG] 19:10:20.093 [AiEngine] Using JS Search
[DEBUG] 19:10:20.094 [AiEngine] Adaptive time: 500ms, depth: 4, reason: midgame, opening, emergency: false
[DEBUG] 19:10:20.094 [AiEngine] Using JS Search
[DEBUG] 19:10:20.113 [AiEngine] Adaptive time: 500ms, depth: 4, reason: midgame, opening, emergency: false
[DEBUG] 19:10:20.113 [AiEngine] Using JS Search
[DEBUG] 19:10:20.114 [AiEngine] Adaptive time: 3000ms, depth: 5, reason: midgame, emergency: false
[DEBUG] 19:10:20.114 [AiEngine] Using JS Search
[DEBUG] 19:10:20.179 [AiEngine] Adaptive time: 3000ms, depth: 5, reason: standard, emergency: false
[DEBUG] 19:10:20.179 [AiEngine] Using JS Search
[DEBUG] 19:10:20.192 [AiEngine] Adaptive time: 3000ms, depth: 5, reason: tactical, emergency: false
[DEBUG] 19:10:20.192 [AiEngine] Using JS Search
[DEBUG] 19:10:20.234 [AiEngine] Adaptive time: 3000ms, depth: 5, reason: in-check, emergency: false
[DEBUG] 19:10:20.234 [AiEngine] Using JS Search
[DEBUG] 19:10:20.235 [AiEngine] Adaptive time: 3000ms, depth: 5, reason: standard, emergency: false
[DEBUG] 19:10:20.235 [AiEngine] Using JS Search
[DEBUG] 19:10:20.376 [AiEngine] Adaptive time: 3000ms, depth: 5, reason: standard, emergency: false
[DEBUG] 19:10:20.376 [AiEngine] Using JS Search
[DEBUG] 19:10:20.377 [AiEngine] Adaptive time: 3000ms, depth: 5, reason: standard, emergency: false
[DEBUG] 19:10:20.377 [AiEngine] Using JS Search
[DEBUG] 19:10:20.524 [AiEngine] Adaptive time: 3000ms, depth: 5, reason: in-check, emergency: false
[DEBUG] 19:10:20.524 [AiEngine] Using JS Search
[DEBUG] 19:10:20.525 [AiEngine] Adaptive time: 3000ms, depth: 5, reason: tactical, emergency: false
[DEBUG] 19:10:20.525 [AiEngine] Using JS Search
[DEBUG] 19:10:20.576 [AiEngine] Adaptive time: 3000ms, depth: 5, reason: in-check, emergency: false
[DEBUG] 19:10:20.576 [AiEngine] Using JS Search
[DEBUG] 19:10:20.583 [AiEngine] Adaptive time: 3000ms, depth: 5, reason: tactical, emergency: false
[DEBUG] 19:10:20.583 [AiEngine] Using JS Search
[DEBUG] 19:10:20.637 [AiEngine] Adaptive time: 3000ms, depth: 5, reason: standard, emergency: false
[DEBUG] 19:10:20.637 [AiEngine] Using JS Search
[DEBUG] 19:10:20.702 [AiEngine] Adaptive time: 3000ms, depth: 5, reason: standard, emergency: false
[DEBUG] 19:10:20.702 [AiEngine] Using JS Search
[DEBUG] 19:10:20.727 [AiEngine] Adaptive time: 3000ms, depth: 5, reason: standard, emergency: false
[DEBUG] 19:10:20.727 [AiEngine] Using JS Search
[DEBUG] 19:10:20.769 [AiEngine] Adaptive time: 3000ms, depth: 5, reason: standard, emergency: false
[DEBUG] 19:10:20.769 [AiEngine] Using JS Search
[DEBUG] 19:10:20.864 [AiEngine] Adaptive time: 3000ms, depth: 5, reason: endgame, emergency: false
[DEBUG] 19:10:20.864 [AiEngine] Using JS Search
[DEBUG] 19:10:20.913 [AiEngine] Adaptive time: 3000ms, depth: 5, reason: endgame, emergency: false
[DEBUG] 19:10:20.913 [AiEngine] Using JS Search
[DEBUG] 19:10:20.941 [AiEngine] Adaptive time: 3000ms, depth: 5, reason: endgame, emergency: false
[DEBUG] 19:10:20.941 [AiEngine] Using JS Search
[DEBUG] 19:10:21.006 [AiEngine] Adaptive time: 3000ms, depth: 5, reason: endgame, emergency: false
[DEBUG] 19:10:21.006 [AiEngine] Using JS Search
[DEBUG] 19:10:21.032 [AiEngine] Adaptive time: 3000ms, depth: 5, reason: endgame, emergency: false
[DEBUG] 19:10:21.032 [AiEngine] Using JS Search
[DEBUG] 19:10:21.117 [AiEngine] Adaptive time: 3000ms, depth: 5, reason: endgame, emergency: false
[DEBUG] 19:10:21.117 [AiEngine] Using JS Search
[DEBUG] 19:10:21.133 [AiEngine] Adaptive time: 3000ms, depth: 5, reason: endgame, tactical, emergency: false
[DEBUG] 19:10:21.133 [AiEngine] Using JS Search
[DEBUG] 19:10:21.204 [AiEngine] Adaptive time: 3000ms, depth: 5, reason: endgame, in-check, emergency: false
[DEBUG] 19:10:21.204 [AiEngine] Using JS Search
[DEBUG] 19:10:21.218 [AiEngine] Adaptive time: 3000ms, depth: 5, reason: endgame, tactical, emergency: false
[DEBUG] 19:10:21.218 [AiEngine] Using JS Search
[DEBUG] 19:10:21.297 [AiEngine] Adaptive time: 3000ms, depth: 5, reason: endgame, emergency: false
[DEBUG] 19:10:21.297 [AiEngine] Using JS Search
[DEBUG] 19:10:21.317 [AiEngine] Adaptive time: 3000ms, depth: 5, reason: endgame, emergency: false
[DEBUG] 19:10:21.317 [AiEngine] Using JS Search
[DEBUG] 19:10:21.364 [AiEngine] Adaptive time: 3000ms, depth: 5, reason: endgame, emergency: false
[DEBUG] 19:10:21.364 [AiEngine] Using JS Search
[DEBUG] 19:10:21.381 [AiEngine] Adaptive time: 3000ms, depth: 5, reason: endgame, emergency: false
[DEBUG] 19:10:21.381 [AiEngine] Using JS Search
[DEBUG] 19:10:21.454 [AiEngine] Adaptive time: 3000ms, depth: 5, reason: endgame, emergency: false
[DEBUG] 19:10:21.454 [AiEngine] Using JS Search
[DEBUG] 19:10:21.467 [AiEngine] Adaptive time: 3000ms, depth: 5, reason: endgame, emergency: false
[DEBUG] 19:10:21.467 [AiEngine] Using JS Search
[DEBUG] 19:10:21.522 [AiEngine] Adaptive time: 3000ms, depth: 5, reason: endgame, emergency: false
[DEBUG] 19:10:21.522 [AiEngine] Using JS Search
[DEBUG] 19:10:21.532 [AiEngine] Adaptive time: 3000ms, depth: 5, reason: endgame, emergency: false
[DEBUG] 19:10:21.532 [AiEngine] Using JS Search
[DEBUG] 19:10:21.577 [AiEngine] Adaptive time: 3000ms, depth: 5, reason: endgame, emergency: false
[DEBUG] 19:10:21.577 [AiEngine] Using JS Search
[DEBUG] 19:10:21.584 [AiEngine] Adaptive time: 3000ms, depth: 5, reason: endgame, emergency: false
[DEBUG] 19:10:21.584 [AiEngine] Using JS Search
[DEBUG] 19:10:21.620 [AiEngine] Adaptive time: 3000ms, depth: 5, reason: endgame, emergency: false
[DEBUG] 19:10:21.620 [AiEngine] Using JS Search
[DEBUG] 19:10:21.656 [AiEngine] Adaptive time: 3000ms, depth: 5, reason: endgame, tactical, emergency: false
[DEBUG] 19:10:21.656 [AiEngine] Using JS Search
[DEBUG] 19:10:21.659 [AiEngine] Adaptive time: 3000ms, depth: 5, reason: endgame, emergency: false
[DEBUG] 19:10:21.659 [AiEngine] Using JS Search
[DEBUG] 19:10:21.665 [AiEngine] Adaptive time: 3000ms, depth: 5, reason: endgame, tactical, emergency: false
[DEBUG] 19:10:21.665 [AiEngine] Using JS Search
[DEBUG] 19:10:21.731 [AiEngine] Adaptive time: 3000ms, depth: 5, reason: endgame, in-check, emergency: false
[DEBUG] 19:10:21.731 [AiEngine] Using JS Search
[DEBUG] 19:10:21.740 [AiEngine] Adaptive time: 3000ms, depth: 5, reason: endgame, emergency: false
[DEBUG] 19:10:21.740 [AiEngine] Using JS Search
[DEBUG] 19:10:21.766 [AiEngine] Adaptive time: 3000ms, depth: 5, reason: endgame, emergency: false
[DEBUG] 19:10:21.766 [AiEngine] Using JS Search
[DEBUG] 19:10:21.775 [AiEngine] Adaptive time: 3000ms, depth: 5, reason: endgame, tactical, emergency: false
[DEBUG] 19:10:21.775 [AiEngine] Using JS Search
[DEBUG] 19:10:21.836 [AiEngine] Adaptive time: 3000ms, depth: 5, reason: endgame, in-check, emergency: false
[DEBUG] 19:10:21.836 [AiEngine] Using JS Search
[DEBUG] 19:10:21.849 [AiEngine] Adaptive time: 3000ms, depth: 5, reason: endgame, emergency: false
[DEBUG] 19:10:21.849 [AiEngine] Using JS Search
[DEBUG] 19:10:21.889 [AiEngine] Adaptive time: 3000ms, depth: 5, reason: endgame, emergency: false
[DEBUG] 19:10:21.889 [AiEngine] Using JS Search
[DEBUG] 19:10:21.893 [AiEngine] Adaptive time: 3000ms, depth: 5, reason: endgame, tactical, emergency: false
[DEBUG] 19:10:21.893 [AiEngine] Using JS Search
[DEBUG] 19:10:21.933 [AiEngine] Adaptive time: 3000ms, depth: 5, reason: endgame, emergency: false
[DEBUG] 19:10:21.933 [AiEngine] Using JS Search
[DEBUG] 19:10:21.939 [AiEngine] Adaptive time: 3000ms, depth: 5, reason: endgame, tactical, emergency: false
[DEBUG] 19:10:21.939 [AiEngine] Using JS Search
[DEBUG] 19:10:21.993 [AiEngine] Adaptive time: 3000ms, depth: 5, reason: endgame, in-check, emergency: false
[DEBUG] 19:10:21.993 [AiEngine] Using JS Search
[DEBUG] 19:10:22.003 [AiEngine] Adaptive time: 3000ms, depth: 5, reason: endgame, emergency: false
[DEBUG] 19:10:22.003 [AiEngine] Using JS Search
[DEBUG] 19:10:22.063 [AiEngine] Adaptive time: 3000ms, depth: 5, reason: endgame, emergency: false
[DEBUG] 19:10:22.063 [AiEngine] Using JS Search
[DEBUG] 19:10:22.067 [AiEngine] Adaptive time: 3000ms, depth: 5, reason: endgame, emergency: false
[DEBUG] 19:10:22.067 [AiEngine] Using JS Search
[DEBUG] 19:10:22.122 [AiEngine] Adaptive time: 3000ms, depth: 5, reason: endgame, emergency: false
[DEBUG] 19:10:22.122 [AiEngine] Using JS Search
[DEBUG] 19:10:22.128 [AiEngine] Adaptive time: 3000ms, depth: 5, reason: endgame, tactical, emergency: false
[DEBUG] 19:10:22.128 [AiEngine] Using JS Search
[DEBUG] 19:10:22.190 [AiEngine] Adaptive time: 3000ms, depth: 5, reason: endgame, emergency: false
[DEBUG] 19:10:22.190 [AiEngine] Using JS Search
[DEBUG] 19:10:22.196 [AiEngine] Adaptive time: 3000ms, depth: 5, reason: endgame, emergency: false
[DEBUG] 19:10:22.196 [AiEngine] Using JS Search
[DEBUG] 19:10:22.237 [AiEngine] Adaptive time: 3000ms, depth: 5, reason: endgame, emergency: false
[DEBUG] 19:10:22.237 [AiEngine] Using JS Search
[DEBUG] 19:10:22.241 [AiEngine] Adaptive time: 3000ms, depth: 5, reason: endgame, emergency: false
[DEBUG] 19:10:22.241 [AiEngine] Using JS Search
[DEBUG] 19:10:22.289 [AiEngine] Adaptive time: 3000ms, depth: 5, reason: endgame, emergency: false
[DEBUG] 19:10:22.289 [AiEngine] Using JS Search
[DEBUG] 19:10:22.296 [AiEngine] Adaptive time: 3000ms, depth: 5, reason: endgame, emergency: false
[DEBUG] 19:10:22.296 [AiEngine] Using JS Search
[DEBUG] 19:10:22.352 [AiEngine] Adaptive time: 500ms, depth: 4, reason: midgame, opening, emergency: false
[DEBUG] 19:10:22.352 [AiEngine] Using JS Search
[DEBUG] 19:10:22.385 [AiEngine] Adaptive time: 500ms, depth: 4, reason: midgame, opening, emergency: false
[DEBUG] 19:10:22.385 [AiEngine] Using JS Search
[DEBUG] 19:10:22.538 [AiEngine] Adaptive time: 500ms, depth: 4, reason: midgame, opening, emergency: false
[DEBUG] 19:10:22.538 [AiEngine] Using JS Search
[DEBUG] 19:10:22.656 [AiEngine] Adaptive time: 500ms, depth: 4, reason: midgame, opening, emergency: false
[DEBUG] 19:10:22.656 [AiEngine] Using JS Search
[DEBUG] 19:10:22.997 [AiEngine] Adaptive time: 500ms, depth: 4, reason: midgame, opening, emergency: false
[DEBUG] 19:10:22.997 [AiEngine] Using JS Search
[DEBUG] 19:10:23.054 [AiEngine] Adaptive time: 500ms, depth: 4, reason: midgame, opening, emergency: false
[DEBUG] 19:10:23.054 [AiEngine] Using JS Search
[DEBUG] 19:10:23.129 [AiEngine] Adaptive time: 500ms, depth: 4, reason: midgame, opening, emergency: false
[DEBUG] 19:10:23.129 [AiEngine] Using JS Search
[DEBUG] 19:10:23.177 [AiEngine] Adaptive time: 500ms, depth: 4, reason: midgame, opening, tactical, emergency: false
[DEBUG] 19:10:23.177 [AiEngine] Using JS Search
[DEBUG] 19:10:23.321 [AiEngine] Adaptive time: 500ms, depth: 4, reason: midgame, opening, emergency: false
[DEBUG] 19:10:23.321 [AiEngine] Using JS Search
[DEBUG] 19:10:23.373 [AiEngine] Adaptive time: 500ms, depth: 4, reason: midgame, opening, emergency: false
[DEBUG] 19:10:23.374 [AiEngine] Using JS Search
[DEBUG] 19:10:23.500 [AiEngine] Adaptive time: 500ms, depth: 4, reason: midgame, opening, emergency: false
[DEBUG] 19:10:23.500 [AiEngine] Using JS Search
[DEBUG] 19:10:23.560 [AiEngine] Adaptive time: 500ms, depth: 4, reason: midgame, opening, emergency: false
[DEBUG] 19:10:23.560 [AiEngine] Using JS Search
[DEBUG] 19:10:23.640 [AiEngine] Adaptive time: 500ms, depth: 4, reason: midgame, opening, emergency: false
[DEBUG] 19:10:23.640 [AiEngine] Using JS Search
[DEBUG] 19:10:23.781 [AiEngine] Adaptive time: 500ms, depth: 4, reason: midgame, opening, emergency: false
[DEBUG] 19:10:23.781 [AiEngine] Using JS Search
[DEBUG] 19:10:23.921 [AiEngine] Adaptive time: 500ms, depth: 4, reason: midgame, opening, emergency: false
[DEBUG] 19:10:23.921 [AiEngine] Using JS Search
[DEBUG] 19:10:24.027 [AiEngine] Adaptive time: 500ms, depth: 4, reason: midgame, opening, emergency: false
[DEBUG] 19:10:24.027 [AiEngine] Using JS Search
[DEBUG] 19:10:24.207 [AiEngine] Adaptive time: 500ms, depth: 4, reason: midgame, opening, emergency: false
[DEBUG] 19:10:24.207 [AiEngine] Using JS Search
[DEBUG] 19:10:24.210 [AiEngine] Adaptive time: 500ms, depth: 4, reason: midgame, opening, tactical, emergency: false
[DEBUG] 19:10:24.210 [AiEngine] Using JS Search
[DEBUG] 19:10:24.210 [AiEngine] Adaptive time: 500ms, depth: 4, reason: midgame, opening, in-check, emergency: false
[DEBUG] 19:10:24.210 [AiEngine] Using JS Search
[DEBUG] 19:10:24.210 [AiEngine] Adaptive time: 500ms, depth: 4, reason: midgame, opening, emergency: false
[DEBUG] 19:10:24.210 [AiEngine] Using JS Search
[DEBUG] 19:10:24.219 [AiEngine] Adaptive time: 500ms, depth: 4, reason: midgame, opening, emergency: false
[DEBUG] 19:10:24.219 [AiEngine] Using JS Search
[DEBUG] 19:10:24.391 [AiEngine] Adaptive time: 500ms, depth: 4, reason: midgame, opening, emergency: false
[DEBUG] 19:10:24.391 [AiEngine] Using JS Search
[DEBUG] 19:10:24.635 [AiEngine] Adaptive time: 500ms, depth: 4, reason: midgame, opening, emergency: false
[DEBUG] 19:10:24.635 [AiEngine] Using JS Search
[DEBUG] 19:10:24.861 [AiEngine] Adaptive time: 500ms, depth: 4, reason: midgame, opening, emergency: false
[DEBUG] 19:10:24.861 [AiEngine] Using JS Search
[DEBUG] 19:10:25.588 [AiEngine] Adaptive time: 500ms, depth: 4, reason: midgame, opening, tactical, emergency: false
[DEBUG] 19:10:25.589 [AiEngine] Using JS Search
[DEBUG] 19:10:25.659 [AiEngine] Adaptive time: 500ms, depth: 4, reason: midgame, opening, tactical, emergency: false
[DEBUG] 19:10:25.659 [AiEngine] Using JS Search
[DEBUG] 19:10:25.901 [AiEngine] Adaptive time: 500ms, depth: 4, reason: midgame, opening, emergency: false
[DEBUG] 19:10:25.901 [AiEngine] Using JS Search
[DEBUG] 19:10:25.944 [AiEngine] Adaptive time: 500ms, depth: 4, reason: midgame, opening, tactical, emergency: false
[DEBUG] 19:10:25.944 [AiEngine] Using JS Search
[DEBUG] 19:10:26.064 [AiEngine] Adaptive time: 500ms, depth: 4, reason: midgame, opening, emergency: false
[DEBUG] 19:10:26.064 [AiEngine] Using JS Search
[DEBUG] 19:10:26.284 [AiEngine] Adaptive time: 500ms, depth: 4, reason: midgame, opening, tactical, emergency: false
[DEBUG] 19:10:26.284 [AiEngine] Using JS Search
[DEBUG] 19:10:26.402 [AiEngine] Adaptive time: 500ms, depth: 4, reason: midgame, opening, emergency: false
[DEBUG] 19:10:26.402 [AiEngine] Using JS Search
[DEBUG] 19:10:26.775 [AiEngine] Adaptive time: 500ms, depth: 4, reason: midgame, opening, tactical, emergency: false
[DEBUG] 19:10:26.775 [AiEngine] Using JS Search
[DEBUG] 19:10:26.793 [AiEngine] Adaptive time: 500ms, depth: 4, reason: midgame, opening, emergency: false
[DEBUG] 19:10:26.793 [AiEngine] Using JS Search
[DEBUG] 19:10:26.851 [AiEngine] Adaptive time: 500ms, depth: 4, reason: midgame, opening, emergency: false
[DEBUG] 19:10:26.851 [AiEngine] Using JS Search
[DEBUG] 19:10:26.956 [AiEngine] Adaptive time: 500ms, depth: 4, reason: midgame, opening, emergency: false
[DEBUG] 19:10:26.956 [AiEngine] Using JS Search
[DEBUG] 19:10:26.991 [AiEngine] Adaptive time: 500ms, depth: 4, reason: midgame, opening, tactical, emergency: false
[DEBUG] 19:10:26.991 [AiEngine] Using JS Search
[DEBUG] 19:10:27.071 [AiEngine] Adaptive time: 500ms, depth: 4, reason: midgame, opening, emergency: false
[DEBUG] 19:10:27.071 [AiEngine] Using JS Search
[DEBUG] 19:10:27.140 [AiEngine] Adaptive time: 500ms, depth: 4, reason: midgame, opening, emergency: false
[DEBUG] 19:10:27.140 [AiEngine] Using JS Search
[DEBUG] 19:10:27.310 [AiEngine] Adaptive time: 500ms, depth: 4, reason: midgame, opening, emergency: false
[DEBUG] 19:10:27.310 [AiEngine] Using JS Search
[DEBUG] 19:10:27.426 [AiEngine] Adaptive time: 500ms, depth: 4, reason: midgame, opening, emergency: false
[DEBUG] 19:10:27.427 [AiEngine] Using JS Search
[DEBUG] 19:10:27.475 [AiEngine] Adaptive time: 500ms, depth: 4, reason: midgame, opening, emergency: false
[DEBUG] 19:10:27.475 [AiEngine] Using JS Search
[DEBUG] 19:10:27.640 [AiEngine] Adaptive time: 500ms, depth: 4, reason: midgame, opening, emergency: false
[DEBUG] 19:10:27.640 [AiEngine] Using JS Search
[DEBUG] 19:10:27.796 [AiEngine] Adaptive time: 500ms, depth: 4, reason: midgame, opening, emergency: false
[DEBUG] 19:10:27.796 [AiEngine] Using JS Search
[DEBUG] 19:10:27.979 [AiEngine] Adaptive time: 500ms, depth: 4, reason: midgame, opening, emergency: false
[DEBUG] 19:10:27.979 [AiEngine] Using JS Search
[DEBUG] 19:10:27.991 [AiEngine] Adaptive time: 500ms, depth: 4, reason: midgame, opening, tactical, emergency: false
[DEBUG] 19:10:27.991 [AiEngine] Using JS Search
[DEBUG] 19:10:28.098 [AiEngine] Adaptive time: 500ms, depth: 4, reason: midgame, opening, emergency: false
[DEBUG] 19:10:28.098 [AiEngine] Using JS Search
[DEBUG] 19:10:28.123 [AiEngine] Adaptive time: 500ms, depth: 4, reason: midgame, opening, tactical, emergency: false
[DEBUG] 19:10:28.123 [AiEngine] Using JS Search
[DEBUG] 19:10:28.339 [AiEngine] Adaptive time: 500ms, depth: 4, reason: midgame, opening, emergency: false
[DEBUG] 19:10:28.339 [AiEngine] Using JS Search
[DEBUG] 19:10:28.365 [AiEngine] Adaptive time: 500ms, depth: 4, reason: midgame, opening, tactical, emergency: false
[DEBUG] 19:10:28.365 [AiEngine] Using JS Search
[DEBUG] 19:10:28.415 [AiEngine] Adaptive time: 500ms, depth: 4, reason: midgame, opening, emergency: false
[DEBUG] 19:10:28.415 [AiEngine] Using JS Search
[DEBUG] 19:10:28.439 [AiEngine] Adaptive time: 500ms, depth: 4, reason: midgame, opening, tactical, emergency: false
[DEBUG] 19:10:28.439 [AiEngine] Using JS Search
[DEBUG] 19:10:28.510 [AiEngine] Adaptive time: 500ms, depth: 4, reason: midgame, opening, emergency: false
[DEBUG] 19:10:28.510 [AiEngine] Using JS Search
[DEBUG] 19:10:28.529 [AiEngine] Adaptive time: 500ms, depth: 4, reason: midgame, opening, tactical, emergency: false
[DEBUG] 19:10:28.529 [AiEngine] Using JS Search
[DEBUG] 19:10:28.531 [AiEngine] Adaptive time: 500ms, depth: 4, reason: midgame, opening, in-check, emergency: false
[DEBUG] 19:10:28.531 [AiEngine] Using JS Search
[DEBUG] 19:10:28.534 [AiEngine] Adaptive time: 500ms, depth: 4, reason: midgame, opening, tactical, emergency: false
[DEBUG] 19:10:28.534 [AiEngine] Using JS Search
[DEBUG] 19:10:28.535 [AiEngine] Adaptive time: 500ms, depth: 4, reason: midgame, opening, emergency: false
[DEBUG] 19:10:28.535 [AiEngine] Using JS Search
[DEBUG] 19:10:28.558 [AiEngine] Adaptive time: 500ms, depth: 4, reason: midgame, opening, tactical, emergency: false
[DEBUG] 19:10:28.558 [AiEngine] Using JS Search
[DEBUG] 19:10:28.559 [AiEngine] Adaptive time: 500ms, depth: 4, reason: midgame, opening, emergency: false
[DEBUG] 19:10:28.559 [AiEngine] Using JS Search
[DEBUG] 19:10:28.602 [AiEngine] Adaptive time: 500ms, depth: 4, reason: midgame, opening, tactical, emergency: false
[DEBUG] 19:10:28.602 [AiEngine] Using JS Search
[DEBUG] 19:10:28.603 [AiEngine] Adaptive time: 3000ms, depth: 5, reason: midgame, emergency: false
[DEBUG] 19:10:28.603 [AiEngine] Using JS Search
[DEBUG] 19:10:28.699 [AiEngine] Adaptive time: 3000ms, depth: 5, reason: midgame, tactical, emergency: false
[DEBUG] 19:10:28.699 [AiEngine] Using JS Search
[DEBUG] 19:10:28.700 [AiEngine] Adaptive time: 3000ms, depth: 5, reason: midgame, emergency: false
[DEBUG] 19:10:28.700 [AiEngine] Using JS Search
[DEBUG] 19:10:28.807 [AiEngine] Adaptive time: 3000ms, depth: 5, reason: midgame, tactical, emergency: false
[DEBUG] 19:10:28.807 [AiEngine] Using JS Search
[DEBUG] 19:10:28.809 [AiEngine] Adaptive time: 3000ms, depth: 5, reason: midgame, emergency: false
[DEBUG] 19:10:28.809 [AiEngine] Using JS Search
[DEBUG] 19:10:29.141 [AiEngine] Adaptive time: 3000ms, depth: 5, reason: midgame, tactical, emergency: false
[DEBUG] 19:10:29.141 [AiEngine] Using JS Search
[DEBUG] 19:10:29.142 [AiEngine] Adaptive time: 3000ms, depth: 5, reason: midgame, emergency: false
[DEBUG] 19:10:29.142 [AiEngine] Using JS Search
[DEBUG] 19:10:29.216 [AiEngine] Adaptive time: 3000ms, depth: 5, reason: midgame, tactical, emergency: false
[DEBUG] 19:10:29.216 [AiEngine] Using JS Search
[DEBUG] 19:10:29.217 [AiEngine] Adaptive time: 3000ms, depth: 5, reason: midgame, emergency: false
[DEBUG] 19:10:29.217 [AiEngine] Using JS Search
[DEBUG] 19:10:29.296 [AiEngine] Adaptive time: 3000ms, depth: 5, reason: midgame, tactical, emergency: false
[DEBUG] 19:10:29.296 [AiEngine] Using JS Search
[DEBUG] 19:10:29.300 [AiEngine] Adaptive time: 3000ms, depth: 5, reason: midgame, emergency: false
[DEBUG] 19:10:29.300 [AiEngine] Using JS Search
[DEBUG] 19:10:29.402 [AiEngine] Adaptive time: 3000ms, depth: 5, reason: midgame, tactical, emergency: false
[DEBUG] 19:10:29.402 [AiEngine] Using JS Search
[DEBUG] 19:10:29.406 [AiEngine] Adaptive time: 3000ms, depth: 5, reason: midgame, emergency: false
[DEBUG] 19:10:29.406 [AiEngine] Using JS Search
[DEBUG] 19:10:29.496 [AiEngine] Adaptive time: 3000ms, depth: 5, reason: midgame, tactical, emergency: false
[DEBUG] 19:10:29.496 [AiEngine] Using JS Search
[DEBUG] 19:10:29.500 [AiEngine] Adaptive time: 3000ms, depth: 5, reason: midgame, emergency: false
[DEBUG] 19:10:29.500 [AiEngine] Using JS Search
[DEBUG] 19:10:29.588 [AiEngine] Adaptive time: 3000ms, depth: 5, reason: midgame, tactical, emergency: false
[DEBUG] 19:10:29.588 [AiEngine] Using JS Search
[DEBUG] 19:10:29.589 [AiEngine] Adaptive time: 3000ms, depth: 5, reason: midgame, emergency: false
[DEBUG] 19:10:29.589 [AiEngine] Using JS Search
[DEBUG] 19:10:29.679 [AiEngine] Adaptive time: 3000ms, depth: 5, reason: midgame, tactical, emergency: false
[DEBUG] 19:10:29.679 [AiEngine] Using JS Search
[DEBUG] 19:10:29.683 [AiEngine] Adaptive time: 3000ms, depth: 5, reason: midgame, emergency: false
[DEBUG] 19:10:29.683 [AiEngine] Using JS Search
[DEBUG] 19:10:29.762 [AiEngine] Adaptive time: 3000ms, depth: 5, reason: midgame, tactical, emergency: false
[DEBUG] 19:10:29.762 [AiEngine] Using JS Search
[DEBUG] 19:10:29.763 [AiEngine] Adaptive time: 3000ms, depth: 5, reason: midgame, emergency: false
[DEBUG] 19:10:29.763 [AiEngine] Using JS Search
[DEBUG] 19:10:29.856 [AiEngine] Adaptive time: 3000ms, depth: 5, reason: midgame, tactical, emergency: false
[DEBUG] 19:10:29.856 [AiEngine] Using JS Search
[DEBUG] 19:10:29.861 [AiEngine] Adaptive time: 3000ms, depth: 5, reason: midgame, emergency: false
[DEBUG] 19:10:29.861 [AiEngine] Using JS Search
[DEBUG] 19:10:29.950 [AiEngine] Adaptive time: 3000ms, depth: 5, reason: midgame, tactical, emergency: false
[DEBUG] 19:10:29.950 [AiEngine] Using JS Search
[DEBUG] 19:10:29.951 [AiEngine] Adaptive time: 3000ms, depth: 5, reason: midgame, emergency: false
[DEBUG] 19:10:29.951 [AiEngine] Using JS Search
[DEBUG] 19:10:30.034 [AiEngine] Adaptive time: 3000ms, depth: 5, reason: midgame, tactical, emergency: false
[DEBUG] 19:10:30.034 [AiEngine] Using JS Search
[DEBUG] 19:10:30.038 [AiEngine] Adaptive time: 3000ms, depth: 5, reason: midgame, emergency: false
[DEBUG] 19:10:30.038 [AiEngine] Using JS Search
[DEBUG] 19:10:30.122 [AiEngine] Adaptive time: 3000ms, depth: 5, reason: midgame, tactical, emergency: false
[DEBUG] 19:10:30.122 [AiEngine] Using JS Search
[DEBUG] 19:10:30.124 [AiEngine] Adaptive time: 3000ms, depth: 5, reason: midgame, emergency: false
[DEBUG] 19:10:30.124 [AiEngine] Using JS Search
[DEBUG] 19:10:30.205 [AiEngine] Adaptive time: 3000ms, depth: 5, reason: midgame, tactical, emergency: false
[DEBUG] 19:10:30.206 [AiEngine] Using JS Search
[DEBUG] 19:10:30.210 [AiEngine] Adaptive time: 3000ms, depth: 5, reason: midgame, emergency: false
[DEBUG] 19:10:30.210 [AiEngine] Using JS Search
[DEBUG] 19:10:30.284 [AiEngine] Adaptive time: 3000ms, depth: 5, reason: midgame, tactical, emergency: false
[DEBUG] 19:10:30.284 [AiEngine] Using JS Search
[DEBUG] 19:10:30.286 [AiEngine] Adaptive time: 3000ms, depth: 5, reason: midgame, emergency: false
[DEBUG] 19:10:30.286 [AiEngine] Using JS Search
[DEBUG] 19:10:30.374 [AiEngine] Adaptive time: 3000ms, depth: 5, reason: midgame, tactical, emergency: false
[DEBUG] 19:10:30.374 [AiEngine] Using JS Search
[DEBUG] 19:10:30.379 [AiEngine] Adaptive time: 3000ms, depth: 5, reason: midgame, emergency: false
[DEBUG] 19:10:30.379 [AiEngine] Using JS Search
[DEBUG] 19:10:30.465 [AiEngine] Adaptive time: 3000ms, depth: 5, reason: midgame, tactical, emergency: false
[DEBUG] 19:10:30.465 [AiEngine] Using JS Search
[DEBUG] 19:10:30.467 [AiEngine] Adaptive time: 3000ms, depth: 5, reason: midgame, emergency: false
[DEBUG] 19:10:30.467 [AiEngine] Using JS Search
[DEBUG] 19:10:30.556 [AiEngine] Adaptive time: 3000ms, depth: 5, reason: midgame, tactical, emergency: false
[DEBUG] 19:10:30.556 [AiEngine] Using JS Search
[DEBUG] 19:10:30.560 [AiEngine] Adaptive time: 3000ms, depth: 5, reason: midgame, emergency: false
[DEBUG] 19:10:30.560 [AiEngine] Using JS Search
[DEBUG] 19:10:30.642 [AiEngine] Adaptive time: 3000ms, depth: 5, reason: midgame, tactical, emergency: false
[DEBUG] 19:10:30.642 [AiEngine] Using JS Search
[DEBUG] 19:10:30.643 [AiEngine] Adaptive time: 3000ms, depth: 5, reason: midgame, emergency: false
[DEBUG] 19:10:30.643 [AiEngine] Using JS Search
[DEBUG] 19:10:30.724 [AiEngine] Adaptive time: 3000ms, depth: 5, reason: midgame, tactical, emergency: false
[DEBUG] 19:10:30.724 [AiEngine] Using JS Search
[DEBUG] 19:10:30.728 [AiEngine] Adaptive time: 3000ms, depth: 5, reason: midgame, emergency: false
[DEBUG] 19:10:30.728 [AiEngine] Using JS Search
[DEBUG] 19:10:30.802 [AiEngine] Adaptive time: 3000ms, depth: 5, reason: midgame, tactical, emergency: false
[DEBUG] 19:10:30.802 [AiEngine] Using JS Search
[DEBUG] 19:10:30.804 [AiEngine] Adaptive time: 3000ms, depth: 5, reason: midgame, emergency: false
[DEBUG] 19:10:30.804 [AiEngine] Using JS Search
[DEBUG] 19:10:30.890 [AiEngine] Adaptive time: 3000ms, depth: 5, reason: midgame, tactical, emergency: false
[DEBUG] 19:10:30.890 [AiEngine] Using JS Search
[DEBUG] 19:10:30.895 [AiEngine] Adaptive time: 3000ms, depth: 5, reason: midgame, emergency: false
[DEBUG] 19:10:30.895 [AiEngine] Using JS Search
[DEBUG] 19:10:30.963 [AiEngine] Adaptive time: 3000ms, depth: 5, reason: midgame, tactical, emergency: false
[DEBUG] 19:10:30.964 [AiEngine] Using JS Search
[DEBUG] 19:10:30.965 [AiEngine] Adaptive time: 3000ms, depth: 5, reason: midgame, emergency: false
[DEBUG] 19:10:30.965 [AiEngine] Using JS Search
[DEBUG] 19:10:31.058 [AiEngine] Adaptive time: 3000ms, depth: 5, reason: midgame, tactical, emergency: false
[DEBUG] 19:10:31.058 [AiEngine] Using JS Search
[DEBUG] 19:10:31.075 [AiEngine] Adaptive time: 3000ms, depth: 5, reason: standard, emergency: false
[DEBUG] 19:10:31.075 [AiEngine] Using JS Search
[DEBUG] 19:10:31.115 [AiEngine] Adaptive time: 3000ms, depth: 5, reason: tactical, emergency: false
[DEBUG] 19:10:31.115 [AiEngine] Using JS Search
[DEBUG] 19:10:31.269 [AiEngine] Adaptive time: 3000ms, depth: 5, reason: standard, emergency: false
[DEBUG] 19:10:31.269 [AiEngine] Using JS Search
[DEBUG] 19:10:31.311 [AiEngine] Adaptive time: 3000ms, depth: 5, reason: tactical, emergency: false
[DEBUG] 19:10:31.311 [AiEngine] Using JS Search
[DEBUG] 19:10:31.325 [AiEngine] Adaptive time: 3000ms, depth: 5, reason: standard, emergency: false
[DEBUG] 19:10:31.325 [AiEngine] Using JS Search
[DEBUG] 19:10:31.351 [AiEngine] Adaptive time: 3000ms, depth: 5, reason: tactical, emergency: false
[DEBUG] 19:10:31.351 [AiEngine] Using JS Search
[DEBUG] 19:10:31.363 [AiEngine] Adaptive time: 3000ms, depth: 5, reason: standard, emergency: false
[DEBUG] 19:10:31.363 [AiEngine] Using JS Search
[DEBUG] 19:10:31.392 [AiEngine] Adaptive time: 3000ms, depth: 5, reason: tactical, emergency: false
[DEBUG] 19:10:31.392 [AiEngine] Using JS Search
[DEBUG] 19:10:31.406 [AiEngine] Adaptive time: 3000ms, depth: 5, reason: standard, emergency: false
[DEBUG] 19:10:31.406 [AiEngine] Using JS Search
[DEBUG] 19:10:31.439 [AiEngine] Adaptive time: 3000ms, depth: 5, reason: tactical, emergency: false
[DEBUG] 19:10:31.439 [AiEngine] Using JS Search
[DEBUG] 19:10:31.444 [AiEngine] Adaptive time: 500ms, depth: 4, reason: midgame, opening, emergency: false
[DEBUG] 19:10:31.444 [AiEngine] Using JS Search
[DEBUG] 19:10:31.492 [AiEngine] Adaptive time: 500ms, depth: 4, reason: midgame, opening, emergency: false
[DEBUG] 19:10:31.492 [AiEngine] Using JS Search
[DEBUG] 19:10:31.591 [AiEngine] Adaptive time: 500ms, depth: 4, reason: midgame, opening, emergency: false
[DEBUG] 19:10:31.591 [AiEngine] Using JS Search
[DEBUG] 19:10:32.133 [AiEngine] Adaptive time: 500ms, depth: 4, reason: midgame, opening, emergency: false
[DEBUG] 19:10:32.134 [AiEngine] Using JS Search
[DEBUG] 19:10:32.504 [AiEngine] Adaptive time: 500ms, depth: 4, reason: midgame, opening, emergency: false
[DEBUG] 19:10:32.504 [AiEngine] Using JS Search
[DEBUG] 19:10:32.902 [AiEngine] Adaptive time: 500ms, depth: 4, reason: midgame, opening, emergency: false
[DEBUG] 19:10:32.902 [AiEngine] Using JS Search
[DEBUG] 19:10:33.105 [AiEngine] Adaptive time: 500ms, depth: 4, reason: midgame, opening, emergency: false
[DEBUG] 19:10:33.105 [AiEngine] Using JS Search
[DEBUG] 19:10:33.431 [AiEngine] Adaptive time: 500ms, depth: 4, reason: midgame, opening, emergency: false
[DEBUG] 19:10:33.431 [AiEngine] Using JS Search
[DEBUG] 19:10:33.643 [AiEngine] Adaptive time: 500ms, depth: 4, reason: midgame, opening, emergency: false
[DEBUG] 19:10:33.643 [AiEngine] Using JS Search
[DEBUG] 19:10:33.936 [AiEngine] Adaptive time: 500ms, depth: 4, reason: midgame, opening, emergency: false
[DEBUG] 19:10:33.936 [AiEngine] Using JS Search
[DEBUG] 19:10:34.040 [AiEngine] Adaptive time: 500ms, depth: 4, reason: midgame, opening, tactical, emergency: false
[DEBUG] 19:10:34.040 [AiEngine] Using JS Search
[DEBUG] 19:10:34.174 [AiEngine] Adaptive time: 500ms, depth: 4, reason: midgame, opening, in-check, emergency: false
[DEBUG] 19:10:34.174 [AiEngine] Using JS Search
[DEBUG] 19:10:34.181 [AiEngine] Adaptive time: 500ms, depth: 4, reason: midgame, opening, tactical, emergency: false
[DEBUG] 19:10:34.181 [AiEngine] Using JS Search
[DEBUG] 19:10:34.375 [AiEngine] Adaptive time: 500ms, depth: 4, reason: midgame, opening, in-check, emergency: false
[DEBUG] 19:10:34.375 [AiEngine] Using JS Search
[DEBUG] 19:10:34.725 [AiEngine] Adaptive time: 500ms, depth: 4, reason: midgame, opening, emergency: false
[DEBUG] 19:10:34.725 [AiEngine] Using JS Search
[DEBUG] 19:10:34.925 [AiEngine] Adaptive time: 500ms, depth: 4, reason: midgame, opening, emergency: false
[DEBUG] 19:10:34.925 [AiEngine] Using JS Search
[DEBUG] 19:10:35.157 [AiEngine] Adaptive time: 500ms, depth: 4, reason: midgame, opening, emergency: false
[DEBUG] 19:10:35.158 [AiEngine] Using JS Search
[DEBUG] 19:10:35.279 [AiEngine] Adaptive time: 500ms, depth: 4, reason: midgame, opening, tactical, emergency: false
[DEBUG] 19:10:35.279 [AiEngine] Using JS Search
[DEBUG] 19:10:35.521 [AiEngine] Adaptive time: 500ms, depth: 4, reason: midgame, opening, tactical, emergency: false
[DEBUG] 19:10:35.521 [AiEngine] Using JS Search
[DEBUG] 19:10:35.662 [AiEngine] Adaptive time: 500ms, depth: 4, reason: midgame, opening, in-check, emergency: false
[DEBUG] 19:10:35.662 [AiEngine] Using JS Search
[DEBUG] 19:10:36.071 [AiEngine] Adaptive time: 500ms, depth: 4, reason: midgame, opening, tactical, emergency: false
[DEBUG] 19:10:36.071 [AiEngine] Using JS Search
[DEBUG] 19:10:36.082 [AiEngine] Adaptive time: 500ms, depth: 4, reason: midgame, opening, tactical, emergency: false
[DEBUG] 19:10:36.082 [AiEngine] Using JS Search
[DEBUG] 19:10:36.082 [AiEngine] Adaptive time: 500ms, depth: 4, reason: midgame, opening, in-check, emergency: false
[DEBUG] 19:10:36.082 [AiEngine] Using JS Search
[DEBUG] 19:10:36.083 [AiEngine] Adaptive time: 500ms, depth: 4, reason: midgame, opening, emergency: false
[DEBUG] 19:10:36.083 [AiEngine] Using JS Search
[DEBUG] 19:10:36.182 [AiEngine] Adaptive time: 500ms, depth: 4, reason: midgame, opening, emergency: false
[DEBUG] 19:10:36.182 [AiEngine] Using JS Search
[DEBUG] 19:10:36.315 [AiEngine] Adaptive time: 500ms, depth: 4, reason: midgame, opening, emergency: false
[DEBUG] 19:10:36.315 [AiEngine] Using JS Search
[DEBUG] 19:10:36.582 [AiEngine] Adaptive time: 500ms, depth: 4, reason: midgame, opening, tactical, emergency: false
[DEBUG] 19:10:36.582 [AiEngine] Using JS Search
[DEBUG] 19:10:36.665 [AiEngine] Adaptive time: 500ms, depth: 4, reason: midgame, opening, emergency: false
[DEBUG] 19:10:36.665 [AiEngine] Using JS Search
[DEBUG] 19:10:36.748 [AiEngine] Adaptive time: 500ms, depth: 4, reason: midgame, opening, emergency: false
[DEBUG] 19:10:36.748 [AiEngine] Using JS Search
[DEBUG] 19:10:36.788 [AiEngine] Adaptive time: 500ms, depth: 4, reason: midgame, opening, emergency: false
[DEBUG] 19:10:36.788 [AiEngine] Using JS Search
[DEBUG] 19:10:36.912 [AiEngine] Adaptive time: 500ms, depth: 4, reason: midgame, opening, emergency: false
[DEBUG] 19:10:36.912 [AiEngine] Using JS Search
[DEBUG] 19:10:36.948 [AiEngine] Adaptive time: 500ms, depth: 4, reason: midgame, opening, tactical, emergency: false
[DEBUG] 19:10:36.948 [AiEngine] Using JS Search
[DEBUG] 19:10:37.051 [AiEngine] Adaptive time: 500ms, depth: 4, reason: midgame, opening, emergency: false
[DEBUG] 19:10:37.052 [AiEngine] Using JS Search
[DEBUG] 19:10:37.080 [AiEngine] Adaptive time: 500ms, depth: 4, reason: midgame, opening, tactical, emergency: false
[DEBUG] 19:10:37.080 [AiEngine] Using JS Search
[DEBUG] 19:10:37.135 [AiEngine] Adaptive time: 500ms, depth: 4, reason: midgame, opening, emergency: false
[DEBUG] 19:10:37.135 [AiEngine] Using JS Search
[DEBUG] 19:10:37.274 [AiEngine] Adaptive time: 500ms, depth: 4, reason: midgame, opening, emergency: false
[DEBUG] 19:10:37.274 [AiEngine] Using JS Search
[DEBUG] 19:10:37.279 [AiEngine] Adaptive time: 500ms, depth: 4, reason: midgame, opening, emergency: false
[DEBUG] 19:10:37.279 [AiEngine] Using JS Search
[DEBUG] 19:10:37.348 [AiEngine] Adaptive time: 500ms, depth: 4, reason: midgame, opening, emergency: false
[DEBUG] 19:10:37.348 [AiEngine] Using JS Search
[DEBUG] 19:10:37.687 [AiEngine] Adaptive time: 500ms, depth: 4, reason: midgame, opening, emergency: false
[DEBUG] 19:10:37.687 [AiEngine] Using JS Search
[DEBUG] 19:10:37.750 [AiEngine] Adaptive time: 500ms, depth: 4, reason: midgame, opening, tactical, emergency: false
[DEBUG] 19:10:37.750 [AiEngine] Using JS Search
[DEBUG] 19:10:37.922 [AiEngine] Adaptive time: 500ms, depth: 4, reason: midgame, opening, emergency: false
[DEBUG] 19:10:37.922 [AiEngine] Using JS Search
[DEBUG] 19:10:37.925 [AiEngine] Adaptive time: 500ms, depth: 4, reason: midgame, opening, emergency: false
[DEBUG] 19:10:37.925 [AiEngine] Using JS Search
[DEBUG] 19:10:37.925 [AiEngine] Adaptive time: 500ms, depth: 4, reason: midgame, opening, in-check, emergency: false
[DEBUG] 19:10:37.925 [AiEngine] Using JS Search
[DEBUG] 19:10:37.925 [AiEngine] Adaptive time: 500ms, depth: 4, reason: midgame, opening, emergency: false
[DEBUG] 19:10:37.925 [AiEngine] Using JS Search
[DEBUG] 19:10:37.990 [AiEngine] Adaptive time: 500ms, depth: 4, reason: midgame, opening, emergency: false
[DEBUG] 19:10:37.990 [AiEngine] Using JS Search
[DEBUG] 19:10:38.109 [AiEngine] Adaptive time: 500ms, depth: 4, reason: midgame, opening, emergency: false
[DEBUG] 19:10:38.109 [AiEngine] Using JS Search
[DEBUG] 19:10:38.519 [AiEngine] Adaptive time: 500ms, depth: 4, reason: midgame, opening, emergency: false
[DEBUG] 19:10:38.519 [AiEngine] Using JS Search
[DEBUG] 19:10:38.786 [AiEngine] Adaptive time: 500ms, depth: 4, reason: midgame, opening, emergency: false
[DEBUG] 19:10:38.786 [AiEngine] Using JS Search
[DEBUG] 19:10:38.875 [AiEngine] Adaptive time: 500ms, depth: 4, reason: midgame, opening, emergency: false
[DEBUG] 19:10:38.875 [AiEngine] Using JS Search
[DEBUG] 19:10:39.062 [AiEngine] Adaptive time: 500ms, depth: 4, reason: midgame, opening, emergency: false
[DEBUG] 19:10:39.062 [AiEngine] Using JS Search
[DEBUG] 19:10:39.120 [AiEngine] Adaptive time: 500ms, depth: 4, reason: midgame, opening, emergency: false
[DEBUG] 19:10:39.120 [AiEngine] Using JS Search
[DEBUG] 19:10:39.139 [AiEngine] Adaptive time: 500ms, depth: 4, reason: midgame, opening, emergency: false
[DEBUG] 19:10:39.139 [AiEngine] Using JS Search
[DEBUG] 19:10:39.175 [AiEngine] Adaptive time: 500ms, depth: 4, reason: midgame, opening, emergency: false
[DEBUG] 19:10:39.175 [AiEngine] Using JS Search
[DEBUG] 19:10:39.372 [AiEngine] Adaptive time: 500ms, depth: 4, reason: midgame, opening, emergency: false
[DEBUG] 19:10:39.372 [AiEngine] Using JS Search
[DEBUG] 19:10:39.429 [AiEngine] Adaptive time: 500ms, depth: 4, reason: midgame, opening, emergency: false
[DEBUG] 19:10:39.429 [AiEngine] Using JS Search
[DEBUG] 19:10:39.624 [AiEngine] Adaptive time: 500ms, depth: 4, reason: midgame, opening, emergency: false
[DEBUG] 19:10:39.624 [AiEngine] Using JS Search
[DEBUG] 19:10:39.671 [AiEngine] Adaptive time: 500ms, depth: 4, reason: midgame, opening, tactical, emergency: false
[DEBUG] 19:10:39.671 [AiEngine] Using JS Search
[DEBUG] 19:10:39.786 [AiEngine] Adaptive time: 500ms, depth: 4, reason: midgame, opening, in-check, emergency: false
[DEBUG] 19:10:39.786 [AiEngine] Using JS Search
[DEBUG] 19:10:39.859 [AiEngine] Adaptive time: 500ms, depth: 4, reason: midgame, opening, tactical, emergency: false
[DEBUG] 19:10:39.859 [AiEngine] Using JS Search
[DEBUG] 19:10:39.860 [AiEngine] Adaptive time: 500ms, depth: 4, reason: midgame, opening, emergency: false
[DEBUG] 19:10:39.860 [AiEngine] Using JS Search
[DEBUG] 19:10:40.040 [AiEngine] Adaptive time: 500ms, depth: 4, reason: midgame, opening, emergency: false
[DEBUG] 19:10:40.040 [AiEngine] Using JS Search
[DEBUG] 19:10:40.220 [AiEngine] Adaptive time: 500ms, depth: 4, reason: midgame, opening, emergency: false
[DEBUG] 19:10:40.220 [AiEngine] Using JS Search
[DEBUG] 19:10:40.299 [AiEngine] Adaptive time: 500ms, depth: 4, reason: midgame, opening, emergency: false
[DEBUG] 19:10:40.299 [AiEngine] Using JS Search
[DEBUG] 19:10:40.402 [AiEngine] Adaptive time: 500ms, depth: 4, reason: midgame, opening, emergency: false
[DEBUG] 19:10:40.402 [AiEngine] Using JS Search
[DEBUG] 19:10:40.437 [AiEngine] Adaptive time: 500ms, depth: 4, reason: midgame, opening, emergency: false
[DEBUG] 19:10:40.437 [AiEngine] Using JS Search
[DEBUG] 19:10:40.484 [AiEngine] Adaptive time: 500ms, depth: 4, reason: midgame, opening, emergency: false
[DEBUG] 19:10:40.484 [AiEngine] Using JS Search
[DEBUG] 19:10:40.519 [AiEngine] Adaptive time: 500ms, depth: 4, reason: midgame, opening, tactical, emergency: false
[DEBUG] 19:10:40.519 [AiEngine] Using JS Search
[DEBUG] 19:10:40.606 [AiEngine] Adaptive time: 500ms, depth: 4, reason: midgame, opening, emergency: false
[DEBUG] 19:10:40.606 [AiEngine] Using JS Search
[DEBUG] 19:10:40.630 [AiEngine] Adaptive time: 500ms, depth: 4, reason: midgame, opening, tactical, emergency: false
[DEBUG] 19:10:40.630 [AiEngine] Using JS Search
[DEBUG] 19:10:40.631 [AiEngine] Adaptive time: 500ms, depth: 4, reason: midgame, opening, emergency: false
[DEBUG] 19:10:40.631 [AiEngine] Using JS Search
[DEBUG] 19:10:40.693 [AiEngine] Adaptive time: 500ms, depth: 4, reason: midgame, opening, tactical, emergency: false
[DEBUG] 19:10:40.693 [AiEngine] Using JS Search
[DEBUG] 19:10:40.694 [AiEngine] Adaptive time: 500ms, depth: 4, reason: midgame, opening, tactical, emergency: false
[DEBUG] 19:10:40.694 [AiEngine] Using JS Search
[DEBUG] 19:10:40.772 [AiEngine] Adaptive time: 500ms, depth: 4, reason: midgame, opening, tactical, emergency: false
[DEBUG] 19:10:40.772 [AiEngine] Using JS Search
[DEBUG] 19:10:40.773 [AiEngine] Adaptive time: 500ms, depth: 4, reason: midgame, opening, emergency: false
[DEBUG] 19:10:40.773 [AiEngine] Using JS Search
[DEBUG] 19:10:40.894 [AiEngine] Adaptive time: 500ms, depth: 4, reason: midgame, opening, emergency: false
[DEBUG] 19:10:40.894 [AiEngine] Using JS Search
[DEBUG] 19:10:40.895 [AiEngine] Adaptive time: 500ms, depth: 4, reason: midgame, opening, emergency: false
[DEBUG] 19:10:40.895 [AiEngine] Using JS Search
[DEBUG] 19:10:41.029 [AiEngine] Adaptive time: 500ms, depth: 4, reason: midgame, opening, emergency: false
[DEBUG] 19:10:41.029 [AiEngine] Using JS Search
[DEBUG] 19:10:41.030 [AiEngine] Adaptive time: 500ms, depth: 4, reason: midgame, opening, emergency: false
[DEBUG] 19:10:41.030 [AiEngine] Using JS Search
[DEBUG] 19:10:41.180 [AiEngine] Adaptive time: 500ms, depth: 4, reason: midgame, opening, emergency: false
[DEBUG] 19:10:41.180 [AiEngine] Using JS Search
[DEBUG] 19:10:41.216 [AiEngine] Adaptive time: 500ms, depth: 4, reason: midgame, opening, tactical, emergency: false
[DEBUG] 19:10:41.216 [AiEngine] Using JS Search
[DEBUG] 19:10:41.424 [AiEngine] Adaptive time: 500ms, depth: 4, reason: midgame, opening, emergency: false
[DEBUG] 19:10:41.424 [AiEngine] Using JS Search
[DEBUG] 19:10:41.498 [AiEngine] Adaptive time: 500ms, depth: 4, reason: midgame, opening, tactical, emergency: false
[DEBUG] 19:10:41.498 [AiEngine] Using JS Search
[DEBUG] 19:10:41.607 [AiEngine] Adaptive time: 500ms, depth: 4, reason: midgame, opening, emergency: false
[DEBUG] 19:10:41.607 [AiEngine] Using JS Search
[DEBUG] 19:10:41.666 [AiEngine] Adaptive time: 3000ms, depth: 5, reason: midgame, tactical, emergency: false
[DEBUG] 19:10:41.666 [AiEngine] Using JS Search
[DEBUG] 19:10:41.863 [AiEngine] Adaptive time: 3000ms, depth: 5, reason: midgame, in-check, emergency: false
[DEBUG] 19:10:41.863 [AiEngine] Using JS Search
[DEBUG] 19:10:41.882 [AiEngine] Adaptive time: 3000ms, depth: 5, reason: midgame, emergency: false
[DEBUG] 19:10:41.882 [AiEngine] Using JS Search
[DEBUG] 19:10:42.103 [AiEngine] Adaptive time: 3000ms, depth: 5, reason: standard, emergency: false
[DEBUG] 19:10:42.103 [AiEngine] Using JS Search
[DEBUG] 19:10:42.212 [AiEngine] Adaptive time: 3000ms, depth: 5, reason: tactical, emergency: false
[DEBUG] 19:10:42.212 [AiEngine] Using JS Search
[DEBUG] 19:10:42.672 [AiEngine] Adaptive time: 3000ms, depth: 5, reason: standard, emergency: false
[DEBUG] 19:10:42.672 [AiEngine] Using JS Search
[DEBUG] 19:10:42.792 [AiEngine] Adaptive time: 3000ms, depth: 5, reason: tactical, emergency: false
[DEBUG] 19:10:42.792 [AiEngine] Using JS Search
[DEBUG] 19:10:42.999 [AiEngine] Adaptive time: 3000ms, depth: 5, reason: standard, emergency: false
[DEBUG] 19:10:42.999 [AiEngine] Using JS Search
[DEBUG] 19:10:43.000 [AiEngine] Adaptive time: 3000ms, depth: 5, reason: tactical, emergency: false
[DEBUG] 19:10:43.000 [AiEngine] Using JS Search
[DEBUG] 19:10:43.000 [AiEngine] Adaptive time: 3000ms, depth: 5, reason: in-check, emergency: false
[DEBUG] 19:10:43.000 [AiEngine] Using JS Search
[DEBUG] 19:10:43.000 [AiEngine] Adaptive time: 500ms, depth: 4, reason: midgame, opening, emergency: false
[DEBUG] 19:10:43.000 [AiEngine] Using JS Search
[DEBUG] 19:10:43.160 [AiEngine] Adaptive time: 500ms, depth: 4, reason: midgame, opening, emergency: false
[DEBUG] 19:10:43.160 [AiEngine] Using JS Search
[DEBUG] 19:10:43.301 [AiEngine] Adaptive time: 500ms, depth: 4, reason: midgame, opening, emergency: false
[DEBUG] 19:10:43.301 [AiEngine] Using JS Search
[DEBUG] 19:10:43.492 [AiEngine] Adaptive time: 500ms, depth: 4, reason: midgame, opening, emergency: false
[DEBUG] 19:10:43.492 [AiEngine] Using JS Search
[DEBUG] 19:10:43.832 [AiEngine] Adaptive time: 500ms, depth: 4, reason: midgame, opening, emergency: false
[DEBUG] 19:10:43.832 [AiEngine] Using JS Search
[DEBUG] 19:10:44.006 [AiEngine] Adaptive time: 500ms, depth: 4, reason: midgame, opening, emergency: false
[DEBUG] 19:10:44.006 [AiEngine] Using JS Search
[DEBUG] 19:10:44.096 [AiEngine] Adaptive time: 500ms, depth: 4, reason: midgame, opening, tactical, emergency: false
[DEBUG] 19:10:44.096 [AiEngine] Using JS Search
[DEBUG] 19:10:44.922 [AiEngine] Adaptive time: 500ms, depth: 4, reason: midgame, opening, emergency: false
[DEBUG] 19:10:44.922 [AiEngine] Using JS Search
[DEBUG] 19:10:45.019 [AiEngine] Adaptive time: 500ms, depth: 4, reason: midgame, opening, emergency: false
[DEBUG] 19:10:45.019 [AiEngine] Using JS Search
[DEBUG] 19:10:45.373 [AiEngine] Adaptive time: 500ms, depth: 4, reason: midgame, opening, emergency: false
[DEBUG] 19:10:45.373 [AiEngine] Using JS Search
[DEBUG] 19:10:45.634 [AiEngine] Adaptive time: 500ms, depth: 4, reason: midgame, opening, tactical, emergency: false
[DEBUG] 19:10:45.634 [AiEngine] Using JS Search
[DEBUG] 19:10:45.696 [AiEngine] Adaptive time: 500ms, depth: 4, reason: midgame, opening, emergency: false
[DEBUG] 19:10:45.697 [AiEngine] Using JS Search
[DEBUG] 19:10:45.999 [AiEngine] Adaptive time: 500ms, depth: 4, reason: midgame, opening, tactical, emergency: false
[DEBUG] 19:10:45.999 [AiEngine] Using JS Search
[DEBUG] 19:10:46.089 [AiEngine] Adaptive time: 500ms, depth: 4, reason: midgame, opening, in-check, emergency: false
[DEBUG] 19:10:46.089 [AiEngine] Using JS Search
[DEBUG] 19:10:46.323 [AiEngine] Adaptive time: 500ms, depth: 4, reason: midgame, opening, emergency: false
[DEBUG] 19:10:46.323 [AiEngine] Using JS Search
[DEBUG] 19:10:46.370 [AiEngine] Adaptive time: 500ms, depth: 4, reason: midgame, opening, tactical, emergency: false
[DEBUG] 19:10:46.370 [AiEngine] Using JS Search
[DEBUG] 19:10:46.521 [AiEngine] Adaptive time: 500ms, depth: 4, reason: midgame, opening, emergency: false
[DEBUG] 19:10:46.521 [AiEngine] Using JS Search
[DEBUG] 19:10:46.576 [AiEngine] Adaptive time: 500ms, depth: 4, reason: midgame, opening, tactical, emergency: false
[DEBUG] 19:10:46.576 [AiEngine] Using JS Search
[DEBUG] 19:10:46.806 [AiEngine] Adaptive time: 500ms, depth: 4, reason: midgame, opening, tactical, emergency: false
[DEBUG] 19:10:46.806 [AiEngine] Using JS Search
[DEBUG] 19:10:46.849 [AiEngine] Adaptive time: 500ms, depth: 4, reason: midgame, opening, tactical, emergency: false
[DEBUG] 19:10:46.849 [AiEngine] Using JS Search
[DEBUG] 19:10:47.313 [AiEngine] Adaptive time: 500ms, depth: 4, reason: midgame, opening, emergency: false
[DEBUG] 19:10:47.313 [AiEngine] Using JS Search
[DEBUG] 19:10:47.349 [AiEngine] Adaptive time: 500ms, depth: 4, reason: midgame, opening, tactical, emergency: false
[DEBUG] 19:10:47.349 [AiEngine] Using JS Search
[DEBUG] 19:10:47.354 [AiEngine] Adaptive time: 500ms, depth: 4, reason: midgame, opening, in-check, emergency: false
[DEBUG] 19:10:47.354 [AiEngine] Using JS Search
[DEBUG] 19:10:47.357 [AiEngine] Adaptive time: 500ms, depth: 4, reason: midgame, opening, tactical, emergency: false
[DEBUG] 19:10:47.357 [AiEngine] Using JS Search
[DEBUG] 19:10:47.358 [AiEngine] Adaptive time: 500ms, depth: 4, reason: midgame, opening, emergency: false
[DEBUG] 19:10:47.358 [AiEngine] Using JS Search
[DEBUG] 19:10:47.420 [AiEngine] Adaptive time: 500ms, depth: 4, reason: midgame, opening, tactical, emergency: false
[DEBUG] 19:10:47.420 [AiEngine] Using JS Search
[DEBUG] 19:10:47.421 [AiEngine] Adaptive time: 500ms, depth: 4, reason: midgame, opening, emergency: false
[DEBUG] 19:10:47.421 [AiEngine] Using JS Search
[DEBUG] 19:10:47.482 [AiEngine] Adaptive time: 500ms, depth: 4, reason: midgame, opening, tactical, emergency: false
[DEBUG] 19:10:47.482 [AiEngine] Using JS Search
[DEBUG] 19:10:47.483 [AiEngine] Adaptive time: 500ms, depth: 4, reason: midgame, opening, emergency: false
[DEBUG] 19:10:47.483 [AiEngine] Using JS Search
[DEBUG] 19:10:47.542 [AiEngine] Adaptive time: 500ms, depth: 4, reason: midgame, opening, emergency: false
[DEBUG] 19:10:47.542 [AiEngine] Using JS Search
[DEBUG] 19:10:47.543 [AiEngine] Adaptive time: 500ms, depth: 4, reason: midgame, opening, tactical, emergency: false
[DEBUG] 19:10:47.543 [AiEngine] Using JS Search
[DEBUG] 19:10:47.620 [AiEngine] Adaptive time: 500ms, depth: 4, reason: midgame, opening, in-check, emergency: false
[DEBUG] 19:10:47.620 [AiEngine] Using JS Search
[DEBUG] 19:10:47.621 [AiEngine] Adaptive time: 500ms, depth: 4, reason: midgame, opening, emergency: false
[DEBUG] 19:10:47.621 [AiEngine] Using JS Search
[DEBUG] 19:10:47.669 [AiEngine] Adaptive time: 500ms, depth: 4, reason: midgame, opening, tactical, emergency: false
[DEBUG] 19:10:47.669 [AiEngine] Using JS Search
[DEBUG] 19:10:47.670 [AiEngine] Adaptive time: 500ms, depth: 4, reason: midgame, opening, emergency: false
[DEBUG] 19:10:47.670 [AiEngine] Using JS Search
[DEBUG] 19:10:47.719 [AiEngine] Adaptive time: 500ms, depth: 4, reason: midgame, opening, tactical, emergency: false
[DEBUG] 19:10:47.719 [AiEngine] Using JS Search
[DEBUG] 19:10:47.721 [AiEngine] Adaptive time: 500ms, depth: 4, reason: midgame, opening, in-check, emergency: false
[DEBUG] 19:10:47.721 [AiEngine] Using JS Search
[DEBUG] 19:10:47.727 [AiEngine] Adaptive time: 500ms, depth: 4, reason: midgame, opening, emergency: false
[DEBUG] 19:10:47.727 [AiEngine] Using JS Search
[DEBUG] 19:10:47.728 [AiEngine] Adaptive time: 500ms, depth: 4, reason: midgame, opening, tactical, emergency: false
[DEBUG] 19:10:47.729 [AiEngine] Using JS Search
[DEBUG] 19:10:48.109 [AiEngine] Adaptive time: 500ms, depth: 4, reason: midgame, opening, emergency: false
[DEBUG] 19:10:48.109 [AiEngine] Using JS Search
[DEBUG] 19:10:48.110 [AiEngine] Adaptive time: 3000ms, depth: 5, reason: midgame, tactical, emergency: false
[DEBUG] 19:10:48.110 [AiEngine] Using JS Search
[DEBUG] 19:10:48.467 [AiEngine] Adaptive time: 3000ms, depth: 5, reason: midgame, emergency: false
[DEBUG] 19:10:48.467 [AiEngine] Using JS Search
[DEBUG] 19:10:48.468 [AiEngine] Adaptive time: 3000ms, depth: 5, reason: midgame, tactical, emergency: false
[DEBUG] 19:10:48.468 [AiEngine] Using JS Search
[DEBUG] 19:10:48.732 [AiEngine] Adaptive time: 3000ms, depth: 5, reason: midgame, in-check, emergency: false
[DEBUG] 19:10:48.732 [AiEngine] Using JS Search
[DEBUG] 19:10:48.733 [AiEngine] Adaptive time: 3000ms, depth: 5, reason: midgame, emergency: false
[DEBUG] 19:10:48.733 [AiEngine] Using JS Search
[DEBUG] 19:10:48.963 [AiEngine] Adaptive time: 3000ms, depth: 5, reason: midgame, tactical, emergency: false
[DEBUG] 19:10:48.964 [AiEngine] Using JS Search
[DEBUG] 19:10:48.965 [AiEngine] Adaptive time: 3000ms, depth: 5, reason: midgame, tactical, emergency: false
[DEBUG] 19:10:48.965 [AiEngine] Using JS Search
[DEBUG] 19:10:49.163 [AiEngine] Adaptive time: 3000ms, depth: 5, reason: standard, emergency: false
[DEBUG] 19:10:49.163 [AiEngine] Using JS Search
[DEBUG] 19:10:49.164 [AiEngine] Adaptive time: 3000ms, depth: 5, reason: standard, emergency: false
[DEBUG] 19:10:49.164 [AiEngine] Using JS Search
[DEBUG] 19:10:49.542 [AiEngine] Adaptive time: 3000ms, depth: 5, reason: standard, emergency: false
[DEBUG] 19:10:49.542 [AiEngine] Using JS Search
[DEBUG] 19:10:49.544 [AiEngine] Adaptive time: 3000ms, depth: 5, reason: tactical, emergency: false
[DEBUG] 19:10:49.544 [AiEngine] Using JS Search
[DEBUG] 19:10:49.799 [AiEngine] Adaptive time: 3000ms, depth: 5, reason: standard, emergency: false
[DEBUG] 19:10:49.799 [AiEngine] Using JS Search
[DEBUG] 19:10:49.801 [AiEngine] Adaptive time: 3000ms, depth: 5, reason: standard, emergency: false
[DEBUG] 19:10:49.801 [AiEngine] Using JS Search
[DEBUG] 19:10:50.001 [AiEngine] Adaptive time: 3000ms, depth: 5, reason: standard, emergency: false
[DEBUG] 19:10:50.001 [AiEngine] Using JS Search
[DEBUG] 19:10:50.041 [AiEngine] Adaptive time: 3000ms, depth: 5, reason: tactical, emergency: false
[DEBUG] 19:10:50.041 [AiEngine] Using JS Search
[DEBUG] 19:10:50.109 [AiEngine] Adaptive time: 3000ms, depth: 5, reason: in-check, emergency: false
[DEBUG] 19:10:50.109 [AiEngine] Using JS Search
[DEBUG] 19:10:50.116 [AiEngine] Adaptive time: 3000ms, depth: 5, reason: endgame, emergency: false
[DEBUG] 19:10:50.116 [AiEngine] Using JS Search
[DEBUG] 19:10:50.176 [AiEngine] Adaptive time: 3000ms, depth: 5, reason: endgame, emergency: false
[DEBUG] 19:10:50.176 [AiEngine] Using JS Search
[DEBUG] 19:10:50.179 [AiEngine] Adaptive time: 3000ms, depth: 5, reason: endgame, emergency: false
[DEBUG] 19:10:50.179 [AiEngine] Using JS Search
[DEBUG] 19:10:50.219 [AiEngine] Adaptive time: 3000ms, depth: 5, reason: endgame, emergency: false
[DEBUG] 19:10:50.219 [AiEngine] Using JS Search
[DEBUG] 19:10:50.246 [AiEngine] Adaptive time: 3000ms, depth: 5, reason: endgame, emergency: false
[DEBUG] 19:10:50.246 [AiEngine] Using JS Search
[DEBUG] 19:10:50.279 [AiEngine] Adaptive time: 3000ms, depth: 5, reason: endgame, in-check, emergency: false
[DEBUG] 19:10:50.279 [AiEngine] Using JS Search
[DEBUG] 19:10:50.292 [AiEngine] Adaptive time: 3000ms, depth: 5, reason: endgame, emergency: false
[DEBUG] 19:10:50.292 [AiEngine] Using JS Search
[DEBUG] 19:10:50.306 [AiEngine] Adaptive time: 3000ms, depth: 5, reason: endgame, emergency: false
[DEBUG] 19:10:50.306 [AiEngine] Using JS Search
[DEBUG] 19:10:50.350 [AiEngine] Adaptive time: 3000ms, depth: 5, reason: endgame, emergency: false
[DEBUG] 19:10:50.350 [AiEngine] Using JS Search
[DEBUG] 19:10:50.361 [AiEngine] Adaptive time: 3000ms, depth: 5, reason: endgame, emergency: false
[DEBUG] 19:10:50.361 [AiEngine] Using JS Search
[DEBUG] 19:10:50.397 [AiEngine] Adaptive time: 3000ms, depth: 5, reason: endgame, emergency: false
[DEBUG] 19:10:50.398 [AiEngine] Using JS Search
[DEBUG] 19:10:50.408 [AiEngine] Adaptive time: 3000ms, depth: 5, reason: endgame, emergency: false
[DEBUG] 19:10:50.408 [AiEngine] Using JS Search
[DEBUG] 19:10:50.436 [AiEngine] Adaptive time: 3000ms, depth: 5, reason: endgame, emergency: false
[DEBUG] 19:10:50.436 [AiEngine] Using JS Search
[DEBUG] 19:10:50.446 [AiEngine] Adaptive time: 3000ms, depth: 5, reason: endgame, emergency: false
[DEBUG] 19:10:50.446 [AiEngine] Using JS Search
[DEBUG] 19:10:50.484 [AiEngine] Adaptive time: 3000ms, depth: 5, reason: endgame, emergency: false
[DEBUG] 19:10:50.484 [AiEngine] Using JS Search
[DEBUG] 19:10:50.492 [AiEngine] Adaptive time: 3000ms, depth: 5, reason: endgame, emergency: false
[DEBUG] 19:10:50.492 [AiEngine] Using JS Search
[DEBUG] 19:10:50.511 [AiEngine] Adaptive time: 3000ms, depth: 5, reason: endgame, emergency: false
[DEBUG] 19:10:50.511 [AiEngine] Using JS Search
[DEBUG] 19:10:50.521 [AiEngine] Adaptive time: 3000ms, depth: 5, reason: endgame, emergency: false
[DEBUG] 19:10:50.521 [AiEngine] Using JS Search
[DEBUG] 19:10:50.553 [AiEngine] Adaptive time: 3000ms, depth: 5, reason: endgame, emergency: false
[DEBUG] 19:10:50.553 [AiEngine] Using JS Search
[DEBUG] 19:10:50.560 [AiEngine] Adaptive time: 3000ms, depth: 5, reason: endgame, emergency: false
[DEBUG] 19:10:50.561 [AiEngine] Using JS Search
[DEBUG] 19:10:50.591 [AiEngine] Adaptive time: 3000ms, depth: 5, reason: endgame, emergency: false
[DEBUG] 19:10:50.591 [AiEngine] Using JS Search
[DEBUG] 19:10:50.595 [AiEngine] Adaptive time: 3000ms, depth: 5, reason: endgame, emergency: false
[DEBUG] 19:10:50.595 [AiEngine] Using JS Search
[DEBUG] 19:10:50.611 [AiEngine] Adaptive time: 3000ms, depth: 5, reason: endgame, emergency: false
[DEBUG] 19:10:50.611 [AiEngine] Using JS Search
[DEBUG] 19:10:50.614 [AiEngine] Adaptive time: 3000ms, depth: 5, reason: endgame, emergency: false
[DEBUG] 19:10:50.614 [AiEngine] Using JS Search
[DEBUG] 19:10:50.629 [AiEngine] Adaptive time: 3000ms, depth: 5, reason: endgame, emergency: false
[DEBUG] 19:10:50.630 [AiEngine] Using JS Search
[DEBUG] 19:10:50.635 [AiEngine] Adaptive time: 3000ms, depth: 5, reason: endgame, emergency: false
[DEBUG] 19:10:50.635 [AiEngine] Using JS Search
[DEBUG] 19:10:50.658 [AiEngine] Adaptive time: 3000ms, depth: 5, reason: endgame, emergency: false
[DEBUG] 19:10:50.658 [AiEngine] Using JS Search
[DEBUG] 19:10:50.663 [AiEngine] Adaptive time: 3000ms, depth: 5, reason: endgame, emergency: false
[DEBUG] 19:10:50.663 [AiEngine] Using JS Search
[DEBUG] 19:10:50.674 [AiEngine] Adaptive time: 3000ms, depth: 5, reason: endgame, emergency: false
[DEBUG] 19:10:50.674 [AiEngine] Using JS Search
[DEBUG] 19:10:50.678 [AiEngine] Adaptive time: 3000ms, depth: 5, reason: endgame, emergency: false
[DEBUG] 19:10:50.678 [AiEngine] Using JS Search
[DEBUG] 19:10:50.694 [AiEngine] Adaptive time: 3000ms, depth: 5, reason: endgame, emergency: false
[DEBUG] 19:10:50.694 [AiEngine] Using JS Search
[DEBUG] 19:10:50.699 [AiEngine] Adaptive time: 3000ms, depth: 5, reason: endgame, emergency: false
[DEBUG] 19:10:50.699 [AiEngine] Using JS Search
[DEBUG] 19:10:50.710 [AiEngine] Adaptive time: 3000ms, depth: 5, reason: endgame, emergency: false
[DEBUG] 19:10:50.710 [AiEngine] Using JS Search
[DEBUG] 19:10:50.713 [AiEngine] Adaptive time: 3000ms, depth: 5, reason: endgame, emergency: false
[DEBUG] 19:10:50.714 [AiEngine] Using JS Search
[DEBUG] 19:10:50.725 [AiEngine] Adaptive time: 3000ms, depth: 5, reason: endgame, emergency: false
[DEBUG] 19:10:50.725 [AiEngine] Using JS Search
[DEBUG] 19:10:50.729 [AiEngine] Adaptive time: 3000ms, depth: 5, reason: endgame, emergency: false
[DEBUG] 19:10:50.729 [AiEngine] Using JS Search
[DEBUG] 19:10:50.744 [AiEngine] Adaptive time: 3000ms, depth: 5, reason: endgame, emergency: false
[DEBUG] 19:10:50.744 [AiEngine] Using JS Search
[DEBUG] 19:10:50.751 [AiEngine] Adaptive time: 3000ms, depth: 5, reason: endgame, emergency: false
[DEBUG] 19:10:50.751 [AiEngine] Using JS Search
[DEBUG] 19:10:50.758 [AiEngine] Adaptive time: 3000ms, depth: 5, reason: endgame, emergency: false
[DEBUG] 19:10:50.758 [AiEngine] Using JS Search
[DEBUG] 19:10:50.761 [AiEngine] Adaptive time: 3000ms, depth: 5, reason: endgame, emergency: false
[DEBUG] 19:10:50.761 [AiEngine] Using JS Search
[DEBUG] 19:10:50.774 [AiEngine] Adaptive time: 3000ms, depth: 5, reason: endgame, emergency: false
[DEBUG] 19:10:50.774 [AiEngine] Using JS Search
[DEBUG] 19:10:50.779 [AiEngine] Adaptive time: 3000ms, depth: 5, reason: endgame, emergency: false
[DEBUG] 19:10:50.779 [AiEngine] Using JS Search
[DEBUG] 19:10:50.801 [AiEngine] Adaptive time: 3000ms, depth: 5, reason: endgame, emergency: false
[DEBUG] 19:10:50.801 [AiEngine] Using JS Search
[DEBUG] 19:10:50.805 [AiEngine] Adaptive time: 3000ms, depth: 5, reason: endgame, emergency: false
[DEBUG] 19:10:50.805 [AiEngine] Using JS Search
[DEBUG] 19:10:50.824 [AiEngine] Adaptive time: 500ms, depth: 4, reason: midgame, opening, emergency: false
[DEBUG] 19:10:50.824 [AiEngine] Using JS Search
[DEBUG] 19:10:50.876 [AiEngine] Adaptive time: 500ms, depth: 4, reason: midgame, opening, emergency: false
[DEBUG] 19:10:50.876 [AiEngine] Using JS Search
[DEBUG] 19:10:51.040 [AiEngine] Adaptive time: 500ms, depth: 4, reason: midgame, opening, tactical, emergency: false
[DEBUG] 19:10:51.040 [AiEngine] Using JS Search
[DEBUG] 19:10:51.219 [AiEngine] Adaptive time: 500ms, depth: 4, reason: midgame, opening, emergency: false
[DEBUG] 19:10:51.219 [AiEngine] Using JS Search
[DEBUG] 19:10:51.285 [AiEngine] Adaptive time: 500ms, depth: 4, reason: midgame, opening, tactical, emergency: false
[DEBUG] 19:10:51.285 [AiEngine] Using JS Search
[DEBUG] 19:10:51.318 [AiEngine] Adaptive time: 500ms, depth: 4, reason: midgame, opening, in-check, emergency: false
[DEBUG] 19:10:51.318 [AiEngine] Using JS Search
[DEBUG] 19:10:51.321 [AiEngine] Adaptive time: 500ms, depth: 4, reason: midgame, opening, tactical, emergency: false
[DEBUG] 19:10:51.321 [AiEngine] Using JS Search
[DEBUG] 19:10:51.512 [AiEngine] Adaptive time: 500ms, depth: 4, reason: midgame, opening, tactical, emergency: false
[DEBUG] 19:10:51.512 [AiEngine] Using JS Search
[DEBUG] 19:10:51.788 [AiEngine] Adaptive time: 500ms, depth: 4, reason: midgame, opening, emergency: false
[DEBUG] 19:10:51.788 [AiEngine] Using JS Search
[DEBUG] 19:10:51.840 [AiEngine] Adaptive time: 500ms, depth: 4, reason: midgame, opening, tactical, emergency: false
[DEBUG] 19:10:51.840 [AiEngine] Using JS Search
[DEBUG] 19:10:52.043 [AiEngine] Adaptive time: 500ms, depth: 4, reason: midgame, opening, emergency: false
[DEBUG] 19:10:52.043 [AiEngine] Using JS Search
[DEBUG] 19:10:52.106 [AiEngine] Adaptive time: 500ms, depth: 4, reason: midgame, opening, tactical, emergency: false
[DEBUG] 19:10:52.106 [AiEngine] Using JS Search
[DEBUG] 19:10:52.265 [AiEngine] Adaptive time: 500ms, depth: 4, reason: midgame, opening, emergency: false
[DEBUG] 19:10:52.266 [AiEngine] Using JS Search
[DEBUG] 19:10:52.292 [AiEngine] Adaptive time: 500ms, depth: 4, reason: midgame, opening, tactical, emergency: false
[DEBUG] 19:10:52.292 [AiEngine] Using JS Search
[DEBUG] 19:10:52.679 [AiEngine] Adaptive time: 500ms, depth: 4, reason: midgame, opening, emergency: false
[DEBUG] 19:10:52.679 [AiEngine] Using JS Search
[DEBUG] 19:10:52.702 [AiEngine] Adaptive time: 500ms, depth: 4, reason: midgame, opening, tactical, emergency: false
[DEBUG] 19:10:52.702 [AiEngine] Using JS Search
[DEBUG] 19:10:52.806 [AiEngine] Adaptive time: 500ms, depth: 4, reason: midgame, opening, tactical, emergency: false
[DEBUG] 19:10:52.806 [AiEngine] Using JS Search
[DEBUG] 19:10:52.832 [AiEngine] Adaptive time: 500ms, depth: 4, reason: midgame, opening, tactical, emergency: false
[DEBUG] 19:10:52.832 [AiEngine] Using JS Search
[DEBUG] 19:10:52.936 [AiEngine] Adaptive time: 500ms, depth: 4, reason: midgame, opening, emergency: false
[DEBUG] 19:10:52.936 [AiEngine] Using JS Search
[DEBUG] 19:10:52.956 [AiEngine] Adaptive time: 500ms, depth: 4, reason: midgame, opening, tactical, emergency: false
[DEBUG] 19:10:52.956 [AiEngine] Using JS Search
[DEBUG] 19:10:52.967 [AiEngine] Adaptive time: 500ms, depth: 4, reason: midgame, opening, emergency: false
[DEBUG] 19:10:52.967 [AiEngine] Using JS Search
[DEBUG] 19:10:52.999 [AiEngine] Adaptive time: 500ms, depth: 4, reason: midgame, opening, tactical, emergency: false
[DEBUG] 19:10:52.999 [AiEngine] Using JS Search
[DEBUG] 19:10:53.001 [AiEngine] Adaptive time: 500ms, depth: 4, reason: midgame, opening, in-check, emergency: false
[DEBUG] 19:10:53.001 [AiEngine] Using JS Search
[DEBUG] 19:10:53.004 [AiEngine] Adaptive time: 500ms, depth: 4, reason: midgame, opening, emergency: false
[DEBUG] 19:10:53.004 [AiEngine] Using JS Search
[DEBUG] 19:10:53.005 [AiEngine] Adaptive time: 500ms, depth: 4, reason: midgame, opening, emergency: false
[DEBUG] 19:10:53.005 [AiEngine] Using JS Search
[DEBUG] 19:10:53.119 [AiEngine] Adaptive time: 500ms, depth: 4, reason: midgame, opening, emergency: false
[DEBUG] 19:10:53.119 [AiEngine] Using JS Search
[DEBUG] 19:10:53.448 [AiEngine] Adaptive time: 500ms, depth: 4, reason: midgame, opening, emergency: false
[DEBUG] 19:10:53.448 [AiEngine] Using JS Search
[DEBUG] 19:10:53.478 [AiEngine] Adaptive time: 500ms, depth: 4, reason: midgame, opening, tactical, emergency: false
[DEBUG] 19:10:53.478 [AiEngine] Using JS Search
[DEBUG] 19:10:53.490 [AiEngine] Adaptive time: 500ms, depth: 4, reason: midgame, opening, emergency: false
[DEBUG] 19:10:53.490 [AiEngine] Using JS Search
[DEBUG] 19:10:53.526 [AiEngine] Adaptive time: 500ms, depth: 4, reason: midgame, opening, emergency: false
[DEBUG] 19:10:53.526 [AiEngine] Using JS Search
[DEBUG] 19:10:53.739 [AiEngine] Adaptive time: 500ms, depth: 4, reason: midgame, opening, tactical, emergency: false
[DEBUG] 19:10:53.739 [AiEngine] Using JS Search
[DEBUG] 19:10:53.809 [AiEngine] Adaptive time: 500ms, depth: 4, reason: midgame, opening, in-check, emergency: false
[DEBUG] 19:10:53.809 [AiEngine] Using JS Search
[DEBUG] 19:10:53.853 [AiEngine] Adaptive time: 500ms, depth: 4, reason: midgame, opening, tactical, emergency: false
[DEBUG] 19:10:53.854 [AiEngine] Using JS Search
[DEBUG] 19:10:54.003 [AiEngine] Adaptive time: 500ms, depth: 4, reason: midgame, opening, emergency: false
[DEBUG] 19:10:54.003 [AiEngine] Using JS Search
[DEBUG] 19:10:54.080 [AiEngine] Adaptive time: 500ms, depth: 4, reason: midgame, opening, tactical, emergency: false
[DEBUG] 19:10:54.081 [AiEngine] Using JS Search
[DEBUG] 19:10:54.131 [AiEngine] Adaptive time: 500ms, depth: 4, reason: midgame, opening, in-check, emergency: false
[DEBUG] 19:10:54.131 [AiEngine] Using JS Search
[DEBUG] 19:10:54.160 [AiEngine] Adaptive time: 500ms, depth: 4, reason: midgame, opening, tactical, emergency: false
[DEBUG] 19:10:54.160 [AiEngine] Using JS Search
[DEBUG] 19:10:54.249 [AiEngine] Adaptive time: 500ms, depth: 4, reason: midgame, opening, emergency: false
[DEBUG] 19:10:54.249 [AiEngine] Using JS Search
[DEBUG] 19:10:54.283 [AiEngine] Adaptive time: 500ms, depth: 4, reason: midgame, opening, tactical, emergency: false
[DEBUG] 19:10:54.283 [AiEngine] Using JS Search
[DEBUG] 19:10:54.355 [AiEngine] Adaptive time: 500ms, depth: 4, reason: midgame, opening, in-check, emergency: false
[DEBUG] 19:10:54.355 [AiEngine] Using JS Search
[DEBUG] 19:10:54.364 [AiEngine] Adaptive time: 3000ms, depth: 5, reason: midgame, tactical, emergency: false
[DEBUG] 19:10:54.364 [AiEngine] Using JS Search
[DEBUG] 19:10:54.761 [AiEngine] Adaptive time: 3000ms, depth: 5, reason: midgame, in-check, emergency: false
[DEBUG] 19:10:54.761 [AiEngine] Using JS Search
[DEBUG] 19:10:54.789 [AiEngine] Adaptive time: 3000ms, depth: 5, reason: midgame, tactical, emergency: false
[DEBUG] 19:10:54.789 [AiEngine] Using JS Search
[DEBUG] 19:10:55.137 [AiEngine] Adaptive time: 3000ms, depth: 5, reason: midgame, in-check, emergency: false
[DEBUG] 19:10:55.137 [AiEngine] Using JS Search
[DEBUG] 19:10:55.172 [AiEngine] Adaptive time: 3000ms, depth: 5, reason: midgame, tactical, emergency: false
[DEBUG] 19:10:55.172 [AiEngine] Using JS Search
[DEBUG] 19:10:55.618 [AiEngine] Adaptive time: 3000ms, depth: 5, reason: midgame, emergency: false
[DEBUG] 19:10:55.618 [AiEngine] Using JS Search
[DEBUG] 19:10:55.668 [AiEngine] Adaptive time: 3000ms, depth: 5, reason: midgame, tactical, emergency: false
[DEBUG] 19:10:55.668 [AiEngine] Using JS Search
[DEBUG] 19:10:56.067 [AiEngine] Adaptive time: 3000ms, depth: 5, reason: midgame, in-check, emergency: false
[DEBUG] 19:10:56.067 [AiEngine] Using JS Search
[DEBUG] 19:10:56.067 [AiEngine] Adaptive time: 3000ms, depth: 5, reason: tactical, emergency: false
[DEBUG] 19:10:56.068 [AiEngine] Using JS Search
[DEBUG] 19:10:56.068 [AiEngine] Adaptive time: 3000ms, depth: 5, reason: in-check, emergency: false
[DEBUG] 19:10:56.068 [AiEngine] Using JS Search
[DEBUG] 19:10:56.068 [AiEngine] Adaptive time: 500ms, depth: 4, reason: midgame, opening, emergency: false
[DEBUG] 19:10:56.068 [AiEngine] Using JS Search
[DEBUG] 19:10:56.100 [AiEngine] Adaptive time: 500ms, depth: 4, reason: midgame, opening, emergency: false
[DEBUG] 19:10:56.100 [AiEngine] Using JS Search
[DEBUG] 19:10:56.283 [AiEngine] Adaptive time: 500ms, depth: 4, reason: midgame, opening, emergency: false
[DEBUG] 19:10:56.283 [AiEngine] Using JS Search
[DEBUG] 19:10:56.627 [AiEngine] Adaptive time: 500ms, depth: 4, reason: midgame, opening, emergency: false
[DEBUG] 19:10:56.627 [AiEngine] Using JS Search
[DEBUG] 19:10:56.676 [AiEngine] Adaptive time: 500ms, depth: 4, reason: midgame, opening, tactical, emergency: false
[DEBUG] 19:10:56.676 [AiEngine] Using JS Search
[DEBUG] 19:10:56.730 [AiEngine] Adaptive time: 500ms, depth: 4, reason: midgame, opening, emergency: false
[DEBUG] 19:10:56.730 [AiEngine] Using JS Search
[DEBUG] 19:10:56.958 [AiEngine] Adaptive time: 500ms, depth: 4, reason: midgame, opening, emergency: false
[DEBUG] 19:10:56.958 [AiEngine] Using JS Search
[DEBUG] 19:10:57.007 [AiEngine] Adaptive time: 500ms, depth: 4, reason: midgame, opening, tactical, emergency: false
[DEBUG] 19:10:57.008 [AiEngine] Using JS Search
[DEBUG] 19:10:57.140 [AiEngine] Adaptive time: 500ms, depth: 4, reason: midgame, opening, emergency: false
[DEBUG] 19:10:57.140 [AiEngine] Using JS Search
[DEBUG] 19:10:57.188 [AiEngine] Adaptive time: 500ms, depth: 4, reason: midgame, opening, tactical, emergency: false
[DEBUG] 19:10:57.188 [AiEngine] Using JS Search
[DEBUG] 19:10:57.295 [AiEngine] Adaptive time: 500ms, depth: 4, reason: midgame, opening, emergency: false
[DEBUG] 19:10:57.295 [AiEngine] Using JS Search
[DEBUG] 19:10:57.334 [AiEngine] Adaptive time: 500ms, depth: 4, reason: midgame, opening, tactical, emergency: false
[DEBUG] 19:10:57.334 [AiEngine] Using JS Search
[DEBUG] 19:10:57.424 [AiEngine] Adaptive time: 500ms, depth: 4, reason: midgame, opening, emergency: false
[DEBUG] 19:10:57.424 [AiEngine] Using JS Search
[DEBUG] 19:10:57.450 [AiEngine] Adaptive time: 500ms, depth: 4, reason: midgame, opening, emergency: false
[DEBUG] 19:10:57.450 [AiEngine] Using JS Search
[DEBUG] 19:10:57.657 [AiEngine] Adaptive time: 500ms, depth: 4, reason: midgame, opening, emergency: false
[DEBUG] 19:10:57.658 [AiEngine] Using JS Search
[DEBUG] 19:10:57.693 [AiEngine] Adaptive time: 500ms, depth: 4, reason: midgame, opening, tactical, emergency: false
[DEBUG] 19:10:57.693 [AiEngine] Using JS Search
[DEBUG] 19:10:57.767 [AiEngine] Adaptive time: 500ms, depth: 4, reason: midgame, opening, emergency: false
[DEBUG] 19:10:57.767 [AiEngine] Using JS Search
[DEBUG] 19:10:57.801 [AiEngine] Adaptive time: 500ms, depth: 4, reason: midgame, opening, tactical, emergency: false
[DEBUG] 19:10:57.801 [AiEngine] Using JS Search
[DEBUG] 19:10:57.950 [AiEngine] Adaptive time: 500ms, depth: 4, reason: midgame, opening, emergency: false
[DEBUG] 19:10:57.950 [AiEngine] Using JS Search
[DEBUG] 19:10:57.979 [AiEngine] Adaptive time: 500ms, depth: 4, reason: midgame, opening, tactical, emergency: false
[DEBUG] 19:10:57.979 [AiEngine] Using JS Search
[DEBUG] 19:10:58.047 [AiEngine] Adaptive time: 500ms, depth: 4, reason: midgame, opening, emergency: false
[DEBUG] 19:10:58.047 [AiEngine] Using JS Search
[DEBUG] 19:10:58.079 [AiEngine] Adaptive time: 500ms, depth: 4, reason: midgame, opening, emergency: false
[DEBUG] 19:10:58.079 [AiEngine] Using JS Search
[DEBUG] 19:10:58.123 [AiEngine] Adaptive time: 500ms, depth: 4, reason: midgame, opening, emergency: false
[DEBUG] 19:10:58.123 [AiEngine] Using JS Search
[DEBUG] 19:10:58.147 [AiEngine] Adaptive time: 500ms, depth: 4, reason: midgame, opening, emergency: false
[DEBUG] 19:10:58.147 [AiEngine] Using JS Search
[DEBUG] 19:10:58.148 [AiEngine] Adaptive time: 500ms, depth: 4, reason: midgame, opening, tactical, emergency: false
[DEBUG] 19:10:58.148 [AiEngine] Using JS Search
[DEBUG] 19:10:58.237 [AiEngine] Adaptive time: 500ms, depth: 4, reason: midgame, opening, emergency: false
[DEBUG] 19:10:58.237 [AiEngine] Using JS Search
[DEBUG] 19:10:58.238 [AiEngine] Adaptive time: 500ms, depth: 4, reason: midgame, opening, emergency: false
[DEBUG] 19:10:58.238 [AiEngine] Using JS Search
[DEBUG] 19:10:58.355 [AiEngine] Adaptive time: 500ms, depth: 4, reason: midgame, opening, emergency: false
[DEBUG] 19:10:58.355 [AiEngine] Using JS Search
[DEBUG] 19:10:58.356 [AiEngine] Adaptive time: 500ms, depth: 4, reason: midgame, opening, emergency: false
[DEBUG] 19:10:58.356 [AiEngine] Using JS Search
[DEBUG] 19:10:58.704 [AiEngine] Adaptive time: 500ms, depth: 4, reason: midgame, opening, emergency: false
[DEBUG] 19:10:58.704 [AiEngine] Using JS Search
[DEBUG] 19:10:58.705 [AiEngine] Adaptive time: 500ms, depth: 4, reason: midgame, opening, tactical, emergency: false
[DEBUG] 19:10:58.705 [AiEngine] Using JS Search
[DEBUG] 19:10:58.889 [AiEngine] Adaptive time: 500ms, depth: 4, reason: midgame, opening, emergency: false
[DEBUG] 19:10:58.889 [AiEngine] Using JS Search
[DEBUG] 19:10:59.007 [AiEngine] Adaptive time: 500ms, depth: 4, reason: midgame, opening, tactical, emergency: false
[DEBUG] 19:10:59.007 [AiEngine] Using JS Search
[DEBUG] 19:10:59.069 [AiEngine] Adaptive time: 500ms, depth: 4, reason: midgame, opening, emergency: false
[DEBUG] 19:10:59.069 [AiEngine] Using JS Search
[DEBUG] 19:10:59.119 [AiEngine] Adaptive time: 500ms, depth: 4, reason: midgame, opening, emergency: false
[DEBUG] 19:10:59.119 [AiEngine] Using JS Search
[DEBUG] 19:10:59.154 [AiEngine] Adaptive time: 500ms, depth: 4, reason: midgame, opening, emergency: false
[DEBUG] 19:10:59.154 [AiEngine] Using JS Search
[DEBUG] 19:10:59.199 [AiEngine] Adaptive time: 500ms, depth: 4, reason: midgame, opening, emergency: false
[DEBUG] 19:10:59.199 [AiEngine] Using JS Search
[DEBUG] 19:10:59.214 [AiEngine] Adaptive time: 500ms, depth: 4, reason: midgame, opening, emergency: false
[DEBUG] 19:10:59.214 [AiEngine] Using JS Search
[DEBUG] 19:10:59.274 [AiEngine] Adaptive time: 500ms, depth: 4, reason: midgame, opening, emergency: false
[DEBUG] 19:10:59.274 [AiEngine] Using JS Search
[DEBUG] 19:10:59.291 [AiEngine] Adaptive time: 500ms, depth: 4, reason: midgame, opening, tactical, emergency: false
[DEBUG] 19:10:59.291 [AiEngine] Using JS Search
[DEBUG] 19:10:59.348 [AiEngine] Adaptive time: 3000ms, depth: 5, reason: midgame, in-check, emergency: false
[DEBUG] 19:10:59.348 [AiEngine] Using JS Search
[DEBUG] 19:10:59.497 [AiEngine] Adaptive time: 3000ms, depth: 5, reason: midgame, tactical, emergency: false
[DEBUG] 19:10:59.497 [AiEngine] Using JS Search
[DEBUG] 19:10:59.498 [AiEngine] Adaptive time: 3000ms, depth: 5, reason: tactical, emergency: false
[DEBUG] 19:10:59.498 [AiEngine] Using JS Search
[DEBUG] 19:10:59.806 [AiEngine] Adaptive time: 3000ms, depth: 5, reason: standard, emergency: false
[DEBUG] 19:10:59.806 [AiEngine] Using JS Search
[DEBUG] 19:10:59.807 [AiEngine] Adaptive time: 3000ms, depth: 5, reason: standard, emergency: false
[DEBUG] 19:10:59.807 [AiEngine] Using JS Search
[DEBUG] 19:10:59.924 [AiEngine] Adaptive time: 3000ms, depth: 5, reason: standard, emergency: false
[DEBUG] 19:10:59.924 [AiEngine] Using JS Search
[DEBUG] 19:10:59.974 [AiEngine] Adaptive time: 3000ms, depth: 5, reason: tactical, emergency: false
[DEBUG] 19:10:59.974 [AiEngine] Using JS Search
[DEBUG] 19:11:00.133 [AiEngine] Adaptive time: 3000ms, depth: 5, reason: standard, emergency: false
[DEBUG] 19:11:00.133 [AiEngine] Using JS Search
[DEBUG] 19:11:00.224 [AiEngine] Adaptive time: 3000ms, depth: 5, reason: tactical, emergency: false
[DEBUG] 19:11:00.224 [AiEngine] Using JS Search
[DEBUG] 19:11:00.460 [AiEngine] Adaptive time: 3000ms, depth: 5, reason: standard, emergency: false
[DEBUG] 19:11:00.460 [AiEngine] Using JS Search
[DEBUG] 19:11:00.498 [AiEngine] Adaptive time: 3000ms, depth: 5, reason: tactical, emergency: false
[DEBUG] 19:11:00.498 [AiEngine] Using JS Search
[DEBUG] 19:11:00.579 [AiEngine] Adaptive time: 3000ms, depth: 5, reason: in-check, emergency: false
[DEBUG] 19:11:00.579 [AiEngine] Using JS Search
[DEBUG] 19:11:00.593 [AiEngine] Adaptive time: 3000ms, depth: 5, reason: tactical, emergency: false
[DEBUG] 19:11:00.593 [AiEngine] Using JS Search
[DEBUG] 19:11:00.791 [AiEngine] Adaptive time: 3000ms, depth: 5, reason: standard, emergency: false
[DEBUG] 19:11:00.791 [AiEngine] Using JS Search
[DEBUG] 19:11:00.828 [AiEngine] Adaptive time: 3000ms, depth: 5, reason: tactical, emergency: false
[DEBUG] 19:11:00.828 [AiEngine] Using JS Search
[DEBUG] 19:11:01.125 [AiEngine] Adaptive time: 3000ms, depth: 5, reason: endgame, emergency: false
[DEBUG] 19:11:01.125 [AiEngine] Using JS Search
[DEBUG] 19:11:01.147 [AiEngine] Adaptive time: 3000ms, depth: 5, reason: endgame, tactical, emergency: false
[DEBUG] 19:11:01.147 [AiEngine] Using JS Search
[DEBUG] 19:11:01.267 [AiEngine] Adaptive time: 3000ms, depth: 5, reason: endgame, in-check, emergency: false
[DEBUG] 19:11:01.267 [AiEngine] Using JS Search
[DEBUG] 19:11:01.268 [AiEngine] Adaptive time: 3000ms, depth: 5, reason: endgame, tactical, emergency: false
[DEBUG] 19:11:01.268 [AiEngine] Using JS Search
[DEBUG] 19:11:01.268 [AiEngine] Adaptive time: 3000ms, depth: 5, reason: endgame, in-check, emergency: false
[DEBUG] 19:11:01.268 [AiEngine] Using JS Search
[DEBUG] 19:11:01.268 [AiEngine] Adaptive time: 500ms, depth: 4, reason: midgame, opening, emergency: false
[DEBUG] 19:11:01.268 [AiEngine] Using JS Search
[DEBUG] 19:11:01.285 [AiEngine] Adaptive time: 500ms, depth: 4, reason: midgame, opening, emergency: false
[DEBUG] 19:11:01.285 [AiEngine] Using JS Search
[DEBUG] 19:11:01.394 [AiEngine] Adaptive time: 500ms, depth: 4, reason: midgame, opening, emergency: false
[DEBUG] 19:11:01.394 [AiEngine] Using JS Search
[DEBUG] 19:11:01.668 [AiEngine] Adaptive time: 500ms, depth: 4, reason: midgame, opening, emergency: false
[DEBUG] 19:11:01.668 [AiEngine] Using JS Search
[DEBUG] 19:11:01.997 [AiEngine] Adaptive time: 500ms, depth: 4, reason: midgame, opening, emergency: false
[DEBUG] 19:11:01.997 [AiEngine] Using JS Search
[DEBUG] 19:11:02.096 [AiEngine] Adaptive time: 500ms, depth: 4, reason: midgame, opening, emergency: false
[DEBUG] 19:11:02.096 [AiEngine] Using JS Search
[DEBUG] 19:11:02.234 [AiEngine] Adaptive time: 500ms, depth: 4, reason: midgame, opening, tactical, emergency: false
[DEBUG] 19:11:02.234 [AiEngine] Using JS Search
[DEBUG] 19:11:02.497 [AiEngine] Adaptive time: 500ms, depth: 4, reason: midgame, opening, emergency: false
[DEBUG] 19:11:02.497 [AiEngine] Using JS Search
[DEBUG] 19:11:02.768 [AiEngine] Adaptive time: 500ms, depth: 4, reason: midgame, opening, tactical, emergency: false
[DEBUG] 19:11:02.768 [AiEngine] Using JS Search
[DEBUG] 19:11:02.885 [AiEngine] Adaptive time: 500ms, depth: 4, reason: midgame, opening, tactical, emergency: false
[DEBUG] 19:11:02.885 [AiEngine] Using JS Search
[DEBUG] 19:11:03.364 [AiEngine] Adaptive time: 500ms, depth: 4, reason: midgame, opening, tactical, emergency: false
[DEBUG] 19:11:03.365 [AiEngine] Using JS Search
[DEBUG] 19:11:03.496 [AiEngine] Adaptive time: 500ms, depth: 4, reason: midgame, opening, tactical, emergency: false
[DEBUG] 19:11:03.496 [AiEngine] Using JS Search
[DEBUG] 19:11:03.681 [AiEngine] Adaptive time: 500ms, depth: 4, reason: midgame, opening, tactical, emergency: false
[DEBUG] 19:11:03.681 [AiEngine] Using JS Search
[DEBUG] 19:11:03.755 [AiEngine] Adaptive time: 500ms, depth: 4, reason: midgame, opening, tactical, emergency: false
[DEBUG] 19:11:03.755 [AiEngine] Using JS Search
[DEBUG] 19:11:03.838 [AiEngine] Adaptive time: 500ms, depth: 4, reason: midgame, opening, tactical, emergency: false
[DEBUG] 19:11:03.838 [AiEngine] Using JS Search
[DEBUG] 19:11:04.084 [AiEngine] Adaptive time: 500ms, depth: 4, reason: midgame, opening, emergency: false
[DEBUG] 19:11:04.084 [AiEngine] Using JS Search
[DEBUG] 19:11:04.194 [AiEngine] Adaptive time: 500ms, depth: 4, reason: midgame, opening, tactical, emergency: false
[DEBUG] 19:11:04.194 [AiEngine] Using JS Search
[DEBUG] 19:11:04.456 [AiEngine] Adaptive time: 500ms, depth: 4, reason: midgame, opening, emergency: false
[DEBUG] 19:11:04.457 [AiEngine] Using JS Search
[DEBUG] 19:11:04.512 [AiEngine] Adaptive time: 500ms, depth: 4, reason: midgame, opening, tactical, emergency: false
[DEBUG] 19:11:04.512 [AiEngine] Using JS Search
[DEBUG] 19:11:04.776 [AiEngine] Adaptive time: 500ms, depth: 4, reason: midgame, opening, emergency: false
[DEBUG] 19:11:04.777 [AiEngine] Using JS Search
[DEBUG] 19:11:04.817 [AiEngine] Adaptive time: 500ms, depth: 4, reason: midgame, opening, tactical, emergency: false
[DEBUG] 19:11:04.817 [AiEngine] Using JS Search
[DEBUG] 19:11:04.969 [AiEngine] Adaptive time: 500ms, depth: 4, reason: midgame, opening, emergency: false
[DEBUG] 19:11:04.969 [AiEngine] Using JS Search
[DEBUG] 19:11:05.002 [AiEngine] Adaptive time: 500ms, depth: 4, reason: midgame, opening, tactical, emergency: false
[DEBUG] 19:11:05.002 [AiEngine] Using JS Search
[DEBUG] 19:11:05.190 [AiEngine] Adaptive time: 500ms, depth: 4, reason: midgame, opening, emergency: false
[DEBUG] 19:11:05.190 [AiEngine] Using JS Search
[DEBUG] 19:11:05.192 [AiEngine] Adaptive time: 500ms, depth: 4, reason: midgame, opening, tactical, emergency: false
[DEBUG] 19:11:05.192 [AiEngine] Using JS Search
[DEBUG] 19:11:05.192 [AiEngine] Adaptive time: 500ms, depth: 4, reason: midgame, opening, in-check, emergency: false
[DEBUG] 19:11:05.192 [AiEngine] Using JS Search
[DEBUG] 19:11:05.193 [AiEngine] Adaptive time: 500ms, depth: 4, reason: midgame, opening, emergency: false
[DEBUG] 19:11:05.193 [AiEngine] Using JS Search
[DEBUG] 19:11:05.271 [AiEngine] Adaptive time: 500ms, depth: 4, reason: midgame, opening, emergency: false
[DEBUG] 19:11:05.271 [AiEngine] Using JS Search
[DEBUG] 19:11:05.356 [AiEngine] Adaptive time: 500ms, depth: 4, reason: midgame, opening, emergency: false
[DEBUG] 19:11:05.356 [AiEngine] Using JS Search
[DEBUG] 19:11:05.652 [AiEngine] Adaptive time: 500ms, depth: 4, reason: midgame, opening, emergency: false
[DEBUG] 19:11:05.652 [AiEngine] Using JS Search
[DEBUG] 19:11:05.837 [AiEngine] Adaptive time: 500ms, depth: 4, reason: midgame, opening, emergency: false
[DEBUG] 19:11:05.837 [AiEngine] Using JS Search
[DEBUG] 19:11:06.075 [AiEngine] Adaptive time: 500ms, depth: 4, reason: midgame, opening, emergency: false
[DEBUG] 19:11:06.075 [AiEngine] Using JS Search
[DEBUG] 19:11:06.330 [AiEngine] Adaptive time: 500ms, depth: 4, reason: midgame, opening, emergency: false
[DEBUG] 19:11:06.330 [AiEngine] Using JS Search
[DEBUG] 19:11:06.509 [AiEngine] Adaptive time: 500ms, depth: 4, reason: midgame, opening, emergency: false
[DEBUG] 19:11:06.509 [AiEngine] Using JS Search
[DEBUG] 19:11:06.696 [AiEngine] Adaptive time: 500ms, depth: 4, reason: midgame, opening, emergency: false
[DEBUG] 19:11:06.697 [AiEngine] Using JS Search
[DEBUG] 19:11:06.997 [AiEngine] Adaptive time: 500ms, depth: 4, reason: midgame, opening, emergency: false
[DEBUG] 19:11:06.998 [AiEngine] Using JS Search
[DEBUG] 19:11:07.275 [AiEngine] Adaptive time: 500ms, depth: 4, reason: midgame, opening, emergency: false
[DEBUG] 19:11:07.275 [AiEngine] Using JS Search
[DEBUG] 19:11:07.345 [AiEngine] Adaptive time: 500ms, depth: 4, reason: midgame, opening, tactical, emergency: false
[DEBUG] 19:11:07.345 [AiEngine] Using JS Search
[DEBUG] 19:11:07.542 [AiEngine] Adaptive time: 500ms, depth: 4, reason: midgame, opening, emergency: false
[DEBUG] 19:11:07.542 [AiEngine] Using JS Search
[DEBUG] 19:11:07.601 [AiEngine] Adaptive time: 500ms, depth: 4, reason: midgame, opening, tactical, emergency: false
[DEBUG] 19:11:07.601 [AiEngine] Using JS Search
[DEBUG] 19:11:07.729 [AiEngine] Adaptive time: 500ms, depth: 4, reason: midgame, opening, emergency: false
[DEBUG] 19:11:07.729 [AiEngine] Using JS Search
[DEBUG] 19:11:07.760 [AiEngine] Adaptive time: 500ms, depth: 4, reason: midgame, opening, tactical, emergency: false
[DEBUG] 19:11:07.760 [AiEngine] Using JS Search
[DEBUG] 19:11:08.003 [AiEngine] Adaptive time: 500ms, depth: 4, reason: midgame, opening, emergency: false
[DEBUG] 19:11:08.003 [AiEngine] Using JS Search
[DEBUG] 19:11:08.169 [AiEngine] Adaptive time: 500ms, depth: 4, reason: midgame, opening, tactical, emergency: false
[DEBUG] 19:11:08.169 [AiEngine] Using JS Search
[DEBUG] 19:11:08.240 [AiEngine] Adaptive time: 500ms, depth: 4, reason: midgame, opening, emergency: false
[DEBUG] 19:11:08.240 [AiEngine] Using JS Search
[DEBUG] 19:11:08.382 [AiEngine] Adaptive time: 500ms, depth: 4, reason: midgame, opening, emergency: false
[DEBUG] 19:11:08.382 [AiEngine] Using JS Search
[DEBUG] 19:11:08.559 [AiEngine] Adaptive time: 500ms, depth: 4, reason: midgame, opening, emergency: false
[DEBUG] 19:11:08.559 [AiEngine] Using JS Search
[DEBUG] 19:11:08.702 [AiEngine] Adaptive time: 500ms, depth: 4, reason: midgame, opening, emergency: false
[DEBUG] 19:11:08.702 [AiEngine] Using JS Search
[DEBUG] 19:11:08.982 [AiEngine] Adaptive time: 500ms, depth: 4, reason: midgame, opening, tactical, emergency: false
[DEBUG] 19:11:08.982 [AiEngine] Using JS Search
[DEBUG] 19:11:09.181 [AiEngine] Adaptive time: 500ms, depth: 4, reason: midgame, opening, emergency: false
[DEBUG] 19:11:09.181 [AiEngine] Using JS Search
[DEBUG] 19:11:09.376 [AiEngine] Adaptive time: 500ms, depth: 4, reason: midgame, opening, tactical, emergency: false
[DEBUG] 19:11:09.376 [AiEngine] Using JS Search
[DEBUG] 19:11:09.583 [AiEngine] Adaptive time: 500ms, depth: 4, reason: midgame, opening, tactical, emergency: false
[DEBUG] 19:11:09.583 [AiEngine] Using JS Search
[DEBUG] 19:11:09.741 [AiEngine] Adaptive time: 500ms, depth: 4, reason: midgame, opening, tactical, emergency: false
[DEBUG] 19:11:09.741 [AiEngine] Using JS Search
[DEBUG] 19:11:10.046 [AiEngine] Adaptive time: 500ms, depth: 4, reason: midgame, opening, tactical, emergency: false
[DEBUG] 19:11:10.046 [AiEngine] Using JS Search
[DEBUG] 19:11:10.182 [AiEngine] Adaptive time: 500ms, depth: 4, reason: midgame, opening, tactical, emergency: false
[DEBUG] 19:11:10.182 [AiEngine] Using JS Search
[DEBUG] 19:11:10.402 [AiEngine] Adaptive time: 500ms, depth: 4, reason: midgame, opening, in-check, emergency: false
[DEBUG] 19:11:10.402 [AiEngine] Using JS Search
[DEBUG] 19:11:10.486 [AiEngine] Adaptive time: 500ms, depth: 4, reason: midgame, opening, emergency: false
[DEBUG] 19:11:10.486 [AiEngine] Using JS Search
[DEBUG] 19:11:10.581 [AiEngine] Adaptive time: 500ms, depth: 4, reason: midgame, opening, tactical, emergency: false
[DEBUG] 19:11:10.581 [AiEngine] Using JS Search
[DEBUG] 19:11:10.966 [AiEngine] Adaptive time: 500ms, depth: 4, reason: midgame, opening, emergency: false
[DEBUG] 19:11:10.966 [AiEngine] Using JS Search
[DEBUG] 19:11:11.015 [AiEngine] Adaptive time: 500ms, depth: 4, reason: midgame, opening, tactical, emergency: false
[DEBUG] 19:11:11.015 [AiEngine] Using JS Search
[DEBUG] 19:11:11.144 [AiEngine] Adaptive time: 500ms, depth: 4, reason: midgame, opening, emergency: false
[DEBUG] 19:11:11.145 [AiEngine] Using JS Search
[DEBUG] 19:11:11.193 [AiEngine] Adaptive time: 500ms, depth: 4, reason: midgame, opening, tactical, emergency: false
[DEBUG] 19:11:11.194 [AiEngine] Using JS Search
[DEBUG] 19:11:11.313 [AiEngine] Adaptive time: 500ms, depth: 4, reason: midgame, opening, emergency: false
[DEBUG] 19:11:11.314 [AiEngine] Using JS Search
[DEBUG] 19:11:11.365 [AiEngine] Adaptive time: 500ms, depth: 4, reason: midgame, opening, tactical, emergency: false
[DEBUG] 19:11:11.365 [AiEngine] Using JS Search
[DEBUG] 19:11:11.547 [AiEngine] Adaptive time: 500ms, depth: 4, reason: midgame, opening, emergency: false
[DEBUG] 19:11:11.547 [AiEngine] Using JS Search
[DEBUG] 19:11:11.594 [AiEngine] Adaptive time: 500ms, depth: 4, reason: midgame, opening, tactical, emergency: false
[DEBUG] 19:11:11.594 [AiEngine] Using JS Search
[DEBUG] 19:11:11.664 [AiEngine] Adaptive time: 3000ms, depth: 5, reason: midgame, emergency: false
[DEBUG] 19:11:11.664 [AiEngine] Using JS Search
[DEBUG] 19:11:11.790 [AiEngine] Adaptive time: 3000ms, depth: 5, reason: midgame, tactical, emergency: false
[DEBUG] 19:11:11.790 [AiEngine] Using JS Search
[DEBUG] 19:11:11.996 [AiEngine] Adaptive time: 3000ms, depth: 5, reason: midgame, emergency: false
[DEBUG] 19:11:11.996 [AiEngine] Using JS Search
[DEBUG] 19:11:12.138 [AiEngine] Adaptive time: 3000ms, depth: 5, reason: midgame, tactical, emergency: false
[DEBUG] 19:11:12.138 [AiEngine] Using JS Search
[DEBUG] 19:11:12.550 [AiEngine] Adaptive time: 3000ms, depth: 5, reason: midgame, emergency: false
[DEBUG] 19:11:12.550 [AiEngine] Using JS Search
[DEBUG] 19:11:12.655 [AiEngine] Adaptive time: 3000ms, depth: 5, reason: midgame, tactical, emergency: false
[DEBUG] 19:11:12.655 [AiEngine] Using JS Search
[DEBUG] 19:11:12.978 [AiEngine] Adaptive time: 3000ms, depth: 5, reason: midgame, emergency: false
[DEBUG] 19:11:12.978 [AiEngine] Using JS Search
[DEBUG] 19:11:13.074 [AiEngine] Adaptive time: 3000ms, depth: 5, reason: midgame, tactical, emergency: false
[DEBUG] 19:11:13.074 [AiEngine] Using JS Search
[DEBUG] 19:11:13.128 [AiEngine] Adaptive time: 3000ms, depth: 5, reason: midgame, emergency: false
[DEBUG] 19:11:13.128 [AiEngine] Using JS Search
[DEBUG] 19:11:13.281 [AiEngine] Adaptive time: 3000ms, depth: 5, reason: midgame, tactical, emergency: false
[DEBUG] 19:11:13.281 [AiEngine] Using JS Search
[DEBUG] 19:11:13.293 [AiEngine] Adaptive time: 3000ms, depth: 5, reason: midgame, emergency: false
[DEBUG] 19:11:13.293 [AiEngine] Using JS Search
[DEBUG] 19:11:13.371 [AiEngine] Adaptive time: 3000ms, depth: 5, reason: midgame, in-check, emergency: false
[DEBUG] 19:11:13.371 [AiEngine] Using JS Search
[DEBUG] 19:11:13.372 [AiEngine] Adaptive time: 3000ms, depth: 5, reason: midgame, emergency: false
[DEBUG] 19:11:13.372 [AiEngine] Using JS Search
[DEBUG] 19:11:13.620 [AiEngine] Adaptive time: 3000ms, depth: 5, reason: midgame, tactical, emergency: false
[DEBUG] 19:11:13.620 [AiEngine] Using JS Search
[DEBUG] 19:11:13.622 [AiEngine] Adaptive time: 3000ms, depth: 5, reason: midgame, emergency: false
[DEBUG] 19:11:13.622 [AiEngine] Using JS Search
[DEBUG] 19:11:13.710 [AiEngine] Adaptive time: 3000ms, depth: 5, reason: midgame, tactical, emergency: false
[DEBUG] 19:11:13.710 [AiEngine] Using JS Search
[DEBUG] 19:11:13.712 [AiEngine] Adaptive time: 3000ms, depth: 5, reason: midgame, emergency: false
[DEBUG] 19:11:13.712 [AiEngine] Using JS Search
[DEBUG] 19:11:13.958 [AiEngine] Adaptive time: 3000ms, depth: 5, reason: midgame, tactical, emergency: false
[DEBUG] 19:11:13.958 [AiEngine] Using JS Search
[DEBUG] 19:11:13.960 [AiEngine] Adaptive time: 3000ms, depth: 5, reason: midgame, in-check, emergency: false
[DEBUG] 19:11:13.961 [AiEngine] Using JS Search
[DEBUG] 19:11:14.059 [AiEngine] Adaptive time: 3000ms, depth: 5, reason: midgame, emergency: false
[DEBUG] 19:11:14.059 [AiEngine] Using JS Search
[DEBUG] 19:11:14.060 [AiEngine] Adaptive time: 3000ms, depth: 5, reason: midgame, emergency: false
[DEBUG] 19:11:14.060 [AiEngine] Using JS Search
[DEBUG] 19:11:14.192 [AiEngine] Adaptive time: 3000ms, depth: 5, reason: midgame, emergency: false
[DEBUG] 19:11:14.192 [AiEngine] Using JS Search
[DEBUG] 19:11:14.193 [AiEngine] Adaptive time: 3000ms, depth: 5, reason: standard, emergency: false
[DEBUG] 19:11:14.193 [AiEngine] Using JS Search
[DEBUG] 19:11:14.341 [AiEngine] Adaptive time: 3000ms, depth: 5, reason: standard, emergency: false
[DEBUG] 19:11:14.341 [AiEngine] Using JS Search
[DEBUG] 19:11:14.342 [AiEngine] Adaptive time: 3000ms, depth: 5, reason: tactical, emergency: false
[DEBUG] 19:11:14.342 [AiEngine] Using JS Search
[DEBUG] 19:11:14.384 [AiEngine] Adaptive time: 3000ms, depth: 5, reason: standard, emergency: false
[DEBUG] 19:11:14.384 [AiEngine] Using JS Search
[DEBUG] 19:11:14.390 [AiEngine] Adaptive time: 3000ms, depth: 5, reason: standard, emergency: false
[DEBUG] 19:11:14.390 [AiEngine] Using JS Search
[DEBUG] 19:11:14.403 [AiEngine] Adaptive time: 3000ms, depth: 5, reason: standard, emergency: false
[DEBUG] 19:11:14.403 [AiEngine] Using JS Search
[DEBUG] 19:11:14.411 [AiEngine] Adaptive time: 3000ms, depth: 5, reason: standard, emergency: false
[DEBUG] 19:11:14.411 [AiEngine] Using JS Search
[DEBUG] 19:11:14.422 [AiEngine] Adaptive time: 3000ms, depth: 5, reason: standard, emergency: false
[DEBUG] 19:11:14.422 [AiEngine] Using JS Search
[DEBUG] 19:11:14.428 [AiEngine] Adaptive time: 3000ms, depth: 5, reason: standard, emergency: false
[DEBUG] 19:11:14.428 [AiEngine] Using JS Search
[DEBUG] 19:11:14.439 [AiEngine] Adaptive time: 3000ms, depth: 5, reason: standard, emergency: false
[DEBUG] 19:11:14.439 [AiEngine] Using JS Search
[DEBUG] 19:11:14.444 [AiEngine] Adaptive time: 3000ms, depth: 5, reason: standard, emergency: false
[DEBUG] 19:11:14.444 [AiEngine] Using JS Search
[DEBUG] 19:11:14.456 [AiEngine] Adaptive time: 3000ms, depth: 5, reason: standard, emergency: false
[DEBUG] 19:11:14.456 [AiEngine] Using JS Search
[DEBUG] 19:11:14.521 [AiEngine] Adaptive time: 3000ms, depth: 5, reason: standard, emergency: false
[DEBUG] 19:11:14.521 [AiEngine] Using JS Search
[DEBUG] 19:11:14.538 [AiEngine] Adaptive time: 3000ms, depth: 5, reason: standard, emergency: false
[DEBUG] 19:11:14.538 [AiEngine] Using JS Search
[DEBUG] 19:11:14.546 [AiEngine] Adaptive time: 3000ms, depth: 5, reason: standard, emergency: false
[DEBUG] 19:11:14.546 [AiEngine] Using JS Search
[DEBUG] 19:11:14.562 [AiEngine] Adaptive time: 3000ms, depth: 5, reason: standard, emergency: false
[DEBUG] 19:11:14.562 [AiEngine] Using JS Search
[DEBUG] 19:11:14.570 [AiEngine] Adaptive time: 3000ms, depth: 5, reason: standard, emergency: false
[DEBUG] 19:11:14.570 [AiEngine] Using JS Search
[DEBUG] 19:11:14.585 [AiEngine] Adaptive time: 3000ms, depth: 5, reason: standard, emergency: false
[DEBUG] 19:11:14.585 [AiEngine] Using JS Search
[DEBUG] 19:11:14.592 [AiEngine] Adaptive time: 3000ms, depth: 5, reason: standard, emergency: false
[DEBUG] 19:11:14.592 [AiEngine] Using JS Search
[DEBUG] 19:11:14.604 [AiEngine] Adaptive time: 3000ms, depth: 5, reason: standard, emergency: false
[DEBUG] 19:11:14.604 [AiEngine] Using JS Search
[DEBUG] 19:11:14.609 [AiEngine] Adaptive time: 3000ms, depth: 5, reason: standard, emergency: false
[DEBUG] 19:11:14.609 [AiEngine] Using JS Search
[DEBUG] 19:11:14.617 [AiEngine] Adaptive time: 3000ms, depth: 5, reason: standard, emergency: false
[DEBUG] 19:11:14.617 [AiEngine] Using JS Search
[DEBUG] 19:11:14.622 [AiEngine] Adaptive time: 3000ms, depth: 5, reason: in-check, emergency: false
[DEBUG] 19:11:14.622 [AiEngine] Using JS Search
[DEBUG] 19:11:14.634 [AiEngine] Adaptive time: 3000ms, depth: 5, reason: endgame, emergency: false
[DEBUG] 19:11:14.634 [AiEngine] Using JS Search
[DEBUG] 19:11:14.637 [AiEngine] Adaptive time: 3000ms, depth: 5, reason: endgame, emergency: false
[DEBUG] 19:11:14.637 [AiEngine] Using JS Search
[DEBUG] 19:11:14.644 [AiEngine] Adaptive time: 3000ms, depth: 5, reason: endgame, emergency: false
[DEBUG] 19:11:14.644 [AiEngine] Using JS Search
[DEBUG] 19:11:14.647 [AiEngine] Adaptive time: 3000ms, depth: 5, reason: endgame, emergency: false
[DEBUG] 19:11:14.647 [AiEngine] Using JS Search
[DEBUG] 19:11:14.656 [AiEngine] Adaptive time: 3000ms, depth: 5, reason: endgame, emergency: false
[DEBUG] 19:11:14.656 [AiEngine] Using JS Search
[DEBUG] 19:11:14.661 [AiEngine] Adaptive time: 3000ms, depth: 5, reason: endgame, emergency: false
[DEBUG] 19:11:14.661 [AiEngine] Using JS Search
[DEBUG] 19:11:14.671 [AiEngine] Adaptive time: 3000ms, depth: 5, reason: endgame, emergency: false
[DEBUG] 19:11:14.671 [AiEngine] Using JS Search
[DEBUG] 19:11:14.679 [AiEngine] Adaptive time: 3000ms, depth: 5, reason: endgame, emergency: false
[DEBUG] 19:11:14.679 [AiEngine] Using JS Search
[DEBUG] 19:11:14.692 [AiEngine] Adaptive time: 3000ms, depth: 5, reason: endgame, tactical, emergency: false
[DEBUG] 19:11:14.692 [AiEngine] Using JS Search
[DEBUG] 19:11:14.698 [AiEngine] Adaptive time: 3000ms, depth: 5, reason: endgame, emergency: false
[DEBUG] 19:11:14.698 [AiEngine] Using JS Search
[DEBUG] 19:11:14.707 [AiEngine] Adaptive time: 3000ms, depth: 5, reason: endgame, emergency: false
[DEBUG] 19:11:14.707 [AiEngine] Using JS Search
[DEBUG] 19:11:14.824 [AiEngine] Adaptive time: 3000ms, depth: 5, reason: endgame, emergency: false
[DEBUG] 19:11:14.824 [AiEngine] Using JS Search
[DEBUG] 19:11:14.835 [AiEngine] Adaptive time: 3000ms, depth: 5, reason: endgame, tactical, emergency: false
[DEBUG] 19:11:14.835 [AiEngine] Using JS Search
[DEBUG] 19:11:14.842 [AiEngine] Adaptive time: 3000ms, depth: 5, reason: endgame, emergency: false
[DEBUG] 19:11:14.842 [AiEngine] Using JS Search
[DEBUG] 19:11:14.855 [AiEngine] Adaptive time: 3000ms, depth: 5, reason: endgame, tactical, emergency: false
[DEBUG] 19:11:14.855 [AiEngine] Using JS Search
[DEBUG] 19:11:14.989 [AiEngine] Adaptive time: 500ms, depth: 4, reason: midgame, opening, emergency: false
[DEBUG] 19:11:14.989 [AiEngine] Using JS Search
[DEBUG] 19:11:15.021 [AiEngine] Adaptive time: 500ms, depth: 4, reason: midgame, opening, emergency: false
[DEBUG] 19:11:15.021 [AiEngine] Using JS Search
[DEBUG] 19:11:15.085 [AiEngine] Adaptive time: 500ms, depth: 4, reason: midgame, opening, emergency: false
[DEBUG] 19:11:15.085 [AiEngine] Using JS Search
[DEBUG] 19:11:15.471 [AiEngine] Adaptive time: 500ms, depth: 4, reason: midgame, opening, emergency: false
[DEBUG] 19:11:15.471 [AiEngine] Using JS Search
[DEBUG] 19:11:15.595 [AiEngine] Adaptive time: 500ms, depth: 4, reason: midgame, opening, emergency: false
[DEBUG] 19:11:15.595 [AiEngine] Using JS Search
[DEBUG] 19:11:15.872 [AiEngine] Adaptive time: 500ms, depth: 4, reason: midgame, opening, tactical, emergency: false
[DEBUG] 19:11:15.872 [AiEngine] Using JS Search
[DEBUG] 19:11:15.993 [AiEngine] Adaptive time: 500ms, depth: 4, reason: midgame, opening, tactical, emergency: false
[DEBUG] 19:11:15.993 [AiEngine] Using JS Search
[DEBUG] 19:11:16.103 [AiEngine] Adaptive time: 500ms, depth: 4, reason: midgame, opening, tactical, emergency: false
[DEBUG] 19:11:16.104 [AiEngine] Using JS Search
[DEBUG] 19:11:16.260 [AiEngine] Adaptive time: 500ms, depth: 4, reason: midgame, opening, emergency: false
[DEBUG] 19:11:16.261 [AiEngine] Using JS Search
[DEBUG] 19:11:16.305 [AiEngine] Adaptive time: 500ms, depth: 4, reason: midgame, opening, tactical, emergency: false
[DEBUG] 19:11:16.305 [AiEngine] Using JS Search
[DEBUG] 19:11:16.451 [AiEngine] Adaptive time: 500ms, depth: 4, reason: midgame, opening, emergency: false
[DEBUG] 19:11:16.451 [AiEngine] Using JS Search
[DEBUG] 19:11:16.507 [AiEngine] Adaptive time: 500ms, depth: 4, reason: midgame, opening, tactical, emergency: false
[DEBUG] 19:11:16.507 [AiEngine] Using JS Search
[DEBUG] 19:11:16.643 [AiEngine] Adaptive time: 500ms, depth: 4, reason: midgame, opening, emergency: false
[DEBUG] 19:11:16.643 [AiEngine] Using JS Search
[DEBUG] 19:11:16.701 [AiEngine] Adaptive time: 500ms, depth: 4, reason: midgame, opening, tactical, emergency: false
[DEBUG] 19:11:16.701 [AiEngine] Using JS Search
[DEBUG] 19:11:16.848 [AiEngine] Adaptive time: 500ms, depth: 4, reason: midgame, opening, tactical, emergency: false
[DEBUG] 19:11:16.848 [AiEngine] Using JS Search
[DEBUG] 19:11:16.910 [AiEngine] Adaptive time: 500ms, depth: 4, reason: midgame, opening, tactical, emergency: false
[DEBUG] 19:11:16.910 [AiEngine] Using JS Search
[DEBUG] 19:11:17.090 [AiEngine] Adaptive time: 500ms, depth: 4, reason: midgame, opening, tactical, emergency: false
[DEBUG] 19:11:17.090 [AiEngine] Using JS Search
[DEBUG] 19:11:17.153 [AiEngine] Adaptive time: 500ms, depth: 4, reason: midgame, opening, tactical, emergency: false
[DEBUG] 19:11:17.153 [AiEngine] Using JS Search
[DEBUG] 19:11:17.238 [AiEngine] Adaptive time: 500ms, depth: 4, reason: midgame, opening, tactical, emergency: false
[DEBUG] 19:11:17.238 [AiEngine] Using JS Search
[DEBUG] 19:11:17.308 [AiEngine] Adaptive time: 500ms, depth: 4, reason: midgame, opening, tactical, emergency: false
[DEBUG] 19:11:17.308 [AiEngine] Using JS Search
[DEBUG] 19:11:17.378 [AiEngine] Adaptive time: 500ms, depth: 4, reason: midgame, opening, emergency: false
[DEBUG] 19:11:17.378 [AiEngine] Using JS Search
[DEBUG] 19:11:17.429 [AiEngine] Adaptive time: 500ms, depth: 4, reason: midgame, opening, tactical, emergency: false
[DEBUG] 19:11:17.429 [AiEngine] Using JS Search
[DEBUG] 19:11:17.574 [AiEngine] Adaptive time: 500ms, depth: 4, reason: midgame, opening, tactical, emergency: false
[DEBUG] 19:11:17.574 [AiEngine] Using JS Search
[DEBUG] 19:11:17.643 [AiEngine] Adaptive time: 500ms, depth: 4, reason: midgame, opening, tactical, emergency: false
[DEBUG] 19:11:17.643 [AiEngine] Using JS Search
[DEBUG] 19:11:17.836 [AiEngine] Adaptive time: 500ms, depth: 4, reason: midgame, opening, emergency: false
[DEBUG] 19:11:17.836 [AiEngine] Using JS Search
[DEBUG] 19:11:17.880 [AiEngine] Adaptive time: 500ms, depth: 4, reason: midgame, opening, tactical, emergency: false
[DEBUG] 19:11:17.880 [AiEngine] Using JS Search
[DEBUG] 19:11:17.979 [AiEngine] Adaptive time: 500ms, depth: 4, reason: midgame, opening, emergency: false
[DEBUG] 19:11:17.979 [AiEngine] Using JS Search
[DEBUG] 19:11:18.013 [AiEngine] Adaptive time: 500ms, depth: 4, reason: midgame, opening, tactical, emergency: false
[DEBUG] 19:11:18.013 [AiEngine] Using JS Search
[DEBUG] 19:11:18.082 [AiEngine] Adaptive time: 500ms, depth: 4, reason: midgame, opening, in-check, emergency: false
[DEBUG] 19:11:18.082 [AiEngine] Using JS Search
[DEBUG] 19:11:18.195 [AiEngine] Adaptive time: 500ms, depth: 4, reason: midgame, opening, emergency: false
[DEBUG] 19:11:18.195 [AiEngine] Using JS Search
[DEBUG] 19:11:18.223 [AiEngine] Adaptive time: 500ms, depth: 4, reason: midgame, opening, tactical, emergency: false
[DEBUG] 19:11:18.223 [AiEngine] Using JS Search
[DEBUG] 19:11:18.476 [AiEngine] Adaptive time: 500ms, depth: 4, reason: midgame, opening, emergency: false
[DEBUG] 19:11:18.476 [AiEngine] Using JS Search
[DEBUG] 19:11:18.521 [AiEngine] Adaptive time: 500ms, depth: 4, reason: midgame, opening, tactical, emergency: false
[DEBUG] 19:11:18.521 [AiEngine] Using JS Search
[DEBUG] 19:11:18.784 [AiEngine] Adaptive time: 500ms, depth: 4, reason: midgame, opening, emergency: false
[DEBUG] 19:11:18.784 [AiEngine] Using JS Search
[DEBUG] 19:11:18.814 [AiEngine] Adaptive time: 500ms, depth: 4, reason: midgame, opening, tactical, emergency: false
[DEBUG] 19:11:18.814 [AiEngine] Using JS Search
[DEBUG] 19:11:19.160 [AiEngine] Adaptive time: 500ms, depth: 4, reason: midgame, opening, emergency: false
[DEBUG] 19:11:19.160 [AiEngine] Using JS Search
[DEBUG] 19:11:19.190 [AiEngine] Adaptive time: 500ms, depth: 4, reason: midgame, opening, tactical, emergency: false
[DEBUG] 19:11:19.190 [AiEngine] Using JS Search
[DEBUG] 19:11:19.348 [AiEngine] Adaptive time: 500ms, depth: 4, reason: midgame, opening, emergency: false
[DEBUG] 19:11:19.348 [AiEngine] Using JS Search
[DEBUG] 19:11:19.366 [AiEngine] Adaptive time: 500ms, depth: 4, reason: midgame, opening, tactical, emergency: false
[DEBUG] 19:11:19.366 [AiEngine] Using JS Search
[DEBUG] 19:11:19.387 [AiEngine] Adaptive time: 500ms, depth: 4, reason: midgame, opening, emergency: false
[DEBUG] 19:11:19.387 [AiEngine] Using JS Search
[DEBUG] 19:11:19.407 [AiEngine] Adaptive time: 3000ms, depth: 5, reason: midgame, tactical, emergency: false
[DEBUG] 19:11:19.407 [AiEngine] Using JS Search
[DEBUG] 19:11:19.618 [AiEngine] Adaptive time: 3000ms, depth: 5, reason: midgame, emergency: false
[DEBUG] 19:11:19.618 [AiEngine] Using JS Search
[DEBUG] 19:11:19.662 [AiEngine] Adaptive time: 3000ms, depth: 5, reason: midgame, tactical, emergency: false
[DEBUG] 19:11:19.662 [AiEngine] Using JS Search
[DEBUG] 19:11:19.720 [AiEngine] Adaptive time: 3000ms, depth: 5, reason: midgame, emergency: false
[DEBUG] 19:11:19.721 [AiEngine] Using JS Search
[DEBUG] 19:11:19.721 [AiEngine] Adaptive time: 3000ms, depth: 5, reason: midgame, tactical, emergency: false
[DEBUG] 19:11:19.721 [AiEngine] Using JS Search
[DEBUG] 19:11:19.721 [AiEngine] Adaptive time: 3000ms, depth: 5, reason: midgame, in-check, emergency: false
[DEBUG] 19:11:19.721 [AiEngine] Using JS Search
[DEBUG] 19:11:19.721 [AiEngine] Adaptive time: 500ms, depth: 4, reason: midgame, opening, emergency: false
[DEBUG] 19:11:19.721 [AiEngine] Using JS Search
[DEBUG] 19:11:19.736 [AiEngine] Adaptive time: 500ms, depth: 4, reason: midgame, opening, emergency: false
[DEBUG] 19:11:19.736 [AiEngine] Using JS Search
[DEBUG] 19:11:19.821 [AiEngine] Adaptive time: 500ms, depth: 4, reason: midgame, opening, emergency: false
[DEBUG] 19:11:19.821 [AiEngine] Using JS Search
[DEBUG] 19:11:20.203 [AiEngine] Adaptive time: 500ms, depth: 4, reason: midgame, opening, emergency: false
[DEBUG] 19:11:20.203 [AiEngine] Using JS Search
[DEBUG] 19:11:20.385 [AiEngine] Adaptive time: 500ms, depth: 4, reason: midgame, opening, emergency: false
[DEBUG] 19:11:20.385 [AiEngine] Using JS Search
[DEBUG] 19:11:20.480 [AiEngine] Adaptive time: 500ms, depth: 4, reason: midgame, opening, emergency: false
[DEBUG] 19:11:20.480 [AiEngine] Using JS Search
[DEBUG] 19:11:20.516 [AiEngine] Adaptive time: 500ms, depth: 4, reason: midgame, opening, emergency: false
[DEBUG] 19:11:20.516 [AiEngine] Using JS Search
[DEBUG] 19:11:20.770 [AiEngine] Adaptive time: 500ms, depth: 4, reason: midgame, opening, emergency: false
[DEBUG] 19:11:20.770 [AiEngine] Using JS Search
[DEBUG] 19:11:21.083 [AiEngine] Adaptive time: 500ms, depth: 4, reason: midgame, opening, emergency: false
[DEBUG] 19:11:21.083 [AiEngine] Using JS Search
[DEBUG] 19:11:21.148 [AiEngine] Adaptive time: 500ms, depth: 4, reason: midgame, opening, emergency: false
[DEBUG] 19:11:21.148 [AiEngine] Using JS Search
[DEBUG] 19:11:21.310 [AiEngine] Adaptive time: 500ms, depth: 4, reason: midgame, opening, emergency: false
[DEBUG] 19:11:21.310 [AiEngine] Using JS Search
[DEBUG] 19:11:21.365 [AiEngine] Adaptive time: 500ms, depth: 4, reason: midgame, opening, emergency: false
[DEBUG] 19:11:21.365 [AiEngine] Using JS Search
[DEBUG] 19:11:21.520 [AiEngine] Adaptive time: 500ms, depth: 4, reason: midgame, opening, emergency: false
[DEBUG] 19:11:21.520 [AiEngine] Using JS Search
[DEBUG] 19:11:21.600 [AiEngine] Adaptive time: 500ms, depth: 4, reason: midgame, opening, emergency: false
[DEBUG] 19:11:21.600 [AiEngine] Using JS Search
[DEBUG] 19:11:21.850 [AiEngine] Adaptive time: 500ms, depth: 4, reason: midgame, opening, tactical, emergency: false
[DEBUG] 19:11:21.851 [AiEngine] Using JS Search
[DEBUG] 19:11:21.949 [AiEngine] Adaptive time: 500ms, depth: 4, reason: midgame, opening, tactical, emergency: false
[DEBUG] 19:11:21.949 [AiEngine] Using JS Search
[DEBUG] 19:11:22.103 [AiEngine] Adaptive time: 500ms, depth: 4, reason: midgame, opening, emergency: false
[DEBUG] 19:11:22.103 [AiEngine] Using JS Search
[DEBUG] 19:11:22.135 [AiEngine] Adaptive time: 500ms, depth: 4, reason: midgame, opening, tactical, emergency: false
[DEBUG] 19:11:22.135 [AiEngine] Using JS Search
[DEBUG] 19:11:22.142 [AiEngine] Adaptive time: 500ms, depth: 4, reason: midgame, opening, emergency: false
[DEBUG] 19:11:22.142 [AiEngine] Using JS Search
[DEBUG] 19:11:22.180 [AiEngine] Adaptive time: 500ms, depth: 4, reason: midgame, opening, tactical, emergency: false
[DEBUG] 19:11:22.180 [AiEngine] Using JS Search
[DEBUG] 19:11:22.277 [AiEngine] Adaptive time: 500ms, depth: 4, reason: midgame, opening, tactical, emergency: false
[DEBUG] 19:11:22.277 [AiEngine] Using JS Search
[DEBUG] 19:11:22.387 [AiEngine] Adaptive time: 500ms, depth: 4, reason: midgame, opening, emergency: false
[DEBUG] 19:11:22.387 [AiEngine] Using JS Search
[DEBUG] 19:11:22.420 [AiEngine] Adaptive time: 500ms, depth: 4, reason: midgame, opening, emergency: false
[DEBUG] 19:11:22.420 [AiEngine] Using JS Search
[DEBUG] 19:11:22.524 [AiEngine] Adaptive time: 500ms, depth: 4, reason: midgame, opening, emergency: false
[DEBUG] 19:11:22.524 [AiEngine] Using JS Search
[DEBUG] 19:11:22.628 [AiEngine] Adaptive time: 500ms, depth: 4, reason: midgame, opening, tactical, emergency: false
[DEBUG] 19:11:22.628 [AiEngine] Using JS Search
[DEBUG] 19:11:22.783 [AiEngine] Adaptive time: 500ms, depth: 4, reason: midgame, opening, emergency: false
[DEBUG] 19:11:22.783 [AiEngine] Using JS Search
[DEBUG] 19:11:22.856 [AiEngine] Adaptive time: 500ms, depth: 4, reason: midgame, opening, tactical, emergency: false
[DEBUG] 19:11:22.856 [AiEngine] Using JS Search
[DEBUG] 19:11:22.985 [AiEngine] Adaptive time: 500ms, depth: 4, reason: midgame, opening, emergency: false
[DEBUG] 19:11:22.985 [AiEngine] Using JS Search
[DEBUG] 19:11:23.096 [AiEngine] Adaptive time: 500ms, depth: 4, reason: midgame, opening, tactical, emergency: false
[DEBUG] 19:11:23.096 [AiEngine] Using JS Search
[DEBUG] 19:11:23.204 [AiEngine] Adaptive time: 500ms, depth: 4, reason: midgame, opening, emergency: false
[DEBUG] 19:11:23.204 [AiEngine] Using JS Search
[DEBUG] 19:11:23.290 [AiEngine] Adaptive time: 500ms, depth: 4, reason: midgame, opening, tactical, emergency: false
[DEBUG] 19:11:23.290 [AiEngine] Using JS Search
[DEBUG] 19:11:23.350 [AiEngine] Adaptive time: 500ms, depth: 4, reason: midgame, opening, emergency: false
[DEBUG] 19:11:23.350 [AiEngine] Using JS Search
[DEBUG] 19:11:23.507 [AiEngine] Adaptive time: 500ms, depth: 4, reason: midgame, opening, tactical, emergency: false
[DEBUG] 19:11:23.507 [AiEngine] Using JS Search
[DEBUG] 19:11:23.752 [AiEngine] Adaptive time: 500ms, depth: 4, reason: midgame, opening, emergency: false
[DEBUG] 19:11:23.752 [AiEngine] Using JS Search
[DEBUG] 19:11:23.857 [AiEngine] Adaptive time: 500ms, depth: 4, reason: midgame, opening, tactical, emergency: false
[DEBUG] 19:11:23.857 [AiEngine] Using JS Search
[DEBUG] 19:11:23.928 [AiEngine] Adaptive time: 500ms, depth: 4, reason: midgame, opening, tactical, emergency: false
[DEBUG] 19:11:23.928 [AiEngine] Using JS Search
[DEBUG] 19:11:24.012 [AiEngine] Adaptive time: 500ms, depth: 4, reason: midgame, opening, in-check, emergency: false
[DEBUG] 19:11:24.012 [AiEngine] Using JS Search
[DEBUG] 19:11:24.019 [AiEngine] Adaptive time: 500ms, depth: 4, reason: midgame, opening, tactical, emergency: false
[DEBUG] 19:11:24.019 [AiEngine] Using JS Search
[DEBUG] 19:11:24.036 [AiEngine] Adaptive time: 500ms, depth: 4, reason: midgame, opening, in-check, emergency: false
[DEBUG] 19:11:24.036 [AiEngine] Using JS Search
[DEBUG] 19:11:24.047 [AiEngine] Adaptive time: 500ms, depth: 4, reason: midgame, opening, tactical, emergency: false
[DEBUG] 19:11:24.047 [AiEngine] Using JS Search
[DEBUG] 19:11:24.175 [AiEngine] Adaptive time: 3000ms, depth: 5, reason: midgame, in-check, emergency: false
[DEBUG] 19:11:24.175 [AiEngine] Using JS Search
[DEBUG] 19:11:24.253 [AiEngine] Adaptive time: 3000ms, depth: 5, reason: midgame, tactical, emergency: false
[DEBUG] 19:11:24.253 [AiEngine] Using JS Search
[DEBUG] 19:11:24.258 [AiEngine] Adaptive time: 3000ms, depth: 5, reason: midgame, emergency: false
[DEBUG] 19:11:24.258 [AiEngine] Using JS Search
[DEBUG] 19:11:24.375 [AiEngine] Adaptive time: 3000ms, depth: 5, reason: midgame, in-check, emergency: false
[DEBUG] 19:11:24.375 [AiEngine] Using JS Search
[DEBUG] 19:11:24.377 [AiEngine] Adaptive time: 3000ms, depth: 5, reason: midgame, emergency: false
[DEBUG] 19:11:24.377 [AiEngine] Using JS Search
[DEBUG] 19:11:24.555 [AiEngine] Adaptive time: 3000ms, depth: 5, reason: midgame, tactical, emergency: false
[DEBUG] 19:11:24.555 [AiEngine] Using JS Search
[DEBUG] 19:11:24.556 [AiEngine] Adaptive time: 3000ms, depth: 5, reason: midgame, emergency: false
[DEBUG] 19:11:24.556 [AiEngine] Using JS Search
[DEBUG] 19:11:24.890 [AiEngine] Adaptive time: 3000ms, depth: 5, reason: midgame, tactical, emergency: false
[DEBUG] 19:11:24.890 [AiEngine] Using JS Search
[DEBUG] 19:11:24.894 [AiEngine] Adaptive time: 3000ms, depth: 5, reason: midgame, in-check, emergency: false
[DEBUG] 19:11:24.894 [AiEngine] Using JS Search
[DEBUG] 19:11:25.021 [AiEngine] Adaptive time: 3000ms, depth: 5, reason: midgame, tactical, emergency: false
[DEBUG] 19:11:25.021 [AiEngine] Using JS Search
[DEBUG] 19:11:25.248 [AiEngine] Adaptive time: 3000ms, depth: 5, reason: midgame, in-check, emergency: false
[DEBUG] 19:11:25.248 [AiEngine] Using JS Search
[DEBUG] 19:11:25.369 [AiEngine] Adaptive time: 3000ms, depth: 5, reason: midgame, emergency: false
[DEBUG] 19:11:25.369 [AiEngine] Using JS Search
[DEBUG] 19:11:25.682 [AiEngine] Adaptive time: 3000ms, depth: 5, reason: midgame, in-check, emergency: false
[DEBUG] 19:11:25.682 [AiEngine] Using JS Search
[DEBUG] 19:11:25.781 [AiEngine] Adaptive time: 3000ms, depth: 5, reason: midgame, emergency: false
[DEBUG] 19:11:25.781 [AiEngine] Using JS Search
[DEBUG] 19:11:26.215 [AiEngine] Adaptive time: 3000ms, depth: 5, reason: midgame, emergency: false
[DEBUG] 19:11:26.215 [AiEngine] Using JS Search
[DEBUG] 19:11:26.276 [AiEngine] Adaptive time: 3000ms, depth: 5, reason: midgame, emergency: false
[DEBUG] 19:11:26.276 [AiEngine] Using JS Search
[DEBUG] 19:11:26.448 [AiEngine] Adaptive time: 3000ms, depth: 5, reason: midgame, emergency: false
[DEBUG] 19:11:26.448 [AiEngine] Using JS Search
[DEBUG] 19:11:26.492 [AiEngine] Adaptive time: 3000ms, depth: 5, reason: midgame, emergency: false
[DEBUG] 19:11:26.492 [AiEngine] Using JS Search
[DEBUG] 19:11:26.777 [AiEngine] Adaptive time: 3000ms, depth: 5, reason: midgame, emergency: false
[DEBUG] 19:11:26.777 [AiEngine] Using JS Search
[DEBUG] 19:11:26.819 [AiEngine] Adaptive time: 3000ms, depth: 5, reason: midgame, tactical, emergency: false
[DEBUG] 19:11:26.819 [AiEngine] Using JS Search
[DEBUG] 19:11:26.899 [AiEngine] Adaptive time: 3000ms, depth: 5, reason: standard, emergency: false
[DEBUG] 19:11:26.899 [AiEngine] Using JS Search
[DEBUG] 19:11:26.927 [AiEngine] Adaptive time: 3000ms, depth: 5, reason: tactical, emergency: false
[DEBUG] 19:11:26.928 [AiEngine] Using JS Search
[DEBUG] 19:11:26.929 [AiEngine] Adaptive time: 3000ms, depth: 5, reason: standard, emergency: false
[DEBUG] 19:11:26.929 [AiEngine] Using JS Search
[DEBUG] 19:11:26.967 [AiEngine] Adaptive time: 3000ms, depth: 5, reason: standard, emergency: false
[DEBUG] 19:11:26.968 [AiEngine] Using JS Search
[DEBUG] 19:11:26.970 [AiEngine] Adaptive time: 3000ms, depth: 5, reason: standard, emergency: false
[DEBUG] 19:11:26.970 [AiEngine] Using JS Search
[DEBUG] 19:11:26.982 [AiEngine] Adaptive time: 3000ms, depth: 5, reason: tactical, emergency: false
[DEBUG] 19:11:26.982 [AiEngine] Using JS Search
[DEBUG] 19:11:26.989 [AiEngine] Adaptive time: 3000ms, depth: 5, reason: standard, emergency: false
[DEBUG] 19:11:26.989 [AiEngine] Using JS Search
[DEBUG] 19:11:26.998 [AiEngine] Adaptive time: 3000ms, depth: 5, reason: tactical, emergency: false
[DEBUG] 19:11:26.998 [AiEngine] Using JS Search
[DEBUG] 19:11:27.002 [AiEngine] Adaptive time: 3000ms, depth: 5, reason: endgame, emergency: false
[DEBUG] 19:11:27.002 [AiEngine] Using JS Search
[DEBUG] 19:11:27.007 [AiEngine] Adaptive time: 3000ms, depth: 5, reason: endgame, tactical, emergency: false
[DEBUG] 19:11:27.007 [AiEngine] Using JS Search
[DEBUG] 19:11:27.010 [AiEngine] Adaptive time: 3000ms, depth: 5, reason: endgame, emergency: false
[DEBUG] 19:11:27.010 [AiEngine] Using JS Search
[DEBUG] 19:11:27.016 [AiEngine] Adaptive time: 3000ms, depth: 5, reason: endgame, tactical, emergency: false
[DEBUG] 19:11:27.016 [AiEngine] Using JS Search
[DEBUG] 19:11:27.018 [AiEngine] Adaptive time: 3000ms, depth: 5, reason: endgame, emergency: false
[DEBUG] 19:11:27.018 [AiEngine] Using JS Search
[DEBUG] 19:11:27.024 [AiEngine] Adaptive time: 3000ms, depth: 5, reason: endgame, tactical, emergency: false
[DEBUG] 19:11:27.024 [AiEngine] Using JS Search
[DEBUG] 19:11:27.025 [AiEngine] Adaptive time: 3000ms, depth: 5, reason: endgame, emergency: false
[DEBUG] 19:11:27.025 [AiEngine] Using JS Search
[DEBUG] 19:11:27.030 [AiEngine] Adaptive time: 3000ms, depth: 5, reason: endgame, tactical, emergency: false
[DEBUG] 19:11:27.031 [AiEngine] Using JS Search
[DEBUG] 19:11:27.163 [AiEngine] Adaptive time: 3000ms, depth: 5, reason: endgame, emergency: false
[DEBUG] 19:11:27.163 [AiEngine] Using JS Search
[DEBUG] 19:11:27.166 [AiEngine] Adaptive time: 3000ms, depth: 5, reason: endgame, tactical, emergency: false
[DEBUG] 19:11:27.166 [AiEngine] Using JS Search
[DEBUG] 19:11:27.167 [AiEngine] Adaptive time: 3000ms, depth: 5, reason: endgame, emergency: false
[DEBUG] 19:11:27.167 [AiEngine] Using JS Search
[DEBUG] 19:11:27.170 [AiEngine] Adaptive time: 3000ms, depth: 5, reason: endgame, emergency: false
[DEBUG] 19:11:27.170 [AiEngine] Using JS Search
[DEBUG] 19:11:27.174 [AiEngine] Adaptive time: 3000ms, depth: 5, reason: endgame, emergency: false
[DEBUG] 19:11:27.174 [AiEngine] Using JS Search
[DEBUG] 19:11:27.179 [AiEngine] Adaptive time: 3000ms, depth: 5, reason: endgame, tactical, emergency: false
[DEBUG] 19:11:27.179 [AiEngine] Using JS Search
[DEBUG] 19:11:27.254 [AiEngine] Adaptive time: 3000ms, depth: 5, reason: endgame, emergency: false
[DEBUG] 19:11:27.254 [AiEngine] Using JS Search
[DEBUG] 19:11:27.260 [AiEngine] Adaptive time: 3000ms, depth: 5, reason: endgame, emergency: false
[DEBUG] 19:11:27.260 [AiEngine] Using JS Search
[DEBUG] 19:11:27.263 [AiEngine] Adaptive time: 3000ms, depth: 5, reason: endgame, emergency: false
[DEBUG] 19:11:27.263 [AiEngine] Using JS Search
[DEBUG] 19:11:27.267 [AiEngine] Adaptive time: 3000ms, depth: 5, reason: endgame, tactical, emergency: false
[DEBUG] 19:11:27.267 [AiEngine] Using JS Search
[DEBUG] 19:11:27.269 [AiEngine] Adaptive time: 3000ms, depth: 5, reason: endgame, emergency: false
[DEBUG] 19:11:27.269 [AiEngine] Using JS Search
[DEBUG] 19:11:27.274 [AiEngine] Adaptive time: 3000ms, depth: 5, reason: endgame, emergency: false
[DEBUG] 19:11:27.274 [AiEngine] Using JS Search
[DEBUG] 19:11:27.276 [AiEngine] Adaptive time: 3000ms, depth: 5, reason: endgame, emergency: false
[DEBUG] 19:11:27.276 [AiEngine] Using JS Search
[DEBUG] 19:11:27.279 [AiEngine] Adaptive time: 3000ms, depth: 5, reason: endgame, tactical, emergency: false
[DEBUG] 19:11:27.279 [AiEngine] Using JS Search
[DEBUG] 19:11:27.353 [AiEngine] Adaptive time: 3000ms, depth: 5, reason: endgame, emergency: false
[DEBUG] 19:11:27.353 [AiEngine] Using JS Search
[DEBUG] 19:11:27.360 [AiEngine] Adaptive time: 3000ms, depth: 5, reason: endgame, emergency: false
[DEBUG] 19:11:27.360 [AiEngine] Using JS Search
[DEBUG] 19:11:27.362 [AiEngine] Adaptive time: 3000ms, depth: 5, reason: endgame, in-check, emergency: false
[DEBUG] 19:11:27.362 [AiEngine] Using JS Search
[DEBUG] 19:11:27.367 [AiEngine] Adaptive time: 3000ms, depth: 5, reason: endgame, tactical, emergency: false
[DEBUG] 19:11:27.367 [AiEngine] Using JS Search
[DEBUG] 19:11:27.369 [AiEngine] Adaptive time: 3000ms, depth: 5, reason: endgame, emergency: false
[DEBUG] 19:11:27.369 [AiEngine] Using JS Search
[DEBUG] 19:11:27.372 [AiEngine] Adaptive time: 3000ms, depth: 5, reason: endgame, emergency: false
[DEBUG] 19:11:27.372 [AiEngine] Using JS Search
[DEBUG] 19:11:27.389 [AiEngine] Adaptive time: 3000ms, depth: 5, reason: endgame, emergency: false
[DEBUG] 19:11:27.389 [AiEngine] Using JS Search
[DEBUG] 19:11:27.394 [AiEngine] Adaptive time: 3000ms, depth: 5, reason: endgame, emergency: false
[DEBUG] 19:11:27.394 [AiEngine] Using JS Search
[DEBUG] 19:11:27.395 [AiEngine] Adaptive time: 3000ms, depth: 5, reason: endgame, emergency: false
[DEBUG] 19:11:27.395 [AiEngine] Using JS Search
[DEBUG] 19:11:27.398 [AiEngine] Adaptive time: 3000ms, depth: 5, reason: endgame, emergency: false
[DEBUG] 19:11:27.398 [AiEngine] Using JS Search
[DEBUG] 19:11:27.471 [AiEngine] Adaptive time: 500ms, depth: 4, reason: midgame, opening, emergency: false
[DEBUG] 19:11:27.471 [AiEngine] Using JS Search
[DEBUG] 19:11:27.518 [AiEngine] Adaptive time: 500ms, depth: 4, reason: midgame, opening, emergency: false
[DEBUG] 19:11:27.518 [AiEngine] Using JS Search
[DEBUG] 19:11:27.578 [AiEngine] Adaptive time: 500ms, depth: 4, reason: midgame, opening, emergency: false
[DEBUG] 19:11:27.578 [AiEngine] Using JS Search
[DEBUG] 19:11:27.711 [AiEngine] Adaptive time: 500ms, depth: 4, reason: midgame, opening, emergency: false
[DEBUG] 19:11:27.711 [AiEngine] Using JS Search
[DEBUG] 19:11:27.943 [AiEngine] Adaptive time: 500ms, depth: 4, reason: midgame, opening, emergency: false
[DEBUG] 19:11:27.943 [AiEngine] Using JS Search
[DEBUG] 19:11:28.318 [AiEngine] Adaptive time: 500ms, depth: 4, reason: midgame, opening, emergency: false
[DEBUG] 19:11:28.318 [AiEngine] Using JS Search
[DEBUG] 19:11:28.391 [AiEngine] Adaptive time: 500ms, depth: 4, reason: midgame, opening, emergency: false
[DEBUG] 19:11:28.391 [AiEngine] Using JS Search
[DEBUG] 19:11:28.589 [AiEngine] Adaptive time: 500ms, depth: 4, reason: midgame, opening, emergency: false
[DEBUG] 19:11:28.589 [AiEngine] Using JS Search
[DEBUG] 19:11:28.664 [AiEngine] Adaptive time: 500ms, depth: 4, reason: midgame, opening, tactical, emergency: false
[DEBUG] 19:11:28.664 [AiEngine] Using JS Search
[DEBUG] 19:11:29.006 [AiEngine] Adaptive time: 500ms, depth: 4, reason: midgame, opening, emergency: false
[DEBUG] 19:11:29.006 [AiEngine] Using JS Search
[DEBUG] 19:11:29.067 [AiEngine] Adaptive time: 500ms, depth: 4, reason: midgame, opening, tactical, emergency: false
[DEBUG] 19:11:29.067 [AiEngine] Using JS Search
[DEBUG] 19:11:29.333 [AiEngine] Adaptive time: 500ms, depth: 4, reason: midgame, opening, emergency: false
[DEBUG] 19:11:29.333 [AiEngine] Using JS Search
[DEBUG] 19:11:29.397 [AiEngine] Adaptive time: 500ms, depth: 4, reason: midgame, opening, tactical, emergency: false
[DEBUG] 19:11:29.397 [AiEngine] Using JS Search
[DEBUG] 19:11:29.444 [AiEngine] Adaptive time: 500ms, depth: 4, reason: midgame, opening, emergency: false
[DEBUG] 19:11:29.444 [AiEngine] Using JS Search
[DEBUG] 19:11:29.472 [AiEngine] Adaptive time: 500ms, depth: 4, reason: midgame, opening, emergency: false
[DEBUG] 19:11:29.472 [AiEngine] Using JS Search
[DEBUG] 19:11:29.769 [AiEngine] Adaptive time: 500ms, depth: 4, reason: midgame, opening, emergency: false
[DEBUG] 19:11:29.769 [AiEngine] Using JS Search
[DEBUG] 19:11:29.803 [AiEngine] Adaptive time: 500ms, depth: 4, reason: midgame, opening, emergency: false
[DEBUG] 19:11:29.803 [AiEngine] Using JS Search
[DEBUG] 19:11:30.014 [AiEngine] Adaptive time: 500ms, depth: 4, reason: midgame, opening, emergency: false
[DEBUG] 19:11:30.014 [AiEngine] Using JS Search
[DEBUG] 19:11:30.055 [AiEngine] Adaptive time: 500ms, depth: 4, reason: midgame, opening, tactical, emergency: false
[DEBUG] 19:11:30.055 [AiEngine] Using JS Search
[DEBUG] 19:11:30.297 [AiEngine] Adaptive time: 500ms, depth: 4, reason: midgame, opening, emergency: false
[DEBUG] 19:11:30.297 [AiEngine] Using JS Search
[DEBUG] 19:11:30.333 [AiEngine] Adaptive time: 500ms, depth: 4, reason: midgame, opening, tactical, emergency: false
[DEBUG] 19:11:30.333 [AiEngine] Using JS Search
[DEBUG] 19:11:30.760 [AiEngine] Adaptive time: 500ms, depth: 4, reason: midgame, opening, emergency: false
[DEBUG] 19:11:30.760 [AiEngine] Using JS Search
[DEBUG] 19:11:30.793 [AiEngine] Adaptive time: 500ms, depth: 4, reason: midgame, opening, tactical, emergency: false
[DEBUG] 19:11:30.793 [AiEngine] Using JS Search
[DEBUG] 19:11:31.008 [AiEngine] Adaptive time: 500ms, depth: 4, reason: midgame, opening, emergency: false
[DEBUG] 19:11:31.008 [AiEngine] Using JS Search
[DEBUG] 19:11:31.038 [AiEngine] Adaptive time: 500ms, depth: 4, reason: midgame, opening, tactical, emergency: false
[DEBUG] 19:11:31.038 [AiEngine] Using JS Search
[DEBUG] 19:11:31.052 [AiEngine] Adaptive time: 500ms, depth: 4, reason: midgame, opening, emergency: false
[DEBUG] 19:11:31.052 [AiEngine] Using JS Search
[DEBUG] 19:11:31.189 [AiEngine] Adaptive time: 500ms, depth: 4, reason: midgame, opening, tactical, emergency: false
[DEBUG] 19:11:31.189 [AiEngine] Using JS Search
[DEBUG] 19:11:31.201 [AiEngine] Adaptive time: 500ms, depth: 4, reason: midgame, opening, in-check, emergency: false
[DEBUG] 19:11:31.201 [AiEngine] Using JS Search
[DEBUG] 19:11:31.238 [AiEngine] Adaptive time: 500ms, depth: 4, reason: midgame, opening, emergency: false
[DEBUG] 19:11:31.238 [AiEngine] Using JS Search
[DEBUG] 19:11:31.347 [AiEngine] Adaptive time: 500ms, depth: 4, reason: midgame, opening, tactical, emergency: false
[DEBUG] 19:11:31.347 [AiEngine] Using JS Search
[DEBUG] 19:11:31.423 [AiEngine] Adaptive time: 500ms, depth: 4, reason: midgame, opening, emergency: false
[DEBUG] 19:11:31.424 [AiEngine] Using JS Search
[DEBUG] 19:11:31.530 [AiEngine] Adaptive time: 500ms, depth: 4, reason: midgame, opening, emergency: false
[DEBUG] 19:11:31.530 [AiEngine] Using JS Search
[DEBUG] 19:11:31.560 [AiEngine] Adaptive time: 500ms, depth: 4, reason: midgame, opening, emergency: false
[DEBUG] 19:11:31.561 [AiEngine] Using JS Search
[DEBUG] 19:11:31.828 [AiEngine] Adaptive time: 500ms, depth: 4, reason: midgame, opening, emergency: false
[DEBUG] 19:11:31.828 [AiEngine] Using JS Search
[DEBUG] 19:11:31.853 [AiEngine] Adaptive time: 500ms, depth: 4, reason: midgame, opening, emergency: false
[DEBUG] 19:11:31.853 [AiEngine] Using JS Search
[DEBUG] 19:11:32.100 [AiEngine] Adaptive time: 500ms, depth: 4, reason: midgame, opening, emergency: false
[DEBUG] 19:11:32.100 [AiEngine] Using JS Search
[DEBUG] 19:11:32.137 [AiEngine] Adaptive time: 500ms, depth: 4, reason: midgame, opening, tactical, emergency: false
[DEBUG] 19:11:32.137 [AiEngine] Using JS Search
[DEBUG] 19:11:32.227 [AiEngine] Adaptive time: 500ms, depth: 4, reason: midgame, opening, emergency: false
[DEBUG] 19:11:32.227 [AiEngine] Using JS Search
[DEBUG] 19:11:32.246 [AiEngine] Adaptive time: 500ms, depth: 4, reason: midgame, opening, tactical, emergency: false
[DEBUG] 19:11:32.246 [AiEngine] Using JS Search
[DEBUG] 19:11:32.248 [AiEngine] Adaptive time: 500ms, depth: 4, reason: midgame, opening, in-check, emergency: false
[DEBUG] 19:11:32.248 [AiEngine] Using JS Search
[DEBUG] 19:11:32.251 [AiEngine] Adaptive time: 3000ms, depth: 5, reason: midgame, tactical, emergency: false
[DEBUG] 19:11:32.251 [AiEngine] Using JS Search
[DEBUG] 19:11:32.253 [AiEngine] Adaptive time: 3000ms, depth: 5, reason: midgame, emergency: false
[DEBUG] 19:11:32.253 [AiEngine] Using JS Search
[DEBUG] 19:11:32.314 [AiEngine] Adaptive time: 3000ms, depth: 5, reason: midgame, tactical, emergency: false
[DEBUG] 19:11:32.314 [AiEngine] Using JS Search
[DEBUG] 19:11:32.320 [AiEngine] Adaptive time: 3000ms, depth: 5, reason: midgame, emergency: false
[DEBUG] 19:11:32.320 [AiEngine] Using JS Search
[DEBUG] 19:11:32.350 [AiEngine] Adaptive time: 3000ms, depth: 5, reason: midgame, tactical, emergency: false
[DEBUG] 19:11:32.350 [AiEngine] Using JS Search
[DEBUG] 19:11:32.353 [AiEngine] Adaptive time: 3000ms, depth: 5, reason: midgame, in-check, emergency: false
[DEBUG] 19:11:32.353 [AiEngine] Using JS Search
[DEBUG] 19:11:32.367 [AiEngine] Adaptive time: 3000ms, depth: 5, reason: midgame, tactical, emergency: false
[DEBUG] 19:11:32.367 [AiEngine] Using JS Search
[DEBUG] 19:11:32.375 [AiEngine] Adaptive time: 3000ms, depth: 5, reason: midgame, in-check, emergency: false
[DEBUG] 19:11:32.375 [AiEngine] Using JS Search
[DEBUG] 19:11:32.449 [AiEngine] Adaptive time: 3000ms, depth: 5, reason: midgame, emergency: false
[DEBUG] 19:11:32.449 [AiEngine] Using JS Search
[DEBUG] 19:11:32.456 [AiEngine] Adaptive time: 3000ms, depth: 5, reason: midgame, emergency: false
[DEBUG] 19:11:32.456 [AiEngine] Using JS Search
[DEBUG] 19:11:32.600 [AiEngine] Adaptive time: 3000ms, depth: 5, reason: midgame, emergency: false
[DEBUG] 19:11:32.600 [AiEngine] Using JS Search
[DEBUG] 19:11:32.611 [AiEngine] Adaptive time: 3000ms, depth: 5, reason: midgame, emergency: false
[DEBUG] 19:11:32.611 [AiEngine] Using JS Search
[DEBUG] 19:11:32.634 [AiEngine] Adaptive time: 3000ms, depth: 5, reason: midgame, emergency: false
[DEBUG] 19:11:32.634 [AiEngine] Using JS Search
[DEBUG] 19:11:32.641 [AiEngine] Adaptive time: 3000ms, depth: 5, reason: midgame, emergency: false
[DEBUG] 19:11:32.641 [AiEngine] Using JS Search
[DEBUG] 19:11:32.656 [AiEngine] Adaptive time: 3000ms, depth: 5, reason: midgame, emergency: false
[DEBUG] 19:11:32.656 [AiEngine] Using JS Search
[DEBUG] 19:11:32.840 [AiEngine] Adaptive time: 3000ms, depth: 5, reason: midgame, emergency: false
[DEBUG] 19:11:32.840 [AiEngine] Using JS Search
[DEBUG] 19:11:32.857 [AiEngine] Adaptive time: 3000ms, depth: 5, reason: midgame, emergency: false
[DEBUG] 19:11:32.857 [AiEngine] Using JS Search
[DEBUG] 19:11:32.875 [AiEngine] Adaptive time: 3000ms, depth: 5, reason: standard, emergency: false
[DEBUG] 19:11:32.875 [AiEngine] Using JS Search
[DEBUG] 19:11:32.888 [AiEngine] Adaptive time: 3000ms, depth: 5, reason: tactical, emergency: false
[DEBUG] 19:11:32.888 [AiEngine] Using JS Search
[DEBUG] 19:11:32.905 [AiEngine] Adaptive time: 3000ms, depth: 5, reason: standard, emergency: false
[DEBUG] 19:11:32.905 [AiEngine] Using JS Search
[DEBUG] 19:11:32.918 [AiEngine] Adaptive time: 3000ms, depth: 5, reason: tactical, emergency: false
[DEBUG] 19:11:32.918 [AiEngine] Using JS Search
[DEBUG] 19:11:32.959 [AiEngine] Adaptive time: 3000ms, depth: 5, reason: in-check, emergency: false
[DEBUG] 19:11:32.959 [AiEngine] Using JS Search
[DEBUG] 19:11:32.969 [AiEngine] Adaptive time: 3000ms, depth: 5, reason: tactical, emergency: false
[DEBUG] 19:11:32.969 [AiEngine] Using JS Search
[DEBUG] 19:11:32.980 [AiEngine] Adaptive time: 3000ms, depth: 5, reason: standard, emergency: false
[DEBUG] 19:11:32.980 [AiEngine] Using JS Search
[DEBUG] 19:11:32.988 [AiEngine] Adaptive time: 3000ms, depth: 5, reason: tactical, emergency: false
[DEBUG] 19:11:32.988 [AiEngine] Using JS Search
[DEBUG] 19:11:32.991 [AiEngine] Adaptive time: 3000ms, depth: 5, reason: standard, emergency: false
[DEBUG] 19:11:32.991 [AiEngine] Using JS Search
[DEBUG] 19:11:32.993 [AiEngine] Adaptive time: 3000ms, depth: 5, reason: tactical, emergency: false
[DEBUG] 19:11:32.994 [AiEngine] Using JS Search
[DEBUG] 19:11:33.023 [AiEngine] Adaptive time: 3000ms, depth: 5, reason: standard, emergency: false
[DEBUG] 19:11:33.023 [AiEngine] Using JS Search
[DEBUG] 19:11:33.030 [AiEngine] Adaptive time: 3000ms, depth: 5, reason: tactical, emergency: false
[DEBUG] 19:11:33.030 [AiEngine] Using JS Search
[DEBUG] 19:11:33.032 [AiEngine] Adaptive time: 3000ms, depth: 5, reason: standard, emergency: false
[DEBUG] 19:11:33.032 [AiEngine] Using JS Search
[DEBUG] 19:11:33.037 [AiEngine] Adaptive time: 3000ms, depth: 5, reason: standard, emergency: false
[DEBUG] 19:11:33.037 [AiEngine] Using JS Search
[DEBUG] 19:11:33.040 [AiEngine] Adaptive time: 3000ms, depth: 5, reason: standard, emergency: false
[DEBUG] 19:11:33.040 [AiEngine] Using JS Search
[DEBUG] 19:11:33.046 [AiEngine] Adaptive time: 3000ms, depth: 5, reason: tactical, emergency: false
[DEBUG] 19:11:33.046 [AiEngine] Using JS Search
[DEBUG] 19:11:33.048 [AiEngine] Adaptive time: 3000ms, depth: 5, reason: standard, emergency: false
[DEBUG] 19:11:33.048 [AiEngine] Using JS Search
[DEBUG] 19:11:33.053 [AiEngine] Adaptive time: 3000ms, depth: 5, reason: tactical, emergency: false
[DEBUG] 19:11:33.054 [AiEngine] Using JS Search
[DEBUG] 19:11:33.056 [AiEngine] Adaptive time: 3000ms, depth: 5, reason: in-check, emergency: false
[DEBUG] 19:11:33.056 [AiEngine] Using JS Search
[DEBUG] 19:11:33.059 [AiEngine] Adaptive time: 3000ms, depth: 5, reason: tactical, emergency: false
[DEBUG] 19:11:33.059 [AiEngine] Using JS Search
[DEBUG] 19:11:33.063 [AiEngine] Adaptive time: 3000ms, depth: 5, reason: standard, emergency: false
[DEBUG] 19:11:33.063 [AiEngine] Using JS Search
[DEBUG] 19:11:33.070 [AiEngine] Adaptive time: 3000ms, depth: 5, reason: tactical, emergency: false
[DEBUG] 19:11:33.070 [AiEngine] Using JS Search
[DEBUG] 19:11:33.082 [AiEngine] Adaptive time: 3000ms, depth: 5, reason: standard, emergency: false
[DEBUG] 19:11:33.083 [AiEngine] Using JS Search
[DEBUG] 19:11:33.092 [AiEngine] Adaptive time: 3000ms, depth: 5, reason: tactical, emergency: false
[DEBUG] 19:11:33.092 [AiEngine] Using JS Search
[DEBUG] 19:11:33.094 [AiEngine] Adaptive time: 3000ms, depth: 5, reason: standard, emergency: false
[DEBUG] 19:11:33.094 [AiEngine] Using JS Search
[DEBUG] 19:11:33.103 [AiEngine] Adaptive time: 3000ms, depth: 5, reason: endgame, emergency: false
[DEBUG] 19:11:33.103 [AiEngine] Using JS Search
[DEBUG] 19:11:33.105 [AiEngine] Adaptive time: 3000ms, depth: 5, reason: endgame, emergency: false
[DEBUG] 19:11:33.105 [AiEngine] Using JS Search
[DEBUG] 19:11:33.111 [AiEngine] Adaptive time: 3000ms, depth: 5, reason: endgame, emergency: false
[DEBUG] 19:11:33.111 [AiEngine] Using JS Search
[DEBUG] 19:11:33.113 [AiEngine] Adaptive time: 3000ms, depth: 5, reason: endgame, emergency: false
[DEBUG] 19:11:33.113 [AiEngine] Using JS Search
[DEBUG] 19:11:33.118 [AiEngine] Adaptive time: 3000ms, depth: 5, reason: endgame, tactical, emergency: false
[DEBUG] 19:11:33.118 [AiEngine] Using JS Search
[DEBUG] 19:11:33.153 [AiEngine] Adaptive time: 3000ms, depth: 5, reason: endgame, in-check, emergency: false
[DEBUG] 19:11:33.153 [AiEngine] Using JS Search
[DEBUG] 19:11:33.162 [AiEngine] Adaptive time: 3000ms, depth: 5, reason: endgame, emergency: false
[DEBUG] 19:11:33.162 [AiEngine] Using JS Search
[DEBUG] 19:11:33.308 [AiEngine] Adaptive time: 3000ms, depth: 5, reason: endgame, emergency: false
[DEBUG] 19:11:33.308 [AiEngine] Using JS Search
[DEBUG] 19:11:33.312 [AiEngine] Adaptive time: 3000ms, depth: 5, reason: endgame, tactical, emergency: false
[DEBUG] 19:11:33.312 [AiEngine] Using JS Search
[DEBUG] 19:11:33.314 [AiEngine] Adaptive time: 3000ms, depth: 5, reason: endgame, emergency: false
[DEBUG] 19:11:33.314 [AiEngine] Using JS Search
[DEBUG] 19:11:33.317 [AiEngine] Adaptive time: 3000ms, depth: 5, reason: endgame, emergency: false
[DEBUG] 19:11:33.317 [AiEngine] Using JS Search
[DEBUG] 19:11:33.389 [AiEngine] Adaptive time: 3000ms, depth: 5, reason: endgame, emergency: false
[DEBUG] 19:11:33.389 [AiEngine] Using JS Search
[DEBUG] 19:11:33.393 [AiEngine] Adaptive time: 3000ms, depth: 5, reason: endgame, tactical, emergency: false
[DEBUG] 19:11:33.394 [AiEngine] Using JS Search
[DEBUG] 19:11:33.403 [AiEngine] Adaptive time: 3000ms, depth: 5, reason: endgame, in-check, emergency: false
[DEBUG] 19:11:33.403 [AiEngine] Using JS Search
[DEBUG] 19:11:33.408 [AiEngine] Adaptive time: 3000ms, depth: 5, reason: endgame, emergency: false
[DEBUG] 19:11:33.408 [AiEngine] Using JS Search
[DEBUG] 19:11:33.470 [AiEngine] Adaptive time: 3000ms, depth: 5, reason: endgame, emergency: false
[DEBUG] 19:11:33.470 [AiEngine] Using JS Search
[DEBUG] 19:11:33.475 [AiEngine] Adaptive time: 3000ms, depth: 5, reason: endgame, emergency: false
[DEBUG] 19:11:33.475 [AiEngine] Using JS Search
[DEBUG] 19:11:33.479 [AiEngine] Adaptive time: 3000ms, depth: 5, reason: endgame, emergency: false
[DEBUG] 19:11:33.479 [AiEngine] Using JS Search
[DEBUG] 19:11:33.491 [AiEngine] Adaptive time: 500ms, depth: 4, reason: midgame, opening, emergency: false
[DEBUG] 19:11:33.491 [AiEngine] Using JS Search
[DEBUG] 19:11:33.551 [AiEngine] Adaptive time: 500ms, depth: 4, reason: midgame, opening, emergency: false
[DEBUG] 19:11:33.551 [AiEngine] Using JS Search
[DEBUG] 19:11:33.636 [AiEngine] Adaptive time: 500ms, depth: 4, reason: midgame, opening, emergency: false
[DEBUG] 19:11:33.636 [AiEngine] Using JS Search
[DEBUG] 19:11:33.793 [AiEngine] Adaptive time: 500ms, depth: 4, reason: midgame, opening, emergency: false
[DEBUG] 19:11:33.793 [AiEngine] Using JS Search
[DEBUG] 19:11:33.958 [AiEngine] Adaptive time: 500ms, depth: 4, reason: midgame, opening, emergency: false
[DEBUG] 19:11:33.958 [AiEngine] Using JS Search
[DEBUG] 19:11:34.167 [AiEngine] Adaptive time: 500ms, depth: 4, reason: midgame, opening, emergency: false
[DEBUG] 19:11:34.167 [AiEngine] Using JS Search
[DEBUG] 19:11:34.252 [AiEngine] Adaptive time: 500ms, depth: 4, reason: midgame, opening, emergency: false
[DEBUG] 19:11:34.252 [AiEngine] Using JS Search
[DEBUG] 19:11:34.347 [AiEngine] Adaptive time: 500ms, depth: 4, reason: midgame, opening, emergency: false
[DEBUG] 19:11:34.347 [AiEngine] Using JS Search
[DEBUG] 19:11:34.386 [AiEngine] Adaptive time: 500ms, depth: 4, reason: midgame, opening, tactical, emergency: false
[DEBUG] 19:11:34.386 [AiEngine] Using JS Search
[DEBUG] 19:11:34.450 [AiEngine] Adaptive time: 500ms, depth: 4, reason: midgame, opening, in-check, emergency: false
[DEBUG] 19:11:34.450 [AiEngine] Using JS Search
[DEBUG] 19:11:34.545 [AiEngine] Adaptive time: 500ms, depth: 4, reason: midgame, opening, tactical, emergency: false
[DEBUG] 19:11:34.545 [AiEngine] Using JS Search
[DEBUG] 19:11:34.557 [AiEngine] Adaptive time: 500ms, depth: 4, reason: midgame, opening, emergency: false
[DEBUG] 19:11:34.557 [AiEngine] Using JS Search
[DEBUG] 19:11:34.669 [AiEngine] Adaptive time: 500ms, depth: 4, reason: midgame, opening, emergency: false
[DEBUG] 19:11:34.669 [AiEngine] Using JS Search
[DEBUG] 19:11:34.783 [AiEngine] Adaptive time: 500ms, depth: 4, reason: midgame, opening, tactical, emergency: false
[DEBUG] 19:11:34.783 [AiEngine] Using JS Search
[DEBUG] 19:11:34.962 [AiEngine] Adaptive time: 500ms, depth: 4, reason: midgame, opening, emergency: false
[DEBUG] 19:11:34.962 [AiEngine] Using JS Search
[DEBUG] 19:11:34.964 [AiEngine] Adaptive time: 500ms, depth: 4, reason: midgame, opening, tactical, emergency: false
[DEBUG] 19:11:34.964 [AiEngine] Using JS Search
[DEBUG] 19:11:34.964 [AiEngine] Adaptive time: 500ms, depth: 4, reason: midgame, opening, in-check, emergency: false
[DEBUG] 19:11:34.964 [AiEngine] Using JS Search
[DEBUG] 19:11:34.964 [AiEngine] Adaptive time: 500ms, depth: 4, reason: midgame, opening, emergency: false
[DEBUG] 19:11:34.964 [AiEngine] Using JS Search
[DEBUG] 19:11:35.022 [AiEngine] Adaptive time: 500ms, depth: 4, reason: midgame, opening, emergency: false
[DEBUG] 19:11:35.022 [AiEngine] Using JS Search
[DEBUG] 19:11:35.177 [AiEngine] Adaptive time: 500ms, depth: 4, reason: midgame, opening, emergency: false
[DEBUG] 19:11:35.178 [AiEngine] Using JS Search
[DEBUG] 19:11:35.350 [AiEngine] Adaptive time: 500ms, depth: 4, reason: midgame, opening, emergency: false
[DEBUG] 19:11:35.350 [AiEngine] Using JS Search
[DEBUG] 19:11:35.807 [AiEngine] Adaptive time: 500ms, depth: 4, reason: midgame, opening, tactical, emergency: false
[DEBUG] 19:11:35.807 [AiEngine] Using JS Search
[DEBUG] 19:11:36.367 [AiEngine] Adaptive time: 500ms, depth: 4, reason: midgame, opening, emergency: false
[DEBUG] 19:11:36.367 [AiEngine] Using JS Search
[DEBUG] 19:11:36.456 [AiEngine] Adaptive time: 500ms, depth: 4, reason: midgame, opening, tactical, emergency: false
[DEBUG] 19:11:36.456 [AiEngine] Using JS Search
[DEBUG] 19:11:36.581 [AiEngine] Adaptive time: 500ms, depth: 4, reason: midgame, opening, tactical, emergency: false
[DEBUG] 19:11:36.582 [AiEngine] Using JS Search
[DEBUG] 19:11:36.961 [AiEngine] Adaptive time: 500ms, depth: 4, reason: midgame, opening, emergency: false
[DEBUG] 19:11:36.961 [AiEngine] Using JS Search
[DEBUG] 19:11:37.033 [AiEngine] Adaptive time: 500ms, depth: 4, reason: midgame, opening, emergency: false
[DEBUG] 19:11:37.033 [AiEngine] Using JS Search
[DEBUG] 19:11:37.233 [AiEngine] Adaptive time: 500ms, depth: 4, reason: midgame, opening, emergency: false
[DEBUG] 19:11:37.233 [AiEngine] Using JS Search
[DEBUG] 19:11:37.286 [AiEngine] Adaptive time: 500ms, depth: 4, reason: midgame, opening, tactical, emergency: false
[DEBUG] 19:11:37.286 [AiEngine] Using JS Search
[DEBUG] 19:11:37.466 [AiEngine] Adaptive time: 500ms, depth: 4, reason: midgame, opening, emergency: false
[DEBUG] 19:11:37.466 [AiEngine] Using JS Search
[DEBUG] 19:11:37.515 [AiEngine] Adaptive time: 500ms, depth: 4, reason: midgame, opening, tactical, emergency: false
[DEBUG] 19:11:37.515 [AiEngine] Using JS Search
[DEBUG] 19:11:37.639 [AiEngine] Adaptive time: 500ms, depth: 4, reason: midgame, opening, tactical, emergency: false
[DEBUG] 19:11:37.639 [AiEngine] Using JS Search
[DEBUG] 19:11:37.867 [AiEngine] Adaptive time: 500ms, depth: 4, reason: midgame, opening, emergency: false
[DEBUG] 19:11:37.867 [AiEngine] Using JS Search
[DEBUG] 19:11:38.036 [AiEngine] Adaptive time: 500ms, depth: 4, reason: midgame, opening, emergency: false
[DEBUG] 19:11:38.036 [AiEngine] Using JS Search
[DEBUG] 19:11:38.222 [AiEngine] Adaptive time: 500ms, depth: 4, reason: midgame, opening, emergency: false
[DEBUG] 19:11:38.222 [AiEngine] Using JS Search
[DEBUG] 19:11:38.326 [AiEngine] Adaptive time: 500ms, depth: 4, reason: midgame, opening, tactical, emergency: false
[DEBUG] 19:11:38.326 [AiEngine] Using JS Search
[DEBUG] 19:11:38.473 [AiEngine] Adaptive time: 500ms, depth: 4, reason: midgame, opening, tactical, emergency: false
[DEBUG] 19:11:38.473 [AiEngine] Using JS Search
[DEBUG] 19:11:38.548 [AiEngine] Adaptive time: 500ms, depth: 4, reason: midgame, opening, in-check, emergency: false
[DEBUG] 19:11:38.548 [AiEngine] Using JS Search
[DEBUG] 19:11:38.720 [AiEngine] Adaptive time: 500ms, depth: 4, reason: midgame, opening, emergency: false
[DEBUG] 19:11:38.720 [AiEngine] Using JS Search
[DEBUG] 19:11:38.799 [AiEngine] Adaptive time: 500ms, depth: 4, reason: midgame, opening, tactical, emergency: false
[DEBUG] 19:11:38.799 [AiEngine] Using JS Search
[DEBUG] 19:11:38.986 [AiEngine] Adaptive time: 500ms, depth: 4, reason: midgame, opening, emergency: false
[DEBUG] 19:11:38.986 [AiEngine] Using JS Search
[DEBUG] 19:11:39.082 [AiEngine] Adaptive time: 500ms, depth: 4, reason: midgame, opening, tactical, emergency: false
[DEBUG] 19:11:39.083 [AiEngine] Using JS Search
[DEBUG] 19:11:39.320 [AiEngine] Adaptive time: 500ms, depth: 4, reason: midgame, opening, emergency: false
[DEBUG] 19:11:39.320 [AiEngine] Using JS Search
[DEBUG] 19:11:39.430 [AiEngine] Adaptive time: 500ms, depth: 4, reason: midgame, opening, tactical, emergency: false
[DEBUG] 19:11:39.430 [AiEngine] Using JS Search
[DEBUG] 19:11:39.722 [AiEngine] Adaptive time: 500ms, depth: 4, reason: midgame, opening, emergency: false
[DEBUG] 19:11:39.722 [AiEngine] Using JS Search
[DEBUG] 19:11:39.881 [AiEngine] Adaptive time: 500ms, depth: 4, reason: midgame, opening, tactical, emergency: false
[DEBUG] 19:11:39.881 [AiEngine] Using JS Search
[DEBUG] 19:11:40.037 [AiEngine] Adaptive time: 500ms, depth: 4, reason: midgame, opening, emergency: false
[DEBUG] 19:11:40.037 [AiEngine] Using JS Search
[DEBUG] 19:11:40.188 [AiEngine] Adaptive time: 500ms, depth: 4, reason: midgame, opening, tactical, emergency: false
[DEBUG] 19:11:40.188 [AiEngine] Using JS Search
[DEBUG] 19:11:40.328 [AiEngine] Adaptive time: 500ms, depth: 4, reason: midgame, opening, in-check, emergency: false
[DEBUG] 19:11:40.329 [AiEngine] Using JS Search
[DEBUG] 19:11:40.427 [AiEngine] Adaptive time: 500ms, depth: 4, reason: midgame, opening, emergency: false
[DEBUG] 19:11:40.427 [AiEngine] Using JS Search
[DEBUG] 19:11:40.569 [AiEngine] Adaptive time: 500ms, depth: 4, reason: midgame, opening, emergency: false
[DEBUG] 19:11:40.569 [AiEngine] Using JS Search
[DEBUG] 19:11:40.705 [AiEngine] Adaptive time: 500ms, depth: 4, reason: midgame, opening, emergency: false
[DEBUG] 19:11:40.705 [AiEngine] Using JS Search
[DEBUG] 19:11:40.870 [AiEngine] Adaptive time: 500ms, depth: 4, reason: midgame, opening, emergency: false
[DEBUG] 19:11:40.870 [AiEngine] Using JS Search
[DEBUG] 19:11:40.999 [AiEngine] Adaptive time: 500ms, depth: 4, reason: midgame, opening, emergency: false
[DEBUG] 19:11:40.999 [AiEngine] Using JS Search
[DEBUG] 19:11:41.189 [AiEngine] Adaptive time: 500ms, depth: 4, reason: midgame, opening, emergency: false
[DEBUG] 19:11:41.189 [AiEngine] Using JS Search
[DEBUG] 19:11:41.259 [AiEngine] Adaptive time: 500ms, depth: 4, reason: midgame, opening, tactical, emergency: false
[DEBUG] 19:11:41.259 [AiEngine] Using JS Search
[DEBUG] 19:11:41.345 [AiEngine] Adaptive time: 500ms, depth: 4, reason: midgame, opening, in-check, emergency: false
[DEBUG] 19:11:41.345 [AiEngine] Using JS Search
[DEBUG] 19:11:41.384 [AiEngine] Adaptive time: 3000ms, depth: 5, reason: midgame, emergency: false
[DEBUG] 19:11:41.384 [AiEngine] Using JS Search
[DEBUG] 19:11:41.680 [AiEngine] Adaptive time: 3000ms, depth: 5, reason: midgame, emergency: false
[DEBUG] 19:11:41.680 [AiEngine] Using JS Search
[DEBUG] 19:11:42.066 [AiEngine] Adaptive time: 3000ms, depth: 5, reason: midgame, emergency: false
[DEBUG] 19:11:42.066 [AiEngine] Using JS Search
[DEBUG] 19:11:42.459 [AiEngine] Adaptive time: 3000ms, depth: 5, reason: midgame, emergency: false
[DEBUG] 19:11:42.459 [AiEngine] Using JS Search
[DEBUG] 19:11:42.698 [AiEngine] Adaptive time: 3000ms, depth: 5, reason: midgame, emergency: false
[DEBUG] 19:11:42.698 [AiEngine] Using JS Search
[DEBUG] 19:11:43.122 [AiEngine] Adaptive time: 3000ms, depth: 5, reason: midgame, tactical, emergency: false
[DEBUG] 19:11:43.122 [AiEngine] Using JS Search
[DEBUG] 19:11:43.355 [AiEngine] Adaptive time: 3000ms, depth: 5, reason: midgame, emergency: false
[DEBUG] 19:11:43.356 [AiEngine] Using JS Search
[DEBUG] 19:11:43.812 [AiEngine] Adaptive time: 3000ms, depth: 5, reason: midgame, tactical, emergency: false
[DEBUG] 19:11:43.812 [AiEngine] Using JS Search
[DEBUG] 19:11:44.025 [AiEngine] Adaptive time: 3000ms, depth: 5, reason: midgame, emergency: false
[DEBUG] 19:11:44.025 [AiEngine] Using JS Search
[DEBUG] 19:11:44.304 [AiEngine] Adaptive time: 3000ms, depth: 5, reason: midgame, emergency: false
[DEBUG] 19:11:44.304 [AiEngine] Using JS Search
[DEBUG] 19:11:44.505 [AiEngine] Adaptive time: 3000ms, depth: 5, reason: midgame, emergency: false
[DEBUG] 19:11:44.505 [AiEngine] Using JS Search
[DEBUG] 19:11:44.630 [AiEngine] Adaptive time: 3000ms, depth: 5, reason: midgame, tactical, emergency: false
[DEBUG] 19:11:44.630 [AiEngine] Using JS Search
[DEBUG] 19:11:44.714 [AiEngine] Adaptive time: 3000ms, depth: 5, reason: midgame, in-check, emergency: false
[DEBUG] 19:11:44.715 [AiEngine] Using JS Search
[DEBUG] 19:11:45.027 [AiEngine] Adaptive time: 3000ms, depth: 5, reason: midgame, tactical, emergency: false
[DEBUG] 19:11:45.027 [AiEngine] Using JS Search
[DEBUG] 19:11:45.205 [AiEngine] Adaptive time: 3000ms, depth: 5, reason: midgame, tactical, emergency: false
[DEBUG] 19:11:45.205 [AiEngine] Using JS Search
[DEBUG] 19:11:45.501 [AiEngine] Adaptive time: 3000ms, depth: 5, reason: midgame, emergency: false
[DEBUG] 19:11:45.501 [AiEngine] Using JS Search
[DEBUG] 19:11:45.659 [AiEngine] Adaptive time: 3000ms, depth: 5, reason: midgame, emergency: false
[DEBUG] 19:11:45.659 [AiEngine] Using JS Search
[DEBUG] 19:11:45.850 [AiEngine] Adaptive time: 3000ms, depth: 5, reason: midgame, in-check, emergency: false
[DEBUG] 19:11:45.850 [AiEngine] Using JS Search
[DEBUG] 19:11:45.948 [AiEngine] Adaptive time: 3000ms, depth: 5, reason: midgame, tactical, emergency: false
[DEBUG] 19:11:45.948 [AiEngine] Using JS Search
[DEBUG] 19:11:46.137 [AiEngine] Adaptive time: 3000ms, depth: 5, reason: midgame, tactical, emergency: false
[DEBUG] 19:11:46.137 [AiEngine] Using JS Search
[DEBUG] 19:11:46.204 [AiEngine] Adaptive time: 3000ms, depth: 5, reason: midgame, in-check, emergency: false
[DEBUG] 19:11:46.204 [AiEngine] Using JS Search
[DEBUG] 19:11:46.277 [AiEngine] Adaptive time: 3000ms, depth: 5, reason: midgame, tactical, emergency: false
[DEBUG] 19:11:46.277 [AiEngine] Using JS Search
[DEBUG] 19:11:46.326 [AiEngine] Adaptive time: 3000ms, depth: 5, reason: midgame, emergency: false
[DEBUG] 19:11:46.326 [AiEngine] Using JS Search
[DEBUG] 19:11:46.440 [AiEngine] Adaptive time: 3000ms, depth: 5, reason: midgame, emergency: false
[DEBUG] 19:11:46.440 [AiEngine] Using JS Search
[DEBUG] 19:11:46.494 [AiEngine] Adaptive time: 3000ms, depth: 5, reason: midgame, tactical, emergency: false
[DEBUG] 19:11:46.494 [AiEngine] Using JS Search
[DEBUG] 19:11:46.906 [AiEngine] Adaptive time: 3000ms, depth: 5, reason: midgame, emergency: false
[DEBUG] 19:11:46.906 [AiEngine] Using JS Search
[DEBUG] 19:11:46.954 [AiEngine] Adaptive time: 3000ms, depth: 5, reason: midgame, tactical, emergency: false
[DEBUG] 19:11:46.954 [AiEngine] Using JS Search
[DEBUG] 19:11:47.057 [AiEngine] Adaptive time: 3000ms, depth: 5, reason: midgame, emergency: false
[DEBUG] 19:11:47.057 [AiEngine] Using JS Search
[DEBUG] 19:11:47.091 [AiEngine] Adaptive time: 3000ms, depth: 5, reason: midgame, emergency: false
[DEBUG] 19:11:47.091 [AiEngine] Using JS Search
[DEBUG] 19:11:47.326 [AiEngine] Adaptive time: 3000ms, depth: 5, reason: midgame, emergency: false
[DEBUG] 19:11:47.327 [AiEngine] Using JS Search
[DEBUG] 19:11:47.362 [AiEngine] Adaptive time: 3000ms, depth: 5, reason: midgame, emergency: false
[DEBUG] 19:11:47.362 [AiEngine] Using JS Search
[DEBUG] 19:11:47.524 [AiEngine] Adaptive time: 3000ms, depth: 5, reason: midgame, emergency: false
[DEBUG] 19:11:47.524 [AiEngine] Using JS Search
[DEBUG] 19:11:47.560 [AiEngine] Adaptive time: 3000ms, depth: 5, reason: midgame, emergency: false
[DEBUG] 19:11:47.560 [AiEngine] Using JS Search
[DEBUG] 19:11:47.811 [AiEngine] Adaptive time: 3000ms, depth: 5, reason: midgame, emergency: false
[DEBUG] 19:11:47.811 [AiEngine] Using JS Search
[DEBUG] 19:11:47.839 [AiEngine] Adaptive time: 3000ms, depth: 5, reason: midgame, emergency: false
[DEBUG] 19:11:47.839 [AiEngine] Using JS Search
[DEBUG] 19:11:48.214 [AiEngine] Adaptive time: 3000ms, depth: 5, reason: midgame, emergency: false
[DEBUG] 19:11:48.214 [AiEngine] Using JS Search
[DEBUG] 19:11:48.239 [AiEngine] Adaptive time: 500ms, depth: 4, reason: midgame, opening, emergency: false
[DEBUG] 19:11:48.239 [AiEngine] Using JS Search
[DEBUG] 19:11:48.351 [AiEngine] Adaptive time: 500ms, depth: 4, reason: midgame, opening, emergency: false
[DEBUG] 19:11:48.351 [AiEngine] Using JS Search
[DEBUG] 19:11:48.574 [AiEngine] Adaptive time: 500ms, depth: 4, reason: midgame, opening, emergency: false
[DEBUG] 19:11:48.574 [AiEngine] Using JS Search
[DEBUG] 19:11:48.611 [AiEngine] Adaptive time: 500ms, depth: 4, reason: midgame, opening, emergency: false
[DEBUG] 19:11:48.611 [AiEngine] Using JS Search
[DEBUG] 19:11:48.691 [AiEngine] Adaptive time: 500ms, depth: 4, reason: midgame, opening, tactical, emergency: false
[DEBUG] 19:11:48.692 [AiEngine] Using JS Search
[DEBUG] 19:11:48.749 [AiEngine] Adaptive time: 500ms, depth: 4, reason: midgame, opening, emergency: false
[DEBUG] 19:11:48.749 [AiEngine] Using JS Search
[DEBUG] 19:11:48.867 [AiEngine] Adaptive time: 500ms, depth: 4, reason: midgame, opening, emergency: false
[DEBUG] 19:11:48.867 [AiEngine] Using JS Search
[DEBUG] 19:11:48.870 [AiEngine] Adaptive time: 500ms, depth: 4, reason: midgame, opening, emergency: false
[DEBUG] 19:11:48.870 [AiEngine] Using JS Search
[DEBUG] 19:11:48.942 [AiEngine] Adaptive time: 500ms, depth: 4, reason: midgame, opening, emergency: false
[DEBUG] 19:11:48.942 [AiEngine] Using JS Search
[DEBUG] 19:11:49.099 [AiEngine] Adaptive time: 500ms, depth: 4, reason: midgame, opening, tactical, emergency: false
[DEBUG] 19:11:49.099 [AiEngine] Using JS Search
[DEBUG] 19:11:49.297 [AiEngine] Adaptive time: 500ms, depth: 4, reason: midgame, opening, tactical, emergency: false
[DEBUG] 19:11:49.297 [AiEngine] Using JS Search
[DEBUG] 19:11:49.383 [AiEngine] Adaptive time: 500ms, depth: 4, reason: midgame, opening, tactical, emergency: false
[DEBUG] 19:11:49.383 [AiEngine] Using JS Search
[DEBUG] 19:11:49.492 [AiEngine] Adaptive time: 500ms, depth: 4, reason: midgame, opening, in-check, emergency: false
[DEBUG] 19:11:49.493 [AiEngine] Using JS Search
[DEBUG] 19:11:49.588 [AiEngine] Adaptive time: 500ms, depth: 4, reason: midgame, opening, emergency: false
[DEBUG] 19:11:49.588 [AiEngine] Using JS Search
[DEBUG] 19:11:49.628 [AiEngine] Adaptive time: 500ms, depth: 4, reason: midgame, opening, emergency: false
[DEBUG] 19:11:49.628 [AiEngine] Using JS Search
[DEBUG] 19:11:49.845 [AiEngine] Adaptive time: 500ms, depth: 4, reason: midgame, opening, emergency: false
[DEBUG] 19:11:49.845 [AiEngine] Using JS Search
[DEBUG] 19:11:49.880 [AiEngine] Adaptive time: 500ms, depth: 4, reason: midgame, opening, emergency: false
[DEBUG] 19:11:49.880 [AiEngine] Using JS Search
[DEBUG] 19:11:49.927 [AiEngine] Adaptive time: 500ms, depth: 4, reason: midgame, opening, emergency: false
[DEBUG] 19:11:49.927 [AiEngine] Using JS Search
[DEBUG] 19:11:49.958 [AiEngine] Adaptive time: 500ms, depth: 4, reason: midgame, opening, tactical, emergency: false
[DEBUG] 19:11:49.959 [AiEngine] Using JS Search
[DEBUG] 19:11:50.060 [AiEngine] Adaptive time: 500ms, depth: 4, reason: midgame, opening, emergency: false
[DEBUG] 19:11:50.060 [AiEngine] Using JS Search
[DEBUG] 19:11:50.086 [AiEngine] Adaptive time: 500ms, depth: 4, reason: midgame, opening, tactical, emergency: false
[DEBUG] 19:11:50.086 [AiEngine] Using JS Search
[DEBUG] 19:11:50.222 [AiEngine] Adaptive time: 500ms, depth: 4, reason: midgame, opening, emergency: false
[DEBUG] 19:11:50.222 [AiEngine] Using JS Search
[DEBUG] 19:11:50.251 [AiEngine] Adaptive time: 500ms, depth: 4, reason: midgame, opening, tactical, emergency: false
[DEBUG] 19:11:50.251 [AiEngine] Using JS Search
[DEBUG] 19:11:50.273 [AiEngine] Adaptive time: 500ms, depth: 4, reason: midgame, opening, emergency: false
[DEBUG] 19:11:50.273 [AiEngine] Using JS Search
[DEBUG] 19:11:50.342 [AiEngine] Adaptive time: 500ms, depth: 4, reason: midgame, opening, emergency: false
[DEBUG] 19:11:50.342 [AiEngine] Using JS Search
[DEBUG] 19:11:50.343 [AiEngine] Adaptive time: 500ms, depth: 4, reason: midgame, opening, emergency: false
[DEBUG] 19:11:50.343 [AiEngine] Using JS Search
[DEBUG] 19:11:50.477 [AiEngine] Adaptive time: 500ms, depth: 4, reason: midgame, opening, emergency: false
[DEBUG] 19:11:50.477 [AiEngine] Using JS Search
[DEBUG] 19:11:50.632 [AiEngine] Adaptive time: 500ms, depth: 4, reason: midgame, opening, emergency: false
[DEBUG] 19:11:50.632 [AiEngine] Using JS Search
[DEBUG] 19:11:50.841 [AiEngine] Adaptive time: 500ms, depth: 4, reason: midgame, opening, emergency: false
[DEBUG] 19:11:50.841 [AiEngine] Using JS Search
[DEBUG] 19:11:50.888 [AiEngine] Adaptive time: 500ms, depth: 4, reason: midgame, opening, tactical, emergency: false
[DEBUG] 19:11:50.888 [AiEngine] Using JS Search
[DEBUG] 19:11:50.975 [AiEngine] Adaptive time: 500ms, depth: 4, reason: midgame, opening, emergency: false
[DEBUG] 19:11:50.975 [AiEngine] Using JS Search
[DEBUG] 19:11:51.141 [AiEngine] Adaptive time: 500ms, depth: 4, reason: midgame, opening, tactical, emergency: false
[DEBUG] 19:11:51.142 [AiEngine] Using JS Search
[DEBUG] 19:11:51.265 [AiEngine] Adaptive time: 500ms, depth: 4, reason: midgame, opening, emergency: false
[DEBUG] 19:11:51.265 [AiEngine] Using JS Search
[DEBUG] 19:11:51.420 [AiEngine] Adaptive time: 500ms, depth: 4, reason: midgame, opening, tactical, emergency: false
[DEBUG] 19:11:51.420 [AiEngine] Using JS Search
[DEBUG] 19:11:51.487 [AiEngine] Adaptive time: 500ms, depth: 4, reason: midgame, opening, in-check, emergency: false
[DEBUG] 19:11:51.487 [AiEngine] Using JS Search
[DEBUG] 19:11:51.547 [AiEngine] Adaptive time: 500ms, depth: 4, reason: midgame, opening, tactical, emergency: false
[DEBUG] 19:11:51.547 [AiEngine] Using JS Search
[DEBUG] 19:11:51.625 [AiEngine] Adaptive time: 500ms, depth: 4, reason: midgame, opening, emergency: false
[DEBUG] 19:11:51.625 [AiEngine] Using JS Search
[DEBUG] 19:11:51.678 [AiEngine] Adaptive time: 500ms, depth: 4, reason: midgame, opening, emergency: false
[DEBUG] 19:11:51.678 [AiEngine] Using JS Search
[DEBUG] 19:11:51.794 [AiEngine] Adaptive time: 500ms, depth: 4, reason: midgame, opening, emergency: false
[DEBUG] 19:11:51.795 [AiEngine] Using JS Search
[DEBUG] 19:11:51.932 [AiEngine] Adaptive time: 500ms, depth: 4, reason: midgame, opening, emergency: false
[DEBUG] 19:11:51.932 [AiEngine] Using JS Search
[DEBUG] 19:11:52.029 [AiEngine] Adaptive time: 3000ms, depth: 5, reason: midgame, emergency: false
[DEBUG] 19:11:52.029 [AiEngine] Using JS Search
[DEBUG] 19:11:52.373 [AiEngine] Adaptive time: 3000ms, depth: 5, reason: midgame, emergency: false
[DEBUG] 19:11:52.373 [AiEngine] Using JS Search
[DEBUG] 19:11:52.689 [AiEngine] Adaptive time: 3000ms, depth: 5, reason: midgame, in-check, tactical, emergency: false
[DEBUG] 19:11:52.689 [AiEngine] Using JS Search
[DEBUG] 19:11:52.991 [AiEngine] Adaptive time: 3000ms, depth: 5, reason: midgame, emergency: false
[DEBUG] 19:11:52.991 [AiEngine] Using JS Search
[DEBUG] 19:11:53.278 [AiEngine] Adaptive time: 3000ms, depth: 5, reason: midgame, emergency: false
[DEBUG] 19:11:53.278 [AiEngine] Using JS Search
[DEBUG] 19:11:53.540 [AiEngine] Adaptive time: 3000ms, depth: 5, reason: midgame, emergency: false
[DEBUG] 19:11:53.540 [AiEngine] Using JS Search
[DEBUG] 19:11:53.672 [AiEngine] Adaptive time: 3000ms, depth: 5, reason: midgame, emergency: false
[DEBUG] 19:11:53.672 [AiEngine] Using JS Search
[DEBUG] 19:11:53.830 [AiEngine] Adaptive time: 3000ms, depth: 5, reason: midgame, emergency: false
[DEBUG] 19:11:53.830 [AiEngine] Using JS Search
[DEBUG] 19:11:53.888 [AiEngine] Adaptive time: 3000ms, depth: 5, reason: midgame, emergency: false
[DEBUG] 19:11:53.888 [AiEngine] Using JS Search
[DEBUG] 19:11:54.184 [AiEngine] Adaptive time: 3000ms, depth: 5, reason: midgame, emergency: false
[DEBUG] 19:11:54.184 [AiEngine] Using JS Search
[DEBUG] 19:11:54.256 [AiEngine] Adaptive time: 3000ms, depth: 5, reason: tactical, emergency: false
[DEBUG] 19:11:54.256 [AiEngine] Using JS Search
[DEBUG] 19:11:54.621 [AiEngine] Adaptive time: 3000ms, depth: 5, reason: standard, emergency: false
[DEBUG] 19:11:54.621 [AiEngine] Using JS Search
[DEBUG] 19:11:54.752 [AiEngine] Adaptive time: 3000ms, depth: 5, reason: tactical, emergency: false
[DEBUG] 19:11:54.752 [AiEngine] Using JS Search
[DEBUG] 19:11:54.886 [AiEngine] Adaptive time: 3000ms, depth: 5, reason: standard, emergency: false
[DEBUG] 19:11:54.886 [AiEngine] Using JS Search
[DEBUG] 19:11:54.971 [AiEngine] Adaptive time: 3000ms, depth: 5, reason: standard, emergency: false
[DEBUG] 19:11:54.971 [AiEngine] Using JS Search
[DEBUG] 19:11:55.103 [AiEngine] Adaptive time: 3000ms, depth: 5, reason: standard, emergency: false
[DEBUG] 19:11:55.103 [AiEngine] Using JS Search
[DEBUG] 19:11:55.277 [AiEngine] Adaptive time: 3000ms, depth: 5, reason: standard, emergency: false
[DEBUG] 19:11:55.277 [AiEngine] Using JS Search
[DEBUG] 19:11:55.320 [AiEngine] Adaptive time: 3000ms, depth: 5, reason: standard, emergency: false
[DEBUG] 19:11:55.320 [AiEngine] Using JS Search
[DEBUG] 19:11:55.484 [AiEngine] Adaptive time: 3000ms, depth: 5, reason: standard, emergency: false
[DEBUG] 19:11:55.484 [AiEngine] Using JS Search
[DEBUG] 19:11:55.566 [AiEngine] Adaptive time: 3000ms, depth: 5, reason: standard, emergency: false
[DEBUG] 19:11:55.566 [AiEngine] Using JS Search
[DEBUG] 19:11:55.646 [AiEngine] Adaptive time: 3000ms, depth: 5, reason: standard, emergency: false
[DEBUG] 19:11:55.646 [AiEngine] Using JS Search
[DEBUG] 19:11:55.711 [AiEngine] Adaptive time: 3000ms, depth: 5, reason: tactical, emergency: false
[DEBUG] 19:11:55.711 [AiEngine] Using JS Search
[DEBUG] 19:11:55.885 [AiEngine] Adaptive time: 3000ms, depth: 5, reason: standard, emergency: false
[DEBUG] 19:11:55.885 [AiEngine] Using JS Search
[DEBUG] 19:11:55.975 [AiEngine] Adaptive time: 3000ms, depth: 5, reason: tactical, emergency: false
[DEBUG] 19:11:55.975 [AiEngine] Using JS Search
[DEBUG] 19:11:56.103 [AiEngine] Adaptive time: 3000ms, depth: 5, reason: standard, emergency: false
[DEBUG] 19:11:56.103 [AiEngine] Using JS Search
[DEBUG] 19:11:56.149 [AiEngine] Adaptive time: 3000ms, depth: 5, reason: standard, emergency: false
[DEBUG] 19:11:56.149 [AiEngine] Using JS Search
[DEBUG] 19:11:56.237 [AiEngine] Adaptive time: 3000ms, depth: 5, reason: standard, emergency: false
[DEBUG] 19:11:56.237 [AiEngine] Using JS Search
[DEBUG] 19:11:56.277 [AiEngine] Adaptive time: 3000ms, depth: 5, reason: tactical, emergency: false
[DEBUG] 19:11:56.277 [AiEngine] Using JS Search
[DEBUG] 19:11:56.341 [AiEngine] Adaptive time: 3000ms, depth: 5, reason: standard, emergency: false
[DEBUG] 19:11:56.341 [AiEngine] Using JS Search
[DEBUG] 19:11:56.428 [AiEngine] Adaptive time: 3000ms, depth: 5, reason: endgame, tactical, emergency: false
[DEBUG] 19:11:56.428 [AiEngine] Using JS Search
[DEBUG] 19:11:56.516 [AiEngine] Adaptive time: 3000ms, depth: 5, reason: endgame, emergency: false
[DEBUG] 19:11:56.516 [AiEngine] Using JS Search
[DEBUG] 19:11:56.676 [AiEngine] Adaptive time: 3000ms, depth: 5, reason: endgame, tactical, emergency: false
[DEBUG] 19:11:56.676 [AiEngine] Using JS Search
[DEBUG] 19:11:56.742 [AiEngine] Adaptive time: 3000ms, depth: 5, reason: endgame, emergency: false
[DEBUG] 19:11:56.742 [AiEngine] Using JS Search
[DEBUG] 19:11:56.863 [AiEngine] Adaptive time: 3000ms, depth: 5, reason: endgame, tactical, emergency: false
[DEBUG] 19:11:56.863 [AiEngine] Using JS Search
[DEBUG] 19:11:56.975 [AiEngine] Adaptive time: 3000ms, depth: 5, reason: endgame, emergency: false
[DEBUG] 19:11:56.975 [AiEngine] Using JS Search
[DEBUG] 19:11:57.044 [AiEngine] Adaptive time: 3000ms, depth: 5, reason: endgame, emergency: false
[DEBUG] 19:11:57.044 [AiEngine] Using JS Search
[DEBUG] 19:11:57.101 [AiEngine] Adaptive time: 3000ms, depth: 5, reason: endgame, emergency: false
[DEBUG] 19:11:57.101 [AiEngine] Using JS Search
[DEBUG] 19:11:57.263 [AiEngine] Adaptive time: 3000ms, depth: 5, reason: endgame, emergency: false
[DEBUG] 19:11:57.264 [AiEngine] Using JS Search
[DEBUG] 19:11:57.302 [AiEngine] Adaptive time: 3000ms, depth: 5, reason: endgame, emergency: false
[DEBUG] 19:11:57.302 [AiEngine] Using JS Search
[DEBUG] 19:11:57.383 [AiEngine] Adaptive time: 3000ms, depth: 5, reason: endgame, emergency: false
[DEBUG] 19:11:57.383 [AiEngine] Using JS Search
[DEBUG] 19:11:57.427 [AiEngine] Adaptive time: 3000ms, depth: 5, reason: endgame, emergency: false
[DEBUG] 19:11:57.427 [AiEngine] Using JS Search
[DEBUG] 19:11:57.579 [AiEngine] Adaptive time: 3000ms, depth: 5, reason: endgame, tactical, emergency: false
[DEBUG] 19:11:57.579 [AiEngine] Using JS Search
[DEBUG] 19:11:57.700 [AiEngine] Adaptive time: 3000ms, depth: 5, reason: endgame, emergency: false
[DEBUG] 19:11:57.700 [AiEngine] Using JS Search
[DEBUG] 19:11:57.810 [AiEngine] Adaptive time: 3000ms, depth: 5, reason: endgame, tactical, emergency: false
[DEBUG] 19:11:57.810 [AiEngine] Using JS Search
[DEBUG] 19:11:57.947 [AiEngine] Adaptive time: 3000ms, depth: 5, reason: endgame, emergency: false
[DEBUG] 19:11:57.947 [AiEngine] Using JS Search
[DEBUG] 19:11:58.052 [AiEngine] Adaptive time: 3000ms, depth: 5, reason: endgame, tactical, emergency: false
[DEBUG] 19:11:58.052 [AiEngine] Using JS Search
[DEBUG] 19:11:58.147 [AiEngine] Adaptive time: 3000ms, depth: 5, reason: endgame, emergency: false
[DEBUG] 19:11:58.147 [AiEngine] Using JS Search
[DEBUG] 19:11:58.173 [AiEngine] Adaptive time: 3000ms, depth: 5, reason: endgame, tactical, emergency: false
[DEBUG] 19:11:58.173 [AiEngine] Using JS Search
[DEBUG] 19:11:58.339 [AiEngine] Adaptive time: 3000ms, depth: 5, reason: endgame, emergency: false
[DEBUG] 19:11:58.340 [AiEngine] Using JS Search
[DEBUG] 19:11:58.394 [AiEngine] Adaptive time: 3000ms, depth: 5, reason: endgame, tactical, emergency: false
[DEBUG] 19:11:58.394 [AiEngine] Using JS Search
[DEBUG] 19:11:58.480 [AiEngine] Adaptive time: 3000ms, depth: 5, reason: endgame, emergency: false
[DEBUG] 19:11:58.480 [AiEngine] Using JS Search
[DEBUG] 19:11:58.543 [AiEngine] Adaptive time: 3000ms, depth: 5, reason: endgame, tactical, emergency: false
[DEBUG] 19:11:58.543 [AiEngine] Using JS Search
[DEBUG] 19:11:58.645 [AiEngine] Adaptive time: 3000ms, depth: 5, reason: endgame, emergency: false
[DEBUG] 19:11:58.645 [AiEngine] Using JS Search
[DEBUG] 19:11:58.758 [AiEngine] Adaptive time: 3000ms, depth: 5, reason: endgame, emergency: false
[DEBUG] 19:11:58.758 [AiEngine] Using JS Search
[DEBUG] 19:11:58.868 [AiEngine] Adaptive time: 3000ms, depth: 5, reason: endgame, emergency: false
[DEBUG] 19:11:58.868 [AiEngine] Using JS Search
[DEBUG] 19:11:58.958 [AiEngine] Adaptive time: 3000ms, depth: 5, reason: endgame, emergency: false
[DEBUG] 19:11:58.958 [AiEngine] Using JS Search
[DEBUG] 19:11:59.019 [AiEngine] Adaptive time: 3000ms, depth: 5, reason: endgame, emergency: false
[DEBUG] 19:11:59.019 [AiEngine] Using JS Search
[DEBUG] 19:11:59.067 [AiEngine] Adaptive time: 3000ms, depth: 5, reason: endgame, emergency: false
[DEBUG] 19:11:59.067 [AiEngine] Using JS Search
[DEBUG] 19:11:59.151 [AiEngine] Adaptive time: 3000ms, depth: 5, reason: endgame, emergency: false
[DEBUG] 19:11:59.151 [AiEngine] Using JS Search
[DEBUG] 19:11:59.248 [AiEngine] Adaptive time: 3000ms, depth: 5, reason: endgame, emergency: false
[DEBUG] 19:11:59.249 [AiEngine] Using JS Search
[DEBUG] 19:11:59.389 [AiEngine] Adaptive time: 500ms, depth: 4, reason: midgame, opening, emergency: false
[DEBUG] 19:11:59.389 [AiEngine] Using JS Search
[DEBUG] 19:11:59.571 [AiEngine] Adaptive time: 500ms, depth: 4, reason: midgame, opening, emergency: false
[DEBUG] 19:11:59.571 [AiEngine] Using JS Search
[DEBUG] 19:11:59.789 [AiEngine] Adaptive time: 500ms, depth: 4, reason: midgame, opening, emergency: false
[DEBUG] 19:11:59.789 [AiEngine] Using JS Search
[DEBUG] 19:12:00.054 [AiEngine] Adaptive time: 500ms, depth: 4, reason: midgame, opening, emergency: false
[DEBUG] 19:12:00.054 [AiEngine] Using JS Search
[DEBUG] 19:12:00.253 [AiEngine] Adaptive time: 500ms, depth: 4, reason: midgame, opening, emergency: false
[DEBUG] 19:12:00.254 [AiEngine] Using JS Search
[DEBUG] 19:12:00.845 [AiEngine] Adaptive time: 500ms, depth: 4, reason: midgame, opening, emergency: false
[DEBUG] 19:12:00.845 [AiEngine] Using JS Search
[DEBUG] 19:12:00.991 [AiEngine] Adaptive time: 500ms, depth: 4, reason: midgame, opening, emergency: false
[DEBUG] 19:12:00.991 [AiEngine] Using JS Search
[DEBUG] 19:12:01.426 [AiEngine] Adaptive time: 500ms, depth: 4, reason: midgame, opening, emergency: false
[DEBUG] 19:12:01.426 [AiEngine] Using JS Search
[DEBUG] 19:12:01.555 [AiEngine] Adaptive time: 500ms, depth: 4, reason: midgame, opening, tactical, emergency: false
[DEBUG] 19:12:01.555 [AiEngine] Using JS Search
[DEBUG] 19:12:01.773 [AiEngine] Adaptive time: 500ms, depth: 4, reason: midgame, opening, tactical, emergency: false
[DEBUG] 19:12:01.773 [AiEngine] Using JS Search
[DEBUG] 19:12:02.432 [AiEngine] Adaptive time: 500ms, depth: 4, reason: midgame, opening, tactical, emergency: false
[DEBUG] 19:12:02.432 [AiEngine] Using JS Search
[DEBUG] 19:12:02.592 [AiEngine] Adaptive time: 500ms, depth: 4, reason: midgame, opening, tactical, emergency: false
[DEBUG] 19:12:02.592 [AiEngine] Using JS Search
[DEBUG] 19:12:02.716 [AiEngine] Adaptive time: 500ms, depth: 4, reason: midgame, opening, tactical, emergency: false
[DEBUG] 19:12:02.716 [AiEngine] Using JS Search
[DEBUG] 19:12:02.861 [AiEngine] Adaptive time: 500ms, depth: 4, reason: midgame, opening, tactical, emergency: false
[DEBUG] 19:12:02.861 [AiEngine] Using JS Search
[DEBUG] 19:12:03.051 [AiEngine] Adaptive time: 500ms, depth: 4, reason: midgame, opening, emergency: false
[DEBUG] 19:12:03.051 [AiEngine] Using JS Search
[DEBUG] 19:12:03.124 [AiEngine] Adaptive time: 500ms, depth: 4, reason: midgame, opening, tactical, emergency: false
[DEBUG] 19:12:03.124 [AiEngine] Using JS Search
[DEBUG] 19:12:03.547 [AiEngine] Adaptive time: 500ms, depth: 4, reason: midgame, opening, emergency: false
[DEBUG] 19:12:03.547 [AiEngine] Using JS Search
[DEBUG] 19:12:03.702 [AiEngine] Adaptive time: 500ms, depth: 4, reason: midgame, opening, tactical, emergency: false
[DEBUG] 19:12:03.702 [AiEngine] Using JS Search
[DEBUG] 19:12:03.784 [AiEngine] Adaptive time: 500ms, depth: 4, reason: midgame, opening, emergency: false
[DEBUG] 19:12:03.784 [AiEngine] Using JS Search
[DEBUG] 19:12:03.943 [AiEngine] Adaptive time: 500ms, depth: 4, reason: midgame, opening, tactical, emergency: false
[DEBUG] 19:12:03.943 [AiEngine] Using JS Search
[DEBUG] 19:12:04.186 [AiEngine] Adaptive time: 500ms, depth: 4, reason: midgame, opening, emergency: false
[DEBUG] 19:12:04.186 [AiEngine] Using JS Search
[DEBUG] 19:12:04.587 [AiEngine] Adaptive time: 500ms, depth: 4, reason: midgame, opening, tactical, emergency: false
[DEBUG] 19:12:04.587 [AiEngine] Using JS Search
[DEBUG] 19:12:04.662 [AiEngine] Adaptive time: 500ms, depth: 4, reason: midgame, opening, emergency: false
[DEBUG] 19:12:04.662 [AiEngine] Using JS Search
[DEBUG] 19:12:04.807 [AiEngine] Adaptive time: 500ms, depth: 4, reason: midgame, opening, emergency: false
[DEBUG] 19:12:04.807 [AiEngine] Using JS Search
[DEBUG] 19:12:04.935 [AiEngine] Adaptive time: 500ms, depth: 4, reason: midgame, opening, emergency: false
[DEBUG] 19:12:04.935 [AiEngine] Using JS Search
[DEBUG] 19:12:04.956 [AiEngine] Adaptive time: 500ms, depth: 4, reason: midgame, opening, emergency: false
[DEBUG] 19:12:04.956 [AiEngine] Using JS Search
[DEBUG] 19:12:05.025 [AiEngine] Adaptive time: 500ms, depth: 4, reason: midgame, opening, emergency: false
[DEBUG] 19:12:05.025 [AiEngine] Using JS Search
[DEBUG] 19:12:05.142 [AiEngine] Adaptive time: 500ms, depth: 4, reason: midgame, opening, emergency: false
[DEBUG] 19:12:05.142 [AiEngine] Using JS Search
[DEBUG] 19:12:05.243 [AiEngine] Adaptive time: 500ms, depth: 4, reason: midgame, opening, emergency: false
[DEBUG] 19:12:05.243 [AiEngine] Using JS Search
[DEBUG] 19:12:05.278 [AiEngine] Adaptive time: 500ms, depth: 4, reason: midgame, opening, in-check, emergency: false
[DEBUG] 19:12:05.279 [AiEngine] Using JS Search
[DEBUG] 19:12:05.289 [AiEngine] Adaptive time: 500ms, depth: 4, reason: midgame, opening, tactical, emergency: false
[DEBUG] 19:12:05.289 [AiEngine] Using JS Search
[DEBUG] 19:12:05.380 [AiEngine] Adaptive time: 500ms, depth: 4, reason: midgame, opening, tactical, emergency: false
[DEBUG] 19:12:05.380 [AiEngine] Using JS Search
[DEBUG] 19:12:05.447 [AiEngine] Adaptive time: 500ms, depth: 4, reason: midgame, opening, emergency: false
[DEBUG] 19:12:05.447 [AiEngine] Using JS Search
[DEBUG] 19:12:05.489 [AiEngine] Adaptive time: 500ms, depth: 4, reason: midgame, opening, tactical, emergency: false
[DEBUG] 19:12:05.489 [AiEngine] Using JS Search
[DEBUG] 19:12:05.608 [AiEngine] Adaptive time: 500ms, depth: 4, reason: midgame, opening, emergency: false
[DEBUG] 19:12:05.608 [AiEngine] Using JS Search
[DEBUG] 19:12:05.642 [AiEngine] Adaptive time: 500ms, depth: 4, reason: midgame, opening, tactical, emergency: false
[DEBUG] 19:12:05.642 [AiEngine] Using JS Search
[DEBUG] 19:12:05.732 [AiEngine] Adaptive time: 500ms, depth: 4, reason: midgame, opening, emergency: false
[DEBUG] 19:12:05.732 [AiEngine] Using JS Search
[DEBUG] 19:12:05.755 [AiEngine] Adaptive time: 500ms, depth: 4, reason: midgame, opening, tactical, emergency: false
[DEBUG] 19:12:05.755 [AiEngine] Using JS Search
[DEBUG] 19:12:05.834 [AiEngine] Adaptive time: 500ms, depth: 4, reason: midgame, opening, emergency: false
[DEBUG] 19:12:05.834 [AiEngine] Using JS Search
[DEBUG] 19:12:05.867 [AiEngine] Adaptive time: 500ms, depth: 4, reason: midgame, opening, tactical, emergency: false
[DEBUG] 19:12:05.867 [AiEngine] Using JS Search
[DEBUG] 19:12:05.906 [AiEngine] Adaptive time: 3000ms, depth: 5, reason: midgame, emergency: false
[DEBUG] 19:12:05.906 [AiEngine] Using JS Search
[DEBUG] 19:12:05.979 [AiEngine] Adaptive time: 3000ms, depth: 5, reason: midgame, tactical, emergency: false
[DEBUG] 19:12:05.979 [AiEngine] Using JS Search
[DEBUG] 19:12:06.220 [AiEngine] Adaptive time: 3000ms, depth: 5, reason: midgame, in-check, emergency: false
[DEBUG] 19:12:06.220 [AiEngine] Using JS Search
[DEBUG] 19:12:06.252 [AiEngine] Adaptive time: 3000ms, depth: 5, reason: midgame, tactical, emergency: false
[DEBUG] 19:12:06.252 [AiEngine] Using JS Search
[DEBUG] 19:12:06.571 [AiEngine] Adaptive time: 3000ms, depth: 5, reason: midgame, in-check, emergency: false
[DEBUG] 19:12:06.571 [AiEngine] Using JS Search
[DEBUG] 19:12:06.613 [AiEngine] Adaptive time: 3000ms, depth: 5, reason: midgame, tactical, emergency: false
[DEBUG] 19:12:06.613 [AiEngine] Using JS Search
[DEBUG] 19:12:06.803 [AiEngine] Adaptive time: 3000ms, depth: 5, reason: midgame, emergency: false
[DEBUG] 19:12:06.803 [AiEngine] Using JS Search
[DEBUG] 19:12:06.838 [AiEngine] Adaptive time: 3000ms, depth: 5, reason: midgame, tactical, emergency: false
[DEBUG] 19:12:06.838 [AiEngine] Using JS Search
[DEBUG] 19:12:07.094 [AiEngine] Adaptive time: 3000ms, depth: 5, reason: in-check, emergency: false
[DEBUG] 19:12:07.094 [AiEngine] Using JS Search
[DEBUG] 19:12:07.115 [AiEngine] Adaptive time: 3000ms, depth: 5, reason: tactical, emergency: false
[DEBUG] 19:12:07.115 [AiEngine] Using JS Search
[DEBUG] 19:12:07.273 [AiEngine] Adaptive time: 3000ms, depth: 5, reason: standard, emergency: false
[DEBUG] 19:12:07.273 [AiEngine] Using JS Search
[DEBUG] 19:12:07.300 [AiEngine] Adaptive time: 3000ms, depth: 5, reason: tactical, emergency: false
[DEBUG] 19:12:07.300 [AiEngine] Using JS Search
[DEBUG] 19:12:07.349 [AiEngine] Adaptive time: 3000ms, depth: 5, reason: standard, emergency: false
[DEBUG] 19:12:07.349 [AiEngine] Using JS Search
[DEBUG] 19:12:07.368 [AiEngine] Adaptive time: 3000ms, depth: 5, reason: tactical, emergency: false
[DEBUG] 19:12:07.368 [AiEngine] Using JS Search
[DEBUG] 19:12:07.413 [AiEngine] Adaptive time: 3000ms, depth: 5, reason: standard, emergency: false
[DEBUG] 19:12:07.413 [AiEngine] Using JS Search
[DEBUG] 19:12:07.422 [AiEngine] Adaptive time: 3000ms, depth: 5, reason: tactical, emergency: false
[DEBUG] 19:12:07.422 [AiEngine] Using JS Search
[DEBUG] 19:12:07.424 [AiEngine] Adaptive time: 3000ms, depth: 5, reason: endgame, emergency: false
[DEBUG] 19:12:07.424 [AiEngine] Using JS Search
[DEBUG] 19:12:07.430 [AiEngine] Adaptive time: 3000ms, depth: 5, reason: endgame, tactical, emergency: false
[DEBUG] 19:12:07.430 [AiEngine] Using JS Search
[DEBUG] 19:12:07.434 [AiEngine] Adaptive time: 3000ms, depth: 5, reason: endgame, emergency: false
[DEBUG] 19:12:07.434 [AiEngine] Using JS Search
[DEBUG] 19:12:07.442 [AiEngine] Adaptive time: 3000ms, depth: 5, reason: endgame, tactical, emergency: false
[DEBUG] 19:12:07.442 [AiEngine] Using JS Search
[DEBUG] 19:12:07.446 [AiEngine] Adaptive time: 3000ms, depth: 5, reason: endgame, emergency: false
[DEBUG] 19:12:07.446 [AiEngine] Using JS Search
[DEBUG] 19:12:07.454 [AiEngine] Adaptive time: 3000ms, depth: 5, reason: endgame, tactical, emergency: false
[DEBUG] 19:12:07.454 [AiEngine] Using JS Search
[DEBUG] 19:12:07.459 [AiEngine] Adaptive time: 3000ms, depth: 5, reason: endgame, emergency: false
[DEBUG] 19:12:07.459 [AiEngine] Using JS Search
[DEBUG] 19:12:07.468 [AiEngine] Adaptive time: 3000ms, depth: 5, reason: endgame, tactical, emergency: false
[DEBUG] 19:12:07.468 [AiEngine] Using JS Search
[DEBUG] 19:12:07.473 [AiEngine] Adaptive time: 3000ms, depth: 5, reason: endgame, emergency: false
[DEBUG] 19:12:07.473 [AiEngine] Using JS Search
[DEBUG] 19:12:07.480 [AiEngine] Adaptive time: 3000ms, depth: 5, reason: endgame, tactical, emergency: false
[DEBUG] 19:12:07.480 [AiEngine] Using JS Search
[DEBUG] 19:12:07.483 [AiEngine] Adaptive time: 3000ms, depth: 5, reason: endgame, emergency: false
[DEBUG] 19:12:07.483 [AiEngine] Using JS Search
[DEBUG] 19:12:07.489 [AiEngine] Adaptive time: 3000ms, depth: 5, reason: endgame, tactical, emergency: false
[DEBUG] 19:12:07.489 [AiEngine] Using JS Search
[DEBUG] 19:12:07.814 [AiEngine] Adaptive time: 3000ms, depth: 5, reason: endgame, in-check, emergency: false
[DEBUG] 19:12:07.814 [AiEngine] Using JS Search
[DEBUG] 19:12:07.819 [AiEngine] Adaptive time: 3000ms, depth: 5, reason: endgame, tactical, emergency: false
[DEBUG] 19:12:07.819 [AiEngine] Using JS Search
[DEBUG] 19:12:07.825 [AiEngine] Adaptive time: 3000ms, depth: 5, reason: endgame, emergency: false
[DEBUG] 19:12:07.825 [AiEngine] Using JS Search
[DEBUG] 19:12:07.833 [AiEngine] Adaptive time: 3000ms, depth: 5, reason: endgame, tactical, emergency: false
[DEBUG] 19:12:07.833 [AiEngine] Using JS Search
[DEBUG] 19:12:07.837 [AiEngine] Adaptive time: 3000ms, depth: 5, reason: endgame, emergency: false
[DEBUG] 19:12:07.837 [AiEngine] Using JS Search
[DEBUG] 19:12:07.845 [AiEngine] Adaptive time: 3000ms, depth: 5, reason: endgame, tactical, emergency: false
[DEBUG] 19:12:07.845 [AiEngine] Using JS Search
[DEBUG] 19:12:07.849 [AiEngine] Adaptive time: 3000ms, depth: 5, reason: endgame, emergency: false
[DEBUG] 19:12:07.849 [AiEngine] Using JS Search
[DEBUG] 19:12:07.856 [AiEngine] Adaptive time: 3000ms, depth: 5, reason: endgame, tactical, emergency: false
[DEBUG] 19:12:07.856 [AiEngine] Using JS Search
[DEBUG] 19:12:07.860 [AiEngine] Adaptive time: 3000ms, depth: 5, reason: endgame, emergency: false
[DEBUG] 19:12:07.860 [AiEngine] Using JS Search
[DEBUG] 19:12:07.866 [AiEngine] Adaptive time: 3000ms, depth: 5, reason: endgame, tactical, emergency: false
[DEBUG] 19:12:07.866 [AiEngine] Using JS Search
[DEBUG] 19:12:08.144 [AiEngine] Adaptive time: 3000ms, depth: 5, reason: endgame, emergency: false
[DEBUG] 19:12:08.144 [AiEngine] Using JS Search
[DEBUG] 19:12:08.148 [AiEngine] Adaptive time: 3000ms, depth: 5, reason: endgame, tactical, emergency: false
[DEBUG] 19:12:08.148 [AiEngine] Using JS Search
[DEBUG] 19:12:08.150 [AiEngine] Adaptive time: 3000ms, depth: 5, reason: endgame, emergency: false
[DEBUG] 19:12:08.150 [AiEngine] Using JS Search
[DEBUG] 19:12:08.153 [AiEngine] Adaptive time: 3000ms, depth: 5, reason: endgame, tactical, emergency: false
[DEBUG] 19:12:08.153 [AiEngine] Using JS Search
[DEBUG] 19:12:08.171 [AiEngine] Adaptive time: 3000ms, depth: 5, reason: endgame, in-check, emergency: false
[DEBUG] 19:12:08.171 [AiEngine] Using JS Search
[DEBUG] 19:12:08.171 [AiEngine] Adaptive time: 500ms, depth: 4, reason: midgame, opening, emergency: false
[DEBUG] 19:12:08.172 [AiEngine] Using JS Search
[DEBUG] 19:12:08.242 [AiEngine] Adaptive time: 500ms, depth: 4, reason: midgame, opening, emergency: false
[DEBUG] 19:12:08.243 [AiEngine] Using JS Search
[DEBUG] 19:12:08.550 [AiEngine] Adaptive time: 500ms, depth: 4, reason: midgame, opening, emergency: false
[DEBUG] 19:12:08.550 [AiEngine] Using JS Search
[DEBUG] 19:12:08.639 [AiEngine] Adaptive time: 500ms, depth: 4, reason: midgame, opening, emergency: false
[DEBUG] 19:12:08.639 [AiEngine] Using JS Search
[DEBUG] 19:12:08.834 [AiEngine] Adaptive time: 500ms, depth: 4, reason: midgame, opening, emergency: false
[DEBUG] 19:12:08.834 [AiEngine] Using JS Search
[DEBUG] 19:12:08.949 [AiEngine] Adaptive time: 500ms, depth: 4, reason: midgame, opening, emergency: false
[DEBUG] 19:12:08.949 [AiEngine] Using JS Search
[DEBUG] 19:12:09.028 [AiEngine] Adaptive time: 500ms, depth: 4, reason: midgame, opening, emergency: false
[DEBUG] 19:12:09.028 [AiEngine] Using JS Search
[DEBUG] 19:12:09.153 [AiEngine] Adaptive time: 500ms, depth: 4, reason: midgame, opening, emergency: false
[DEBUG] 19:12:09.153 [AiEngine] Using JS Search
[DEBUG] 19:12:09.209 [AiEngine] Adaptive time: 500ms, depth: 4, reason: midgame, opening, emergency: false
[DEBUG] 19:12:09.209 [AiEngine] Using JS Search
[DEBUG] 19:12:09.247 [AiEngine] Adaptive time: 500ms, depth: 4, reason: midgame, opening, emergency: false
[DEBUG] 19:12:09.247 [AiEngine] Using JS Search
[DEBUG] 19:12:09.324 [AiEngine] Adaptive time: 500ms, depth: 4, reason: midgame, opening, tactical, emergency: false
[DEBUG] 19:12:09.324 [AiEngine] Using JS Search
[DEBUG] 19:12:09.357 [AiEngine] Adaptive time: 500ms, depth: 4, reason: midgame, opening, emergency: false
[DEBUG] 19:12:09.357 [AiEngine] Using JS Search
[DEBUG] 19:12:09.506 [AiEngine] Adaptive time: 500ms, depth: 4, reason: midgame, opening, emergency: false
[DEBUG] 19:12:09.506 [AiEngine] Using JS Search
[DEBUG] 19:12:09.539 [AiEngine] Adaptive time: 500ms, depth: 4, reason: midgame, opening, emergency: false
[DEBUG] 19:12:09.539 [AiEngine] Using JS Search
[DEBUG] 19:12:09.608 [AiEngine] Adaptive time: 500ms, depth: 4, reason: midgame, opening, emergency: false
[DEBUG] 19:12:09.608 [AiEngine] Using JS Search
[DEBUG] 19:12:09.661 [AiEngine] Adaptive time: 500ms, depth: 4, reason: midgame, opening, emergency: false
[DEBUG] 19:12:09.661 [AiEngine] Using JS Search
[DEBUG] 19:12:09.767 [AiEngine] Adaptive time: 500ms, depth: 4, reason: midgame, opening, emergency: false
[DEBUG] 19:12:09.767 [AiEngine] Using JS Search
[DEBUG] 19:12:09.821 [AiEngine] Adaptive time: 500ms, depth: 4, reason: midgame, opening, tactical, emergency: false
[DEBUG] 19:12:09.821 [AiEngine] Using JS Search
[DEBUG] 19:12:09.981 [AiEngine] Adaptive time: 500ms, depth: 4, reason: midgame, opening, emergency: false
[DEBUG] 19:12:09.981 [AiEngine] Using JS Search
[DEBUG] 19:12:10.036 [AiEngine] Adaptive time: 500ms, depth: 4, reason: midgame, opening, tactical, emergency: false
[DEBUG] 19:12:10.036 [AiEngine] Using JS Search
[DEBUG] 19:12:10.368 [AiEngine] Adaptive time: 500ms, depth: 4, reason: midgame, opening, emergency: false
[DEBUG] 19:12:10.368 [AiEngine] Using JS Search
[DEBUG] 19:12:10.424 [AiEngine] Adaptive time: 500ms, depth: 4, reason: midgame, opening, tactical, emergency: false
[DEBUG] 19:12:10.425 [AiEngine] Using JS Search
[DEBUG] 19:12:10.546 [AiEngine] Adaptive time: 500ms, depth: 4, reason: midgame, opening, emergency: false
[DEBUG] 19:12:10.546 [AiEngine] Using JS Search
[DEBUG] 19:12:10.578 [AiEngine] Adaptive time: 500ms, depth: 4, reason: midgame, opening, tactical, emergency: false
[DEBUG] 19:12:10.578 [AiEngine] Using JS Search
[DEBUG] 19:12:10.999 [AiEngine] Adaptive time: 500ms, depth: 4, reason: midgame, opening, emergency: false
[DEBUG] 19:12:10.999 [AiEngine] Using JS Search
[DEBUG] 19:12:11.030 [AiEngine] Adaptive time: 500ms, depth: 4, reason: midgame, opening, tactical, emergency: false
[DEBUG] 19:12:11.030 [AiEngine] Using JS Search
[DEBUG] 19:12:11.401 [AiEngine] Adaptive time: 500ms, depth: 4, reason: midgame, opening, emergency: false
[DEBUG] 19:12:11.401 [AiEngine] Using JS Search
[DEBUG] 19:12:11.514 [AiEngine] Adaptive time: 500ms, depth: 4, reason: midgame, opening, tactical, emergency: false
[DEBUG] 19:12:11.514 [AiEngine] Using JS Search
[DEBUG] 19:12:11.518 [AiEngine] Adaptive time: 500ms, depth: 4, reason: midgame, opening, in-check, emergency: false
[DEBUG] 19:12:11.518 [AiEngine] Using JS Search
[DEBUG] 19:12:11.529 [AiEngine] Adaptive time: 500ms, depth: 4, reason: midgame, opening, tactical, emergency: false
[DEBUG] 19:12:11.529 [AiEngine] Using JS Search
[DEBUG] 19:12:11.546 [AiEngine] Adaptive time: 500ms, depth: 4, reason: midgame, opening, emergency: false
[DEBUG] 19:12:11.546 [AiEngine] Using JS Search
[DEBUG] 19:12:11.684 [AiEngine] Adaptive time: 500ms, depth: 4, reason: midgame, opening, tactical, emergency: false
[DEBUG] 19:12:11.684 [AiEngine] Using JS Search
[DEBUG] 19:12:11.685 [AiEngine] Adaptive time: 500ms, depth: 4, reason: midgame, opening, tactical, emergency: false
[DEBUG] 19:12:11.685 [AiEngine] Using JS Search
[DEBUG] 19:12:11.794 [AiEngine] Adaptive time: 500ms, depth: 4, reason: midgame, opening, emergency: false
[DEBUG] 19:12:11.794 [AiEngine] Using JS Search
[DEBUG] 19:12:11.794 [AiEngine] Adaptive time: 500ms, depth: 4, reason: midgame, opening, tactical, emergency: false
[DEBUG] 19:12:11.794 [AiEngine] Using JS Search
[DEBUG] 19:12:11.794 [AiEngine] Adaptive time: 500ms, depth: 4, reason: midgame, opening, in-check, emergency: false
[DEBUG] 19:12:11.794 [AiEngine] Using JS Search
[DEBUG] 19:12:11.794 [AiEngine] Adaptive time: 500ms, depth: 4, reason: midgame, opening, emergency: false
[DEBUG] 19:12:11.794 [AiEngine] Using JS Search
[DEBUG] 19:12:11.876 [AiEngine] Adaptive time: 500ms, depth: 4, reason: midgame, opening, emergency: false
[DEBUG] 19:12:11.876 [AiEngine] Using JS Search
[DEBUG] 19:12:12.041 [AiEngine] Adaptive time: 500ms, depth: 4, reason: midgame, opening, emergency: false
[DEBUG] 19:12:12.041 [AiEngine] Using JS Search
[DEBUG] 19:12:12.186 [AiEngine] Adaptive time: 500ms, depth: 4, reason: midgame, opening, emergency: false
[DEBUG] 19:12:12.186 [AiEngine] Using JS Search
[DEBUG] 19:12:12.306 [AiEngine] Adaptive time: 500ms, depth: 4, reason: midgame, opening, emergency: false
[DEBUG] 19:12:12.306 [AiEngine] Using JS Search
[DEBUG] 19:12:12.526 [AiEngine] Adaptive time: 500ms, depth: 4, reason: midgame, opening, emergency: false
[DEBUG] 19:12:12.526 [AiEngine] Using JS Search
[DEBUG] 19:12:12.934 [AiEngine] Adaptive time: 500ms, depth: 4, reason: midgame, opening, emergency: false
[DEBUG] 19:12:12.934 [AiEngine] Using JS Search
[DEBUG] 19:12:13.022 [AiEngine] Adaptive time: 500ms, depth: 4, reason: midgame, opening, emergency: false
[DEBUG] 19:12:13.022 [AiEngine] Using JS Search
[DEBUG] 19:12:13.145 [AiEngine] Adaptive time: 500ms, depth: 4, reason: midgame, opening, emergency: false
[DEBUG] 19:12:13.145 [AiEngine] Using JS Search
[DEBUG] 19:12:13.185 [AiEngine] Adaptive time: 500ms, depth: 4, reason: midgame, opening, emergency: false
[DEBUG] 19:12:13.185 [AiEngine] Using JS Search
[DEBUG] 19:12:13.574 [AiEngine] Adaptive time: 500ms, depth: 4, reason: midgame, opening, emergency: false
[DEBUG] 19:12:13.574 [AiEngine] Using JS Search
[DEBUG] 19:12:13.614 [AiEngine] Adaptive time: 500ms, depth: 4, reason: midgame, opening, tactical, emergency: false
[DEBUG] 19:12:13.614 [AiEngine] Using JS Search
[DEBUG] 19:12:13.818 [AiEngine] Adaptive time: 500ms, depth: 4, reason: midgame, opening, emergency: false
[DEBUG] 19:12:13.818 [AiEngine] Using JS Search
[DEBUG] 19:12:13.940 [AiEngine] Adaptive time: 500ms, depth: 4, reason: midgame, opening, tactical, emergency: false
[DEBUG] 19:12:13.940 [AiEngine] Using JS Search
[DEBUG] 19:12:14.186 [AiEngine] Adaptive time: 500ms, depth: 4, reason: midgame, opening, emergency: false
[DEBUG] 19:12:14.186 [AiEngine] Using JS Search
[DEBUG] 19:12:14.227 [AiEngine] Adaptive time: 500ms, depth: 4, reason: midgame, opening, tactical, emergency: false
[DEBUG] 19:12:14.227 [AiEngine] Using JS Search
[DEBUG] 19:12:14.382 [AiEngine] Adaptive time: 500ms, depth: 4, reason: midgame, opening, emergency: false
[DEBUG] 19:12:14.382 [AiEngine] Using JS Search
[DEBUG] 19:12:14.433 [AiEngine] Adaptive time: 500ms, depth: 4, reason: midgame, opening, tactical, emergency: false
[DEBUG] 19:12:14.433 [AiEngine] Using JS Search
[DEBUG] 19:12:14.531 [AiEngine] Adaptive time: 500ms, depth: 4, reason: midgame, opening, emergency: false
[DEBUG] 19:12:14.531 [AiEngine] Using JS Search
[DEBUG] 19:12:14.573 [AiEngine] Adaptive time: 500ms, depth: 4, reason: midgame, opening, tactical, emergency: false
[DEBUG] 19:12:14.573 [AiEngine] Using JS Search
[DEBUG] 19:12:14.646 [AiEngine] Adaptive time: 500ms, depth: 4, reason: midgame, opening, emergency: false
[DEBUG] 19:12:14.646 [AiEngine] Using JS Search
[DEBUG] 19:12:14.692 [AiEngine] Adaptive time: 500ms, depth: 4, reason: midgame, opening, tactical, emergency: false
[DEBUG] 19:12:14.692 [AiEngine] Using JS Search
[DEBUG] 19:12:14.809 [AiEngine] Adaptive time: 500ms, depth: 4, reason: midgame, opening, emergency: false
[DEBUG] 19:12:14.809 [AiEngine] Using JS Search
[DEBUG] 19:12:14.841 [AiEngine] Adaptive time: 500ms, depth: 4, reason: midgame, opening, tactical, emergency: false
[DEBUG] 19:12:14.841 [AiEngine] Using JS Search
[DEBUG] 19:12:14.925 [AiEngine] Adaptive time: 500ms, depth: 4, reason: midgame, opening, in-check, emergency: false
[DEBUG] 19:12:14.925 [AiEngine] Using JS Search
[DEBUG] 19:12:15.082 [AiEngine] Adaptive time: 500ms, depth: 4, reason: midgame, opening, emergency: false
[DEBUG] 19:12:15.082 [AiEngine] Using JS Search
[DEBUG] 19:12:15.083 [AiEngine] Adaptive time: 500ms, depth: 4, reason: midgame, opening, tactical, emergency: false
[DEBUG] 19:12:15.083 [AiEngine] Using JS Search
[DEBUG] 19:12:15.083 [AiEngine] Adaptive time: 500ms, depth: 4, reason: midgame, opening, in-check, emergency: false
[DEBUG] 19:12:15.083 [AiEngine] Using JS Search
[DEBUG] 19:12:15.083 [AiEngine] Adaptive time: 500ms, depth: 4, reason: midgame, opening, emergency: false
[DEBUG] 19:12:15.083 [AiEngine] Using JS Search
[DEBUG] 19:12:15.089 [AiEngine] Adaptive time: 500ms, depth: 4, reason: midgame, opening, emergency: false
[DEBUG] 19:12:15.089 [AiEngine] Using JS Search
[DEBUG] 19:12:15.296 [AiEngine] Adaptive time: 500ms, depth: 4, reason: midgame, opening, emergency: false
[DEBUG] 19:12:15.296 [AiEngine] Using JS Search
[DEBUG] 19:12:15.911 [AiEngine] Adaptive time: 500ms, depth: 4, reason: midgame, opening, emergency: false
[DEBUG] 19:12:15.911 [AiEngine] Using JS Search
[DEBUG] 19:12:16.094 [AiEngine] Adaptive time: 500ms, depth: 4, reason: midgame, opening, emergency: false
[DEBUG] 19:12:16.094 [AiEngine] Using JS Search
[DEBUG] 19:12:16.159 [AiEngine] Adaptive time: 500ms, depth: 4, reason: midgame, opening, emergency: false
[DEBUG] 19:12:16.159 [AiEngine] Using JS Search
[DEBUG] 19:12:16.317 [AiEngine] Adaptive time: 500ms, depth: 4, reason: midgame, opening, emergency: false
[DEBUG] 19:12:16.317 [AiEngine] Using JS Search
[DEBUG] 19:12:16.383 [AiEngine] Adaptive time: 500ms, depth: 4, reason: midgame, opening, emergency: false
[DEBUG] 19:12:16.383 [AiEngine] Using JS Search
[DEBUG] 19:12:16.563 [AiEngine] Adaptive time: 500ms, depth: 4, reason: midgame, opening, emergency: false
[DEBUG] 19:12:16.563 [AiEngine] Using JS Search
[DEBUG] 19:12:16.655 [AiEngine] Adaptive time: 500ms, depth: 4, reason: midgame, opening, tactical, emergency: false
[DEBUG] 19:12:16.655 [AiEngine] Using JS Search
[DEBUG] 19:12:16.744 [AiEngine] Adaptive time: 500ms, depth: 4, reason: midgame, opening, emergency: false
[DEBUG] 19:12:16.744 [AiEngine] Using JS Search
[DEBUG] 19:12:16.773 [AiEngine] Adaptive time: 500ms, depth: 4, reason: midgame, opening, tactical, emergency: false
[DEBUG] 19:12:16.773 [AiEngine] Using JS Search
[DEBUG] 19:12:16.871 [AiEngine] Adaptive time: 500ms, depth: 4, reason: midgame, opening, emergency: false
[DEBUG] 19:12:16.871 [AiEngine] Using JS Search
[DEBUG] 19:12:17.001 [AiEngine] Adaptive time: 500ms, depth: 4, reason: midgame, opening, emergency: false
[DEBUG] 19:12:17.001 [AiEngine] Using JS Search
[DEBUG] 19:12:17.125 [AiEngine] Adaptive time: 500ms, depth: 4, reason: midgame, opening, emergency: false
[DEBUG] 19:12:17.125 [AiEngine] Using JS Search
[DEBUG] 19:12:17.317 [AiEngine] Adaptive time: 500ms, depth: 4, reason: midgame, opening, tactical, emergency: false
[DEBUG] 19:12:17.317 [AiEngine] Using JS Search
[DEBUG] 19:12:17.447 [AiEngine] Adaptive time: 500ms, depth: 4, reason: midgame, opening, emergency: false
[DEBUG] 19:12:17.447 [AiEngine] Using JS Search
[DEBUG] 19:12:17.514 [AiEngine] Adaptive time: 500ms, depth: 4, reason: midgame, opening, emergency: false
[DEBUG] 19:12:17.514 [AiEngine] Using JS Search
[DEBUG] 19:12:17.604 [AiEngine] Adaptive time: 500ms, depth: 4, reason: midgame, opening, emergency: false
[DEBUG] 19:12:17.604 [AiEngine] Using JS Search
[DEBUG] 19:12:17.751 [AiEngine] Adaptive time: 500ms, depth: 4, reason: midgame, opening, emergency: false
[DEBUG] 19:12:17.751 [AiEngine] Using JS Search
[DEBUG] 19:12:17.840 [AiEngine] Adaptive time: 500ms, depth: 4, reason: midgame, opening, emergency: false
[DEBUG] 19:12:17.840 [AiEngine] Using JS Search
[DEBUG] 19:12:18.090 [AiEngine] Adaptive time: 500ms, depth: 4, reason: midgame, opening, emergency: false
[DEBUG] 19:12:18.090 [AiEngine] Using JS Search
[DEBUG] 19:12:18.132 [AiEngine] Adaptive time: 500ms, depth: 4, reason: midgame, opening, tactical, emergency: false
[DEBUG] 19:12:18.132 [AiEngine] Using JS Search
[DEBUG] 19:12:18.302 [AiEngine] Adaptive time: 500ms, depth: 4, reason: midgame, opening, emergency: false
[DEBUG] 19:12:18.302 [AiEngine] Using JS Search
[DEBUG] 19:12:18.348 [AiEngine] Adaptive time: 500ms, depth: 4, reason: midgame, opening, tactical, emergency: false
[DEBUG] 19:12:18.348 [AiEngine] Using JS Search
[DEBUG] 19:12:18.450 [AiEngine] Adaptive time: 500ms, depth: 4, reason: midgame, opening, emergency: false
[DEBUG] 19:12:18.450 [AiEngine] Using JS Search
[DEBUG] 19:12:18.504 [AiEngine] Adaptive time: 500ms, depth: 4, reason: midgame, opening, tactical, emergency: false
[DEBUG] 19:12:18.504 [AiEngine] Using JS Search
[DEBUG] 19:12:18.608 [AiEngine] Adaptive time: 500ms, depth: 4, reason: midgame, opening, emergency: false
[DEBUG] 19:12:18.609 [AiEngine] Using JS Search
[DEBUG] 19:12:18.659 [AiEngine] Adaptive time: 500ms, depth: 4, reason: midgame, opening, tactical, emergency: false
[DEBUG] 19:12:18.659 [AiEngine] Using JS Search
[DEBUG] 19:12:18.833 [AiEngine] Adaptive time: 500ms, depth: 4, reason: midgame, opening, emergency: false
[DEBUG] 19:12:18.833 [AiEngine] Using JS Search
[DEBUG] 19:12:18.889 [AiEngine] Adaptive time: 500ms, depth: 4, reason: midgame, opening, tactical, emergency: false
[DEBUG] 19:12:18.889 [AiEngine] Using JS Search
[DEBUG] 19:12:19.062 [AiEngine] Adaptive time: 500ms, depth: 4, reason: midgame, opening, emergency: false
[DEBUG] 19:12:19.062 [AiEngine] Using JS Search
[DEBUG] 19:12:19.115 [AiEngine] Adaptive time: 500ms, depth: 4, reason: midgame, opening, tactical, emergency: false
[DEBUG] 19:12:19.115 [AiEngine] Using JS Search
[DEBUG] 19:12:19.193 [AiEngine] Adaptive time: 500ms, depth: 4, reason: midgame, opening, emergency: false
[DEBUG] 19:12:19.193 [AiEngine] Using JS Search
[DEBUG] 19:12:19.247 [AiEngine] Adaptive time: 500ms, depth: 4, reason: midgame, opening, emergency: false
[DEBUG] 19:12:19.247 [AiEngine] Using JS Search
[DEBUG] 19:12:19.336 [AiEngine] Adaptive time: 500ms, depth: 4, reason: midgame, opening, emergency: false
[DEBUG] 19:12:19.336 [AiEngine] Using JS Search
[DEBUG] 19:12:19.387 [AiEngine] Adaptive time: 500ms, depth: 4, reason: midgame, opening, tactical, emergency: false
[DEBUG] 19:12:19.387 [AiEngine] Using JS Search
[DEBUG] 19:12:19.468 [AiEngine] Adaptive time: 500ms, depth: 4, reason: midgame, opening, emergency: false
[DEBUG] 19:12:19.468 [AiEngine] Using JS Search
[DEBUG] 19:12:19.526 [AiEngine] Adaptive time: 500ms, depth: 4, reason: midgame, opening, tactical, emergency: false
[DEBUG] 19:12:19.526 [AiEngine] Using JS Search
[DEBUG] 19:12:19.588 [AiEngine] Adaptive time: 500ms, depth: 4, reason: midgame, opening, emergency: false
[DEBUG] 19:12:19.588 [AiEngine] Using JS Search
[DEBUG] 19:12:19.651 [AiEngine] Adaptive time: 3000ms, depth: 5, reason: midgame, tactical, emergency: false
[DEBUG] 19:12:19.651 [AiEngine] Using JS Search
[DEBUG] 19:12:19.925 [AiEngine] Adaptive time: 3000ms, depth: 5, reason: midgame, tactical, emergency: false
[DEBUG] 19:12:19.926 [AiEngine] Using JS Search
[DEBUG] 19:12:20.277 [AiEngine] Adaptive time: 3000ms, depth: 5, reason: midgame, emergency: false
[DEBUG] 19:12:20.277 [AiEngine] Using JS Search
[DEBUG] 19:12:20.441 [AiEngine] Adaptive time: 3000ms, depth: 5, reason: midgame, tactical, emergency: false
[DEBUG] 19:12:20.441 [AiEngine] Using JS Search
[DEBUG] 19:12:20.846 [AiEngine] Adaptive time: 3000ms, depth: 5, reason: midgame, emergency: false
[DEBUG] 19:12:20.846 [AiEngine] Using JS Search
[DEBUG] 19:12:21.008 [AiEngine] Adaptive time: 3000ms, depth: 5, reason: midgame, tactical, emergency: false
[DEBUG] 19:12:21.008 [AiEngine] Using JS Search
[DEBUG] 19:12:21.259 [AiEngine] Adaptive time: 3000ms, depth: 5, reason: midgame, emergency: false
[DEBUG] 19:12:21.259 [AiEngine] Using JS Search
[DEBUG] 19:12:21.326 [AiEngine] Adaptive time: 3000ms, depth: 5, reason: midgame, tactical, emergency: false
[DEBUG] 19:12:21.326 [AiEngine] Using JS Search
[DEBUG] 19:12:21.376 [AiEngine] Adaptive time: 3000ms, depth: 5, reason: midgame, emergency: false
[DEBUG] 19:12:21.376 [AiEngine] Using JS Search
[DEBUG] 19:12:21.521 [AiEngine] Adaptive time: 3000ms, depth: 5, reason: midgame, tactical, emergency: false
[DEBUG] 19:12:21.521 [AiEngine] Using JS Search
[DEBUG] 19:12:21.546 [AiEngine] Adaptive time: 3000ms, depth: 5, reason: midgame, in-check, emergency: false
[DEBUG] 19:12:21.546 [AiEngine] Using JS Search
[DEBUG] 19:12:21.551 [AiEngine] Adaptive time: 3000ms, depth: 5, reason: midgame, tactical, emergency: false
[DEBUG] 19:12:21.551 [AiEngine] Using JS Search
[DEBUG] 19:12:21.553 [AiEngine] Adaptive time: 3000ms, depth: 5, reason: midgame, emergency: false
[DEBUG] 19:12:21.553 [AiEngine] Using JS Search
[DEBUG] 19:12:21.617 [AiEngine] Adaptive time: 3000ms, depth: 5, reason: midgame, tactical, emergency: false
[DEBUG] 19:12:21.617 [AiEngine] Using JS Search
[DEBUG] 19:12:21.619 [AiEngine] Adaptive time: 3000ms, depth: 5, reason: midgame, in-check, emergency: false
[DEBUG] 19:12:21.619 [AiEngine] Using JS Search
[DEBUG] 19:12:21.658 [AiEngine] Adaptive time: 3000ms, depth: 5, reason: midgame, emergency: false
[DEBUG] 19:12:21.658 [AiEngine] Using JS Search
[DEBUG] 19:12:21.660 [AiEngine] Adaptive time: 3000ms, depth: 5, reason: midgame, emergency: false
[DEBUG] 19:12:21.660 [AiEngine] Using JS Search
[DEBUG] 19:12:21.795 [AiEngine] Adaptive time: 3000ms, depth: 5, reason: standard, emergency: false
[DEBUG] 19:12:21.795 [AiEngine] Using JS Search
[DEBUG] 19:12:21.797 [AiEngine] Adaptive time: 3000ms, depth: 5, reason: standard, emergency: false
[DEBUG] 19:12:21.797 [AiEngine] Using JS Search
[DEBUG] 19:12:21.924 [AiEngine] Adaptive time: 3000ms, depth: 5, reason: standard, emergency: false
[DEBUG] 19:12:21.924 [AiEngine] Using JS Search
[DEBUG] 19:12:21.925 [AiEngine] Adaptive time: 3000ms, depth: 5, reason: tactical, emergency: false
[DEBUG] 19:12:21.925 [AiEngine] Using JS Search
[DEBUG] 19:12:22.001 [AiEngine] Adaptive time: 3000ms, depth: 5, reason: standard, emergency: false
[DEBUG] 19:12:22.001 [AiEngine] Using JS Search
[DEBUG] 19:12:22.002 [AiEngine] Adaptive time: 3000ms, depth: 5, reason: tactical, emergency: false
[DEBUG] 19:12:22.002 [AiEngine] Using JS Search
[DEBUG] 19:12:22.016 [AiEngine] Adaptive time: 3000ms, depth: 5, reason: standard, emergency: false
[DEBUG] 19:12:22.016 [AiEngine] Using JS Search
[DEBUG] 19:12:22.030 [AiEngine] Adaptive time: 3000ms, depth: 5, reason: tactical, emergency: false
[DEBUG] 19:12:22.030 [AiEngine] Using JS Search
[DEBUG] 19:12:22.062 [AiEngine] Adaptive time: 3000ms, depth: 5, reason: in-check, emergency: false
[DEBUG] 19:12:22.062 [AiEngine] Using JS Search
[DEBUG] 19:12:22.133 [AiEngine] Adaptive time: 3000ms, depth: 5, reason: standard, emergency: false
[DEBUG] 19:12:22.133 [AiEngine] Using JS Search
[DEBUG] 19:12:22.153 [AiEngine] Adaptive time: 3000ms, depth: 5, reason: standard, emergency: false
[DEBUG] 19:12:22.153 [AiEngine] Using JS Search
[DEBUG] 19:12:22.276 [AiEngine] Adaptive time: 3000ms, depth: 5, reason: in-check, emergency: false
[DEBUG] 19:12:22.276 [AiEngine] Using JS Search
[DEBUG] 19:12:22.299 [AiEngine] Adaptive time: 3000ms, depth: 5, reason: standard, emergency: false
[DEBUG] 19:12:22.299 [AiEngine] Using JS Search
[DEBUG] 19:12:22.453 [AiEngine] Adaptive time: 3000ms, depth: 5, reason: standard, emergency: false
[DEBUG] 19:12:22.453 [AiEngine] Using JS Search
[DEBUG] 19:12:22.478 [AiEngine] Adaptive time: 3000ms, depth: 5, reason: standard, emergency: false
[DEBUG] 19:12:22.478 [AiEngine] Using JS Search
[DEBUG] 19:12:22.620 [AiEngine] Adaptive time: 3000ms, depth: 5, reason: standard, emergency: false
[DEBUG] 19:12:22.620 [AiEngine] Using JS Search
[DEBUG] 19:12:22.645 [AiEngine] Adaptive time: 3000ms, depth: 5, reason: standard, emergency: false
[DEBUG] 19:12:22.645 [AiEngine] Using JS Search
[DEBUG] 19:12:22.737 [AiEngine] Adaptive time: 3000ms, depth: 5, reason: standard, emergency: false
[DEBUG] 19:12:22.737 [AiEngine] Using JS Search
[DEBUG] 19:12:22.760 [AiEngine] Adaptive time: 3000ms, depth: 5, reason: tactical, emergency: false
[DEBUG] 19:12:22.760 [AiEngine] Using JS Search
[DEBUG] 19:12:22.779 [AiEngine] Adaptive time: 3000ms, depth: 5, reason: standard, emergency: false
[DEBUG] 19:12:22.779 [AiEngine] Using JS Search
[DEBUG] 19:12:22.801 [AiEngine] Adaptive time: 3000ms, depth: 5, reason: tactical, emergency: false
[DEBUG] 19:12:22.801 [AiEngine] Using JS Search
[DEBUG] 19:12:22.811 [AiEngine] Adaptive time: 3000ms, depth: 5, reason: standard, emergency: false
[DEBUG] 19:12:22.811 [AiEngine] Using JS Search
[DEBUG] 19:12:22.829 [AiEngine] Adaptive time: 3000ms, depth: 5, reason: standard, emergency: false
[DEBUG] 19:12:22.829 [AiEngine] Using JS Search
[DEBUG] 19:12:22.833 [AiEngine] Adaptive time: 3000ms, depth: 5, reason: endgame, emergency: false
[DEBUG] 19:12:22.833 [AiEngine] Using JS Search
[DEBUG] 19:12:22.842 [AiEngine] Adaptive time: 3000ms, depth: 5, reason: endgame, tactical, emergency: false
[DEBUG] 19:12:22.842 [AiEngine] Using JS Search
[DEBUG] 19:12:22.848 [AiEngine] Adaptive time: 3000ms, depth: 5, reason: endgame, emergency: false
[DEBUG] 19:12:22.848 [AiEngine] Using JS Search
[DEBUG] 19:12:22.859 [AiEngine] Adaptive time: 3000ms, depth: 5, reason: endgame, tactical, emergency: false
[DEBUG] 19:12:22.859 [AiEngine] Using JS Search
[DEBUG] 19:12:22.870 [AiEngine] Adaptive time: 3000ms, depth: 5, reason: endgame, emergency: false
[DEBUG] 19:12:22.870 [AiEngine] Using JS Search
[DEBUG] 19:12:22.881 [AiEngine] Adaptive time: 3000ms, depth: 5, reason: endgame, tactical, emergency: false
[DEBUG] 19:12:22.881 [AiEngine] Using JS Search
[DEBUG] 19:12:22.887 [AiEngine] Adaptive time: 3000ms, depth: 5, reason: endgame, emergency: false
[DEBUG] 19:12:22.887 [AiEngine] Using JS Search
[DEBUG] 19:12:22.896 [AiEngine] Adaptive time: 3000ms, depth: 5, reason: endgame, tactical, emergency: false
[DEBUG] 19:12:22.896 [AiEngine] Using JS Search
[DEBUG] 19:12:22.902 [AiEngine] Adaptive time: 3000ms, depth: 5, reason: endgame, emergency: false
[DEBUG] 19:12:22.902 [AiEngine] Using JS Search
[DEBUG] 19:12:22.913 [AiEngine] Adaptive time: 3000ms, depth: 5, reason: endgame, tactical, emergency: false
[DEBUG] 19:12:22.913 [AiEngine] Using JS Search
[DEBUG] 19:12:22.917 [AiEngine] Adaptive time: 3000ms, depth: 5, reason: endgame, emergency: false
[DEBUG] 19:12:22.917 [AiEngine] Using JS Search
[DEBUG] 19:12:22.923 [AiEngine] Adaptive time: 3000ms, depth: 5, reason: endgame, tactical, emergency: false
[DEBUG] 19:12:22.923 [AiEngine] Using JS Search
[DEBUG] 19:12:23.011 [AiEngine] Adaptive time: 3000ms, depth: 5, reason: endgame, emergency: false
[DEBUG] 19:12:23.011 [AiEngine] Using JS Search
[DEBUG] 19:12:23.019 [AiEngine] Adaptive time: 3000ms, depth: 5, reason: endgame, tactical, emergency: false
[DEBUG] 19:12:23.019 [AiEngine] Using JS Search
[DEBUG] 19:12:23.023 [AiEngine] Adaptive time: 3000ms, depth: 5, reason: endgame, emergency: false
[DEBUG] 19:12:23.023 [AiEngine] Using JS Search
[DEBUG] 19:12:23.031 [AiEngine] Adaptive time: 3000ms, depth: 5, reason: endgame, tactical, emergency: false
[DEBUG] 19:12:23.031 [AiEngine] Using JS Search
[DEBUG] 19:12:23.038 [AiEngine] Adaptive time: 3000ms, depth: 5, reason: endgame, emergency: false
[DEBUG] 19:12:23.038 [AiEngine] Using JS Search
[DEBUG] 19:12:23.048 [AiEngine] Adaptive time: 3000ms, depth: 5, reason: endgame, tactical, emergency: false
[DEBUG] 19:12:23.048 [AiEngine] Using JS Search
[DEBUG] 19:12:23.130 [AiEngine] Adaptive time: 3000ms, depth: 5, reason: endgame, emergency: false
[DEBUG] 19:12:23.130 [AiEngine] Using JS Search
[DEBUG] 19:12:23.139 [AiEngine] Adaptive time: 3000ms, depth: 5, reason: endgame, tactical, emergency: false
[DEBUG] 19:12:23.139 [AiEngine] Using JS Search
[DEBUG] 19:12:23.214 [AiEngine] Adaptive time: 500ms, depth: 4, reason: midgame, opening, emergency: false
[DEBUG] 19:12:23.214 [AiEngine] Using JS Search
[DEBUG] 19:12:23.261 [AiEngine] Adaptive time: 500ms, depth: 4, reason: midgame, opening, emergency: false
[DEBUG] 19:12:23.261 [AiEngine] Using JS Search
[DEBUG] 19:12:23.361 [AiEngine] Adaptive time: 500ms, depth: 4, reason: midgame, opening, emergency: false
[DEBUG] 19:12:23.361 [AiEngine] Using JS Search
[DEBUG] 19:12:23.545 [AiEngine] Adaptive time: 500ms, depth: 4, reason: midgame, opening, emergency: false
[DEBUG] 19:12:23.545 [AiEngine] Using JS Search
[DEBUG] 19:12:23.806 [AiEngine] Adaptive time: 500ms, depth: 4, reason: midgame, opening, emergency: false
[DEBUG] 19:12:23.806 [AiEngine] Using JS Search
[DEBUG] 19:12:24.456 [AiEngine] Adaptive time: 500ms, depth: 4, reason: midgame, opening, emergency: false
[DEBUG] 19:12:24.456 [AiEngine] Using JS Search
[DEBUG] 19:12:25.316 [AiEngine] Adaptive time: 500ms, depth: 4, reason: midgame, opening, tactical, emergency: false
[DEBUG] 19:12:25.316 [AiEngine] Using JS Search
[DEBUG] 19:12:25.446 [AiEngine] Adaptive time: 500ms, depth: 4, reason: midgame, opening, emergency: false
[DEBUG] 19:12:25.446 [AiEngine] Using JS Search
[DEBUG] 19:12:25.718 [AiEngine] Adaptive time: 500ms, depth: 4, reason: midgame, opening, emergency: false
[DEBUG] 19:12:25.718 [AiEngine] Using JS Search
[DEBUG] 19:12:25.795 [AiEngine] Adaptive time: 500ms, depth: 4, reason: midgame, opening, emergency: false
[DEBUG] 19:12:25.795 [AiEngine] Using JS Search
[DEBUG] 19:12:25.874 [AiEngine] Adaptive time: 500ms, depth: 4, reason: midgame, opening, emergency: false
[DEBUG] 19:12:25.874 [AiEngine] Using JS Search
[DEBUG] 19:12:26.008 [AiEngine] Adaptive time: 500ms, depth: 4, reason: midgame, opening, emergency: false
[DEBUG] 19:12:26.008 [AiEngine] Using JS Search
[DEBUG] 19:12:26.015 [AiEngine] Adaptive time: 500ms, depth: 4, reason: midgame, opening, emergency: false
[DEBUG] 19:12:26.016 [AiEngine] Using JS Search
[DEBUG] 19:12:26.171 [AiEngine] Adaptive time: 500ms, depth: 4, reason: midgame, opening, emergency: false
[DEBUG] 19:12:26.171 [AiEngine] Using JS Search
[DEBUG] 19:12:26.412 [AiEngine] Adaptive time: 500ms, depth: 4, reason: midgame, opening, tactical, emergency: false
[DEBUG] 19:12:26.412 [AiEngine] Using JS Search
[DEBUG] 19:12:26.530 [AiEngine] Adaptive time: 500ms, depth: 4, reason: midgame, opening, in-check, emergency: false
[DEBUG] 19:12:26.530 [AiEngine] Using JS Search
[DEBUG] 19:12:26.601 [AiEngine] Adaptive time: 500ms, depth: 4, reason: midgame, opening, tactical, emergency: false
[DEBUG] 19:12:26.601 [AiEngine] Using JS Search
[DEBUG] 19:12:26.839 [AiEngine] Adaptive time: 500ms, depth: 4, reason: midgame, opening, in-check, emergency: false
[DEBUG] 19:12:26.839 [AiEngine] Using JS Search
[DEBUG] 19:12:26.987 [AiEngine] Adaptive time: 500ms, depth: 4, reason: midgame, opening, tactical, emergency: false
[DEBUG] 19:12:26.987 [AiEngine] Using JS Search
[DEBUG] 19:12:27.028 [AiEngine] Adaptive time: 500ms, depth: 4, reason: midgame, opening, tactical, emergency: false
[DEBUG] 19:12:27.028 [AiEngine] Using JS Search
[DEBUG] 19:12:27.075 [AiEngine] Adaptive time: 500ms, depth: 4, reason: midgame, opening, in-check, emergency: false
[DEBUG] 19:12:27.075 [AiEngine] Using JS Search
[DEBUG] 19:12:27.079 [AiEngine] Adaptive time: 500ms, depth: 4, reason: midgame, opening, tactical, emergency: false
[DEBUG] 19:12:27.079 [AiEngine] Using JS Search
[DEBUG] 19:12:27.148 [AiEngine] Adaptive time: 500ms, depth: 4, reason: midgame, opening, tactical, emergency: false
[DEBUG] 19:12:27.148 [AiEngine] Using JS Search
[DEBUG] 19:12:27.186 [AiEngine] Adaptive time: 500ms, depth: 4, reason: midgame, opening, emergency: false
[DEBUG] 19:12:27.186 [AiEngine] Using JS Search
[DEBUG] 19:12:27.325 [AiEngine] Adaptive time: 500ms, depth: 4, reason: midgame, opening, tactical, emergency: false
[DEBUG] 19:12:27.325 [AiEngine] Using JS Search
[DEBUG] 19:12:27.362 [AiEngine] Adaptive time: 500ms, depth: 4, reason: midgame, opening, emergency: false
[DEBUG] 19:12:27.362 [AiEngine] Using JS Search
[DEBUG] 19:12:27.444 [AiEngine] Adaptive time: 500ms, depth: 4, reason: midgame, opening, emergency: false
[DEBUG] 19:12:27.444 [AiEngine] Using JS Search
[DEBUG] 19:12:27.479 [AiEngine] Adaptive time: 500ms, depth: 4, reason: midgame, opening, emergency: false
[DEBUG] 19:12:27.479 [AiEngine] Using JS Search
[DEBUG] 19:12:27.622 [AiEngine] Adaptive time: 500ms, depth: 4, reason: midgame, opening, emergency: false
[DEBUG] 19:12:27.622 [AiEngine] Using JS Search
[DEBUG] 19:12:27.656 [AiEngine] Adaptive time: 500ms, depth: 4, reason: midgame, opening, tactical, emergency: false
[DEBUG] 19:12:27.656 [AiEngine] Using JS Search
[DEBUG] 19:12:27.779 [AiEngine] Adaptive time: 500ms, depth: 4, reason: midgame, opening, emergency: false
[DEBUG] 19:12:27.779 [AiEngine] Using JS Search
[DEBUG] 19:12:27.812 [AiEngine] Adaptive time: 500ms, depth: 4, reason: midgame, opening, tactical, emergency: false
[DEBUG] 19:12:27.812 [AiEngine] Using JS Search
[DEBUG] 19:12:27.922 [AiEngine] Adaptive time: 500ms, depth: 4, reason: midgame, opening, emergency: false
[DEBUG] 19:12:27.922 [AiEngine] Using JS Search
[DEBUG] 19:12:27.943 [AiEngine] Adaptive time: 500ms, depth: 4, reason: midgame, opening, tactical, emergency: false
[DEBUG] 19:12:27.943 [AiEngine] Using JS Search
[DEBUG] 19:12:28.104 [AiEngine] Adaptive time: 500ms, depth: 4, reason: midgame, opening, emergency: false
[DEBUG] 19:12:28.104 [AiEngine] Using JS Search
[DEBUG] 19:12:28.125 [AiEngine] Adaptive time: 500ms, depth: 4, reason: midgame, opening, tactical, emergency: false
[DEBUG] 19:12:28.125 [AiEngine] Using JS Search
[DEBUG] 19:12:28.211 [AiEngine] Adaptive time: 500ms, depth: 4, reason: midgame, opening, emergency: false
[DEBUG] 19:12:28.211 [AiEngine] Using JS Search
[DEBUG] 19:12:28.235 [AiEngine] Adaptive time: 500ms, depth: 4, reason: midgame, opening, tactical, emergency: false
[DEBUG] 19:12:28.235 [AiEngine] Using JS Search
[DEBUG] 19:12:28.237 [AiEngine] Adaptive time: 500ms, depth: 4, reason: midgame, opening, emergency: false
[DEBUG] 19:12:28.237 [AiEngine] Using JS Search
[DEBUG] 19:12:28.271 [AiEngine] Adaptive time: 500ms, depth: 4, reason: midgame, opening, tactical, emergency: false
[DEBUG] 19:12:28.271 [AiEngine] Using JS Search
[DEBUG] 19:12:28.272 [AiEngine] Adaptive time: 3000ms, depth: 5, reason: midgame, emergency: false
[DEBUG] 19:12:28.272 [AiEngine] Using JS Search
[DEBUG] 19:12:28.327 [AiEngine] Adaptive time: 3000ms, depth: 5, reason: midgame, tactical, emergency: false
[DEBUG] 19:12:28.327 [AiEngine] Using JS Search
[DEBUG] 19:12:28.328 [AiEngine] Adaptive time: 3000ms, depth: 5, reason: midgame, emergency: false
[DEBUG] 19:12:28.328 [AiEngine] Using JS Search
[DEBUG] 19:12:28.368 [AiEngine] Adaptive time: 3000ms, depth: 5, reason: midgame, tactical, emergency: false
[DEBUG] 19:12:28.368 [AiEngine] Using JS Search
[DEBUG] 19:12:28.370 [AiEngine] Adaptive time: 3000ms, depth: 5, reason: midgame, in-check, emergency: false
[DEBUG] 19:12:28.370 [AiEngine] Using JS Search
[DEBUG] 19:12:28.397 [AiEngine] Adaptive time: 3000ms, depth: 5, reason: midgame, tactical, emergency: false
[DEBUG] 19:12:28.397 [AiEngine] Using JS Search
[DEBUG] 19:12:28.410 [AiEngine] Adaptive time: 3000ms, depth: 5, reason: midgame, tactical, emergency: false
[DEBUG] 19:12:28.410 [AiEngine] Using JS Search
[DEBUG] 19:12:28.504 [AiEngine] Adaptive time: 3000ms, depth: 5, reason: tactical, emergency: false
[DEBUG] 19:12:28.504 [AiEngine] Using JS Search
[DEBUG] 19:12:28.548 [AiEngine] Adaptive time: 3000ms, depth: 5, reason: standard, emergency: false
[DEBUG] 19:12:28.549 [AiEngine] Using JS Search
[DEBUG] 19:12:28.563 [AiEngine] Adaptive time: 3000ms, depth: 5, reason: tactical, emergency: false
[DEBUG] 19:12:28.563 [AiEngine] Using JS Search
[DEBUG] 19:12:28.597 [AiEngine] Adaptive time: 3000ms, depth: 5, reason: standard, emergency: false
[DEBUG] 19:12:28.597 [AiEngine] Using JS Search
[DEBUG] 19:12:28.612 [AiEngine] Adaptive time: 3000ms, depth: 5, reason: tactical, emergency: false
[DEBUG] 19:12:28.612 [AiEngine] Using JS Search
[DEBUG] 19:12:28.666 [AiEngine] Adaptive time: 3000ms, depth: 5, reason: standard, emergency: false
[DEBUG] 19:12:28.666 [AiEngine] Using JS Search
[DEBUG] 19:12:28.676 [AiEngine] Adaptive time: 3000ms, depth: 5, reason: tactical, emergency: false
[DEBUG] 19:12:28.676 [AiEngine] Using JS Search
[DEBUG] 19:12:28.767 [AiEngine] Adaptive time: 3000ms, depth: 5, reason: in-check, emergency: false
[DEBUG] 19:12:28.767 [AiEngine] Using JS Search
[DEBUG] 19:12:28.772 [AiEngine] Adaptive time: 3000ms, depth: 5, reason: tactical, emergency: false
[DEBUG] 19:12:28.772 [AiEngine] Using JS Search
[DEBUG] 19:12:28.775 [AiEngine] Adaptive time: 3000ms, depth: 5, reason: standard, emergency: false
[DEBUG] 19:12:28.775 [AiEngine] Using JS Search
[DEBUG] 19:12:28.780 [AiEngine] Adaptive time: 3000ms, depth: 5, reason: tactical, emergency: false
[DEBUG] 19:12:28.780 [AiEngine] Using JS Search
[DEBUG] 19:12:28.782 [AiEngine] Adaptive time: 3000ms, depth: 5, reason: standard, emergency: false
[DEBUG] 19:12:28.782 [AiEngine] Using JS Search
[DEBUG] 19:12:28.787 [AiEngine] Adaptive time: 3000ms, depth: 5, reason: tactical, emergency: false
[DEBUG] 19:12:28.787 [AiEngine] Using JS Search
[DEBUG] 19:12:28.790 [AiEngine] Adaptive time: 3000ms, depth: 5, reason: standard, emergency: false
[DEBUG] 19:12:28.790 [AiEngine] Using JS Search
[DEBUG] 19:12:28.794 [AiEngine] Adaptive time: 3000ms, depth: 5, reason: tactical, emergency: false
[DEBUG] 19:12:28.794 [AiEngine] Using JS Search
[DEBUG] 19:12:28.883 [AiEngine] Adaptive time: 3000ms, depth: 5, reason: in-check, emergency: false
[DEBUG] 19:12:28.883 [AiEngine] Using JS Search
[DEBUG] 19:12:28.888 [AiEngine] Adaptive time: 3000ms, depth: 5, reason: tactical, emergency: false
[DEBUG] 19:12:28.888 [AiEngine] Using JS Search
[DEBUG] 19:12:28.890 [AiEngine] Adaptive time: 3000ms, depth: 5, reason: endgame, emergency: false
[DEBUG] 19:12:28.890 [AiEngine] Using JS Search
[DEBUG] 19:12:28.896 [AiEngine] Adaptive time: 3000ms, depth: 5, reason: endgame, tactical, emergency: false
[DEBUG] 19:12:28.896 [AiEngine] Using JS Search
[DEBUG] 19:12:28.899 [AiEngine] Adaptive time: 3000ms, depth: 5, reason: endgame, emergency: false
[DEBUG] 19:12:28.899 [AiEngine] Using JS Search
[DEBUG] 19:12:28.903 [AiEngine] Adaptive time: 3000ms, depth: 5, reason: endgame, tactical, emergency: false
[DEBUG] 19:12:28.903 [AiEngine] Using JS Search
[DEBUG] 19:12:28.906 [AiEngine] Adaptive time: 3000ms, depth: 5, reason: endgame, emergency: false
[DEBUG] 19:12:28.906 [AiEngine] Using JS Search
[DEBUG] 19:12:28.911 [AiEngine] Adaptive time: 3000ms, depth: 5, reason: endgame, tactical, emergency: false
[DEBUG] 19:12:28.911 [AiEngine] Using JS Search
[DEBUG] 19:12:29.066 [AiEngine] Adaptive time: 3000ms, depth: 5, reason: endgame, in-check, emergency: false
[DEBUG] 19:12:29.066 [AiEngine] Using JS Search
[DEBUG] 19:12:29.069 [AiEngine] Adaptive time: 3000ms, depth: 5, reason: endgame, tactical, emergency: false
[DEBUG] 19:12:29.069 [AiEngine] Using JS Search
[DEBUG] 19:12:29.072 [AiEngine] Adaptive time: 3000ms, depth: 5, reason: endgame, in-check, emergency: false
[DEBUG] 19:12:29.072 [AiEngine] Using JS Search
[DEBUG] 19:12:29.077 [AiEngine] Adaptive time: 3000ms, depth: 5, reason: endgame, tactical, emergency: false
[DEBUG] 19:12:29.077 [AiEngine] Using JS Search
[DEBUG] 19:12:29.079 [AiEngine] Adaptive time: 3000ms, depth: 5, reason: endgame, emergency: false
[DEBUG] 19:12:29.079 [AiEngine] Using JS Search
[DEBUG] 19:12:29.081 [AiEngine] Adaptive time: 3000ms, depth: 5, reason: endgame, tactical, emergency: false
[DEBUG] 19:12:29.081 [AiEngine] Using JS Search
[DEBUG] 19:12:29.084 [AiEngine] Adaptive time: 3000ms, depth: 5, reason: endgame, emergency: false
[DEBUG] 19:12:29.084 [AiEngine] Using JS Search
[DEBUG] 19:12:29.089 [AiEngine] Adaptive time: 3000ms, depth: 5, reason: endgame, tactical, emergency: false
[DEBUG] 19:12:29.089 [AiEngine] Using JS Search
[DEBUG] 19:12:29.091 [AiEngine] Adaptive time: 3000ms, depth: 5, reason: endgame, emergency: false
[DEBUG] 19:12:29.091 [AiEngine] Using JS Search
[DEBUG] 19:12:29.096 [AiEngine] Adaptive time: 3000ms, depth: 5, reason: endgame, tactical, emergency: false
[DEBUG] 19:12:29.096 [AiEngine] Using JS Search
[DEBUG] 19:12:29.172 [AiEngine] Adaptive time: 3000ms, depth: 5, reason: endgame, in-check, emergency: false
[DEBUG] 19:12:29.172 [AiEngine] Using JS Search
[DEBUG] 19:12:29.178 [AiEngine] Adaptive time: 3000ms, depth: 5, reason: endgame, tactical, emergency: false
[DEBUG] 19:12:29.178 [AiEngine] Using JS Search
[DEBUG] 19:12:29.179 [AiEngine] Adaptive time: 3000ms, depth: 5, reason: endgame, emergency: false
[DEBUG] 19:12:29.179 [AiEngine] Using JS Search
[DEBUG] 19:12:29.185 [AiEngine] Adaptive time: 3000ms, depth: 5, reason: endgame, emergency: false
[DEBUG] 19:12:29.185 [AiEngine] Using JS Search
[DEBUG] 19:12:29.189 [AiEngine] Adaptive time: 3000ms, depth: 5, reason: endgame, emergency: false
[DEBUG] 19:12:29.189 [AiEngine] Using JS Search
[DEBUG] 19:12:29.196 [AiEngine] Adaptive time: 3000ms, depth: 5, reason: endgame, emergency: false
[DEBUG] 19:12:29.196 [AiEngine] Using JS Search
[DEBUG] 19:12:29.198 [AiEngine] Adaptive time: 3000ms, depth: 5, reason: endgame, emergency: false
[DEBUG] 19:12:29.198 [AiEngine] Using JS Search
[DEBUG] 19:12:29.201 [AiEngine] Adaptive time: 3000ms, depth: 5, reason: endgame, tactical, emergency: false
[DEBUG] 19:12:29.201 [AiEngine] Using JS Search
[DEBUG] 19:12:29.205 [AiEngine] Adaptive time: 3000ms, depth: 5, reason: endgame, emergency: false
[DEBUG] 19:12:29.205 [AiEngine] Using JS Search
[DEBUG] 19:12:29.210 [AiEngine] Adaptive time: 3000ms, depth: 5, reason: endgame, tactical, emergency: false
[DEBUG] 19:12:29.210 [AiEngine] Using JS Search
[DEBUG] 19:12:29.275 [AiEngine] Adaptive time: 3000ms, depth: 5, reason: endgame, emergency: false
[DEBUG] 19:12:29.275 [AiEngine] Using JS Search
[DEBUG] 19:12:29.281 [AiEngine] Adaptive time: 3000ms, depth: 5, reason: endgame, tactical, emergency: false
[DEBUG] 19:12:29.281 [AiEngine] Using JS Search
[DEBUG] 19:12:29.285 [AiEngine] Adaptive time: 3000ms, depth: 5, reason: endgame, emergency: false
[DEBUG] 19:12:29.285 [AiEngine] Using JS Search
[DEBUG] 19:12:29.290 [AiEngine] Adaptive time: 3000ms, depth: 5, reason: endgame, tactical, emergency: false
[DEBUG] 19:12:29.290 [AiEngine] Using JS Search
[DEBUG] 19:12:29.292 [AiEngine] Adaptive time: 3000ms, depth: 5, reason: endgame, emergency: false
[DEBUG] 19:12:29.292 [AiEngine] Using JS Search
[DEBUG] 19:12:29.296 [AiEngine] Adaptive time: 3000ms, depth: 5, reason: endgame, tactical, emergency: false
[DEBUG] 19:12:29.296 [AiEngine] Using JS Search
[DEBUG] 19:12:29.300 [AiEngine] Adaptive time: 3000ms, depth: 5, reason: endgame, emergency: false
[DEBUG] 19:12:29.300 [AiEngine] Using JS Search
[DEBUG] 19:12:29.305 [AiEngine] Adaptive time: 3000ms, depth: 5, reason: endgame, emergency: false
[DEBUG] 19:12:29.305 [AiEngine] Using JS Search
[DEBUG] 19:12:29.344 [AiEngine] Adaptive time: 3000ms, depth: 5, reason: endgame, emergency: false
[DEBUG] 19:12:29.344 [AiEngine] Using JS Search
[DEBUG] 19:12:29.385 [AiEngine] Adaptive time: 3000ms, depth: 5, reason: endgame, emergency: false
[DEBUG] 19:12:29.385 [AiEngine] Using JS Search
[DEBUG] 19:12:29.387 [AiEngine] Adaptive time: 500ms, depth: 4, reason: midgame, opening, emergency: false
[DEBUG] 19:12:29.387 [AiEngine] Using JS Search
[DEBUG] 19:12:29.398 [AiEngine] Adaptive time: 500ms, depth: 4, reason: midgame, opening, emergency: false
[DEBUG] 19:12:29.398 [AiEngine] Using JS Search
[DEBUG] 19:12:29.567 [AiEngine] Adaptive time: 500ms, depth: 4, reason: midgame, opening, emergency: false
[DEBUG] 19:12:29.567 [AiEngine] Using JS Search
[DEBUG] 19:12:29.961 [AiEngine] Adaptive time: 500ms, depth: 4, reason: midgame, opening, emergency: false
[DEBUG] 19:12:29.961 [AiEngine] Using JS Search
[DEBUG] 19:12:30.091 [AiEngine] Adaptive time: 500ms, depth: 4, reason: midgame, opening, emergency: false
[DEBUG] 19:12:30.091 [AiEngine] Using JS Search
[DEBUG] 19:12:30.426 [AiEngine] Adaptive time: 500ms, depth: 4, reason: midgame, opening, emergency: false
[DEBUG] 19:12:30.426 [AiEngine] Using JS Search
[DEBUG] 19:12:30.689 [AiEngine] Adaptive time: 500ms, depth: 4, reason: midgame, opening, tactical, emergency: false
[DEBUG] 19:12:30.689 [AiEngine] Using JS Search
[DEBUG] 19:12:30.897 [AiEngine] Adaptive time: 500ms, depth: 4, reason: midgame, opening, emergency: false
[DEBUG] 19:12:30.897 [AiEngine] Using JS Search
[DEBUG] 19:12:31.175 [AiEngine] Adaptive time: 500ms, depth: 4, reason: midgame, opening, tactical, emergency: false
[DEBUG] 19:12:31.175 [AiEngine] Using JS Search
[DEBUG] 19:12:31.484 [AiEngine] Adaptive time: 500ms, depth: 4, reason: midgame, opening, emergency: false
[DEBUG] 19:12:31.484 [AiEngine] Using JS Search
[DEBUG] 19:12:31.689 [AiEngine] Adaptive time: 500ms, depth: 4, reason: midgame, opening, emergency: false
[DEBUG] 19:12:31.689 [AiEngine] Using JS Search
[DEBUG] 19:12:31.786 [AiEngine] Adaptive time: 500ms, depth: 4, reason: midgame, opening, emergency: false
[DEBUG] 19:12:31.786 [AiEngine] Using JS Search
[DEBUG] 19:12:31.831 [AiEngine] Adaptive time: 500ms, depth: 4, reason: midgame, opening, tactical, emergency: false
[DEBUG] 19:12:31.831 [AiEngine] Using JS Search
[DEBUG] 19:12:32.439 [AiEngine] Adaptive time: 500ms, depth: 4, reason: midgame, opening, emergency: false
[DEBUG] 19:12:32.439 [AiEngine] Using JS Search
[DEBUG] 19:12:32.476 [AiEngine] Adaptive time: 500ms, depth: 4, reason: midgame, opening, tactical, emergency: false
[DEBUG] 19:12:32.476 [AiEngine] Using JS Search
[DEBUG] 19:12:32.878 [AiEngine] Adaptive time: 500ms, depth: 4, reason: midgame, opening, emergency: false
[DEBUG] 19:12:32.878 [AiEngine] Using JS Search
[DEBUG] 19:12:32.921 [AiEngine] Adaptive time: 500ms, depth: 4, reason: midgame, opening, emergency: false
[DEBUG] 19:12:32.921 [AiEngine] Using JS Search
[DEBUG] 19:12:33.131 [AiEngine] Adaptive time: 500ms, depth: 4, reason: midgame, opening, emergency: false
[DEBUG] 19:12:33.131 [AiEngine] Using JS Search
[DEBUG] 19:12:33.192 [AiEngine] Adaptive time: 500ms, depth: 4, reason: midgame, opening, tactical, emergency: false
[DEBUG] 19:12:33.192 [AiEngine] Using JS Search
[DEBUG] 19:12:33.295 [AiEngine] Adaptive time: 500ms, depth: 4, reason: midgame, opening, emergency: false
[DEBUG] 19:12:33.295 [AiEngine] Using JS Search
[DEBUG] 19:12:33.325 [AiEngine] Adaptive time: 500ms, depth: 4, reason: midgame, opening, tactical, emergency: false
[DEBUG] 19:12:33.325 [AiEngine] Using JS Search
[DEBUG] 19:12:33.489 [AiEngine] Adaptive time: 500ms, depth: 4, reason: midgame, opening, emergency: false
[DEBUG] 19:12:33.489 [AiEngine] Using JS Search
[DEBUG] 19:12:33.523 [AiEngine] Adaptive time: 500ms, depth: 4, reason: midgame, opening, tactical, emergency: false
[DEBUG] 19:12:33.523 [AiEngine] Using JS Search
[DEBUG] 19:12:33.642 [AiEngine] Adaptive time: 500ms, depth: 4, reason: midgame, opening, emergency: false
[DEBUG] 19:12:33.642 [AiEngine] Using JS Search
[DEBUG] 19:12:33.670 [AiEngine] Adaptive time: 500ms, depth: 4, reason: midgame, opening, tactical, emergency: false
[DEBUG] 19:12:33.670 [AiEngine] Using JS Search
[DEBUG] 19:12:33.899 [AiEngine] Adaptive time: 500ms, depth: 4, reason: midgame, opening, emergency: false
[DEBUG] 19:12:33.899 [AiEngine] Using JS Search
[DEBUG] 19:12:33.915 [AiEngine] Adaptive time: 500ms, depth: 4, reason: midgame, opening, tactical, emergency: false
[DEBUG] 19:12:33.915 [AiEngine] Using JS Search
[DEBUG] 19:12:33.921 [AiEngine] Adaptive time: 500ms, depth: 4, reason: midgame, opening, emergency: false
[DEBUG] 19:12:33.921 [AiEngine] Using JS Search
[DEBUG] 19:12:33.943 [AiEngine] Adaptive time: 500ms, depth: 4, reason: midgame, opening, emergency: false
[DEBUG] 19:12:33.943 [AiEngine] Using JS Search
[DEBUG] 19:12:34.037 [AiEngine] Adaptive time: 500ms, depth: 4, reason: midgame, opening, emergency: false
[DEBUG] 19:12:34.037 [AiEngine] Using JS Search
[DEBUG] 19:12:34.065 [AiEngine] Adaptive time: 500ms, depth: 4, reason: midgame, opening, emergency: false
[DEBUG] 19:12:34.065 [AiEngine] Using JS Search
[DEBUG] 19:12:34.149 [AiEngine] Adaptive time: 500ms, depth: 4, reason: midgame, opening, emergency: false
[DEBUG] 19:12:34.150 [AiEngine] Using JS Search
[DEBUG] 19:12:34.168 [AiEngine] Adaptive time: 500ms, depth: 4, reason: midgame, opening, emergency: false
[DEBUG] 19:12:34.168 [AiEngine] Using JS Search
[DEBUG] 19:12:34.456 [AiEngine] Adaptive time: 500ms, depth: 4, reason: midgame, opening, in-check, emergency: false
[DEBUG] 19:12:34.456 [AiEngine] Using JS Search
[DEBUG] 19:12:34.462 [AiEngine] Adaptive time: 500ms, depth: 4, reason: midgame, opening, emergency: false
[DEBUG] 19:12:34.462 [AiEngine] Using JS Search
[DEBUG] 19:12:34.568 [AiEngine] Adaptive time: 500ms, depth: 4, reason: midgame, opening, emergency: false
[DEBUG] 19:12:34.568 [AiEngine] Using JS Search
[DEBUG] 19:12:34.585 [AiEngine] Adaptive time: 500ms, depth: 4, reason: midgame, opening, emergency: false
[DEBUG] 19:12:34.585 [AiEngine] Using JS Search
[DEBUG] 19:12:34.653 [AiEngine] Adaptive time: 500ms, depth: 4, reason: midgame, opening, emergency: false
[DEBUG] 19:12:34.653 [AiEngine] Using JS Search
[DEBUG] 19:12:34.671 [AiEngine] Adaptive time: 500ms, depth: 4, reason: midgame, opening, emergency: false
[DEBUG] 19:12:34.671 [AiEngine] Using JS Search
[DEBUG] 19:12:34.821 [AiEngine] Adaptive time: 500ms, depth: 4, reason: midgame, opening, emergency: false
[DEBUG] 19:12:34.821 [AiEngine] Using JS Search
[DEBUG] 19:12:34.840 [AiEngine] Adaptive time: 3000ms, depth: 5, reason: midgame, emergency: false
[DEBUG] 19:12:34.840 [AiEngine] Using JS Search
[DEBUG] 19:12:35.384 [AiEngine] Adaptive time: 3000ms, depth: 5, reason: midgame, emergency: false
[DEBUG] 19:12:35.384 [AiEngine] Using JS Search
[DEBUG] 19:12:35.431 [AiEngine] Adaptive time: 3000ms, depth: 5, reason: midgame, emergency: false
[DEBUG] 19:12:35.431 [AiEngine] Using JS Search
[DEBUG] 19:12:36.038 [AiEngine] Adaptive time: 3000ms, depth: 5, reason: midgame, emergency: false
[DEBUG] 19:12:36.038 [AiEngine] Using JS Search
[DEBUG] 19:12:36.094 [AiEngine] Adaptive time: 3000ms, depth: 5, reason: midgame, emergency: false
[DEBUG] 19:12:36.095 [AiEngine] Using JS Search
[DEBUG] 19:12:36.479 [AiEngine] Adaptive time: 3000ms, depth: 5, reason: midgame, tactical, emergency: false
[DEBUG] 19:12:36.479 [AiEngine] Using JS Search
[DEBUG] 19:12:36.556 [AiEngine] Adaptive time: 3000ms, depth: 5, reason: midgame, in-check, emergency: false
[DEBUG] 19:12:36.556 [AiEngine] Using JS Search
[DEBUG] 19:12:36.879 [AiEngine] Adaptive time: 3000ms, depth: 5, reason: midgame, emergency: false
[DEBUG] 19:12:36.879 [AiEngine] Using JS Search
[DEBUG] 19:12:36.925 [AiEngine] Adaptive time: 3000ms, depth: 5, reason: midgame, tactical, emergency: false
[DEBUG] 19:12:36.925 [AiEngine] Using JS Search
[DEBUG] 19:12:37.591 [AiEngine] Adaptive time: 3000ms, depth: 5, reason: midgame, emergency: false
[DEBUG] 19:12:37.591 [AiEngine] Using JS Search
[DEBUG] 19:12:37.638 [AiEngine] Adaptive time: 3000ms, depth: 5, reason: midgame, tactical, emergency: false
[DEBUG] 19:12:37.638 [AiEngine] Using JS Search
[DEBUG] 19:12:37.995 [AiEngine] Adaptive time: 3000ms, depth: 5, reason: midgame, emergency: false
[DEBUG] 19:12:37.995 [AiEngine] Using JS Search
[DEBUG] 19:12:38.037 [AiEngine] Adaptive time: 3000ms, depth: 5, reason: midgame, tactical, emergency: false
[DEBUG] 19:12:38.037 [AiEngine] Using JS Search
[DEBUG] 19:12:38.209 [AiEngine] Adaptive time: 3000ms, depth: 5, reason: midgame, in-check, emergency: false
[DEBUG] 19:12:38.209 [AiEngine] Using JS Search
[DEBUG] 19:12:38.218 [AiEngine] Adaptive time: 3000ms, depth: 5, reason: midgame, tactical, emergency: false
[DEBUG] 19:12:38.218 [AiEngine] Using JS Search
[DEBUG] 19:12:38.350 [AiEngine] Adaptive time: 3000ms, depth: 5, reason: midgame, in-check, emergency: false
[DEBUG] 19:12:38.350 [AiEngine] Using JS Search
[DEBUG] 19:12:38.367 [AiEngine] Adaptive time: 3000ms, depth: 5, reason: midgame, tactical, emergency: false
[DEBUG] 19:12:38.367 [AiEngine] Using JS Search
[DEBUG] 19:12:38.681 [AiEngine] Adaptive time: 3000ms, depth: 5, reason: midgame, in-check, emergency: false
[DEBUG] 19:12:38.681 [AiEngine] Using JS Search
[DEBUG] 19:12:38.681 [AiEngine] Adaptive time: 3000ms, depth: 5, reason: midgame, tactical, emergency: false
[DEBUG] 19:12:38.681 [AiEngine] Using JS Search
[DEBUG] 19:12:38.681 [AiEngine] Adaptive time: 3000ms, depth: 5, reason: midgame, in-check, emergency: false
[DEBUG] 19:12:38.681 [AiEngine] Using JS Search
[DEBUG] 19:12:38.682 [AiEngine] Adaptive time: 500ms, depth: 4, reason: midgame, opening, emergency: false
[DEBUG] 19:12:38.682 [AiEngine] Using JS Search
[DEBUG] 19:12:38.751 [AiEngine] Adaptive time: 500ms, depth: 4, reason: midgame, opening, emergency: false
[DEBUG] 19:12:38.751 [AiEngine] Using JS Search
[DEBUG] 19:12:38.897 [AiEngine] Adaptive time: 500ms, depth: 4, reason: midgame, opening, emergency: false
[DEBUG] 19:12:38.897 [AiEngine] Using JS Search
[DEBUG] 19:12:39.020 [AiEngine] Adaptive time: 500ms, depth: 4, reason: midgame, opening, emergency: false
[DEBUG] 19:12:39.020 [AiEngine] Using JS Search
[DEBUG] 19:12:39.200 [AiEngine] Adaptive time: 500ms, depth: 4, reason: midgame, opening, emergency: false
[DEBUG] 19:12:39.200 [AiEngine] Using JS Search
[DEBUG] 19:12:39.596 [AiEngine] Adaptive time: 500ms, depth: 4, reason: midgame, opening, emergency: false
[DEBUG] 19:12:39.596 [AiEngine] Using JS Search
[DEBUG] 19:12:39.964 [AiEngine] Adaptive time: 500ms, depth: 4, reason: midgame, opening, tactical, emergency: false
[DEBUG] 19:12:39.964 [AiEngine] Using JS Search
[DEBUG] 19:12:40.486 [AiEngine] Adaptive time: 500ms, depth: 4, reason: midgame, opening, emergency: false
[DEBUG] 19:12:40.486 [AiEngine] Using JS Search
[DEBUG] 19:12:40.539 [AiEngine] Adaptive time: 500ms, depth: 4, reason: midgame, opening, tactical, emergency: false
[DEBUG] 19:12:40.539 [AiEngine] Using JS Search
[DEBUG] 19:12:40.606 [AiEngine] Adaptive time: 500ms, depth: 4, reason: midgame, opening, tactical, emergency: false
[DEBUG] 19:12:40.606 [AiEngine] Using JS Search
[DEBUG] 19:12:40.775 [AiEngine] Adaptive time: 500ms, depth: 4, reason: midgame, opening, emergency: false
[DEBUG] 19:12:40.775 [AiEngine] Using JS Search
[DEBUG] 19:12:40.895 [AiEngine] Adaptive time: 500ms, depth: 4, reason: midgame, opening, emergency: false
[DEBUG] 19:12:40.896 [AiEngine] Using JS Search
[DEBUG] 19:12:41.061 [AiEngine] Adaptive time: 500ms, depth: 4, reason: midgame, opening, emergency: false
[DEBUG] 19:12:41.061 [AiEngine] Using JS Search
[DEBUG] 19:12:41.126 [AiEngine] Adaptive time: 500ms, depth: 4, reason: midgame, opening, tactical, emergency: false
[DEBUG] 19:12:41.126 [AiEngine] Using JS Search
[DEBUG] 19:12:41.302 [AiEngine] Adaptive time: 500ms, depth: 4, reason: midgame, opening, emergency: false
[DEBUG] 19:12:41.302 [AiEngine] Using JS Search
[DEBUG] 19:12:41.378 [AiEngine] Adaptive time: 500ms, depth: 4, reason: midgame, opening, tactical, emergency: false
[DEBUG] 19:12:41.378 [AiEngine] Using JS Search
[DEBUG] 19:12:41.495 [AiEngine] Adaptive time: 500ms, depth: 4, reason: midgame, opening, tactical, emergency: false
[DEBUG] 19:12:41.495 [AiEngine] Using JS Search
[DEBUG] 19:12:41.631 [AiEngine] Adaptive time: 500ms, depth: 4, reason: midgame, opening, emergency: false
[DEBUG] 19:12:41.631 [AiEngine] Using JS Search
[DEBUG] 19:12:41.717 [AiEngine] Adaptive time: 500ms, depth: 4, reason: midgame, opening, emergency: false
[DEBUG] 19:12:41.717 [AiEngine] Using JS Search
[DEBUG] 19:12:41.892 [AiEngine] Adaptive time: 500ms, depth: 4, reason: midgame, opening, emergency: false
[DEBUG] 19:12:41.892 [AiEngine] Using JS Search
[DEBUG] 19:12:42.091 [AiEngine] Adaptive time: 500ms, depth: 4, reason: midgame, opening, emergency: false
[DEBUG] 19:12:42.091 [AiEngine] Using JS Search
[DEBUG] 19:12:42.353 [AiEngine] Adaptive time: 500ms, depth: 4, reason: midgame, opening, emergency: false
[DEBUG] 19:12:42.353 [AiEngine] Using JS Search
[DEBUG] 19:12:42.565 [AiEngine] Adaptive time: 500ms, depth: 4, reason: midgame, opening, emergency: false
[DEBUG] 19:12:42.565 [AiEngine] Using JS Search
[DEBUG] 19:12:42.651 [AiEngine] Adaptive time: 500ms, depth: 4, reason: midgame, opening, tactical, emergency: false
[DEBUG] 19:12:42.651 [AiEngine] Using JS Search
[DEBUG] 19:12:42.867 [AiEngine] Adaptive time: 500ms, depth: 4, reason: midgame, opening, in-check, emergency: false
[DEBUG] 19:12:42.868 [AiEngine] Using JS Search
[DEBUG] 19:12:42.878 [AiEngine] Adaptive time: 500ms, depth: 4, reason: midgame, opening, tactical, emergency: false
[DEBUG] 19:12:42.878 [AiEngine] Using JS Search
[DEBUG] 19:12:42.948 [AiEngine] Adaptive time: 500ms, depth: 4, reason: midgame, opening, in-check, emergency: false
[DEBUG] 19:12:42.948 [AiEngine] Using JS Search
[DEBUG] 19:12:42.952 [AiEngine] Adaptive time: 500ms, depth: 4, reason: midgame, opening, tactical, emergency: false
[DEBUG] 19:12:42.952 [AiEngine] Using JS Search
[DEBUG] 19:12:42.954 [AiEngine] Adaptive time: 500ms, depth: 4, reason: midgame, opening, in-check, emergency: false
[DEBUG] 19:12:42.954 [AiEngine] Using JS Search
[DEBUG] 19:12:42.956 [AiEngine] Adaptive time: 500ms, depth: 4, reason: midgame, opening, tactical, emergency: false
[DEBUG] 19:12:42.956 [AiEngine] Using JS Search
[DEBUG] 19:12:42.957 [AiEngine] Adaptive time: 500ms, depth: 4, reason: midgame, opening, in-check, emergency: false
[DEBUG] 19:12:42.957 [AiEngine] Using JS Search
[DEBUG] 19:12:42.959 [AiEngine] Adaptive time: 500ms, depth: 4, reason: midgame, opening, tactical, emergency: false
[DEBUG] 19:12:42.959 [AiEngine] Using JS Search
[DEBUG] 19:12:42.960 [AiEngine] Adaptive time: 500ms, depth: 4, reason: midgame, opening, emergency: false
[DEBUG] 19:12:42.960 [AiEngine] Using JS Search
[DEBUG] 19:12:42.987 [AiEngine] Adaptive time: 500ms, depth: 4, reason: midgame, opening, tactical, emergency: false
[DEBUG] 19:12:42.987 [AiEngine] Using JS Search
[DEBUG] 19:12:42.988 [AiEngine] Adaptive time: 500ms, depth: 4, reason: midgame, opening, emergency: false
[DEBUG] 19:12:42.988 [AiEngine] Using JS Search
[DEBUG] 19:12:43.005 [AiEngine] Adaptive time: 500ms, depth: 4, reason: midgame, opening, emergency: false
[DEBUG] 19:12:43.005 [AiEngine] Using JS Search
[DEBUG] 19:12:43.006 [AiEngine] Adaptive time: 500ms, depth: 4, reason: midgame, opening, emergency: false
[DEBUG] 19:12:43.006 [AiEngine] Using JS Search
[DEBUG] 19:12:43.056 [AiEngine] Adaptive time: 500ms, depth: 4, reason: midgame, opening, emergency: false
[DEBUG] 19:12:43.056 [AiEngine] Using JS Search
[DEBUG] 19:12:43.057 [AiEngine] Adaptive time: 500ms, depth: 4, reason: midgame, opening, emergency: false
[DEBUG] 19:12:43.057 [AiEngine] Using JS Search
[DEBUG] 19:12:43.104 [AiEngine] Adaptive time: 500ms, depth: 4, reason: midgame, opening, emergency: false
[DEBUG] 19:12:43.104 [AiEngine] Using JS Search
[DEBUG] 19:12:43.105 [AiEngine] Adaptive time: 3000ms, depth: 5, reason: midgame, emergency: false
[DEBUG] 19:12:43.105 [AiEngine] Using JS Search
[DEBUG] 19:12:43.320 [AiEngine] Adaptive time: 3000ms, depth: 5, reason: midgame, emergency: false
[DEBUG] 19:12:43.320 [AiEngine] Using JS Search
[DEBUG] 19:12:43.321 [AiEngine] Adaptive time: 3000ms, depth: 5, reason: midgame, emergency: false
[DEBUG] 19:12:43.321 [AiEngine] Using JS Search
[DEBUG] 19:12:43.592 [AiEngine] Adaptive time: 3000ms, depth: 5, reason: midgame, emergency: false
[DEBUG] 19:12:43.592 [AiEngine] Using JS Search
[DEBUG] 19:12:43.593 [AiEngine] Adaptive time: 3000ms, depth: 5, reason: midgame, emergency: false
[DEBUG] 19:12:43.593 [AiEngine] Using JS Search
[DEBUG] 19:12:43.643 [AiEngine] Adaptive time: 3000ms, depth: 5, reason: midgame, in-check, emergency: false
[DEBUG] 19:12:43.644 [AiEngine] Using JS Search
[DEBUG] 19:12:43.644 [AiEngine] Adaptive time: 3000ms, depth: 5, reason: midgame, emergency: false
[DEBUG] 19:12:43.645 [AiEngine] Using JS Search
[DEBUG] 19:12:43.808 [AiEngine] Adaptive time: 3000ms, depth: 5, reason: midgame, emergency: false
[DEBUG] 19:12:43.808 [AiEngine] Using JS Search
[DEBUG] 19:12:43.810 [AiEngine] Adaptive time: 3000ms, depth: 5, reason: midgame, emergency: false
[DEBUG] 19:12:43.810 [AiEngine] Using JS Search
[DEBUG] 19:12:44.074 [AiEngine] Adaptive time: 3000ms, depth: 5, reason: midgame, emergency: false
[DEBUG] 19:12:44.074 [AiEngine] Using JS Search
[DEBUG] 19:12:44.281 [AiEngine] Adaptive time: 3000ms, depth: 5, reason: midgame, emergency: false
[DEBUG] 19:12:44.281 [AiEngine] Using JS Search
[DEBUG] 19:12:44.341 [AiEngine] Adaptive time: 3000ms, depth: 5, reason: midgame, in-check, emergency: false
[DEBUG] 19:12:44.341 [AiEngine] Using JS Search
[DEBUG] 19:12:44.448 [AiEngine] Adaptive time: 3000ms, depth: 5, reason: midgame, emergency: false
[DEBUG] 19:12:44.448 [AiEngine] Using JS Search
[DEBUG] 19:12:44.478 [AiEngine] Adaptive time: 3000ms, depth: 5, reason: midgame, tactical, emergency: false
[DEBUG] 19:12:44.478 [AiEngine] Using JS Search
[DEBUG] 19:12:44.707 [AiEngine] Adaptive time: 3000ms, depth: 5, reason: midgame, emergency: false
[DEBUG] 19:12:44.707 [AiEngine] Using JS Search
[DEBUG] 19:12:44.734 [AiEngine] Adaptive time: 3000ms, depth: 5, reason: midgame, tactical, emergency: false
[DEBUG] 19:12:44.734 [AiEngine] Using JS Search
[DEBUG] 19:12:44.950 [AiEngine] Adaptive time: 3000ms, depth: 5, reason: midgame, emergency: false
[DEBUG] 19:12:44.950 [AiEngine] Using JS Search
[DEBUG] 19:12:44.979 [AiEngine] Adaptive time: 3000ms, depth: 5, reason: midgame, tactical, emergency: false
[DEBUG] 19:12:44.979 [AiEngine] Using JS Search
[DEBUG] 19:12:45.110 [AiEngine] Adaptive time: 3000ms, depth: 5, reason: midgame, emergency: false
[DEBUG] 19:12:45.110 [AiEngine] Using JS Search
[DEBUG] 19:12:45.132 [AiEngine] Adaptive time: 3000ms, depth: 5, reason: midgame, tactical, emergency: false
[DEBUG] 19:12:45.132 [AiEngine] Using JS Search
[DEBUG] 19:12:45.194 [AiEngine] Adaptive time: 3000ms, depth: 5, reason: midgame, emergency: false
[DEBUG] 19:12:45.194 [AiEngine] Using JS Search
[DEBUG] 19:12:45.211 [AiEngine] Adaptive time: 3000ms, depth: 5, reason: midgame, tactical, emergency: false
[DEBUG] 19:12:45.211 [AiEngine] Using JS Search
[DEBUG] 19:12:45.218 [AiEngine] Adaptive time: 3000ms, depth: 5, reason: standard, emergency: false
[DEBUG] 19:12:45.218 [AiEngine] Using JS Search
[DEBUG] 19:12:45.229 [AiEngine] Adaptive time: 3000ms, depth: 5, reason: tactical, emergency: false
[DEBUG] 19:12:45.229 [AiEngine] Using JS Search
[DEBUG] 19:12:45.232 [AiEngine] Adaptive time: 3000ms, depth: 5, reason: in-check, emergency: false
[DEBUG] 19:12:45.232 [AiEngine] Using JS Search
[DEBUG] 19:12:45.240 [AiEngine] Adaptive time: 3000ms, depth: 5, reason: tactical, emergency: false
[DEBUG] 19:12:45.240 [AiEngine] Using JS Search
[DEBUG] 19:12:45.242 [AiEngine] Adaptive time: 3000ms, depth: 5, reason: in-check, emergency: false
[DEBUG] 19:12:45.242 [AiEngine] Using JS Search
[DEBUG] 19:12:45.247 [AiEngine] Adaptive time: 3000ms, depth: 5, reason: tactical, emergency: false
[DEBUG] 19:12:45.247 [AiEngine] Using JS Search
[DEBUG] 19:12:45.249 [AiEngine] Adaptive time: 3000ms, depth: 5, reason: standard, emergency: false
[DEBUG] 19:12:45.249 [AiEngine] Using JS Search
[DEBUG] 19:12:45.253 [AiEngine] Adaptive time: 3000ms, depth: 5, reason: tactical, emergency: false
[DEBUG] 19:12:45.253 [AiEngine] Using JS Search
[DEBUG] 19:12:45.257 [AiEngine] Adaptive time: 3000ms, depth: 5, reason: standard, emergency: false
[DEBUG] 19:12:45.257 [AiEngine] Using JS Search
[DEBUG] 19:12:45.266 [AiEngine] Adaptive time: 3000ms, depth: 5, reason: tactical, emergency: false
[DEBUG] 19:12:45.266 [AiEngine] Using JS Search
[DEBUG] 19:12:45.269 [AiEngine] Adaptive time: 3000ms, depth: 5, reason: standard, emergency: false
[DEBUG] 19:12:45.269 [AiEngine] Using JS Search
[DEBUG] 19:12:45.275 [AiEngine] Adaptive time: 3000ms, depth: 5, reason: tactical, emergency: false
[DEBUG] 19:12:45.275 [AiEngine] Using JS Search
[DEBUG] 19:12:45.281 [AiEngine] Adaptive time: 3000ms, depth: 5, reason: standard, emergency: false
[DEBUG] 19:12:45.281 [AiEngine] Using JS Search
[DEBUG] 19:12:45.288 [AiEngine] Adaptive time: 3000ms, depth: 5, reason: tactical, emergency: false
[DEBUG] 19:12:45.289 [AiEngine] Using JS Search
[DEBUG] 19:12:45.364 [AiEngine] Adaptive time: 3000ms, depth: 5, reason: standard, emergency: false
[DEBUG] 19:12:45.364 [AiEngine] Using JS Search
[DEBUG] 19:12:45.372 [AiEngine] Adaptive time: 3000ms, depth: 5, reason: tactical, emergency: false
[DEBUG] 19:12:45.372 [AiEngine] Using JS Search
[DEBUG] 19:12:45.374 [AiEngine] Adaptive time: 3000ms, depth: 5, reason: endgame, emergency: false
[DEBUG] 19:12:45.374 [AiEngine] Using JS Search
[DEBUG] 19:12:45.380 [AiEngine] Adaptive time: 3000ms, depth: 5, reason: endgame, tactical, emergency: false
[DEBUG] 19:12:45.380 [AiEngine] Using JS Search
[DEBUG] 19:12:45.384 [AiEngine] Adaptive time: 3000ms, depth: 5, reason: endgame, emergency: false
[DEBUG] 19:12:45.384 [AiEngine] Using JS Search
[DEBUG] 19:12:45.391 [AiEngine] Adaptive time: 3000ms, depth: 5, reason: endgame, tactical, emergency: false
[DEBUG] 19:12:45.391 [AiEngine] Using JS Search
[DEBUG] 19:12:45.396 [AiEngine] Adaptive time: 3000ms, depth: 5, reason: endgame, emergency: false
[DEBUG] 19:12:45.396 [AiEngine] Using JS Search
[DEBUG] 19:12:45.404 [AiEngine] Adaptive time: 3000ms, depth: 5, reason: endgame, tactical, emergency: false
[DEBUG] 19:12:45.404 [AiEngine] Using JS Search
[DEBUG] 19:12:45.407 [AiEngine] Adaptive time: 3000ms, depth: 5, reason: endgame, emergency: false
[DEBUG] 19:12:45.407 [AiEngine] Using JS Search
[DEBUG] 19:12:45.413 [AiEngine] Adaptive time: 3000ms, depth: 5, reason: endgame, tactical, emergency: false
[DEBUG] 19:12:45.413 [AiEngine] Using JS Search
[DEBUG] 19:12:45.417 [AiEngine] Adaptive time: 3000ms, depth: 5, reason: endgame, emergency: false
[DEBUG] 19:12:45.417 [AiEngine] Using JS Search
[DEBUG] 19:12:45.423 [AiEngine] Adaptive time: 3000ms, depth: 5, reason: endgame, tactical, emergency: false
[DEBUG] 19:12:45.423 [AiEngine] Using JS Search
[DEBUG] 19:12:45.427 [AiEngine] Adaptive time: 3000ms, depth: 5, reason: endgame, emergency: false
[DEBUG] 19:12:45.427 [AiEngine] Using JS Search
[DEBUG] 19:12:45.432 [AiEngine] Adaptive time: 3000ms, depth: 5, reason: endgame, tactical, emergency: false
[DEBUG] 19:12:45.432 [AiEngine] Using JS Search
[DEBUG] 19:12:45.569 [AiEngine] Adaptive time: 3000ms, depth: 5, reason: endgame, emergency: false
[DEBUG] 19:12:45.569 [AiEngine] Using JS Search
[DEBUG] 19:12:45.575 [AiEngine] Adaptive time: 3000ms, depth: 5, reason: endgame, tactical, emergency: false
[DEBUG] 19:12:45.575 [AiEngine] Using JS Search
[DEBUG] 19:12:45.579 [AiEngine] Adaptive time: 3000ms, depth: 5, reason: endgame, emergency: false
[DEBUG] 19:12:45.579 [AiEngine] Using JS Search
[DEBUG] 19:12:45.583 [AiEngine] Adaptive time: 3000ms, depth: 5, reason: endgame, tactical, emergency: false
[DEBUG] 19:12:45.583 [AiEngine] Using JS Search
[DEBUG] 19:12:45.622 [AiEngine] Adaptive time: 3000ms, depth: 5, reason: endgame, emergency: false
[DEBUG] 19:12:45.622 [AiEngine] Using JS Search
[DEBUG] 19:12:45.628 [AiEngine] Adaptive time: 3000ms, depth: 5, reason: endgame, tactical, emergency: false
[DEBUG] 19:12:45.628 [AiEngine] Using JS Search
[DEBUG] 19:12:45.630 [AiEngine] Adaptive time: 3000ms, depth: 5, reason: endgame, emergency: false
[DEBUG] 19:12:45.631 [AiEngine] Using JS Search
[DEBUG] 19:12:45.635 [AiEngine] Adaptive time: 3000ms, depth: 5, reason: endgame, tactical, emergency: false
[DEBUG] 19:12:45.635 [AiEngine] Using JS Search
[DEBUG] 19:12:45.802 [AiEngine] Adaptive time: 3000ms, depth: 5, reason: endgame, emergency: false
[DEBUG] 19:12:45.802 [AiEngine] Using JS Search
[DEBUG] 19:12:45.807 [AiEngine] Adaptive time: 3000ms, depth: 5, reason: endgame, tactical, emergency: false
[DEBUG] 19:12:45.807 [AiEngine] Using JS Search
[DEBUG] 19:12:45.809 [AiEngine] Adaptive time: 500ms, depth: 4, reason: midgame, opening, emergency: false
[DEBUG] 19:12:45.809 [AiEngine] Using JS Search
[DEBUG] 19:12:45.936 [AiEngine] Adaptive time: 500ms, depth: 4, reason: midgame, opening, emergency: false
[DEBUG] 19:12:45.936 [AiEngine] Using JS Search
[DEBUG] 19:12:46.033 [AiEngine] Adaptive time: 500ms, depth: 4, reason: midgame, opening, emergency: false
[DEBUG] 19:12:46.033 [AiEngine] Using JS Search
[DEBUG] 19:12:46.125 [AiEngine] Adaptive time: 500ms, depth: 4, reason: midgame, opening, emergency: false
[DEBUG] 19:12:46.125 [AiEngine] Using JS Search
[DEBUG] 19:12:46.314 [AiEngine] Adaptive time: 500ms, depth: 4, reason: midgame, opening, tactical, emergency: false
[DEBUG] 19:12:46.315 [AiEngine] Using JS Search
[DEBUG] 19:12:46.567 [AiEngine] Adaptive time: 500ms, depth: 4, reason: midgame, opening, emergency: false
[DEBUG] 19:12:46.567 [AiEngine] Using JS Search
[DEBUG] 19:12:46.713 [AiEngine] Adaptive time: 500ms, depth: 4, reason: midgame, opening, tactical, emergency: false
[DEBUG] 19:12:46.713 [AiEngine] Using JS Search
[DEBUG] 19:12:46.907 [AiEngine] Adaptive time: 500ms, depth: 4, reason: midgame, opening, emergency: false
[DEBUG] 19:12:46.907 [AiEngine] Using JS Search
[DEBUG] 19:12:47.012 [AiEngine] Adaptive time: 500ms, depth: 4, reason: midgame, opening, tactical, emergency: false
[DEBUG] 19:12:47.012 [AiEngine] Using JS Search
[DEBUG] 19:12:47.122 [AiEngine] Adaptive time: 500ms, depth: 4, reason: midgame, opening, emergency: false
[DEBUG] 19:12:47.123 [AiEngine] Using JS Search
[DEBUG] 19:12:47.187 [AiEngine] Adaptive time: 500ms, depth: 4, reason: midgame, opening, tactical, emergency: false
[DEBUG] 19:12:47.187 [AiEngine] Using JS Search
[DEBUG] 19:12:47.279 [AiEngine] Adaptive time: 500ms, depth: 4, reason: midgame, opening, tactical, emergency: false
[DEBUG] 19:12:47.279 [AiEngine] Using JS Search
[DEBUG] 19:12:47.372 [AiEngine] Adaptive time: 500ms, depth: 4, reason: midgame, opening, emergency: false
[DEBUG] 19:12:47.372 [AiEngine] Using JS Search
[DEBUG] 19:12:47.612 [AiEngine] Adaptive time: 500ms, depth: 4, reason: midgame, opening, emergency: false
[DEBUG] 19:12:47.612 [AiEngine] Using JS Search
[DEBUG] 19:12:47.896 [AiEngine] Adaptive time: 500ms, depth: 4, reason: midgame, opening, emergency: false
[DEBUG] 19:12:47.896 [AiEngine] Using JS Search
[DEBUG] 19:12:48.186 [AiEngine] Adaptive time: 500ms, depth: 4, reason: midgame, opening, tactical, emergency: false
[DEBUG] 19:12:48.186 [AiEngine] Using JS Search
[DEBUG] 19:12:48.429 [AiEngine] Adaptive time: 500ms, depth: 4, reason: midgame, opening, emergency: false
[DEBUG] 19:12:48.429 [AiEngine] Using JS Search
[DEBUG] 19:12:48.760 [AiEngine] Adaptive time: 500ms, depth: 4, reason: midgame, opening, tactical, emergency: false
[DEBUG] 19:12:48.760 [AiEngine] Using JS Search
[DEBUG] 19:12:48.965 [AiEngine] Adaptive time: 500ms, depth: 4, reason: midgame, opening, emergency: false
[DEBUG] 19:12:48.965 [AiEngine] Using JS Search
[DEBUG] 19:12:49.349 [AiEngine] Adaptive time: 500ms, depth: 4, reason: midgame, opening, tactical, emergency: false
[DEBUG] 19:12:49.349 [AiEngine] Using JS Search
[DEBUG] 19:12:49.497 [AiEngine] Adaptive time: 500ms, depth: 4, reason: midgame, opening, tactical, emergency: false
[DEBUG] 19:12:49.497 [AiEngine] Using JS Search
[DEBUG] 19:12:49.584 [AiEngine] Adaptive time: 500ms, depth: 4, reason: midgame, opening, tactical, emergency: false
[DEBUG] 19:12:49.584 [AiEngine] Using JS Search
[DEBUG] 19:12:49.700 [AiEngine] Adaptive time: 500ms, depth: 4, reason: midgame, opening, emergency: false
[DEBUG] 19:12:49.700 [AiEngine] Using JS Search
[DEBUG] 19:12:49.884 [AiEngine] Adaptive time: 500ms, depth: 4, reason: midgame, opening, tactical, emergency: false
[DEBUG] 19:12:49.884 [AiEngine] Using JS Search
[DEBUG] 19:12:50.032 [AiEngine] Adaptive time: 500ms, depth: 4, reason: midgame, opening, emergency: false
[DEBUG] 19:12:50.032 [AiEngine] Using JS Search
[DEBUG] 19:12:50.223 [AiEngine] Adaptive time: 500ms, depth: 4, reason: midgame, opening, tactical, emergency: false
[DEBUG] 19:12:50.223 [AiEngine] Using JS Search
[DEBUG] 19:12:50.259 [AiEngine] Adaptive time: 500ms, depth: 4, reason: midgame, opening, tactical, emergency: false
[DEBUG] 19:12:50.260 [AiEngine] Using JS Search
[DEBUG] 19:12:50.309 [AiEngine] Adaptive time: 500ms, depth: 4, reason: midgame, opening, in-check, emergency: false
[DEBUG] 19:12:50.309 [AiEngine] Using JS Search
[DEBUG] 19:12:50.337 [AiEngine] Adaptive time: 500ms, depth: 4, reason: midgame, opening, emergency: false
[DEBUG] 19:12:50.337 [AiEngine] Using JS Search
[DEBUG] 19:12:50.386 [AiEngine] Adaptive time: 500ms, depth: 4, reason: midgame, opening, emergency: false
[DEBUG] 19:12:50.386 [AiEngine] Using JS Search
[DEBUG] 19:12:50.553 [AiEngine] Adaptive time: 500ms, depth: 4, reason: midgame, opening, emergency: false
[DEBUG] 19:12:50.553 [AiEngine] Using JS Search
[DEBUG] 19:12:50.598 [AiEngine] Adaptive time: 500ms, depth: 4, reason: midgame, opening, emergency: false
[DEBUG] 19:12:50.598 [AiEngine] Using JS Search
[DEBUG] 19:12:50.668 [AiEngine] Adaptive time: 500ms, depth: 4, reason: midgame, opening, emergency: false
[DEBUG] 19:12:50.668 [AiEngine] Using JS Search
[DEBUG] 19:12:50.715 [AiEngine] Adaptive time: 500ms, depth: 4, reason: midgame, opening, emergency: false
[DEBUG] 19:12:50.715 [AiEngine] Using JS Search
[DEBUG] 19:12:50.834 [AiEngine] Adaptive time: 500ms, depth: 4, reason: midgame, opening, emergency: false
[DEBUG] 19:12:50.834 [AiEngine] Using JS Search
[DEBUG] 19:12:50.880 [AiEngine] Adaptive time: 500ms, depth: 4, reason: midgame, opening, tactical, emergency: false
[DEBUG] 19:12:50.880 [AiEngine] Using JS Search
[DEBUG] 19:12:51.120 [AiEngine] Adaptive time: 500ms, depth: 4, reason: midgame, opening, emergency: false
[DEBUG] 19:12:51.120 [AiEngine] Using JS Search
[DEBUG] 19:12:51.164 [AiEngine] Adaptive time: 500ms, depth: 4, reason: midgame, opening, tactical, emergency: false
[DEBUG] 19:12:51.164 [AiEngine] Using JS Search
[DEBUG] 19:12:51.251 [AiEngine] Adaptive time: 500ms, depth: 4, reason: midgame, opening, emergency: false
[DEBUG] 19:12:51.251 [AiEngine] Using JS Search
[DEBUG] 19:12:51.302 [AiEngine] Adaptive time: 500ms, depth: 4, reason: midgame, opening, tactical, emergency: false
[DEBUG] 19:12:51.302 [AiEngine] Using JS Search
[DEBUG] 19:12:51.385 [AiEngine] Adaptive time: 3000ms, depth: 5, reason: midgame, emergency: false
[DEBUG] 19:12:51.385 [AiEngine] Using JS Search
[DEBUG] 19:12:51.475 [AiEngine] Adaptive time: 3000ms, depth: 5, reason: midgame, tactical, emergency: false
[DEBUG] 19:12:51.476 [AiEngine] Using JS Search
[DEBUG] 19:12:51.689 [AiEngine] Adaptive time: 3000ms, depth: 5, reason: midgame, emergency: false
[DEBUG] 19:12:51.689 [AiEngine] Using JS Search
[DEBUG] 19:12:51.800 [AiEngine] Adaptive time: 3000ms, depth: 5, reason: midgame, tactical, emergency: false
[DEBUG] 19:12:51.800 [AiEngine] Using JS Search
[DEBUG] 19:12:52.008 [AiEngine] Adaptive time: 3000ms, depth: 5, reason: midgame, emergency: false
[DEBUG] 19:12:52.008 [AiEngine] Using JS Search
[DEBUG] 19:12:52.104 [AiEngine] Adaptive time: 3000ms, depth: 5, reason: midgame, in-check, emergency: false
[DEBUG] 19:12:52.104 [AiEngine] Using JS Search
[DEBUG] 19:12:52.380 [AiEngine] Adaptive time: 3000ms, depth: 5, reason: midgame, emergency: false
[DEBUG] 19:12:52.380 [AiEngine] Using JS Search
[DEBUG] 19:12:52.469 [AiEngine] Adaptive time: 3000ms, depth: 5, reason: midgame, tactical, emergency: false
[DEBUG] 19:12:52.469 [AiEngine] Using JS Search
[DEBUG] 19:12:52.660 [AiEngine] Adaptive time: 3000ms, depth: 5, reason: midgame, emergency: false
[DEBUG] 19:12:52.660 [AiEngine] Using JS Search
[DEBUG] 19:12:52.736 [AiEngine] Adaptive time: 3000ms, depth: 5, reason: midgame, emergency: false
[DEBUG] 19:12:52.736 [AiEngine] Using JS Search
[DEBUG] 19:12:52.823 [AiEngine] Adaptive time: 3000ms, depth: 5, reason: midgame, emergency: false
[DEBUG] 19:12:52.823 [AiEngine] Using JS Search
[DEBUG] 19:12:52.991 [AiEngine] Adaptive time: 3000ms, depth: 5, reason: midgame, tactical, emergency: false
[DEBUG] 19:12:52.991 [AiEngine] Using JS Search
[DEBUG] 19:12:53.050 [AiEngine] Adaptive time: 3000ms, depth: 5, reason: midgame, emergency: false
[DEBUG] 19:12:53.050 [AiEngine] Using JS Search
[DEBUG] 19:12:53.253 [AiEngine] Adaptive time: 3000ms, depth: 5, reason: midgame, tactical, emergency: false
[DEBUG] 19:12:53.253 [AiEngine] Using JS Search
[DEBUG] 19:12:53.275 [AiEngine] Adaptive time: 3000ms, depth: 5, reason: midgame, emergency: false
[DEBUG] 19:12:53.275 [AiEngine] Using JS Search
[DEBUG] 19:12:53.465 [AiEngine] Adaptive time: 3000ms, depth: 5, reason: midgame, tactical, emergency: false
[DEBUG] 19:12:53.465 [AiEngine] Using JS Search
[DEBUG] 19:12:53.699 [AiEngine] Adaptive time: 3000ms, depth: 5, reason: midgame, emergency: false
[DEBUG] 19:12:53.699 [AiEngine] Using JS Search
[DEBUG] 19:12:53.801 [AiEngine] Adaptive time: 3000ms, depth: 5, reason: midgame, tactical, emergency: false
[DEBUG] 19:12:53.801 [AiEngine] Using JS Search
[DEBUG] 19:12:53.975 [AiEngine] Adaptive time: 3000ms, depth: 5, reason: midgame, emergency: false
[DEBUG] 19:12:53.975 [AiEngine] Using JS Search
[DEBUG] 19:12:54.072 [AiEngine] Adaptive time: 3000ms, depth: 5, reason: midgame, emergency: false
[DEBUG] 19:12:54.072 [AiEngine] Using JS Search
[DEBUG] 19:12:54.141 [AiEngine] Adaptive time: 3000ms, depth: 5, reason: midgame, emergency: false
[DEBUG] 19:12:54.141 [AiEngine] Using JS Search
[DEBUG] 19:12:54.273 [AiEngine] Adaptive time: 3000ms, depth: 5, reason: midgame, tactical, emergency: false
[DEBUG] 19:12:54.273 [AiEngine] Using JS Search
[DEBUG] 19:12:54.276 [AiEngine] Adaptive time: 3000ms, depth: 5, reason: midgame, in-check, emergency: false
[DEBUG] 19:12:54.276 [AiEngine] Using JS Search
[DEBUG] 19:12:54.319 [AiEngine] Adaptive time: 3000ms, depth: 5, reason: standard, emergency: false
[DEBUG] 19:12:54.319 [AiEngine] Using JS Search
[DEBUG] 19:12:54.437 [AiEngine] Adaptive time: 3000ms, depth: 5, reason: standard, emergency: false
[DEBUG] 19:12:54.437 [AiEngine] Using JS Search
[DEBUG] 19:12:54.481 [AiEngine] Adaptive time: 3000ms, depth: 5, reason: standard, emergency: false
[DEBUG] 19:12:54.481 [AiEngine] Using JS Search
[DEBUG] 19:12:54.521 [AiEngine] Adaptive time: 3000ms, depth: 5, reason: standard, emergency: false
[DEBUG] 19:12:54.521 [AiEngine] Using JS Search
[DEBUG] 19:12:54.578 [AiEngine] Adaptive time: 3000ms, depth: 5, reason: standard, emergency: false
[DEBUG] 19:12:54.578 [AiEngine] Using JS Search
[DEBUG] 19:12:54.579 [AiEngine] Adaptive time: 3000ms, depth: 5, reason: standard, emergency: false
[DEBUG] 19:12:54.579 [AiEngine] Using JS Search
[DEBUG] 19:12:54.636 [AiEngine] Adaptive time: 3000ms, depth: 5, reason: standard, emergency: false
[DEBUG] 19:12:54.636 [AiEngine] Using JS Search
[DEBUG] 19:12:54.637 [AiEngine] Adaptive time: 3000ms, depth: 5, reason: standard, emergency: false
[DEBUG] 19:12:54.637 [AiEngine] Using JS Search
[DEBUG] 19:12:54.763 [AiEngine] Adaptive time: 3000ms, depth: 5, reason: standard, emergency: false
[DEBUG] 19:12:54.763 [AiEngine] Using JS Search
[DEBUG] 19:12:54.765 [AiEngine] Adaptive time: 3000ms, depth: 5, reason: standard, emergency: false
[DEBUG] 19:12:54.765 [AiEngine] Using JS Search
[DEBUG] 19:12:54.905 [AiEngine] Adaptive time: 3000ms, depth: 5, reason: standard, emergency: false
[DEBUG] 19:12:54.905 [AiEngine] Using JS Search
[DEBUG] 19:12:54.906 [AiEngine] Adaptive time: 3000ms, depth: 5, reason: standard, emergency: false
[DEBUG] 19:12:54.906 [AiEngine] Using JS Search
[DEBUG] 19:12:55.069 [AiEngine] Adaptive time: 3000ms, depth: 5, reason: standard, emergency: false
[DEBUG] 19:12:55.069 [AiEngine] Using JS Search
[DEBUG] 19:12:55.070 [AiEngine] Adaptive time: 3000ms, depth: 5, reason: standard, emergency: false
[DEBUG] 19:12:55.070 [AiEngine] Using JS Search
[DEBUG] 19:12:55.205 [AiEngine] Adaptive time: 3000ms, depth: 5, reason: standard, emergency: false
[DEBUG] 19:12:55.205 [AiEngine] Using JS Search
[DEBUG] 19:12:55.206 [AiEngine] Adaptive time: 3000ms, depth: 5, reason: standard, emergency: false
[DEBUG] 19:12:55.206 [AiEngine] Using JS Search
[DEBUG] 19:12:55.329 [AiEngine] Adaptive time: 3000ms, depth: 5, reason: standard, emergency: false
[DEBUG] 19:12:55.329 [AiEngine] Using JS Search
[DEBUG] 19:12:55.330 [AiEngine] Adaptive time: 3000ms, depth: 5, reason: standard, emergency: false
[DEBUG] 19:12:55.330 [AiEngine] Using JS Search
[DEBUG] 19:12:55.447 [AiEngine] Adaptive time: 3000ms, depth: 5, reason: standard, emergency: false
[DEBUG] 19:12:55.447 [AiEngine] Using JS Search
[DEBUG] 19:12:55.448 [AiEngine] Adaptive time: 3000ms, depth: 5, reason: standard, emergency: false
[DEBUG] 19:12:55.448 [AiEngine] Using JS Search
[DEBUG] 19:12:55.574 [AiEngine] Adaptive time: 3000ms, depth: 5, reason: standard, emergency: false
[DEBUG] 19:12:55.574 [AiEngine] Using JS Search
[DEBUG] 19:12:55.575 [AiEngine] Adaptive time: 3000ms, depth: 5, reason: standard, emergency: false
[DEBUG] 19:12:55.575 [AiEngine] Using JS Search
[DEBUG] 19:12:55.622 [AiEngine] Adaptive time: 3000ms, depth: 5, reason: in-check, emergency: false
[DEBUG] 19:12:55.622 [AiEngine] Using JS Search
[DEBUG] 19:12:55.636 [AiEngine] Adaptive time: 3000ms, depth: 5, reason: standard, emergency: false
[DEBUG] 19:12:55.636 [AiEngine] Using JS Search
[DEBUG] 19:12:55.653 [AiEngine] Adaptive time: 3000ms, depth: 5, reason: endgame, in-check, emergency: false
[DEBUG] 19:12:55.653 [AiEngine] Using JS Search
[DEBUG] 19:12:55.730 [AiEngine] Adaptive time: 3000ms, depth: 5, reason: endgame, tactical, emergency: false
[DEBUG] 19:12:55.730 [AiEngine] Using JS Search
[DEBUG] 19:12:55.756 [AiEngine] Adaptive time: 3000ms, depth: 5, reason: endgame, emergency: false
[DEBUG] 19:12:55.756 [AiEngine] Using JS Search
[DEBUG] 19:12:55.814 [AiEngine] Adaptive time: 3000ms, depth: 5, reason: endgame, emergency: false
[DEBUG] 19:12:55.815 [AiEngine] Using JS Search
[DEBUG] 19:12:55.827 [AiEngine] Adaptive time: 3000ms, depth: 5, reason: endgame, emergency: false
[DEBUG] 19:12:55.828 [AiEngine] Using JS Search
[DEBUG] 19:12:55.881 [AiEngine] Adaptive time: 3000ms, depth: 5, reason: endgame, in-check, emergency: false
[DEBUG] 19:12:55.881 [AiEngine] Using JS Search
[DEBUG] 19:12:55.892 [AiEngine] Adaptive time: 3000ms, depth: 5, reason: endgame, tactical, emergency: false
[DEBUG] 19:12:55.892 [AiEngine] Using JS Search
[DEBUG] 19:12:55.962 [AiEngine] Adaptive time: 3000ms, depth: 5, reason: endgame, in-check, emergency: false
[DEBUG] 19:12:55.962 [AiEngine] Using JS Search
[DEBUG] 19:12:55.977 [AiEngine] Adaptive time: 3000ms, depth: 5, reason: endgame, tactical, emergency: false
[DEBUG] 19:12:55.977 [AiEngine] Using JS Search
[DEBUG] 19:12:56.054 [AiEngine] Adaptive time: 3000ms, depth: 5, reason: endgame, in-check, emergency: false
[DEBUG] 19:12:56.054 [AiEngine] Using JS Search
[DEBUG] 19:12:56.068 [AiEngine] Adaptive time: 3000ms, depth: 5, reason: endgame, emergency: false
[DEBUG] 19:12:56.069 [AiEngine] Using JS Search
[DEBUG] 19:12:56.128 [AiEngine] Adaptive time: 3000ms, depth: 5, reason: endgame, emergency: false
[DEBUG] 19:12:56.128 [AiEngine] Using JS Search
[DEBUG] 19:12:56.137 [AiEngine] Adaptive time: 3000ms, depth: 5, reason: endgame, emergency: false
[DEBUG] 19:12:56.137 [AiEngine] Using JS Search
[DEBUG] 19:12:56.200 [AiEngine] Adaptive time: 500ms, depth: 4, reason: midgame, opening, emergency: false
[DEBUG] 19:12:56.200 [AiEngine] Using JS Search
[DEBUG] 19:12:56.265 [AiEngine] Adaptive time: 500ms, depth: 4, reason: midgame, opening, emergency: false
[DEBUG] 19:12:56.265 [AiEngine] Using JS Search
[DEBUG] 19:12:56.383 [AiEngine] Adaptive time: 500ms, depth: 4, reason: midgame, opening, emergency: false
[DEBUG] 19:12:56.383 [AiEngine] Using JS Search
[DEBUG] 19:12:56.539 [AiEngine] Adaptive time: 500ms, depth: 4, reason: midgame, opening, emergency: false
[DEBUG] 19:12:56.539 [AiEngine] Using JS Search
[DEBUG] 19:12:56.693 [AiEngine] Adaptive time: 500ms, depth: 4, reason: midgame, opening, emergency: false
[DEBUG] 19:12:56.693 [AiEngine] Using JS Search
[DEBUG] 19:12:56.806 [AiEngine] Adaptive time: 500ms, depth: 4, reason: midgame, opening, emergency: false
[DEBUG] 19:12:56.806 [AiEngine] Using JS Search
[DEBUG] 19:12:56.872 [AiEngine] Adaptive time: 500ms, depth: 4, reason: midgame, opening, tactical, emergency: false
[DEBUG] 19:12:56.872 [AiEngine] Using JS Search
[DEBUG] 19:12:56.934 [AiEngine] Adaptive time: 500ms, depth: 4, reason: midgame, opening, emergency: false
[DEBUG] 19:12:56.934 [AiEngine] Using JS Search
[DEBUG] 19:12:57.089 [AiEngine] Adaptive time: 500ms, depth: 4, reason: midgame, opening, emergency: false
[DEBUG] 19:12:57.089 [AiEngine] Using JS Search
[DEBUG] 19:12:57.471 [AiEngine] Adaptive time: 500ms, depth: 4, reason: midgame, opening, emergency: false
[DEBUG] 19:12:57.471 [AiEngine] Using JS Search
[DEBUG] 19:12:57.591 [AiEngine] Adaptive time: 500ms, depth: 4, reason: midgame, opening, emergency: false
[DEBUG] 19:12:57.591 [AiEngine] Using JS Search
[DEBUG] 19:12:57.668 [AiEngine] Adaptive time: 500ms, depth: 4, reason: midgame, opening, emergency: false
[DEBUG] 19:12:57.668 [AiEngine] Using JS Search
[DEBUG] 19:12:57.799 [AiEngine] Adaptive time: 500ms, depth: 4, reason: midgame, opening, emergency: false
[DEBUG] 19:12:57.799 [AiEngine] Using JS Search
[DEBUG] 19:12:57.854 [AiEngine] Adaptive time: 500ms, depth: 4, reason: midgame, opening, tactical, emergency: false
[DEBUG] 19:12:57.854 [AiEngine] Using JS Search
[DEBUG] 19:12:58.044 [AiEngine] Adaptive time: 500ms, depth: 4, reason: midgame, opening, emergency: false
[DEBUG] 19:12:58.044 [AiEngine] Using JS Search
[DEBUG] 19:12:58.264 [AiEngine] Adaptive time: 500ms, depth: 4, reason: midgame, opening, emergency: false
[DEBUG] 19:12:58.265 [AiEngine] Using JS Search
[DEBUG] 19:12:58.427 [AiEngine] Adaptive time: 500ms, depth: 4, reason: midgame, opening, emergency: false
[DEBUG] 19:12:58.427 [AiEngine] Using JS Search
[DEBUG] 19:12:58.506 [AiEngine] Adaptive time: 500ms, depth: 4, reason: midgame, opening, tactical, emergency: false
[DEBUG] 19:12:58.506 [AiEngine] Using JS Search
[DEBUG] 19:12:58.800 [AiEngine] Adaptive time: 500ms, depth: 4, reason: midgame, opening, emergency: false
[DEBUG] 19:12:58.800 [AiEngine] Using JS Search
[DEBUG] 19:12:58.837 [AiEngine] Adaptive time: 500ms, depth: 4, reason: midgame, opening, tactical, emergency: false
[DEBUG] 19:12:58.837 [AiEngine] Using JS Search
[DEBUG] 19:12:59.153 [AiEngine] Adaptive time: 500ms, depth: 4, reason: midgame, opening, emergency: false
[DEBUG] 19:12:59.153 [AiEngine] Using JS Search
[DEBUG] 19:12:59.187 [AiEngine] Adaptive time: 500ms, depth: 4, reason: midgame, opening, tactical, emergency: false
[DEBUG] 19:12:59.187 [AiEngine] Using JS Search
[DEBUG] 19:12:59.386 [AiEngine] Adaptive time: 500ms, depth: 4, reason: midgame, opening, emergency: false
[DEBUG] 19:12:59.386 [AiEngine] Using JS Search
[DEBUG] 19:12:59.420 [AiEngine] Adaptive time: 500ms, depth: 4, reason: midgame, opening, tactical, emergency: false
[DEBUG] 19:12:59.420 [AiEngine] Using JS Search
[DEBUG] 19:12:59.542 [AiEngine] Adaptive time: 500ms, depth: 4, reason: midgame, opening, emergency: false
[DEBUG] 19:12:59.542 [AiEngine] Using JS Search
[DEBUG] 19:12:59.568 [AiEngine] Adaptive time: 500ms, depth: 4, reason: midgame, opening, tactical, emergency: false
[DEBUG] 19:12:59.568 [AiEngine] Using JS Search
[DEBUG] 19:12:59.635 [AiEngine] Adaptive time: 500ms, depth: 4, reason: midgame, opening, emergency: false
[DEBUG] 19:12:59.635 [AiEngine] Using JS Search
[DEBUG] 19:12:59.655 [AiEngine] Adaptive time: 500ms, depth: 4, reason: midgame, opening, tactical, emergency: false
[DEBUG] 19:12:59.656 [AiEngine] Using JS Search
[DEBUG] 19:12:59.669 [AiEngine] Adaptive time: 500ms, depth: 4, reason: midgame, opening, emergency: false
[DEBUG] 19:12:59.669 [AiEngine] Using JS Search
[DEBUG] 19:12:59.815 [AiEngine] Adaptive time: 500ms, depth: 4, reason: midgame, opening, emergency: false
[DEBUG] 19:12:59.815 [AiEngine] Using JS Search
[DEBUG] 19:12:59.816 [AiEngine] Adaptive time: 500ms, depth: 4, reason: midgame, opening, emergency: false
[DEBUG] 19:12:59.816 [AiEngine] Using JS Search
[DEBUG] 19:12:59.883 [AiEngine] Adaptive time: 500ms, depth: 4, reason: midgame, opening, emergency: false
[DEBUG] 19:12:59.883 [AiEngine] Using JS Search
[DEBUG] 19:12:59.893 [AiEngine] Adaptive time: 500ms, depth: 4, reason: midgame, opening, emergency: false
[DEBUG] 19:12:59.893 [AiEngine] Using JS Search
[DEBUG] 19:13:00.028 [AiEngine] Adaptive time: 500ms, depth: 4, reason: midgame, opening, emergency: false
[DEBUG] 19:13:00.028 [AiEngine] Using JS Search
[DEBUG] 19:13:00.038 [AiEngine] Adaptive time: 500ms, depth: 4, reason: midgame, opening, emergency: false
[DEBUG] 19:13:00.038 [AiEngine] Using JS Search
[DEBUG] 19:13:00.198 [AiEngine] Adaptive time: 500ms, depth: 4, reason: midgame, opening, emergency: false
[DEBUG] 19:13:00.198 [AiEngine] Using JS Search
[DEBUG] 19:13:00.211 [AiEngine] Adaptive time: 500ms, depth: 4, reason: midgame, opening, emergency: false
[DEBUG] 19:13:00.211 [AiEngine] Using JS Search
[DEBUG] 19:13:00.365 [AiEngine] Adaptive time: 500ms, depth: 4, reason: midgame, opening, emergency: false
[DEBUG] 19:13:00.365 [AiEngine] Using JS Search
[DEBUG] 19:13:00.374 [AiEngine] Adaptive time: 500ms, depth: 4, reason: midgame, opening, tactical, emergency: false
[DEBUG] 19:13:00.374 [AiEngine] Using JS Search
[DEBUG] 19:13:00.565 [AiEngine] Adaptive time: 500ms, depth: 4, reason: midgame, opening, emergency: false
[DEBUG] 19:13:00.565 [AiEngine] Using JS Search
[DEBUG] 19:13:00.578 [AiEngine] Adaptive time: 3000ms, depth: 5, reason: midgame, tactical, emergency: false
[DEBUG] 19:13:00.578 [AiEngine] Using JS Search
[DEBUG] 19:13:00.929 [AiEngine] Adaptive time: 3000ms, depth: 5, reason: midgame, emergency: false
[DEBUG] 19:13:00.929 [AiEngine] Using JS Search
[DEBUG] 19:13:01.137 [AiEngine] Adaptive time: 3000ms, depth: 5, reason: midgame, tactical, emergency: false
[DEBUG] 19:13:01.138 [AiEngine] Using JS Search
[DEBUG] 19:13:01.341 [AiEngine] Adaptive time: 3000ms, depth: 5, reason: midgame, emergency: false
[DEBUG] 19:13:01.341 [AiEngine] Using JS Search
[DEBUG] 19:13:01.479 [AiEngine] Adaptive time: 3000ms, depth: 5, reason: midgame, tactical, emergency: false
[DEBUG] 19:13:01.479 [AiEngine] Using JS Search
[DEBUG] 19:13:01.755 [AiEngine] Adaptive time: 3000ms, depth: 5, reason: midgame, emergency: false
[DEBUG] 19:13:01.755 [AiEngine] Using JS Search
[DEBUG] 19:13:01.835 [AiEngine] Adaptive time: 3000ms, depth: 5, reason: midgame, tactical, emergency: false
[DEBUG] 19:13:01.835 [AiEngine] Using JS Search
[DEBUG] 19:13:02.221 [AiEngine] Adaptive time: 3000ms, depth: 5, reason: midgame, in-check, emergency: false
[DEBUG] 19:13:02.221 [AiEngine] Using JS Search
[DEBUG] 19:13:02.398 [AiEngine] Adaptive time: 3000ms, depth: 5, reason: midgame, tactical, emergency: false
[DEBUG] 19:13:02.398 [AiEngine] Using JS Search
[DEBUG] 19:13:02.940 [AiEngine] Adaptive time: 3000ms, depth: 5, reason: midgame, emergency: false
[DEBUG] 19:13:02.940 [AiEngine] Using JS Search
[DEBUG] 19:13:03.021 [AiEngine] Adaptive time: 3000ms, depth: 5, reason: midgame, tactical, emergency: false
[DEBUG] 19:13:03.021 [AiEngine] Using JS Search
[DEBUG] 19:13:03.149 [AiEngine] Adaptive time: 3000ms, depth: 5, reason: midgame, tactical, emergency: false
[DEBUG] 19:13:03.149 [AiEngine] Using JS Search
[DEBUG] 19:13:03.487 [AiEngine] Adaptive time: 3000ms, depth: 5, reason: midgame, in-check, emergency: false
[DEBUG] 19:13:03.488 [AiEngine] Using JS Search
[DEBUG] 19:13:03.702 [AiEngine] Adaptive time: 3000ms, depth: 5, reason: midgame, tactical, emergency: false
[DEBUG] 19:13:03.702 [AiEngine] Using JS Search
[DEBUG] 19:13:03.961 [AiEngine] Adaptive time: 3000ms, depth: 5, reason: midgame, emergency: false
[DEBUG] 19:13:03.962 [AiEngine] Using JS Search
[DEBUG] 19:13:04.240 [AiEngine] Adaptive time: 3000ms, depth: 5, reason: standard, emergency: false
[DEBUG] 19:13:04.240 [AiEngine] Using JS Search
[DEBUG] 19:13:04.441 [AiEngine] Adaptive time: 3000ms, depth: 5, reason: tactical, emergency: false
[DEBUG] 19:13:04.441 [AiEngine] Using JS Search
[DEBUG] 19:13:04.715 [AiEngine] Adaptive time: 3000ms, depth: 5, reason: standard, emergency: false
[DEBUG] 19:13:04.715 [AiEngine] Using JS Search
[DEBUG] 19:13:04.816 [AiEngine] Adaptive time: 3000ms, depth: 5, reason: standard, emergency: false
[DEBUG] 19:13:04.816 [AiEngine] Using JS Search
[DEBUG] 19:13:05.012 [AiEngine] Adaptive time: 3000ms, depth: 5, reason: standard, emergency: false
[DEBUG] 19:13:05.012 [AiEngine] Using JS Search
[DEBUG] 19:13:05.085 [AiEngine] Adaptive time: 3000ms, depth: 5, reason: standard, emergency: false
[DEBUG] 19:13:05.085 [AiEngine] Using JS Search
[DEBUG] 19:13:05.294 [AiEngine] Adaptive time: 3000ms, depth: 5, reason: tactical, emergency: false
[DEBUG] 19:13:05.294 [AiEngine] Using JS Search
[DEBUG] 19:13:05.328 [AiEngine] Adaptive time: 3000ms, depth: 5, reason: tactical, emergency: false
[DEBUG] 19:13:05.328 [AiEngine] Using JS Search
[DEBUG] 19:13:05.695 [AiEngine] Adaptive time: 3000ms, depth: 5, reason: in-check, emergency: false
[DEBUG] 19:13:05.695 [AiEngine] Using JS Search
[DEBUG] 19:13:05.821 [AiEngine] Adaptive time: 3000ms, depth: 5, reason: tactical, emergency: false
[DEBUG] 19:13:05.821 [AiEngine] Using JS Search
[DEBUG] 19:13:06.097 [AiEngine] Adaptive time: 3000ms, depth: 5, reason: tactical, emergency: false
[DEBUG] 19:13:06.097 [AiEngine] Using JS Search
[DEBUG] 19:13:06.291 [AiEngine] Adaptive time: 3000ms, depth: 5, reason: tactical, emergency: false
[DEBUG] 19:13:06.291 [AiEngine] Using JS Search
[DEBUG] 19:13:06.477 [AiEngine] Adaptive time: 3000ms, depth: 5, reason: in-check, emergency: false
[DEBUG] 19:13:06.477 [AiEngine] Using JS Search
[DEBUG] 19:13:06.501 [AiEngine] Adaptive time: 3000ms, depth: 5, reason: tactical, emergency: false
[DEBUG] 19:13:06.501 [AiEngine] Using JS Search
[DEBUG] 19:13:06.918 [AiEngine] Adaptive time: 3000ms, depth: 5, reason: in-check, emergency: false
[DEBUG] 19:13:06.918 [AiEngine] Using JS Search
[DEBUG] 19:13:06.934 [AiEngine] Adaptive time: 3000ms, depth: 5, reason: tactical, emergency: false
[DEBUG] 19:13:06.934 [AiEngine] Using JS Search
[DEBUG] 19:13:07.073 [AiEngine] Adaptive time: 3000ms, depth: 5, reason: endgame, emergency: false
[DEBUG] 19:13:07.073 [AiEngine] Using JS Search
[DEBUG] 19:13:07.108 [AiEngine] Adaptive time: 3000ms, depth: 5, reason: endgame, tactical, emergency: false
[DEBUG] 19:13:07.108 [AiEngine] Using JS Search
[DEBUG] 19:13:07.349 [AiEngine] Adaptive time: 3000ms, depth: 5, reason: endgame, in-check, emergency: false
[DEBUG] 19:13:07.349 [AiEngine] Using JS Search
[DEBUG] 19:13:07.386 [AiEngine] Adaptive time: 3000ms, depth: 5, reason: endgame, tactical, emergency: false
[DEBUG] 19:13:07.386 [AiEngine] Using JS Search
[DEBUG] 19:13:07.540 [AiEngine] Adaptive time: 3000ms, depth: 5, reason: endgame, emergency: false
[DEBUG] 19:13:07.540 [AiEngine] Using JS Search
[DEBUG] 19:13:07.581 [AiEngine] Adaptive time: 3000ms, depth: 5, reason: endgame, tactical, emergency: false
[DEBUG] 19:13:07.581 [AiEngine] Using JS Search
[DEBUG] 19:13:07.690 [AiEngine] Adaptive time: 3000ms, depth: 5, reason: endgame, in-check, emergency: false
[DEBUG] 19:13:07.690 [AiEngine] Using JS Search
[DEBUG] 19:13:07.706 [AiEngine] Adaptive time: 3000ms, depth: 5, reason: endgame, tactical, emergency: false
[DEBUG] 19:13:07.706 [AiEngine] Using JS Search
[DEBUG] 19:13:07.812 [AiEngine] Adaptive time: 3000ms, depth: 5, reason: endgame, emergency: false
[DEBUG] 19:13:07.812 [AiEngine] Using JS Search
[DEBUG] 19:13:07.830 [AiEngine] Adaptive time: 3000ms, depth: 5, reason: endgame, tactical, emergency: false
[DEBUG] 19:13:07.830 [AiEngine] Using JS Search
[DEBUG] 19:13:07.961 [AiEngine] Adaptive time: 3000ms, depth: 5, reason: endgame, in-check, emergency: false
[DEBUG] 19:13:07.961 [AiEngine] Using JS Search
[DEBUG] 19:13:07.997 [AiEngine] Adaptive time: 3000ms, depth: 5, reason: endgame, tactical, emergency: false
[DEBUG] 19:13:07.997 [AiEngine] Using JS Search
[DEBUG] 19:13:08.000 [AiEngine] Adaptive time: 3000ms, depth: 5, reason: endgame, emergency: false
[DEBUG] 19:13:08.000 [AiEngine] Using JS Search
[DEBUG] 19:13:08.033 [AiEngine] Adaptive time: 3000ms, depth: 5, reason: endgame, tactical, emergency: false
[DEBUG] 19:13:08.033 [AiEngine] Using JS Search
[DEBUG] 19:13:08.054 [AiEngine] Adaptive time: 3000ms, depth: 5, reason: endgame, emergency: false
[DEBUG] 19:13:08.054 [AiEngine] Using JS Search
[DEBUG] 19:13:08.061 [AiEngine] Adaptive time: 3000ms, depth: 5, reason: endgame, tactical, emergency: false
[DEBUG] 19:13:08.061 [AiEngine] Using JS Search
[DEBUG] 19:13:08.104 [AiEngine] Adaptive time: 3000ms, depth: 5, reason: endgame, emergency: false
[DEBUG] 19:13:08.104 [AiEngine] Using JS Search
[DEBUG] 19:13:08.111 [AiEngine] Adaptive time: 3000ms, depth: 5, reason: endgame, tactical, emergency: false
[DEBUG] 19:13:08.111 [AiEngine] Using JS Search
[DEBUG] 19:13:08.151 [AiEngine] Adaptive time: 3000ms, depth: 5, reason: endgame, emergency: false
[DEBUG] 19:13:08.152 [AiEngine] Using JS Search
[DEBUG] 19:13:08.154 [AiEngine] Adaptive time: 3000ms, depth: 5, reason: endgame, tactical, emergency: false
[DEBUG] 19:13:08.154 [AiEngine] Using JS Search
[DEBUG] 19:13:08.156 [AiEngine] Adaptive time: 3000ms, depth: 5, reason: endgame, emergency: false
[DEBUG] 19:13:08.156 [AiEngine] Using JS Search
[DEBUG] 19:13:08.228 [AiEngine] Adaptive time: 3000ms, depth: 5, reason: endgame, tactical, emergency: false
[DEBUG] 19:13:08.228 [AiEngine] Using JS Search
[DEBUG] 19:13:08.231 [AiEngine] Adaptive time: 3000ms, depth: 5, reason: endgame, emergency: false
[DEBUG] 19:13:08.231 [AiEngine] Using JS Search
[DEBUG] 19:13:08.296 [AiEngine] Adaptive time: 3000ms, depth: 5, reason: endgame, tactical, emergency: false
[DEBUG] 19:13:08.296 [AiEngine] Using JS Search
[DEBUG] 19:13:08.298 [AiEngine] Adaptive time: 3000ms, depth: 5, reason: endgame, emergency: false
[DEBUG] 19:13:08.298 [AiEngine] Using JS Search
[DEBUG] 19:13:08.324 [AiEngine] Adaptive time: 3000ms, depth: 5, reason: endgame, tactical, emergency: false
[DEBUG] 19:13:08.324 [AiEngine] Using JS Search
[DEBUG] 19:13:08.326 [AiEngine] Adaptive time: 3000ms, depth: 5, reason: endgame, emergency: false
[DEBUG] 19:13:08.326 [AiEngine] Using JS Search
[DEBUG] 19:13:08.383 [AiEngine] Adaptive time: 3000ms, depth: 5, reason: endgame, tactical, emergency: false
[DEBUG] 19:13:08.383 [AiEngine] Using JS Search
[DEBUG] 19:13:08.386 [AiEngine] Adaptive time: 3000ms, depth: 5, reason: endgame, emergency: false
[DEBUG] 19:13:08.386 [AiEngine] Using JS Search
[DEBUG] 19:13:08.394 [AiEngine] Adaptive time: 500ms, depth: 4, reason: midgame, opening, emergency: false
[DEBUG] 19:13:08.394 [AiEngine] Using JS Search
[DEBUG] 19:13:08.402 [AiEngine] Adaptive time: 500ms, depth: 4, reason: midgame, opening, emergency: false
[DEBUG] 19:13:08.402 [AiEngine] Using JS Search
[DEBUG] 19:13:08.556 [AiEngine] Adaptive time: 500ms, depth: 4, reason: midgame, opening, emergency: false
[DEBUG] 19:13:08.556 [AiEngine] Using JS Search
[DEBUG] 19:13:08.599 [AiEngine] Adaptive time: 500ms, depth: 4, reason: midgame, opening, emergency: false
[DEBUG] 19:13:08.599 [AiEngine] Using JS Search
[DEBUG] 19:13:08.710 [AiEngine] Adaptive time: 500ms, depth: 4, reason: midgame, opening, emergency: false
[DEBUG] 19:13:08.711 [AiEngine] Using JS Search
[DEBUG] 19:13:08.929 [AiEngine] Adaptive time: 500ms, depth: 4, reason: midgame, opening, emergency: false
[DEBUG] 19:13:08.929 [AiEngine] Using JS Search
[DEBUG] 19:13:09.040 [AiEngine] Adaptive time: 500ms, depth: 4, reason: midgame, opening, emergency: false
[DEBUG] 19:13:09.040 [AiEngine] Using JS Search
[DEBUG] 19:13:09.233 [AiEngine] Adaptive time: 500ms, depth: 4, reason: midgame, opening, emergency: false
[DEBUG] 19:13:09.233 [AiEngine] Using JS Search
[DEBUG] 19:13:09.423 [AiEngine] Adaptive time: 500ms, depth: 4, reason: midgame, opening, tactical, emergency: false
[DEBUG] 19:13:09.423 [AiEngine] Using JS Search
[DEBUG] 19:13:09.577 [AiEngine] Adaptive time: 500ms, depth: 4, reason: midgame, opening, emergency: false
[DEBUG] 19:13:09.577 [AiEngine] Using JS Search
[DEBUG] 19:13:09.743 [AiEngine] Adaptive time: 500ms, depth: 4, reason: midgame, opening, emergency: false
[DEBUG] 19:13:09.743 [AiEngine] Using JS Search
[DEBUG] 19:13:09.804 [AiEngine] Adaptive time: 500ms, depth: 4, reason: midgame, opening, emergency: false
[DEBUG] 19:13:09.804 [AiEngine] Using JS Search
[DEBUG] 19:13:09.955 [AiEngine] Adaptive time: 500ms, depth: 4, reason: midgame, opening, emergency: false
[DEBUG] 19:13:09.955 [AiEngine] Using JS Search
[DEBUG] 19:13:10.012 [AiEngine] Adaptive time: 500ms, depth: 4, reason: midgame, opening, tactical, emergency: false
[DEBUG] 19:13:10.012 [AiEngine] Using JS Search
[DEBUG] 19:13:10.165 [AiEngine] Adaptive time: 500ms, depth: 4, reason: midgame, opening, emergency: false
[DEBUG] 19:13:10.165 [AiEngine] Using JS Search
[DEBUG] 19:13:10.206 [AiEngine] Adaptive time: 500ms, depth: 4, reason: midgame, opening, tactical, emergency: false
[DEBUG] 19:13:10.206 [AiEngine] Using JS Search
[DEBUG] 19:13:10.377 [AiEngine] Adaptive time: 500ms, depth: 4, reason: midgame, opening, emergency: false
[DEBUG] 19:13:10.377 [AiEngine] Using JS Search
[DEBUG] 19:13:10.406 [AiEngine] Adaptive time: 500ms, depth: 4, reason: midgame, opening, tactical, emergency: false
[DEBUG] 19:13:10.407 [AiEngine] Using JS Search
[DEBUG] 19:13:10.452 [AiEngine] Adaptive time: 500ms, depth: 4, reason: midgame, opening, emergency: false
[DEBUG] 19:13:10.452 [AiEngine] Using JS Search
[DEBUG] 19:13:10.489 [AiEngine] Adaptive time: 500ms, depth: 4, reason: midgame, opening, tactical, emergency: false
[DEBUG] 19:13:10.489 [AiEngine] Using JS Search
[DEBUG] 19:13:10.532 [AiEngine] Adaptive time: 500ms, depth: 4, reason: midgame, opening, emergency: false
[DEBUG] 19:13:10.532 [AiEngine] Using JS Search
[DEBUG] 19:13:10.555 [AiEngine] Adaptive time: 500ms, depth: 4, reason: midgame, opening, tactical, emergency: false
[DEBUG] 19:13:10.555 [AiEngine] Using JS Search
[DEBUG] 19:13:10.567 [AiEngine] Adaptive time: 500ms, depth: 4, reason: midgame, opening, emergency: false
[DEBUG] 19:13:10.567 [AiEngine] Using JS Search
[DEBUG] 19:13:10.651 [AiEngine] Adaptive time: 500ms, depth: 4, reason: midgame, opening, tactical, emergency: false
[DEBUG] 19:13:10.651 [AiEngine] Using JS Search
[DEBUG] 19:13:10.652 [AiEngine] Adaptive time: 500ms, depth: 4, reason: midgame, opening, emergency: false
[DEBUG] 19:13:10.652 [AiEngine] Using JS Search
[DEBUG] 19:13:10.733 [AiEngine] Adaptive time: 500ms, depth: 4, reason: midgame, opening, emergency: false
[DEBUG] 19:13:10.733 [AiEngine] Using JS Search
[DEBUG] 19:13:10.734 [AiEngine] Adaptive time: 500ms, depth: 4, reason: midgame, opening, emergency: false
[DEBUG] 19:13:10.734 [AiEngine] Using JS Search
[DEBUG] 19:13:10.789 [AiEngine] Adaptive time: 500ms, depth: 4, reason: midgame, opening, emergency: false
[DEBUG] 19:13:10.789 [AiEngine] Using JS Search
[DEBUG] 19:13:10.840 [AiEngine] Adaptive time: 500ms, depth: 4, reason: midgame, opening, tactical, emergency: false
[DEBUG] 19:13:10.840 [AiEngine] Using JS Search
[DEBUG] 19:13:10.869 [AiEngine] Adaptive time: 500ms, depth: 4, reason: midgame, opening, emergency: false
[DEBUG] 19:13:10.869 [AiEngine] Using JS Search
[DEBUG] 19:13:10.870 [AiEngine] Adaptive time: 500ms, depth: 4, reason: midgame, opening, emergency: false
[DEBUG] 19:13:10.870 [AiEngine] Using JS Search
[DEBUG] 19:13:11.104 [AiEngine] Adaptive time: 500ms, depth: 4, reason: midgame, opening, emergency: false
[DEBUG] 19:13:11.104 [AiEngine] Using JS Search
[DEBUG] 19:13:11.105 [AiEngine] Adaptive time: 500ms, depth: 4, reason: midgame, opening, emergency: false
[DEBUG] 19:13:11.105 [AiEngine] Using JS Search
[DEBUG] 19:13:11.290 [AiEngine] Adaptive time: 500ms, depth: 4, reason: midgame, opening, emergency: false
[DEBUG] 19:13:11.290 [AiEngine] Using JS Search
[DEBUG] 19:13:11.291 [AiEngine] Adaptive time: 500ms, depth: 4, reason: midgame, opening, emergency: false
[DEBUG] 19:13:11.291 [AiEngine] Using JS Search
[DEBUG] 19:13:11.383 [AiEngine] Adaptive time: 500ms, depth: 4, reason: midgame, opening, emergency: false
[DEBUG] 19:13:11.383 [AiEngine] Using JS Search
[DEBUG] 19:13:11.384 [AiEngine] Adaptive time: 500ms, depth: 4, reason: midgame, opening, tactical, emergency: false
[DEBUG] 19:13:11.384 [AiEngine] Using JS Search
[DEBUG] 19:13:11.447 [AiEngine] Adaptive time: 500ms, depth: 4, reason: midgame, opening, emergency: false
[DEBUG] 19:13:11.447 [AiEngine] Using JS Search
[DEBUG] 19:13:11.493 [AiEngine] Adaptive time: 500ms, depth: 4, reason: midgame, opening, tactical, emergency: false
[DEBUG] 19:13:11.493 [AiEngine] Using JS Search
[DEBUG] 19:13:11.524 [AiEngine] Adaptive time: 500ms, depth: 4, reason: midgame, opening, emergency: false
[DEBUG] 19:13:11.524 [AiEngine] Using JS Search
[DEBUG] 19:13:11.591 [AiEngine] Adaptive time: 3000ms, depth: 5, reason: midgame, emergency: false
[DEBUG] 19:13:11.591 [AiEngine] Using JS Search
[DEBUG] 19:13:11.631 [AiEngine] Adaptive time: 3000ms, depth: 5, reason: midgame, emergency: false
[DEBUG] 19:13:11.631 [AiEngine] Using JS Search
[DEBUG] 19:13:11.876 [AiEngine] Adaptive time: 3000ms, depth: 5, reason: midgame, emergency: false
[DEBUG] 19:13:11.876 [AiEngine] Using JS Search
[DEBUG] 19:13:11.909 [AiEngine] Adaptive time: 3000ms, depth: 5, reason: midgame, emergency: false
[DEBUG] 19:13:11.909 [AiEngine] Using JS Search
[DEBUG] 19:13:12.215 [AiEngine] Adaptive time: 3000ms, depth: 5, reason: midgame, emergency: false
[DEBUG] 19:13:12.215 [AiEngine] Using JS Search
[DEBUG] 19:13:12.249 [AiEngine] Adaptive time: 3000ms, depth: 5, reason: midgame, emergency: false
[DEBUG] 19:13:12.249 [AiEngine] Using JS Search
[DEBUG] 19:13:12.431 [AiEngine] Adaptive time: 3000ms, depth: 5, reason: midgame, emergency: false
[DEBUG] 19:13:12.431 [AiEngine] Using JS Search
[DEBUG] 19:13:12.475 [AiEngine] Adaptive time: 3000ms, depth: 5, reason: midgame, tactical, emergency: false
[DEBUG] 19:13:12.475 [AiEngine] Using JS Search
[DEBUG] 19:13:12.712 [AiEngine] Adaptive time: 3000ms, depth: 5, reason: midgame, emergency: false
[DEBUG] 19:13:12.712 [AiEngine] Using JS Search
[DEBUG] 19:13:12.778 [AiEngine] Adaptive time: 3000ms, depth: 5, reason: midgame, tactical, emergency: false
[DEBUG] 19:13:12.778 [AiEngine] Using JS Search
[DEBUG] 19:13:12.959 [AiEngine] Adaptive time: 3000ms, depth: 5, reason: midgame, emergency: false
[DEBUG] 19:13:12.959 [AiEngine] Using JS Search
[DEBUG] 19:13:12.959 [AiEngine] Adaptive time: 3000ms, depth: 5, reason: midgame, tactical, emergency: false
[DEBUG] 19:13:12.959 [AiEngine] Using JS Search
[DEBUG] 19:13:12.959 [AiEngine] Adaptive time: 3000ms, depth: 5, reason: midgame, in-check, emergency: false
[DEBUG] 19:13:12.959 [AiEngine] Using JS Search
[DEBUG] 19:13:12.959 [AiEngine] Adaptive time: 500ms, depth: 4, reason: midgame, opening, emergency: false
[DEBUG] 19:13:12.959 [AiEngine] Using JS Search
[DEBUG] 19:13:13.041 [AiEngine] Adaptive time: 500ms, depth: 4, reason: midgame, opening, emergency: false
[DEBUG] 19:13:13.042 [AiEngine] Using JS Search
[DEBUG] 19:13:13.101 [AiEngine] Adaptive time: 500ms, depth: 4, reason: midgame, opening, emergency: false
[DEBUG] 19:13:13.101 [AiEngine] Using JS Search
[DEBUG] 19:13:13.283 [AiEngine] Adaptive time: 500ms, depth: 4, reason: midgame, opening, emergency: false
[DEBUG] 19:13:13.283 [AiEngine] Using JS Search
[DEBUG] 19:13:13.417 [AiEngine] Adaptive time: 500ms, depth: 4, reason: midgame, opening, emergency: false
[DEBUG] 19:13:13.417 [AiEngine] Using JS Search
[DEBUG] 19:13:13.622 [AiEngine] Adaptive time: 500ms, depth: 4, reason: midgame, opening, emergency: false
[DEBUG] 19:13:13.622 [AiEngine] Using JS Search
[DEBUG] 19:13:13.773 [AiEngine] Adaptive time: 500ms, depth: 4, reason: midgame, opening, emergency: false
[DEBUG] 19:13:13.773 [AiEngine] Using JS Search
[DEBUG] 19:13:13.914 [AiEngine] Adaptive time: 500ms, depth: 4, reason: midgame, opening, emergency: false
[DEBUG] 19:13:13.914 [AiEngine] Using JS Search
[DEBUG] 19:13:14.034 [AiEngine] Adaptive time: 500ms, depth: 4, reason: midgame, opening, emergency: false
[DEBUG] 19:13:14.034 [AiEngine] Using JS Search
[DEBUG] 19:13:14.109 [AiEngine] Adaptive time: 500ms, depth: 4, reason: midgame, opening, emergency: false
[DEBUG] 19:13:14.109 [AiEngine] Using JS Search
[DEBUG] 19:13:14.191 [AiEngine] Adaptive time: 500ms, depth: 4, reason: midgame, opening, emergency: false
[DEBUG] 19:13:14.191 [AiEngine] Using JS Search
[DEBUG] 19:13:14.310 [AiEngine] Adaptive time: 500ms, depth: 4, reason: midgame, opening, emergency: false
[DEBUG] 19:13:14.310 [AiEngine] Using JS Search
[DEBUG] 19:13:14.348 [AiEngine] Adaptive time: 500ms, depth: 4, reason: midgame, opening, tactical, emergency: false
[DEBUG] 19:13:14.348 [AiEngine] Using JS Search
[DEBUG] 19:13:14.540 [AiEngine] Adaptive time: 500ms, depth: 4, reason: midgame, opening, emergency: false
[DEBUG] 19:13:14.540 [AiEngine] Using JS Search
[DEBUG] 19:13:14.592 [AiEngine] Adaptive time: 500ms, depth: 4, reason: midgame, opening, emergency: false
[DEBUG] 19:13:14.592 [AiEngine] Using JS Search
[DEBUG] 19:13:14.731 [AiEngine] Adaptive time: 500ms, depth: 4, reason: midgame, opening, emergency: false
[DEBUG] 19:13:14.731 [AiEngine] Using JS Search
[DEBUG] 19:13:14.836 [AiEngine] Adaptive time: 500ms, depth: 4, reason: midgame, opening, emergency: false
[DEBUG] 19:13:14.836 [AiEngine] Using JS Search
[DEBUG] 19:13:14.883 [AiEngine] Adaptive time: 500ms, depth: 4, reason: midgame, opening, tactical, emergency: false
[DEBUG] 19:13:14.883 [AiEngine] Using JS Search
[DEBUG] 19:13:14.970 [AiEngine] Adaptive time: 500ms, depth: 4, reason: midgame, opening, emergency: false
[DEBUG] 19:13:14.970 [AiEngine] Using JS Search
[DEBUG] 19:13:15.036 [AiEngine] Adaptive time: 500ms, depth: 4, reason: midgame, opening, emergency: false
[DEBUG] 19:13:15.036 [AiEngine] Using JS Search
[DEBUG] 19:13:15.063 [AiEngine] Adaptive time: 500ms, depth: 4, reason: midgame, opening, emergency: false
[DEBUG] 19:13:15.063 [AiEngine] Using JS Search
[DEBUG] 19:13:15.124 [AiEngine] Adaptive time: 500ms, depth: 4, reason: midgame, opening, emergency: false
[DEBUG] 19:13:15.124 [AiEngine] Using JS Search
[DEBUG] 19:13:15.170 [AiEngine] Adaptive time: 500ms, depth: 4, reason: midgame, opening, emergency: false
[DEBUG] 19:13:15.170 [AiEngine] Using JS Search
[DEBUG] 19:13:15.283 [AiEngine] Adaptive time: 500ms, depth: 4, reason: midgame, opening, emergency: false
[DEBUG] 19:13:15.283 [AiEngine] Using JS Search
[DEBUG] 19:13:15.313 [AiEngine] Adaptive time: 500ms, depth: 4, reason: midgame, opening, emergency: false
[DEBUG] 19:13:15.313 [AiEngine] Using JS Search
[DEBUG] 19:13:15.473 [AiEngine] Adaptive time: 500ms, depth: 4, reason: midgame, opening, emergency: false
[DEBUG] 19:13:15.473 [AiEngine] Using JS Search
[DEBUG] 19:13:15.503 [AiEngine] Adaptive time: 500ms, depth: 4, reason: midgame, opening, emergency: false
[DEBUG] 19:13:15.503 [AiEngine] Using JS Search
[DEBUG] 19:13:15.564 [AiEngine] Adaptive time: 500ms, depth: 4, reason: midgame, opening, emergency: false
[DEBUG] 19:13:15.564 [AiEngine] Using JS Search
[DEBUG] 19:13:15.642 [AiEngine] Adaptive time: 500ms, depth: 4, reason: midgame, opening, emergency: false
[DEBUG] 19:13:15.642 [AiEngine] Using JS Search
[DEBUG] 19:13:15.950 [AiEngine] Adaptive time: 500ms, depth: 4, reason: midgame, opening, emergency: false
[DEBUG] 19:13:15.950 [AiEngine] Using JS Search
[DEBUG] 19:13:15.994 [AiEngine] Adaptive time: 500ms, depth: 4, reason: midgame, opening, in-check, emergency: false
[DEBUG] 19:13:15.994 [AiEngine] Using JS Search
[DEBUG] 19:13:16.026 [AiEngine] Adaptive time: 500ms, depth: 4, reason: midgame, opening, emergency: false
[DEBUG] 19:13:16.026 [AiEngine] Using JS Search
[DEBUG] 19:13:16.069 [AiEngine] Adaptive time: 500ms, depth: 4, reason: midgame, opening, emergency: false
[DEBUG] 19:13:16.069 [AiEngine] Using JS Search
[DEBUG] 19:13:16.233 [AiEngine] Adaptive time: 500ms, depth: 4, reason: midgame, opening, emergency: false
[DEBUG] 19:13:16.233 [AiEngine] Using JS Search
[DEBUG] 19:13:16.275 [AiEngine] Adaptive time: 500ms, depth: 4, reason: midgame, opening, emergency: false
[DEBUG] 19:13:16.275 [AiEngine] Using JS Search
[DEBUG] 19:13:16.386 [AiEngine] Adaptive time: 500ms, depth: 4, reason: midgame, opening, emergency: false
[DEBUG] 19:13:16.386 [AiEngine] Using JS Search
[DEBUG] 19:13:16.433 [AiEngine] Adaptive time: 500ms, depth: 4, reason: midgame, opening, emergency: false
[DEBUG] 19:13:16.433 [AiEngine] Using JS Search
[DEBUG] 19:13:16.493 [AiEngine] Adaptive time: 500ms, depth: 4, reason: midgame, opening, emergency: false
[DEBUG] 19:13:16.493 [AiEngine] Using JS Search
[DEBUG] 19:13:16.534 [AiEngine] Adaptive time: 500ms, depth: 4, reason: midgame, opening, tactical, emergency: false
[DEBUG] 19:13:16.534 [AiEngine] Using JS Search
[DEBUG] 19:13:16.628 [AiEngine] Adaptive time: 500ms, depth: 4, reason: midgame, opening, emergency: false
[DEBUG] 19:13:16.628 [AiEngine] Using JS Search
[DEBUG] 19:13:16.652 [AiEngine] Adaptive time: 3000ms, depth: 5, reason: midgame, emergency: false
[DEBUG] 19:13:16.652 [AiEngine] Using JS Search
[DEBUG] 19:13:16.922 [AiEngine] Adaptive time: 3000ms, depth: 5, reason: midgame, emergency: false
[DEBUG] 19:13:16.923 [AiEngine] Using JS Search
[DEBUG] 19:13:17.003 [AiEngine] Adaptive time: 3000ms, depth: 5, reason: midgame, tactical, emergency: false
[DEBUG] 19:13:17.003 [AiEngine] Using JS Search
[DEBUG] 19:13:17.347 [AiEngine] Adaptive time: 3000ms, depth: 5, reason: midgame, in-check, emergency: false
[DEBUG] 19:13:17.347 [AiEngine] Using JS Search
[DEBUG] 19:13:17.406 [AiEngine] Adaptive time: 3000ms, depth: 5, reason: midgame, tactical, emergency: false
[DEBUG] 19:13:17.406 [AiEngine] Using JS Search
[DEBUG] 19:13:17.643 [AiEngine] Adaptive time: 3000ms, depth: 5, reason: midgame, in-check, emergency: false
[DEBUG] 19:13:17.643 [AiEngine] Using JS Search
[DEBUG] 19:13:17.680 [AiEngine] Adaptive time: 3000ms, depth: 5, reason: midgame, emergency: false
[DEBUG] 19:13:17.680 [AiEngine] Using JS Search
[DEBUG] 19:13:18.208 [AiEngine] Adaptive time: 3000ms, depth: 5, reason: midgame, emergency: false
[DEBUG] 19:13:18.208 [AiEngine] Using JS Search
[DEBUG] 19:13:18.274 [AiEngine] Adaptive time: 3000ms, depth: 5, reason: midgame, emergency: false
[DEBUG] 19:13:18.274 [AiEngine] Using JS Search
[DEBUG] 19:13:18.861 [AiEngine] Adaptive time: 3000ms, depth: 5, reason: midgame, emergency: false
[DEBUG] 19:13:18.861 [AiEngine] Using JS Search
[DEBUG] 19:13:18.923 [AiEngine] Adaptive time: 3000ms, depth: 5, reason: midgame, emergency: false
[DEBUG] 19:13:18.923 [AiEngine] Using JS Search
[DEBUG] 19:13:19.559 [AiEngine] Adaptive time: 3000ms, depth: 5, reason: midgame, emergency: false
[DEBUG] 19:13:19.559 [AiEngine] Using JS Search
[DEBUG] 19:13:19.611 [AiEngine] Adaptive time: 3000ms, depth: 5, reason: midgame, emergency: false
[DEBUG] 19:13:19.611 [AiEngine] Using JS Search
[DEBUG] 19:13:20.156 [AiEngine] Adaptive time: 3000ms, depth: 5, reason: midgame, emergency: false
[DEBUG] 19:13:20.156 [AiEngine] Using JS Search
[DEBUG] 19:13:20.206 [AiEngine] Adaptive time: 3000ms, depth: 5, reason: midgame, emergency: false
[DEBUG] 19:13:20.206 [AiEngine] Using JS Search
[DEBUG] 19:13:20.803 [AiEngine] Adaptive time: 3000ms, depth: 5, reason: midgame, emergency: false
[DEBUG] 19:13:20.803 [AiEngine] Using JS Search
[DEBUG] 19:13:20.854 [AiEngine] Adaptive time: 3000ms, depth: 5, reason: midgame, emergency: false
[DEBUG] 19:13:20.854 [AiEngine] Using JS Search
[DEBUG] 19:13:21.406 [AiEngine] Adaptive time: 3000ms, depth: 5, reason: midgame, emergency: false
[DEBUG] 19:13:21.406 [AiEngine] Using JS Search
[DEBUG] 19:13:21.453 [AiEngine] Adaptive time: 3000ms, depth: 5, reason: midgame, emergency: false
[DEBUG] 19:13:21.453 [AiEngine] Using JS Search
[DEBUG] 19:13:22.000 [AiEngine] Adaptive time: 3000ms, depth: 5, reason: midgame, emergency: false
[DEBUG] 19:13:22.001 [AiEngine] Using JS Search
[DEBUG] 19:13:22.052 [AiEngine] Adaptive time: 3000ms, depth: 5, reason: midgame, emergency: false
[DEBUG] 19:13:22.052 [AiEngine] Using JS Search
[DEBUG] 19:13:22.496 [AiEngine] Adaptive time: 3000ms, depth: 5, reason: midgame, emergency: false
[DEBUG] 19:13:22.496 [AiEngine] Using JS Search
[DEBUG] 19:13:22.539 [AiEngine] Adaptive time: 3000ms, depth: 5, reason: midgame, tactical, emergency: false
[DEBUG] 19:13:22.539 [AiEngine] Using JS Search
[DEBUG] 19:13:23.014 [AiEngine] Adaptive time: 3000ms, depth: 5, reason: midgame, emergency: false
[DEBUG] 19:13:23.015 [AiEngine] Using JS Search
[DEBUG] 19:13:23.059 [AiEngine] Adaptive time: 500ms, depth: 4, reason: midgame, opening, emergency: false
[DEBUG] 19:13:23.059 [AiEngine] Using JS Search
[DEBUG] 19:13:23.107 [AiEngine] Adaptive time: 500ms, depth: 4, reason: midgame, opening, emergency: false
[DEBUG] 19:13:23.107 [AiEngine] Using JS Search
[DEBUG] 19:13:23.137 [AiEngine] Adaptive time: 500ms, depth: 4, reason: midgame, opening, emergency: false
[DEBUG] 19:13:23.137 [AiEngine] Using JS Search
[DEBUG] 19:13:23.378 [AiEngine] Adaptive time: 500ms, depth: 4, reason: midgame, opening, emergency: false
[DEBUG] 19:13:23.378 [AiEngine] Using JS Search
[DEBUG] 19:13:23.628 [AiEngine] Adaptive time: 500ms, depth: 4, reason: midgame, opening, emergency: false
[DEBUG] 19:13:23.628 [AiEngine] Using JS Search
[DEBUG] 19:13:23.983 [AiEngine] Adaptive time: 500ms, depth: 4, reason: midgame, opening, emergency: false
[DEBUG] 19:13:23.983 [AiEngine] Using JS Search
[DEBUG] 19:13:24.208 [AiEngine] Adaptive time: 500ms, depth: 4, reason: midgame, opening, emergency: false
[DEBUG] 19:13:24.208 [AiEngine] Using JS Search
[DEBUG] 19:13:24.285 [AiEngine] Adaptive time: 500ms, depth: 4, reason: midgame, opening, tactical, emergency: false
[DEBUG] 19:13:24.285 [AiEngine] Using JS Search
[DEBUG] 19:13:24.315 [AiEngine] Adaptive time: 500ms, depth: 4, reason: midgame, opening, emergency: false
[DEBUG] 19:13:24.316 [AiEngine] Using JS Search
[DEBUG] 19:13:24.359 [AiEngine] Adaptive time: 500ms, depth: 4, reason: midgame, opening, emergency: false
[DEBUG] 19:13:24.359 [AiEngine] Using JS Search
[DEBUG] 19:13:24.570 [AiEngine] Adaptive time: 500ms, depth: 4, reason: midgame, opening, emergency: false
[DEBUG] 19:13:24.570 [AiEngine] Using JS Search
[DEBUG] 19:13:24.633 [AiEngine] Adaptive time: 500ms, depth: 4, reason: midgame, opening, tactical, emergency: false
[DEBUG] 19:13:24.633 [AiEngine] Using JS Search
[DEBUG] 19:13:24.884 [AiEngine] Adaptive time: 500ms, depth: 4, reason: midgame, opening, emergency: false
[DEBUG] 19:13:24.884 [AiEngine] Using JS Search
[DEBUG] 19:13:24.926 [AiEngine] Adaptive time: 500ms, depth: 4, reason: midgame, opening, tactical, emergency: false
[DEBUG] 19:13:24.926 [AiEngine] Using JS Search
[DEBUG] 19:13:25.127 [AiEngine] Adaptive time: 500ms, depth: 4, reason: midgame, opening, emergency: false
[DEBUG] 19:13:25.127 [AiEngine] Using JS Search
[DEBUG] 19:13:25.155 [AiEngine] Adaptive time: 500ms, depth: 4, reason: midgame, opening, tactical, emergency: false
[DEBUG] 19:13:25.156 [AiEngine] Using JS Search
[DEBUG] 19:13:25.161 [AiEngine] Adaptive time: 500ms, depth: 4, reason: midgame, opening, emergency: false
[DEBUG] 19:13:25.161 [AiEngine] Using JS Search
[DEBUG] 19:13:25.185 [AiEngine] Adaptive time: 500ms, depth: 4, reason: midgame, opening, tactical, emergency: false
[DEBUG] 19:13:25.185 [AiEngine] Using JS Search
[DEBUG] 19:13:25.186 [AiEngine] Adaptive time: 500ms, depth: 4, reason: midgame, opening, emergency: false
[DEBUG] 19:13:25.186 [AiEngine] Using JS Search
[DEBUG] 19:13:25.220 [AiEngine] Adaptive time: 500ms, depth: 4, reason: midgame, opening, tactical, emergency: false
[DEBUG] 19:13:25.220 [AiEngine] Using JS Search
[DEBUG] 19:13:25.221 [AiEngine] Adaptive time: 500ms, depth: 4, reason: midgame, opening, emergency: false
[DEBUG] 19:13:25.221 [AiEngine] Using JS Search
[DEBUG] 19:13:25.244 [AiEngine] Adaptive time: 500ms, depth: 4, reason: midgame, opening, tactical, emergency: false
[DEBUG] 19:13:25.244 [AiEngine] Using JS Search
[DEBUG] 19:13:25.245 [AiEngine] Adaptive time: 500ms, depth: 4, reason: midgame, opening, in-check, emergency: false
[DEBUG] 19:13:25.245 [AiEngine] Using JS Search
[DEBUG] 19:13:25.247 [AiEngine] Adaptive time: 500ms, depth: 4, reason: midgame, opening, emergency: false
[DEBUG] 19:13:25.247 [AiEngine] Using JS Search
[DEBUG] 19:13:25.248 [AiEngine] Adaptive time: 500ms, depth: 4, reason: midgame, opening, emergency: false
[DEBUG] 19:13:25.248 [AiEngine] Using JS Search
[DEBUG] 19:13:25.276 [AiEngine] Adaptive time: 500ms, depth: 4, reason: midgame, opening, emergency: false
[DEBUG] 19:13:25.276 [AiEngine] Using JS Search
[DEBUG] 19:13:25.277 [AiEngine] Adaptive time: 500ms, depth: 4, reason: midgame, opening, emergency: false
[DEBUG] 19:13:25.277 [AiEngine] Using JS Search
[DEBUG] 19:13:25.313 [AiEngine] Adaptive time: 500ms, depth: 4, reason: midgame, opening, emergency: false
[DEBUG] 19:13:25.313 [AiEngine] Using JS Search
[DEBUG] 19:13:25.314 [AiEngine] Adaptive time: 500ms, depth: 4, reason: midgame, opening, emergency: false
[DEBUG] 19:13:25.314 [AiEngine] Using JS Search
[DEBUG] 19:13:25.413 [AiEngine] Adaptive time: 500ms, depth: 4, reason: midgame, opening, emergency: false
[DEBUG] 19:13:25.413 [AiEngine] Using JS Search
[DEBUG] 19:13:25.414 [AiEngine] Adaptive time: 500ms, depth: 4, reason: midgame, opening, emergency: false
[DEBUG] 19:13:25.414 [AiEngine] Using JS Search
[DEBUG] 19:13:25.436 [AiEngine] Adaptive time: 500ms, depth: 4, reason: midgame, opening, emergency: false
[DEBUG] 19:13:25.436 [AiEngine] Using JS Search
[DEBUG] 19:13:25.437 [AiEngine] Adaptive time: 500ms, depth: 4, reason: midgame, opening, emergency: false
[DEBUG] 19:13:25.437 [AiEngine] Using JS Search
[DEBUG] 19:13:25.454 [AiEngine] Adaptive time: 500ms, depth: 4, reason: midgame, opening, tactical, emergency: false
[DEBUG] 19:13:25.454 [AiEngine] Using JS Search
[DEBUG] 19:13:25.459 [AiEngine] Adaptive time: 500ms, depth: 4, reason: midgame, opening, emergency: false
[DEBUG] 19:13:25.459 [AiEngine] Using JS Search
[DEBUG] 19:13:25.468 [AiEngine] Adaptive time: 500ms, depth: 4, reason: midgame, opening, tactical, emergency: false
[DEBUG] 19:13:25.468 [AiEngine] Using JS Search
[DEBUG] 19:13:25.473 [AiEngine] Adaptive time: 500ms, depth: 4, reason: midgame, opening, emergency: false
[DEBUG] 19:13:25.473 [AiEngine] Using JS Search
[DEBUG] 19:13:25.480 [AiEngine] Adaptive time: 500ms, depth: 4, reason: midgame, opening, tactical, emergency: false
[DEBUG] 19:13:25.480 [AiEngine] Using JS Search
[DEBUG] 19:13:25.484 [AiEngine] Adaptive time: 500ms, depth: 4, reason: midgame, opening, emergency: false
[DEBUG] 19:13:25.484 [AiEngine] Using JS Search
[DEBUG] 19:13:25.490 [AiEngine] Adaptive time: 500ms, depth: 4, reason: midgame, opening, tactical, emergency: false
[DEBUG] 19:13:25.490 [AiEngine] Using JS Search
[DEBUG] 19:13:25.492 [AiEngine] Adaptive time: 3000ms, depth: 5, reason: midgame, emergency: false
[DEBUG] 19:13:25.492 [AiEngine] Using JS Search
[DEBUG] 19:13:25.499 [AiEngine] Adaptive time: 3000ms, depth: 5, reason: midgame, tactical, emergency: false
[DEBUG] 19:13:25.499 [AiEngine] Using JS Search
[DEBUG] 19:13:25.502 [AiEngine] Adaptive time: 3000ms, depth: 5, reason: standard, emergency: false
[DEBUG] 19:13:25.502 [AiEngine] Using JS Search
[DEBUG] 19:13:25.506 [AiEngine] Adaptive time: 3000ms, depth: 5, reason: tactical, emergency: false
[DEBUG] 19:13:25.506 [AiEngine] Using JS Search
[DEBUG] 19:13:25.507 [AiEngine] Adaptive time: 3000ms, depth: 5, reason: standard, emergency: false
[DEBUG] 19:13:25.507 [AiEngine] Using JS Search
[DEBUG] 19:13:25.510 [AiEngine] Adaptive time: 3000ms, depth: 5, reason: tactical, emergency: false
[DEBUG] 19:13:25.510 [AiEngine] Using JS Search
[DEBUG] 19:13:25.511 [AiEngine] Adaptive time: 3000ms, depth: 5, reason: standard, emergency: false
[DEBUG] 19:13:25.511 [AiEngine] Using JS Search
[DEBUG] 19:13:25.515 [AiEngine] Adaptive time: 3000ms, depth: 5, reason: tactical, emergency: false
[DEBUG] 19:13:25.515 [AiEngine] Using JS Search
[DEBUG] 19:13:25.517 [AiEngine] Adaptive time: 3000ms, depth: 5, reason: standard, emergency: false
[DEBUG] 19:13:25.517 [AiEngine] Using JS Search
[DEBUG] 19:13:25.524 [AiEngine] Adaptive time: 3000ms, depth: 5, reason: tactical, emergency: false
[DEBUG] 19:13:25.524 [AiEngine] Using JS Search
[DEBUG] 19:13:25.526 [AiEngine] Adaptive time: 3000ms, depth: 5, reason: standard, emergency: false
[DEBUG] 19:13:25.526 [AiEngine] Using JS Search
[DEBUG] 19:13:25.530 [AiEngine] Adaptive time: 3000ms, depth: 5, reason: tactical, emergency: false
[DEBUG] 19:13:25.530 [AiEngine] Using JS Search
[DEBUG] 19:13:25.531 [AiEngine] Adaptive time: 3000ms, depth: 5, reason: standard, emergency: false
[DEBUG] 19:13:25.531 [AiEngine] Using JS Search
[DEBUG] 19:13:25.535 [AiEngine] Adaptive time: 3000ms, depth: 5, reason: tactical, emergency: false
[DEBUG] 19:13:25.535 [AiEngine] Using JS Search
[DEBUG] 19:13:25.536 [AiEngine] Adaptive time: 3000ms, depth: 5, reason: standard, emergency: false
[DEBUG] 19:13:25.536 [AiEngine] Using JS Search
[DEBUG] 19:13:25.540 [AiEngine] Adaptive time: 3000ms, depth: 5, reason: tactical, emergency: false
[DEBUG] 19:13:25.540 [AiEngine] Using JS Search
[DEBUG] 19:13:25.541 [AiEngine] Adaptive time: 3000ms, depth: 5, reason: standard, emergency: false
[DEBUG] 19:13:25.541 [AiEngine] Using JS Search
[DEBUG] 19:13:25.543 [AiEngine] Adaptive time: 3000ms, depth: 5, reason: tactical, emergency: false
[DEBUG] 19:13:25.543 [AiEngine] Using JS Search
[DEBUG] 19:13:25.641 [AiEngine] Adaptive time: 3000ms, depth: 5, reason: standard, emergency: false
[DEBUG] 19:13:25.641 [AiEngine] Using JS Search
[DEBUG] 19:13:25.644 [AiEngine] Adaptive time: 3000ms, depth: 5, reason: tactical, emergency: false
[DEBUG] 19:13:25.644 [AiEngine] Using JS Search
[DEBUG] 19:13:25.646 [AiEngine] Adaptive time: 3000ms, depth: 5, reason: standard, emergency: false
[DEBUG] 19:13:25.646 [AiEngine] Using JS Search
[DEBUG] 19:13:25.649 [AiEngine] Adaptive time: 3000ms, depth: 5, reason: tactical, emergency: false
[DEBUG] 19:13:25.649 [AiEngine] Using JS Search
[DEBUG] 19:13:25.737 [AiEngine] Adaptive time: 3000ms, depth: 5, reason: standard, emergency: false
[DEBUG] 19:13:25.737 [AiEngine] Using JS Search
[DEBUG] 19:13:25.740 [AiEngine] Adaptive time: 3000ms, depth: 5, reason: tactical, emergency: false
[DEBUG] 19:13:25.740 [AiEngine] Using JS Search
[DEBUG] 19:13:25.742 [AiEngine] Adaptive time: 3000ms, depth: 5, reason: standard, emergency: false
[DEBUG] 19:13:25.742 [AiEngine] Using JS Search
[DEBUG] 19:13:25.744 [AiEngine] Adaptive time: 3000ms, depth: 5, reason: tactical, emergency: false
[DEBUG] 19:13:25.744 [AiEngine] Using JS Search
[DEBUG] 19:13:25.746 [AiEngine] Adaptive time: 3000ms, depth: 5, reason: standard, emergency: false
[DEBUG] 19:13:25.746 [AiEngine] Using JS Search
[DEBUG] 19:13:25.748 [AiEngine] Adaptive time: 3000ms, depth: 5, reason: tactical, emergency: false
[DEBUG] 19:13:25.748 [AiEngine] Using JS Search
[DEBUG] 19:13:25.749 [AiEngine] Adaptive time: 3000ms, depth: 5, reason: standard, emergency: false
[DEBUG] 19:13:25.749 [AiEngine] Using JS Search
[DEBUG] 19:13:25.752 [AiEngine] Adaptive time: 3000ms, depth: 5, reason: tactical, emergency: false
[DEBUG] 19:13:25.752 [AiEngine] Using JS Search
[DEBUG] 19:13:25.753 [AiEngine] Adaptive time: 3000ms, depth: 5, reason: standard, emergency: false
[DEBUG] 19:13:25.753 [AiEngine] Using JS Search
[DEBUG] 19:13:25.755 [AiEngine] Adaptive time: 3000ms, depth: 5, reason: tactical, emergency: false
[DEBUG] 19:13:25.755 [AiEngine] Using JS Search
[DEBUG] 19:13:25.757 [AiEngine] Adaptive time: 3000ms, depth: 5, reason: standard, emergency: false
[DEBUG] 19:13:25.757 [AiEngine] Using JS Search
[DEBUG] 19:13:25.759 [AiEngine] Adaptive time: 3000ms, depth: 5, reason: tactical, emergency: false
[DEBUG] 19:13:25.759 [AiEngine] Using JS Search
[DEBUG] 19:13:25.761 [AiEngine] Adaptive time: 3000ms, depth: 5, reason: standard, emergency: false
[DEBUG] 19:13:25.761 [AiEngine] Using JS Search
[DEBUG] 19:13:25.762 [AiEngine] Adaptive time: 3000ms, depth: 5, reason: tactical, emergency: false
[DEBUG] 19:13:25.762 [AiEngine] Using JS Search
[DEBUG] 19:13:25.764 [AiEngine] Adaptive time: 3000ms, depth: 5, reason: standard, emergency: false
[DEBUG] 19:13:25.764 [AiEngine] Using JS Search
[DEBUG] 19:13:25.765 [AiEngine] Adaptive time: 3000ms, depth: 5, reason: tactical, emergency: false
[DEBUG] 19:13:25.765 [AiEngine] Using JS Search
[DEBUG] 19:13:25.766 [AiEngine] Adaptive time: 3000ms, depth: 5, reason: standard, emergency: false
[DEBUG] 19:13:25.766 [AiEngine] Using JS Search
[DEBUG] 19:13:25.768 [AiEngine] Adaptive time: 3000ms, depth: 5, reason: tactical, emergency: false
[DEBUG] 19:13:25.768 [AiEngine] Using JS Search
[DEBUG] 19:13:25.769 [AiEngine] Adaptive time: 3000ms, depth: 5, reason: standard, emergency: false
[DEBUG] 19:13:25.769 [AiEngine] Using JS Search
[DEBUG] 19:13:25.770 [AiEngine] Adaptive time: 3000ms, depth: 5, reason: tactical, emergency: false
[DEBUG] 19:13:25.771 [AiEngine] Using JS Search
[DEBUG] 19:13:25.772 [AiEngine] Adaptive time: 3000ms, depth: 5, reason: standard, emergency: false
[DEBUG] 19:13:25.772 [AiEngine] Using JS Search
[DEBUG] 19:13:25.773 [AiEngine] Adaptive time: 3000ms, depth: 5, reason: tactical, emergency: false
[DEBUG] 19:13:25.773 [AiEngine] Using JS Search
[DEBUG] 19:13:25.774 [AiEngine] Adaptive time: 3000ms, depth: 5, reason: standard, emergency: false
[DEBUG] 19:13:25.774 [AiEngine] Using JS Search
[DEBUG] 19:13:25.776 [AiEngine] Adaptive time: 3000ms, depth: 5, reason: tactical, emergency: false
[DEBUG] 19:13:25.776 [AiEngine] Using JS Search
[DEBUG] 19:13:25.777 [AiEngine] Adaptive time: 3000ms, depth: 5, reason: standard, emergency: false
[DEBUG] 19:13:25.777 [AiEngine] Using JS Search
[DEBUG] 19:13:25.778 [AiEngine] Adaptive time: 3000ms, depth: 5, reason: tactical, emergency: false
[DEBUG] 19:13:25.778 [AiEngine] Using JS Search
[DEBUG] 19:13:25.780 [AiEngine] Adaptive time: 3000ms, depth: 5, reason: standard, emergency: false
[DEBUG] 19:13:25.780 [AiEngine] Using JS Search
[DEBUG] 19:13:25.781 [AiEngine] Adaptive time: 3000ms, depth: 5, reason: tactical, emergency: false
[DEBUG] 19:13:25.781 [AiEngine] Using JS Search
[DEBUG] 19:13:25.782 [AiEngine] Adaptive time: 3000ms, depth: 5, reason: standard, emergency: false
[DEBUG] 19:13:25.782 [AiEngine] Using JS Search
[DEBUG] 19:13:25.784 [AiEngine] Adaptive time: 3000ms, depth: 5, reason: tactical, emergency: false
[DEBUG] 19:13:25.784 [AiEngine] Using JS Search
[DEBUG] 19:13:25.785 [AiEngine] Adaptive time: 3000ms, depth: 5, reason: standard, emergency: false
[DEBUG] 19:13:25.785 [AiEngine] Using JS Search
[DEBUG] 19:13:25.786 [AiEngine] Adaptive time: 3000ms, depth: 5, reason: tactical, emergency: false
[DEBUG] 19:13:25.786 [AiEngine] Using JS Search
[DEBUG] 19:13:25.788 [AiEngine] Adaptive time: 3000ms, depth: 5, reason: standard, emergency: false
[DEBUG] 19:13:25.788 [AiEngine] Using JS Search
[DEBUG] 19:13:25.789 [AiEngine] Adaptive time: 3000ms, depth: 5, reason: tactical, emergency: false
[DEBUG] 19:13:25.789 [AiEngine] Using JS Search
[DEBUG] 19:13:25.908 [AiEngine] Adaptive time: 3000ms, depth: 5, reason: standard, emergency: false
[DEBUG] 19:13:25.908 [AiEngine] Using JS Search
[DEBUG] 19:13:25.911 [AiEngine] Adaptive time: 3000ms, depth: 5, reason: tactical, emergency: false
[DEBUG] 19:13:25.911 [AiEngine] Using JS Search
[DEBUG] 19:13:25.912 [AiEngine] Adaptive time: 3000ms, depth: 5, reason: standard, emergency: false
[DEBUG] 19:13:25.912 [AiEngine] Using JS Search
[DEBUG] 19:13:25.915 [AiEngine] Adaptive time: 3000ms, depth: 5, reason: tactical, emergency: false
[DEBUG] 19:13:25.915 [AiEngine] Using JS Search
[DEBUG] 19:13:25.917 [AiEngine] Adaptive time: 500ms, depth: 4, reason: midgame, opening, emergency: false
[DEBUG] 19:13:25.917 [AiEngine] Using JS Search
[DEBUG] 19:13:25.926 [AiEngine] Adaptive time: 500ms, depth: 4, reason: midgame, opening, emergency: false
[DEBUG] 19:13:25.926 [AiEngine] Using JS Search
[DEBUG] 19:13:26.017 [AiEngine] Adaptive time: 500ms, depth: 4, reason: midgame, opening, emergency: false
[DEBUG] 19:13:26.017 [AiEngine] Using JS Search
[DEBUG] 19:13:26.217 [AiEngine] Adaptive time: 500ms, depth: 4, reason: midgame, opening, emergency: false
[DEBUG] 19:13:26.217 [AiEngine] Using JS Search
[DEBUG] 19:13:26.321 [AiEngine] Adaptive time: 500ms, depth: 4, reason: midgame, opening, emergency: false
[DEBUG] 19:13:26.321 [AiEngine] Using JS Search
[DEBUG] 19:13:26.436 [AiEngine] Adaptive time: 500ms, depth: 4, reason: midgame, opening, emergency: false
[DEBUG] 19:13:26.436 [AiEngine] Using JS Search
[DEBUG] 19:13:26.478 [AiEngine] Adaptive time: 500ms, depth: 4, reason: midgame, opening, tactical, emergency: false
[DEBUG] 19:13:26.478 [AiEngine] Using JS Search
[DEBUG] 19:13:26.565 [AiEngine] Adaptive time: 500ms, depth: 4, reason: midgame, opening, emergency: false
[DEBUG] 19:13:26.565 [AiEngine] Using JS Search
[DEBUG] 19:13:26.597 [AiEngine] Adaptive time: 500ms, depth: 4, reason: midgame, opening, emergency: false
[DEBUG] 19:13:26.597 [AiEngine] Using JS Search
[DEBUG] 19:13:26.703 [AiEngine] Adaptive time: 500ms, depth: 4, reason: midgame, opening, tactical, emergency: false
[DEBUG] 19:13:26.703 [AiEngine] Using JS Search
[DEBUG] 19:13:26.759 [AiEngine] Adaptive time: 500ms, depth: 4, reason: midgame, opening, emergency: false
[DEBUG] 19:13:26.759 [AiEngine] Using JS Search
[DEBUG] 19:13:26.887 [AiEngine] Adaptive time: 500ms, depth: 4, reason: midgame, opening, emergency: false
[DEBUG] 19:13:26.887 [AiEngine] Using JS Search
[DEBUG] 19:13:26.944 [AiEngine] Adaptive time: 500ms, depth: 4, reason: midgame, opening, emergency: false
[DEBUG] 19:13:26.944 [AiEngine] Using JS Search
[DEBUG] 19:13:27.038 [AiEngine] Adaptive time: 500ms, depth: 4, reason: midgame, opening, emergency: false
[DEBUG] 19:13:27.038 [AiEngine] Using JS Search
[DEBUG] 19:13:27.060 [AiEngine] Adaptive time: 500ms, depth: 4, reason: midgame, opening, tactical, emergency: false
[DEBUG] 19:13:27.060 [AiEngine] Using JS Search
[DEBUG] 19:13:27.225 [AiEngine] Adaptive time: 500ms, depth: 4, reason: midgame, opening, emergency: false
[DEBUG] 19:13:27.225 [AiEngine] Using JS Search
[DEBUG] 19:13:27.242 [AiEngine] Adaptive time: 500ms, depth: 4, reason: midgame, opening, emergency: false
[DEBUG] 19:13:27.242 [AiEngine] Using JS Search
[DEBUG] 19:13:27.260 [AiEngine] Adaptive time: 500ms, depth: 4, reason: midgame, opening, in-check, emergency: false
[DEBUG] 19:13:27.260 [AiEngine] Using JS Search
[DEBUG] 19:13:27.261 [AiEngine] Adaptive time: 500ms, depth: 4, reason: midgame, opening, emergency: false
[DEBUG] 19:13:27.261 [AiEngine] Using JS Search
[DEBUG] 19:13:27.263 [AiEngine] Adaptive time: 500ms, depth: 4, reason: midgame, opening, emergency: false
[DEBUG] 19:13:27.263 [AiEngine] Using JS Search
[DEBUG] 19:13:27.287 [AiEngine] Adaptive time: 500ms, depth: 4, reason: midgame, opening, tactical, emergency: false
[DEBUG] 19:13:27.287 [AiEngine] Using JS Search
[DEBUG] 19:13:27.288 [AiEngine] Adaptive time: 500ms, depth: 4, reason: midgame, opening, emergency: false
[DEBUG] 19:13:27.288 [AiEngine] Using JS Search
[DEBUG] 19:13:27.308 [AiEngine] Adaptive time: 500ms, depth: 4, reason: midgame, opening, tactical, emergency: false
[DEBUG] 19:13:27.308 [AiEngine] Using JS Search
[DEBUG] 19:13:27.309 [AiEngine] Adaptive time: 500ms, depth: 4, reason: midgame, opening, emergency: false
[DEBUG] 19:13:27.309 [AiEngine] Using JS Search
[DEBUG] 19:13:27.328 [AiEngine] Adaptive time: 500ms, depth: 4, reason: midgame, opening, tactical, emergency: false
[DEBUG] 19:13:27.328 [AiEngine] Using JS Search
[DEBUG] 19:13:27.330 [AiEngine] Adaptive time: 500ms, depth: 4, reason: midgame, opening, in-check, emergency: false
[DEBUG] 19:13:27.330 [AiEngine] Using JS Search
[DEBUG] 19:13:27.334 [AiEngine] Adaptive time: 500ms, depth: 4, reason: midgame, opening, tactical, emergency: false
[DEBUG] 19:13:27.334 [AiEngine] Using JS Search
[DEBUG] 19:13:27.335 [AiEngine] Adaptive time: 500ms, depth: 4, reason: midgame, opening, emergency: false
[DEBUG] 19:13:27.335 [AiEngine] Using JS Search
[DEBUG] 19:13:27.352 [AiEngine] Adaptive time: 500ms, depth: 4, reason: midgame, opening, emergency: false
[DEBUG] 19:13:27.352 [AiEngine] Using JS Search
[DEBUG] 19:13:27.353 [AiEngine] Adaptive time: 500ms, depth: 4, reason: midgame, opening, emergency: false
[DEBUG] 19:13:27.353 [AiEngine] Using JS Search
[DEBUG] 19:13:27.378 [AiEngine] Adaptive time: 500ms, depth: 4, reason: midgame, opening, emergency: false
[DEBUG] 19:13:27.378 [AiEngine] Using JS Search
[DEBUG] 19:13:27.379 [AiEngine] Adaptive time: 500ms, depth: 4, reason: midgame, opening, emergency: false
[DEBUG] 19:13:27.379 [AiEngine] Using JS Search
[DEBUG] 19:13:27.402 [AiEngine] Adaptive time: 500ms, depth: 4, reason: midgame, opening, emergency: false
[DEBUG] 19:13:27.402 [AiEngine] Using JS Search
[DEBUG] 19:13:27.403 [AiEngine] Adaptive time: 500ms, depth: 4, reason: midgame, opening, emergency: false
[DEBUG] 19:13:27.403 [AiEngine] Using JS Search
[DEBUG] 19:13:27.428 [AiEngine] Adaptive time: 500ms, depth: 4, reason: midgame, opening, emergency: false
[DEBUG] 19:13:27.428 [AiEngine] Using JS Search
[DEBUG] 19:13:27.429 [AiEngine] Adaptive time: 500ms, depth: 4, reason: midgame, opening, emergency: false
[DEBUG] 19:13:27.429 [AiEngine] Using JS Search
[DEBUG] 19:13:27.461 [AiEngine] Adaptive time: 500ms, depth: 4, reason: midgame, opening, in-check, tactical, emergency: false
[DEBUG] 19:13:27.461 [AiEngine] Using JS Search
[DEBUG] 19:13:27.462 [AiEngine] Adaptive time: 500ms, depth: 4, reason: midgame, opening, emergency: false
[DEBUG] 19:13:27.462 [AiEngine] Using JS Search
[DEBUG] 19:13:27.472 [AiEngine] Adaptive time: 500ms, depth: 4, reason: midgame, opening, emergency: false
[DEBUG] 19:13:27.472 [AiEngine] Using JS Search
[DEBUG] 19:13:27.473 [AiEngine] Adaptive time: 500ms, depth: 4, reason: midgame, opening, tactical, emergency: false
[DEBUG] 19:13:27.473 [AiEngine] Using JS Search
[DEBUG] 19:13:27.479 [AiEngine] Adaptive time: 3000ms, depth: 5, reason: midgame, in-check, emergency: false
[DEBUG] 19:13:27.479 [AiEngine] Using JS Search
[DEBUG] 19:13:27.480 [AiEngine] Adaptive time: 500ms, depth: 4, reason: midgame, opening, emergency: false
[DEBUG] 19:13:27.480 [AiEngine] Using JS Search
[DEBUG] 19:13:27.543 [AiEngine] Adaptive time: 500ms, depth: 4, reason: midgame, opening, emergency: false
[DEBUG] 19:13:27.543 [AiEngine] Using JS Search
[DEBUG] 19:13:27.620 [AiEngine] Adaptive time: 500ms, depth: 4, reason: midgame, opening, emergency: false
[DEBUG] 19:13:27.620 [AiEngine] Using JS Search
[DEBUG] 19:13:27.856 [AiEngine] Adaptive time: 500ms, depth: 4, reason: midgame, opening, tactical, emergency: false
[DEBUG] 19:13:27.856 [AiEngine] Using JS Search
[DEBUG] 19:13:28.141 [AiEngine] Adaptive time: 500ms, depth: 4, reason: midgame, opening, emergency: false
[DEBUG] 19:13:28.142 [AiEngine] Using JS Search
[DEBUG] 19:13:28.520 [AiEngine] Adaptive time: 500ms, depth: 4, reason: midgame, opening, tactical, emergency: false
[DEBUG] 19:13:28.520 [AiEngine] Using JS Search
[DEBUG] 19:13:28.657 [AiEngine] Adaptive time: 500ms, depth: 4, reason: midgame, opening, emergency: false
[DEBUG] 19:13:28.657 [AiEngine] Using JS Search
[DEBUG] 19:13:28.779 [AiEngine] Adaptive time: 500ms, depth: 4, reason: midgame, opening, tactical, emergency: false
[DEBUG] 19:13:28.779 [AiEngine] Using JS Search
[DEBUG] 19:13:28.815 [AiEngine] Adaptive time: 500ms, depth: 4, reason: midgame, opening, tactical, emergency: false
[DEBUG] 19:13:28.815 [AiEngine] Using JS Search
[DEBUG] 19:13:29.141 [AiEngine] Adaptive time: 500ms, depth: 4, reason: midgame, opening, emergency: false
[DEBUG] 19:13:29.141 [AiEngine] Using JS Search
[DEBUG] 19:13:29.453 [AiEngine] Adaptive time: 500ms, depth: 4, reason: midgame, opening, emergency: false
[DEBUG] 19:13:29.453 [AiEngine] Using JS Search
[DEBUG] 19:13:29.827 [AiEngine] Adaptive time: 500ms, depth: 4, reason: midgame, opening, emergency: false
[DEBUG] 19:13:29.827 [AiEngine] Using JS Search
[DEBUG] 19:13:29.973 [AiEngine] Adaptive time: 500ms, depth: 4, reason: midgame, opening, in-check, emergency: false
[DEBUG] 19:13:29.973 [AiEngine] Using JS Search
[DEBUG] 19:13:30.033 [AiEngine] Adaptive time: 500ms, depth: 4, reason: midgame, opening, emergency: false
[DEBUG] 19:13:30.033 [AiEngine] Using JS Search
[DEBUG] 19:13:30.106 [AiEngine] Adaptive time: 500ms, depth: 4, reason: midgame, opening, emergency: false
[DEBUG] 19:13:30.106 [AiEngine] Using JS Search
[DEBUG] 19:13:30.209 [AiEngine] Adaptive time: 500ms, depth: 4, reason: midgame, opening, emergency: false
[DEBUG] 19:13:30.209 [AiEngine] Using JS Search
[DEBUG] 19:13:30.301 [AiEngine] Adaptive time: 500ms, depth: 4, reason: midgame, opening, emergency: false
[DEBUG] 19:13:30.301 [AiEngine] Using JS Search
[DEBUG] 19:13:30.371 [AiEngine] Adaptive time: 500ms, depth: 4, reason: midgame, opening, tactical, emergency: false
[DEBUG] 19:13:30.371 [AiEngine] Using JS Search
[DEBUG] 19:13:30.627 [AiEngine] Adaptive time: 500ms, depth: 4, reason: midgame, opening, emergency: false
[DEBUG] 19:13:30.627 [AiEngine] Using JS Search
[DEBUG] 19:13:30.663 [AiEngine] Adaptive time: 500ms, depth: 4, reason: midgame, opening, tactical, emergency: false
[DEBUG] 19:13:30.663 [AiEngine] Using JS Search
[DEBUG] 19:13:30.751 [AiEngine] Adaptive time: 500ms, depth: 4, reason: midgame, opening, emergency: false
[DEBUG] 19:13:30.751 [AiEngine] Using JS Search
[DEBUG] 19:13:30.779 [AiEngine] Adaptive time: 500ms, depth: 4, reason: midgame, opening, tactical, emergency: false
[DEBUG] 19:13:30.779 [AiEngine] Using JS Search
[DEBUG] 19:13:30.796 [AiEngine] Adaptive time: 500ms, depth: 4, reason: midgame, opening, in-check, emergency: false
[DEBUG] 19:13:30.796 [AiEngine] Using JS Search
[DEBUG] 19:13:30.801 [AiEngine] Adaptive time: 500ms, depth: 4, reason: midgame, opening, tactical, emergency: false
[DEBUG] 19:13:30.801 [AiEngine] Using JS Search
[DEBUG] 19:13:31.097 [AiEngine] Adaptive time: 500ms, depth: 4, reason: midgame, opening, emergency: false
[DEBUG] 19:13:31.097 [AiEngine] Using JS Search
[DEBUG] 19:13:31.131 [AiEngine] Adaptive time: 500ms, depth: 4, reason: midgame, opening, tactical, emergency: false
[DEBUG] 19:13:31.131 [AiEngine] Using JS Search
[DEBUG] 19:13:31.132 [AiEngine] Adaptive time: 500ms, depth: 4, reason: midgame, opening, emergency: false
[DEBUG] 19:13:31.132 [AiEngine] Using JS Search
[DEBUG] 19:13:31.170 [AiEngine] Adaptive time: 500ms, depth: 4, reason: midgame, opening, emergency: false
[DEBUG] 19:13:31.170 [AiEngine] Using JS Search
[DEBUG] 19:13:31.171 [AiEngine] Adaptive time: 500ms, depth: 4, reason: midgame, opening, emergency: false
[DEBUG] 19:13:31.171 [AiEngine] Using JS Search
[DEBUG] 19:13:31.205 [AiEngine] Adaptive time: 500ms, depth: 4, reason: midgame, opening, tactical, emergency: false
[DEBUG] 19:13:31.206 [AiEngine] Using JS Search
[DEBUG] 19:13:31.206 [AiEngine] Adaptive time: 500ms, depth: 4, reason: midgame, opening, emergency: false
[DEBUG] 19:13:31.207 [AiEngine] Using JS Search
[DEBUG] 19:13:31.230 [AiEngine] Adaptive time: 500ms, depth: 4, reason: midgame, opening, tactical, emergency: false
[DEBUG] 19:13:31.230 [AiEngine] Using JS Search
[DEBUG] 19:13:31.231 [AiEngine] Adaptive time: 500ms, depth: 4, reason: midgame, opening, emergency: false
[DEBUG] 19:13:31.231 [AiEngine] Using JS Search
[DEBUG] 19:13:31.264 [AiEngine] Adaptive time: 500ms, depth: 4, reason: midgame, opening, tactical, emergency: false
[DEBUG] 19:13:31.264 [AiEngine] Using JS Search
[DEBUG] 19:13:31.265 [AiEngine] Adaptive time: 500ms, depth: 4, reason: midgame, opening, tactical, emergency: false
[DEBUG] 19:13:31.265 [AiEngine] Using JS Search
[DEBUG] 19:13:31.301 [AiEngine] Adaptive time: 500ms, depth: 4, reason: midgame, opening, tactical, emergency: false
[DEBUG] 19:13:31.301 [AiEngine] Using JS Search
[DEBUG] 19:13:31.309 [AiEngine] Adaptive time: 500ms, depth: 4, reason: midgame, opening, emergency: false
[DEBUG] 19:13:31.309 [AiEngine] Using JS Search
[DEBUG] 19:13:31.320 [AiEngine] Adaptive time: 500ms, depth: 4, reason: midgame, opening, tactical, emergency: false
[DEBUG] 19:13:31.320 [AiEngine] Using JS Search
[DEBUG] 19:13:31.328 [AiEngine] Adaptive time: 500ms, depth: 4, reason: midgame, opening, emergency: false
[DEBUG] 19:13:31.328 [AiEngine] Using JS Search
[DEBUG] 19:13:31.339 [AiEngine] Adaptive time: 500ms, depth: 4, reason: midgame, opening, tactical, emergency: false
[DEBUG] 19:13:31.339 [AiEngine] Using JS Search
[DEBUG] 19:13:31.345 [AiEngine] Adaptive time: 3000ms, depth: 5, reason: standard, emergency: false
[DEBUG] 19:13:31.345 [AiEngine] Using JS Search
[DEBUG] 19:13:31.362 [AiEngine] Adaptive time: 3000ms, depth: 5, reason: tactical, emergency: false
[DEBUG] 19:13:31.362 [AiEngine] Using JS Search
[DEBUG] 19:13:31.365 [AiEngine] Adaptive time: 3000ms, depth: 5, reason: in-check, emergency: false
[DEBUG] 19:13:31.365 [AiEngine] Using JS Search
[DEBUG] 19:13:31.374 [AiEngine] Adaptive time: 3000ms, depth: 5, reason: tactical, emergency: false
[DEBUG] 19:13:31.375 [AiEngine] Using JS Search
[DEBUG] 19:13:31.378 [AiEngine] Adaptive time: 3000ms, depth: 5, reason: standard, emergency: false
[DEBUG] 19:13:31.378 [AiEngine] Using JS Search
[DEBUG] 19:13:31.384 [AiEngine] Adaptive time: 3000ms, depth: 5, reason: tactical, emergency: false
[DEBUG] 19:13:31.384 [AiEngine] Using JS Search
[DEBUG] 19:13:31.387 [AiEngine] Adaptive time: 3000ms, depth: 5, reason: standard, emergency: false
[DEBUG] 19:13:31.387 [AiEngine] Using JS Search
[DEBUG] 19:13:31.394 [AiEngine] Adaptive time: 3000ms, depth: 5, reason: tactical, emergency: false
[DEBUG] 19:13:31.394 [AiEngine] Using JS Search
[DEBUG] 19:13:31.398 [AiEngine] Adaptive time: 3000ms, depth: 5, reason: standard, emergency: false
[DEBUG] 19:13:31.398 [AiEngine] Using JS Search
[DEBUG] 19:13:31.407 [AiEngine] Adaptive time: 3000ms, depth: 5, reason: tactical, emergency: false
[DEBUG] 19:13:31.407 [AiEngine] Using JS Search
[DEBUG] 19:13:31.415 [AiEngine] Adaptive time: 3000ms, depth: 5, reason: standard, emergency: false
[DEBUG] 19:13:31.415 [AiEngine] Using JS Search
[DEBUG] 19:13:31.424 [AiEngine] Adaptive time: 3000ms, depth: 5, reason: tactical, emergency: false
[DEBUG] 19:13:31.425 [AiEngine] Using JS Search
[DEBUG] 19:13:31.427 [AiEngine] Adaptive time: 3000ms, depth: 5, reason: standard, emergency: false
[DEBUG] 19:13:31.427 [AiEngine] Using JS Search
[DEBUG] 19:13:31.434 [AiEngine] Adaptive time: 3000ms, depth: 5, reason: tactical, emergency: false
[DEBUG] 19:13:31.434 [AiEngine] Using JS Search
[DEBUG] 19:13:31.439 [AiEngine] Adaptive time: 3000ms, depth: 5, reason: standard, emergency: false
[DEBUG] 19:13:31.439 [AiEngine] Using JS Search
[DEBUG] 19:13:31.448 [AiEngine] Adaptive time: 3000ms, depth: 5, reason: tactical, emergency: false
[DEBUG] 19:13:31.448 [AiEngine] Using JS Search
[DEBUG] 19:13:31.453 [AiEngine] Adaptive time: 3000ms, depth: 5, reason: standard, emergency: false
[DEBUG] 19:13:31.453 [AiEngine] Using JS Search
[DEBUG] 19:13:31.462 [AiEngine] Adaptive time: 3000ms, depth: 5, reason: tactical, emergency: false
[DEBUG] 19:13:31.462 [AiEngine] Using JS Search
[DEBUG] 19:13:31.466 [AiEngine] Adaptive time: 3000ms, depth: 5, reason: standard, emergency: false
[DEBUG] 19:13:31.466 [AiEngine] Using JS Search
[DEBUG] 19:13:31.474 [AiEngine] Adaptive time: 3000ms, depth: 5, reason: tactical, emergency: false
[DEBUG] 19:13:31.474 [AiEngine] Using JS Search
[DEBUG] 19:13:31.479 [AiEngine] Adaptive time: 3000ms, depth: 5, reason: standard, emergency: false
[DEBUG] 19:13:31.479 [AiEngine] Using JS Search
[DEBUG] 19:13:31.486 [AiEngine] Adaptive time: 3000ms, depth: 5, reason: tactical, emergency: false
[DEBUG] 19:13:31.486 [AiEngine] Using JS Search
[DEBUG] 19:13:31.489 [AiEngine] Adaptive time: 3000ms, depth: 5, reason: standard, emergency: false
[DEBUG] 19:13:31.489 [AiEngine] Using JS Search
[DEBUG] 19:13:31.496 [AiEngine] Adaptive time: 3000ms, depth: 5, reason: tactical, emergency: false
[DEBUG] 19:13:31.496 [AiEngine] Using JS Search
[DEBUG] 19:13:31.498 [AiEngine] Adaptive time: 3000ms, depth: 5, reason: standard, emergency: false
[DEBUG] 19:13:31.498 [AiEngine] Using JS Search
[DEBUG] 19:13:31.502 [AiEngine] Adaptive time: 3000ms, depth: 5, reason: tactical, emergency: false
[DEBUG] 19:13:31.502 [AiEngine] Using JS Search
[DEBUG] 19:13:31.602 [AiEngine] Adaptive time: 3000ms, depth: 5, reason: standard, emergency: false
[DEBUG] 19:13:31.602 [AiEngine] Using JS Search
[DEBUG] 19:13:31.610 [AiEngine] Adaptive time: 3000ms, depth: 5, reason: tactical, emergency: false
[DEBUG] 19:13:31.610 [AiEngine] Using JS Search
[DEBUG] 19:13:31.613 [AiEngine] Adaptive time: 3000ms, depth: 5, reason: standard, emergency: false
[DEBUG] 19:13:31.613 [AiEngine] Using JS Search
[DEBUG] 19:13:31.619 [AiEngine] Adaptive time: 3000ms, depth: 5, reason: tactical, emergency: false
[DEBUG] 19:13:31.619 [AiEngine] Using JS Search
[DEBUG] 19:13:31.623 [AiEngine] Adaptive time: 3000ms, depth: 5, reason: standard, emergency: false
[DEBUG] 19:13:31.623 [AiEngine] Using JS Search
[DEBUG] 19:13:31.629 [AiEngine] Adaptive time: 3000ms, depth: 5, reason: tactical, emergency: false
[DEBUG] 19:13:31.629 [AiEngine] Using JS Search
[DEBUG] 19:13:31.633 [AiEngine] Adaptive time: 3000ms, depth: 5, reason: standard, emergency: false
[DEBUG] 19:13:31.633 [AiEngine] Using JS Search
[DEBUG] 19:13:31.640 [AiEngine] Adaptive time: 3000ms, depth: 5, reason: tactical, emergency: false
[DEBUG] 19:13:31.641 [AiEngine] Using JS Search
[DEBUG] 19:13:31.644 [AiEngine] Adaptive time: 3000ms, depth: 5, reason: standard, emergency: false
[DEBUG] 19:13:31.644 [AiEngine] Using JS Search
[DEBUG] 19:13:31.645 [AiEngine] Adaptive time: 3000ms, depth: 5, reason: tactical, emergency: false
[DEBUG] 19:13:31.645 [AiEngine] Using JS Search
[DEBUG] 19:13:31.649 [AiEngine] Adaptive time: 3000ms, depth: 5, reason: standard, emergency: false
[DEBUG] 19:13:31.649 [AiEngine] Using JS Search
[DEBUG] 19:13:31.654 [AiEngine] Adaptive time: 3000ms, depth: 5, reason: tactical, emergency: false
[DEBUG] 19:13:31.654 [AiEngine] Using JS Search
[DEBUG] 19:13:31.658 [AiEngine] Adaptive time: 3000ms, depth: 5, reason: standard, emergency: false
[DEBUG] 19:13:31.658 [AiEngine] Using JS Search
[DEBUG] 19:13:31.663 [AiEngine] Adaptive time: 3000ms, depth: 5, reason: tactical, emergency: false
[DEBUG] 19:13:31.663 [AiEngine] Using JS Search
[DEBUG] 19:13:31.668 [AiEngine] Adaptive time: 3000ms, depth: 5, reason: standard, emergency: false
[DEBUG] 19:13:31.668 [AiEngine] Using JS Search
[DEBUG] 19:13:31.677 [AiEngine] Adaptive time: 3000ms, depth: 5, reason: tactical, emergency: false
[DEBUG] 19:13:31.677 [AiEngine] Using JS Search
[DEBUG] 19:13:31.681 [AiEngine] Adaptive time: 3000ms, depth: 5, reason: standard, emergency: false
[DEBUG] 19:13:31.681 [AiEngine] Using JS Search
[DEBUG] 19:13:31.689 [AiEngine] Adaptive time: 3000ms, depth: 5, reason: tactical, emergency: false
[DEBUG] 19:13:31.689 [AiEngine] Using JS Search
[DEBUG] 19:13:31.868 [AiEngine] Adaptive time: 3000ms, depth: 5, reason: standard, emergency: false
[DEBUG] 19:13:31.868 [AiEngine] Using JS Search
[DEBUG] 19:13:31.876 [AiEngine] Adaptive time: 3000ms, depth: 5, reason: tactical, emergency: false
[DEBUG] 19:13:31.876 [AiEngine] Using JS Search
[DEBUG] 19:13:31.879 [AiEngine] Adaptive time: 3000ms, depth: 5, reason: standard, emergency: false
[DEBUG] 19:13:31.879 [AiEngine] Using JS Search
[DEBUG] 19:13:31.884 [AiEngine] Adaptive time: 3000ms, depth: 5, reason: tactical, emergency: false
[DEBUG] 19:13:31.884 [AiEngine] Using JS Search
[DEBUG] 19:13:31.885 [AiEngine] Adaptive time: 3000ms, depth: 5, reason: standard, emergency: false
[DEBUG] 19:13:31.885 [AiEngine] Using JS Search
[DEBUG] 19:13:31.887 [AiEngine] Adaptive time: 3000ms, depth: 5, reason: tactical, emergency: false
[DEBUG] 19:13:31.887 [AiEngine] Using JS Search
[DEBUG] 19:13:31.890 [AiEngine] Adaptive time: 3000ms, depth: 5, reason: standard, emergency: false
[DEBUG] 19:13:31.890 [AiEngine] Using JS Search
[DEBUG] 19:13:31.896 [AiEngine] Adaptive time: 3000ms, depth: 5, reason: tactical, emergency: false
[DEBUG] 19:13:31.896 [AiEngine] Using JS Search
[DEBUG] 19:13:31.898 [AiEngine] Adaptive time: 3000ms, depth: 5, reason: in-check, emergency: false
[DEBUG] 19:13:31.898 [AiEngine] Using JS Search
[DEBUG] 19:13:31.903 [AiEngine] Adaptive time: 3000ms, depth: 5, reason: tactical, emergency: false
[DEBUG] 19:13:31.903 [AiEngine] Using JS Search
[DEBUG] 19:13:31.904 [AiEngine] Adaptive time: 3000ms, depth: 5, reason: standard, emergency: false
[DEBUG] 19:13:31.904 [AiEngine] Using JS Search
[DEBUG] 19:13:31.907 [AiEngine] Adaptive time: 3000ms, depth: 5, reason: tactical, emergency: false
[DEBUG] 19:13:31.907 [AiEngine] Using JS Search
[DEBUG] 19:13:31.909 [AiEngine] Adaptive time: 3000ms, depth: 5, reason: standard, emergency: false
[DEBUG] 19:13:31.909 [AiEngine] Using JS Search
[DEBUG] 19:13:31.913 [AiEngine] Adaptive time: 3000ms, depth: 5, reason: tactical, emergency: false
[DEBUG] 19:13:31.913 [AiEngine] Using JS Search
[DEBUG] 19:13:31.915 [AiEngine] Adaptive time: 3000ms, depth: 5, reason: standard, emergency: false
[DEBUG] 19:13:31.915 [AiEngine] Using JS Search
[DEBUG] 19:13:31.921 [AiEngine] Adaptive time: 3000ms, depth: 5, reason: tactical, emergency: false
[DEBUG] 19:13:31.921 [AiEngine] Using JS Search
[DEBUG] 19:13:31.923 [AiEngine] Adaptive time: 500ms, depth: 4, reason: midgame, opening, emergency: false
[DEBUG] 19:13:31.923 [AiEngine] Using JS Search
[DEBUG] 19:13:31.979 [AiEngine] Adaptive time: 500ms, depth: 4, reason: midgame, opening, emergency: false
[DEBUG] 19:13:31.979 [AiEngine] Using JS Search
[DEBUG] 19:13:32.128 [AiEngine] Adaptive time: 500ms, depth: 4, reason: midgame, opening, tactical, emergency: false
[DEBUG] 19:13:32.128 [AiEngine] Using JS Search
[DEBUG] 19:13:32.595 [AiEngine] Adaptive time: 500ms, depth: 4, reason: midgame, opening, emergency: false
[DEBUG] 19:13:32.596 [AiEngine] Using JS Search
[DEBUG] 19:13:32.830 [AiEngine] Adaptive time: 500ms, depth: 4, reason: midgame, opening, tactical, emergency: false
[DEBUG] 19:13:32.831 [AiEngine] Using JS Search
[DEBUG] 19:13:33.011 [AiEngine] Adaptive time: 500ms, depth: 4, reason: midgame, opening, tactical, emergency: false
[DEBUG] 19:13:33.011 [AiEngine] Using JS Search
[DEBUG] 19:13:33.110 [AiEngine] Adaptive time: 500ms, depth: 4, reason: midgame, opening, emergency: false
[DEBUG] 19:13:33.110 [AiEngine] Using JS Search
[DEBUG] 19:13:33.144 [AiEngine] Adaptive time: 500ms, depth: 4, reason: midgame, opening, emergency: false
[DEBUG] 19:13:33.144 [AiEngine] Using JS Search
[DEBUG] 19:13:33.262 [AiEngine] Adaptive time: 500ms, depth: 4, reason: midgame, opening, tactical, emergency: false
[DEBUG] 19:13:33.262 [AiEngine] Using JS Search
[DEBUG] 19:13:33.397 [AiEngine] Adaptive time: 500ms, depth: 4, reason: midgame, opening, emergency: false
[DEBUG] 19:13:33.397 [AiEngine] Using JS Search
[DEBUG] 19:13:33.439 [AiEngine] Adaptive time: 500ms, depth: 4, reason: midgame, opening, tactical, emergency: false
[DEBUG] 19:13:33.439 [AiEngine] Using JS Search
[DEBUG] 19:13:33.610 [AiEngine] Adaptive time: 500ms, depth: 4, reason: midgame, opening, emergency: false
[DEBUG] 19:13:33.610 [AiEngine] Using JS Search
[DEBUG] 19:13:33.648 [AiEngine] Adaptive time: 500ms, depth: 4, reason: midgame, opening, tactical, emergency: false
[DEBUG] 19:13:33.648 [AiEngine] Using JS Search
[DEBUG] 19:13:33.727 [AiEngine] Adaptive time: 500ms, depth: 4, reason: midgame, opening, in-check, emergency: false
[DEBUG] 19:13:33.727 [AiEngine] Using JS Search
[DEBUG] 19:13:33.778 [AiEngine] Adaptive time: 500ms, depth: 4, reason: midgame, opening, emergency: false
[DEBUG] 19:13:33.778 [AiEngine] Using JS Search
[DEBUG] 19:13:33.815 [AiEngine] Adaptive time: 500ms, depth: 4, reason: midgame, opening, emergency: false
[DEBUG] 19:13:33.815 [AiEngine] Using JS Search
[DEBUG] 19:13:33.867 [AiEngine] Adaptive time: 500ms, depth: 4, reason: midgame, opening, emergency: false
[DEBUG] 19:13:33.867 [AiEngine] Using JS Search
[DEBUG] 19:13:33.984 [AiEngine] Adaptive time: 500ms, depth: 4, reason: midgame, opening, emergency: false
[DEBUG] 19:13:33.984 [AiEngine] Using JS Search
[DEBUG] 19:13:34.015 [AiEngine] Adaptive time: 500ms, depth: 4, reason: midgame, opening, emergency: false
[DEBUG] 19:13:34.015 [AiEngine] Using JS Search
[DEBUG] 19:13:34.327 [AiEngine] Adaptive time: 500ms, depth: 4, reason: midgame, opening, emergency: false
[DEBUG] 19:13:34.327 [AiEngine] Using JS Search
[DEBUG] 19:13:34.360 [AiEngine] Adaptive time: 500ms, depth: 4, reason: midgame, opening, emergency: false
[DEBUG] 19:13:34.360 [AiEngine] Using JS Search
[DEBUG] 19:13:34.438 [AiEngine] Adaptive time: 500ms, depth: 4, reason: midgame, opening, emergency: false
[DEBUG] 19:13:34.438 [AiEngine] Using JS Search
[DEBUG] 19:13:34.463 [AiEngine] Adaptive time: 500ms, depth: 4, reason: midgame, opening, emergency: false
[DEBUG] 19:13:34.463 [AiEngine] Using JS Search
[DEBUG] 19:13:34.507 [AiEngine] Adaptive time: 500ms, depth: 4, reason: midgame, opening, emergency: false
[DEBUG] 19:13:34.507 [AiEngine] Using JS Search
[DEBUG] 19:13:34.531 [AiEngine] Adaptive time: 500ms, depth: 4, reason: midgame, opening, emergency: false
[DEBUG] 19:13:34.531 [AiEngine] Using JS Search
[DEBUG] 19:13:34.687 [AiEngine] Adaptive time: 500ms, depth: 4, reason: midgame, opening, emergency: false
[DEBUG] 19:13:34.687 [AiEngine] Using JS Search
[DEBUG] 19:13:34.707 [AiEngine] Adaptive time: 500ms, depth: 4, reason: midgame, opening, emergency: false
[DEBUG] 19:13:34.707 [AiEngine] Using JS Search
[DEBUG] 19:13:34.843 [AiEngine] Adaptive time: 500ms, depth: 4, reason: midgame, opening, emergency: false
[DEBUG] 19:13:34.843 [AiEngine] Using JS Search
[DEBUG] 19:13:34.864 [AiEngine] Adaptive time: 500ms, depth: 4, reason: midgame, opening, emergency: false
[DEBUG] 19:13:34.864 [AiEngine] Using JS Search
[DEBUG] 19:13:34.914 [AiEngine] Adaptive time: 500ms, depth: 4, reason: midgame, opening, emergency: false
[DEBUG] 19:13:34.914 [AiEngine] Using JS Search
[DEBUG] 19:13:35.029 [AiEngine] Adaptive time: 500ms, depth: 4, reason: midgame, opening, emergency: false
[DEBUG] 19:13:35.029 [AiEngine] Using JS Search
[DEBUG] 19:13:35.133 [AiEngine] Adaptive time: 500ms, depth: 4, reason: midgame, opening, emergency: false
[DEBUG] 19:13:35.133 [AiEngine] Using JS Search
[DEBUG] 19:13:35.276 [AiEngine] Adaptive time: 500ms, depth: 4, reason: midgame, opening, emergency: false
[DEBUG] 19:13:35.276 [AiEngine] Using JS Search
[DEBUG] 19:13:35.428 [AiEngine] Adaptive time: 500ms, depth: 4, reason: midgame, opening, emergency: false
[DEBUG] 19:13:35.428 [AiEngine] Using JS Search
[DEBUG] 19:13:35.585 [AiEngine] Adaptive time: 500ms, depth: 4, reason: midgame, opening, emergency: false
[DEBUG] 19:13:35.585 [AiEngine] Using JS Search
[DEBUG] 19:13:35.697 [AiEngine] Adaptive time: 500ms, depth: 4, reason: midgame, opening, emergency: false
[DEBUG] 19:13:35.697 [AiEngine] Using JS Search
[DEBUG] 19:13:35.783 [AiEngine] Adaptive time: 500ms, depth: 4, reason: midgame, opening, emergency: false
[DEBUG] 19:13:35.783 [AiEngine] Using JS Search
[DEBUG] 19:13:35.992 [AiEngine] Adaptive time: 500ms, depth: 4, reason: midgame, opening, emergency: false
[DEBUG] 19:13:35.992 [AiEngine] Using JS Search
[DEBUG] 19:13:36.102 [AiEngine] Adaptive time: 500ms, depth: 4, reason: midgame, opening, emergency: false
[DEBUG] 19:13:36.102 [AiEngine] Using JS Search
[DEBUG] 19:13:36.359 [AiEngine] Adaptive time: 500ms, depth: 4, reason: midgame, opening, emergency: false
[DEBUG] 19:13:36.359 [AiEngine] Using JS Search
[DEBUG] 19:13:36.502 [AiEngine] Adaptive time: 3000ms, depth: 5, reason: midgame, emergency: false
[DEBUG] 19:13:36.502 [AiEngine] Using JS Search
[DEBUG] 19:13:36.992 [AiEngine] Adaptive time: 3000ms, depth: 5, reason: midgame, emergency: false
[DEBUG] 19:13:36.992 [AiEngine] Using JS Search
[DEBUG] 19:13:37.245 [AiEngine] Adaptive time: 3000ms, depth: 5, reason: midgame, emergency: false
[DEBUG] 19:13:37.245 [AiEngine] Using JS Search
[DEBUG] 19:13:37.304 [AiEngine] Adaptive time: 3000ms, depth: 5, reason: midgame, tactical, emergency: false
[DEBUG] 19:13:37.304 [AiEngine] Using JS Search
[DEBUG] 19:13:37.410 [AiEngine] Adaptive time: 3000ms, depth: 5, reason: midgame, in-check, emergency: false
[DEBUG] 19:13:37.410 [AiEngine] Using JS Search
[DEBUG] 19:13:37.473 [AiEngine] Adaptive time: 3000ms, depth: 5, reason: midgame, tactical, emergency: false
[DEBUG] 19:13:37.473 [AiEngine] Using JS Search
[DEBUG] 19:13:37.541 [AiEngine] Adaptive time: 3000ms, depth: 5, reason: midgame, tactical, emergency: false
[DEBUG] 19:13:37.541 [AiEngine] Using JS Search
[DEBUG] 19:13:37.688 [AiEngine] Adaptive time: 3000ms, depth: 5, reason: midgame, tactical, emergency: false
[DEBUG] 19:13:37.688 [AiEngine] Using JS Search
[DEBUG] 19:13:37.689 [AiEngine] Adaptive time: 3000ms, depth: 5, reason: midgame, tactical, emergency: false
[DEBUG] 19:13:37.689 [AiEngine] Using JS Search
[DEBUG] 19:13:38.048 [AiEngine] Adaptive time: 3000ms, depth: 5, reason: midgame, tactical, emergency: false
[DEBUG] 19:13:38.048 [AiEngine] Using JS Search
[DEBUG] 19:13:38.050 [AiEngine] Adaptive time: 3000ms, depth: 5, reason: midgame, emergency: false
[DEBUG] 19:13:38.050 [AiEngine] Using JS Search
[DEBUG] 19:13:38.247 [AiEngine] Adaptive time: 3000ms, depth: 5, reason: midgame, emergency: false
[DEBUG] 19:13:38.247 [AiEngine] Using JS Search
[DEBUG] 19:13:38.248 [AiEngine] Adaptive time: 3000ms, depth: 5, reason: midgame, emergency: false
[DEBUG] 19:13:38.248 [AiEngine] Using JS Search
[DEBUG] 19:13:38.420 [AiEngine] Adaptive time: 3000ms, depth: 5, reason: midgame, emergency: false
[DEBUG] 19:13:38.420 [AiEngine] Using JS Search
[DEBUG] 19:13:38.682 [AiEngine] Adaptive time: 3000ms, depth: 5, reason: midgame, emergency: false
[DEBUG] 19:13:38.683 [AiEngine] Using JS Search
[DEBUG] 19:13:38.765 [AiEngine] Adaptive time: 3000ms, depth: 5, reason: midgame, emergency: false
[DEBUG] 19:13:38.765 [AiEngine] Using JS Search
[DEBUG] 19:13:38.961 [AiEngine] Adaptive time: 3000ms, depth: 5, reason: midgame, tactical, emergency: false
[DEBUG] 19:13:38.961 [AiEngine] Using JS Search
[DEBUG] 19:13:39.073 [AiEngine] Adaptive time: 3000ms, depth: 5, reason: midgame, emergency: false
[DEBUG] 19:13:39.073 [AiEngine] Using JS Search
[DEBUG] 19:13:39.225 [AiEngine] Adaptive time: 3000ms, depth: 5, reason: midgame, tactical, emergency: false
[DEBUG] 19:13:39.226 [AiEngine] Using JS Search
[DEBUG] 19:13:39.375 [AiEngine] Adaptive time: 3000ms, depth: 5, reason: midgame, emergency: false
[DEBUG] 19:13:39.375 [AiEngine] Using JS Search
[DEBUG] 19:13:39.683 [AiEngine] Adaptive time: 3000ms, depth: 5, reason: midgame, tactical, emergency: false
[DEBUG] 19:13:39.683 [AiEngine] Using JS Search
[DEBUG] 19:13:39.812 [AiEngine] Adaptive time: 3000ms, depth: 5, reason: midgame, emergency: false
[DEBUG] 19:13:39.812 [AiEngine] Using JS Search
[DEBUG] 19:13:39.910 [AiEngine] Adaptive time: 3000ms, depth: 5, reason: midgame, emergency: false
[DEBUG] 19:13:39.910 [AiEngine] Using JS Search
[DEBUG] 19:13:39.959 [AiEngine] Adaptive time: 3000ms, depth: 5, reason: standard, emergency: false
[DEBUG] 19:13:39.959 [AiEngine] Using JS Search
[DEBUG] 19:13:40.171 [AiEngine] Adaptive time: 3000ms, depth: 5, reason: tactical, emergency: false
[DEBUG] 19:13:40.171 [AiEngine] Using JS Search
[DEBUG] 19:13:40.220 [AiEngine] Adaptive time: 3000ms, depth: 5, reason: in-check, emergency: false
[DEBUG] 19:13:40.220 [AiEngine] Using JS Search
[DEBUG] 19:13:40.259 [AiEngine] Adaptive time: 3000ms, depth: 5, reason: standard, emergency: false
[DEBUG] 19:13:40.260 [AiEngine] Using JS Search
[DEBUG] 19:13:40.346 [AiEngine] Adaptive time: 3000ms, depth: 5, reason: standard, emergency: false
[DEBUG] 19:13:40.346 [AiEngine] Using JS Search
[DEBUG] 19:13:40.505 [AiEngine] Adaptive time: 3000ms, depth: 5, reason: standard, emergency: false
[DEBUG] 19:13:40.505 [AiEngine] Using JS Search
[DEBUG] 19:13:40.645 [AiEngine] Adaptive time: 3000ms, depth: 5, reason: in-check, emergency: false
[DEBUG] 19:13:40.645 [AiEngine] Using JS Search
[DEBUG] 19:13:40.690 [AiEngine] Adaptive time: 3000ms, depth: 5, reason: standard, emergency: false
[DEBUG] 19:13:40.690 [AiEngine] Using JS Search
[DEBUG] 19:13:40.855 [AiEngine] Adaptive time: 3000ms, depth: 5, reason: standard, emergency: false
[DEBUG] 19:13:40.855 [AiEngine] Using JS Search
[DEBUG] 19:13:40.909 [AiEngine] Adaptive time: 3000ms, depth: 5, reason: tactical, emergency: false
[DEBUG] 19:13:40.909 [AiEngine] Using JS Search
[DEBUG] 19:13:40.975 [AiEngine] Adaptive time: 3000ms, depth: 5, reason: standard, emergency: false
[DEBUG] 19:13:40.975 [AiEngine] Using JS Search
[DEBUG] 19:13:41.030 [AiEngine] Adaptive time: 3000ms, depth: 5, reason: standard, emergency: false
[DEBUG] 19:13:41.030 [AiEngine] Using JS Search
[DEBUG] 19:13:41.121 [AiEngine] Adaptive time: 3000ms, depth: 5, reason: standard, emergency: false
[DEBUG] 19:13:41.121 [AiEngine] Using JS Search
[DEBUG] 19:13:41.182 [AiEngine] Adaptive time: 3000ms, depth: 5, reason: standard, emergency: false
[DEBUG] 19:13:41.182 [AiEngine] Using JS Search
[DEBUG] 19:13:41.221 [AiEngine] Adaptive time: 3000ms, depth: 5, reason: standard, emergency: false
[DEBUG] 19:13:41.221 [AiEngine] Using JS Search
[DEBUG] 19:13:41.306 [AiEngine] Adaptive time: 3000ms, depth: 5, reason: standard, emergency: false
[DEBUG] 19:13:41.306 [AiEngine] Using JS Search
[DEBUG] 19:13:41.395 [AiEngine] Adaptive time: 3000ms, depth: 5, reason: standard, emergency: false
[DEBUG] 19:13:41.395 [AiEngine] Using JS Search
[DEBUG] 19:13:41.475 [AiEngine] Adaptive time: 3000ms, depth: 5, reason: endgame, emergency: false
[DEBUG] 19:13:41.475 [AiEngine] Using JS Search
[DEBUG] 19:13:41.651 [AiEngine] Adaptive time: 3000ms, depth: 5, reason: endgame, emergency: false
[DEBUG] 19:13:41.651 [AiEngine] Using JS Search
[DEBUG] 19:13:41.754 [AiEngine] Adaptive time: 3000ms, depth: 5, reason: endgame, emergency: false
[DEBUG] 19:13:41.754 [AiEngine] Using JS Search
[DEBUG] 19:13:41.928 [AiEngine] Adaptive time: 3000ms, depth: 5, reason: endgame, emergency: false
[DEBUG] 19:13:41.928 [AiEngine] Using JS Search
[DEBUG] 19:13:42.068 [AiEngine] Adaptive time: 3000ms, depth: 5, reason: endgame, tactical, emergency: false
[DEBUG] 19:13:42.068 [AiEngine] Using JS Search
[DEBUG] 19:13:42.237 [AiEngine] Adaptive time: 3000ms, depth: 5, reason: endgame, in-check, emergency: false
[DEBUG] 19:13:42.237 [AiEngine] Using JS Search
[DEBUG] 19:13:42.379 [AiEngine] Adaptive time: 3000ms, depth: 5, reason: endgame, tactical, emergency: false
[DEBUG] 19:13:42.379 [AiEngine] Using JS Search
[DEBUG] 19:13:42.424 [AiEngine] Adaptive time: 3000ms, depth: 5, reason: endgame, emergency: false
[DEBUG] 19:13:42.424 [AiEngine] Using JS Search
[DEBUG] 19:13:42.505 [AiEngine] Adaptive time: 3000ms, depth: 5, reason: endgame, emergency: false
[DEBUG] 19:13:42.505 [AiEngine] Using JS Search
[DEBUG] 19:13:42.610 [AiEngine] Adaptive time: 3000ms, depth: 5, reason: endgame, emergency: false
[DEBUG] 19:13:42.610 [AiEngine] Using JS Search
[DEBUG] 19:13:42.681 [AiEngine] Adaptive time: 3000ms, depth: 5, reason: endgame, emergency: false
[DEBUG] 19:13:42.681 [AiEngine] Using JS Search
[DEBUG] 19:13:42.767 [AiEngine] Adaptive time: 3000ms, depth: 5, reason: endgame, emergency: false
[DEBUG] 19:13:42.767 [AiEngine] Using JS Search
[DEBUG] 19:13:42.806 [AiEngine] Adaptive time: 3000ms, depth: 5, reason: endgame, emergency: false
[DEBUG] 19:13:42.806 [AiEngine] Using JS Search
[DEBUG] 19:13:42.892 [AiEngine] Adaptive time: 3000ms, depth: 5, reason: endgame, emergency: false
[DEBUG] 19:13:42.892 [AiEngine] Using JS Search
[DEBUG] 19:13:42.944 [AiEngine] Adaptive time: 3000ms, depth: 5, reason: endgame, emergency: false
[DEBUG] 19:13:42.944 [AiEngine] Using JS Search
[DEBUG] 19:13:43.030 [AiEngine] Adaptive time: 3000ms, depth: 5, reason: endgame, emergency: false
[DEBUG] 19:13:43.030 [AiEngine] Using JS Search
[DEBUG] 19:13:43.087 [AiEngine] Adaptive time: 3000ms, depth: 5, reason: endgame, tactical, emergency: false
[DEBUG] 19:13:43.087 [AiEngine] Using JS Search
[DEBUG] 19:13:43.182 [AiEngine] Adaptive time: 3000ms, depth: 5, reason: endgame, emergency: false
[DEBUG] 19:13:43.182 [AiEngine] Using JS Search
[DEBUG] 19:13:43.271 [AiEngine] Adaptive time: 3000ms, depth: 5, reason: endgame, emergency: false
[DEBUG] 19:13:43.271 [AiEngine] Using JS Search
[DEBUG] 19:13:43.399 [AiEngine] Adaptive time: 3000ms, depth: 5, reason: endgame, emergency: false
[DEBUG] 19:13:43.399 [AiEngine] Using JS Search
[DEBUG] 19:13:43.436 [AiEngine] Adaptive time: 500ms, depth: 4, reason: midgame, opening, emergency: false
[DEBUG] 19:13:43.436 [AiEngine] Using JS Search
[DEBUG] 19:13:43.446 [AiEngine] Adaptive time: 500ms, depth: 4, reason: midgame, opening, emergency: false
[DEBUG] 19:13:43.446 [AiEngine] Using JS Search
[DEBUG] 19:13:43.559 [AiEngine] Adaptive time: 500ms, depth: 4, reason: midgame, opening, emergency: false
[DEBUG] 19:13:43.559 [AiEngine] Using JS Search
[DEBUG] 19:13:44.061 [AiEngine] Adaptive time: 500ms, depth: 4, reason: midgame, opening, emergency: false
[DEBUG] 19:13:44.061 [AiEngine] Using JS Search
[DEBUG] 19:13:44.062 [AiEngine] Adaptive time: 500ms, depth: 4, reason: midgame, opening, emergency: false
[DEBUG] 19:13:44.062 [AiEngine] Using JS Search
[DEBUG] 19:13:44.062 [AiEngine] Adaptive time: 500ms, depth: 4, reason: midgame, opening, tactical, emergency: false
[DEBUG] 19:13:44.062 [AiEngine] Using JS Search
[DEBUG] 19:13:44.071 [AiEngine] Adaptive time: 500ms, depth: 4, reason: midgame, opening, emergency: false
[DEBUG] 19:13:44.071 [AiEngine] Using JS Search
[DEBUG] 19:13:44.071 [AiEngine] Adaptive time: 500ms, depth: 4, reason: midgame, opening, tactical, emergency: false
[DEBUG] 19:13:44.071 [AiEngine] Using JS Search
[DEBUG] 19:13:44.071 [AiEngine] Adaptive time: 500ms, depth: 4, reason: midgame, opening, emergency: false
[DEBUG] 19:13:44.071 [AiEngine] Using JS Search
[DEBUG] 19:13:44.071 [AiEngine] Adaptive time: 500ms, depth: 4, reason: midgame, opening, tactical, emergency: false
[DEBUG] 19:13:44.071 [AiEngine] Using JS Search
[DEBUG] 19:13:44.071 [AiEngine] Adaptive time: 500ms, depth: 4, reason: midgame, opening, emergency: false
[DEBUG] 19:13:44.071 [AiEngine] Using JS Search
[DEBUG] 19:13:44.072 [AiEngine] Adaptive time: 500ms, depth: 4, reason: midgame, opening, tactical, emergency: false
[DEBUG] 19:13:44.072 [AiEngine] Using JS Search
[DEBUG] 19:13:44.072 [AiEngine] Adaptive time: 500ms, depth: 4, reason: midgame, opening, emergency: false
[DEBUG] 19:13:44.072 [AiEngine] Using JS Search
[DEBUG] 19:13:44.072 [AiEngine] Adaptive time: 500ms, depth: 4, reason: midgame, opening, tactical, emergency: false
[DEBUG] 19:13:44.072 [AiEngine] Using JS Search
[DEBUG] 19:13:44.072 [AiEngine] Adaptive time: 500ms, depth: 4, reason: midgame, opening, emergency: false
[DEBUG] 19:13:44.072 [AiEngine] Using JS Search
[DEBUG] 19:13:44.072 [AiEngine] Adaptive time: 500ms, depth: 4, reason: midgame, opening, tactical, emergency: false
[DEBUG] 19:13:44.072 [AiEngine] Using JS Search
[DEBUG] 19:13:44.073 [AiEngine] Adaptive time: 500ms, depth: 4, reason: midgame, opening, emergency: false
[DEBUG] 19:13:44.073 [AiEngine] Using JS Search
[DEBUG] 19:13:44.073 [AiEngine] Adaptive time: 500ms, depth: 4, reason: midgame, opening, tactical, emergency: false
[DEBUG] 19:13:44.073 [AiEngine] Using JS Search
[DEBUG] 19:13:44.073 [AiEngine] Adaptive time: 500ms, depth: 4, reason: midgame, opening, emergency: false
[DEBUG] 19:13:44.073 [AiEngine] Using JS Search
[DEBUG] 19:13:44.073 [AiEngine] Adaptive time: 500ms, depth: 4, reason: midgame, opening, tactical, emergency: false
[DEBUG] 19:13:44.073 [AiEngine] Using JS Search
[DEBUG] 19:13:44.073 [AiEngine] Adaptive time: 500ms, depth: 4, reason: midgame, opening, emergency: false
[DEBUG] 19:13:44.073 [AiEngine] Using JS Search
[DEBUG] 19:13:44.074 [AiEngine] Adaptive time: 500ms, depth: 4, reason: midgame, opening, tactical, emergency: false
[DEBUG] 19:13:44.074 [AiEngine] Using JS Search
[DEBUG] 19:13:44.074 [AiEngine] Adaptive time: 500ms, depth: 4, reason: midgame, opening, emergency: false
[DEBUG] 19:13:44.074 [AiEngine] Using JS Search
[DEBUG] 19:13:44.074 [AiEngine] Adaptive time: 500ms, depth: 4, reason: midgame, opening, tactical, emergency: false
[DEBUG] 19:13:44.074 [AiEngine] Using JS Search
[DEBUG] 19:13:44.074 [AiEngine] Adaptive time: 500ms, depth: 4, reason: midgame, opening, emergency: false
[DEBUG] 19:13:44.074 [AiEngine] Using JS Search
[DEBUG] 19:13:44.074 [AiEngine] Adaptive time: 500ms, depth: 4, reason: midgame, opening, tactical, emergency: false
[DEBUG] 19:13:44.074 [AiEngine] Using JS Search
[DEBUG] 19:13:44.075 [AiEngine] Adaptive time: 500ms, depth: 4, reason: midgame, opening, emergency: false
[DEBUG] 19:13:44.075 [AiEngine] Using JS Search
[DEBUG] 19:13:44.075 [AiEngine] Adaptive time: 500ms, depth: 4, reason: midgame, opening, tactical, emergency: false
[DEBUG] 19:13:44.075 [AiEngine] Using JS Search
[DEBUG] 19:13:44.075 [AiEngine] Adaptive time: 500ms, depth: 4, reason: midgame, opening, emergency: false
[DEBUG] 19:13:44.075 [AiEngine] Using JS Search
[DEBUG] 19:13:44.075 [AiEngine] Adaptive time: 500ms, depth: 4, reason: midgame, opening, tactical, emergency: false
[DEBUG] 19:13:44.075 [AiEngine] Using JS Search
[DEBUG] 19:13:44.075 [AiEngine] Adaptive time: 500ms, depth: 4, reason: midgame, opening, emergency: false
[DEBUG] 19:13:44.075 [AiEngine] Using JS Search
[DEBUG] 19:13:44.076 [AiEngine] Adaptive time: 500ms, depth: 4, reason: midgame, opening, tactical, emergency: false
[DEBUG] 19:13:44.076 [AiEngine] Using JS Search
[DEBUG] 19:13:44.076 [AiEngine] Adaptive time: 500ms, depth: 4, reason: midgame, opening, emergency: false
[DEBUG] 19:13:44.076 [AiEngine] Using JS Search
[DEBUG] 19:13:44.076 [AiEngine] Adaptive time: 500ms, depth: 4, reason: midgame, opening, tactical, emergency: false
[DEBUG] 19:13:44.076 [AiEngine] Using JS Search
[DEBUG] 19:13:44.076 [AiEngine] Adaptive time: 500ms, depth: 4, reason: midgame, opening, emergency: false
[DEBUG] 19:13:44.076 [AiEngine] Using JS Search
[DEBUG] 19:13:44.076 [AiEngine] Adaptive time: 500ms, depth: 4, reason: midgame, opening, tactical, emergency: false
[DEBUG] 19:13:44.076 [AiEngine] Using JS Search
[DEBUG] 19:13:44.077 [AiEngine] Adaptive time: 500ms, depth: 4, reason: midgame, opening, emergency: false
[DEBUG] 19:13:44.077 [AiEngine] Using JS Search
[DEBUG] 19:13:44.077 [AiEngine] Adaptive time: 500ms, depth: 4, reason: midgame, opening, tactical, emergency: false
[DEBUG] 19:13:44.077 [AiEngine] Using JS Search
[DEBUG] 19:13:44.077 [AiEngine] Adaptive time: 500ms, depth: 4, reason: midgame, opening, emergency: false
[DEBUG] 19:13:44.077 [AiEngine] Using JS Search
[DEBUG] 19:13:44.077 [AiEngine] Adaptive time: 500ms, depth: 4, reason: midgame, opening, tactical, emergency: false
[DEBUG] 19:13:44.077 [AiEngine] Using JS Search
[DEBUG] 19:13:44.077 [AiEngine] Adaptive time: 3000ms, depth: 5, reason: midgame, emergency: false
[DEBUG] 19:13:44.077 [AiEngine] Using JS Search
[DEBUG] 19:13:44.078 [AiEngine] Adaptive time: 3000ms, depth: 5, reason: midgame, tactical, emergency: false
[DEBUG] 19:13:44.078 [AiEngine] Using JS Search
[DEBUG] 19:13:44.078 [AiEngine] Adaptive time: 3000ms, depth: 5, reason: midgame, emergency: false
[DEBUG] 19:13:44.078 [AiEngine] Using JS Search
[DEBUG] 19:13:44.078 [AiEngine] Adaptive time: 3000ms, depth: 5, reason: midgame, tactical, emergency: false
[DEBUG] 19:13:44.078 [AiEngine] Using JS Search
[DEBUG] 19:13:44.078 [AiEngine] Adaptive time: 3000ms, depth: 5, reason: midgame, emergency: false
[DEBUG] 19:13:44.078 [AiEngine] Using JS Search
[DEBUG] 19:13:44.078 [AiEngine] Adaptive time: 3000ms, depth: 5, reason: midgame, tactical, emergency: false
[DEBUG] 19:13:44.078 [AiEngine] Using JS Search
[DEBUG] 19:13:44.078 [AiEngine] Adaptive time: 3000ms, depth: 5, reason: midgame, emergency: false
[DEBUG] 19:13:44.078 [AiEngine] Using JS Search
[DEBUG] 19:13:44.079 [AiEngine] Adaptive time: 3000ms, depth: 5, reason: midgame, tactical, emergency: false
[DEBUG] 19:13:44.079 [AiEngine] Using JS Search
[DEBUG] 19:13:44.079 [AiEngine] Adaptive time: 3000ms, depth: 5, reason: midgame, emergency: false
[DEBUG] 19:13:44.079 [AiEngine] Using JS Search
[DEBUG] 19:13:44.079 [AiEngine] Adaptive time: 3000ms, depth: 5, reason: midgame, tactical, emergency: false
[DEBUG] 19:13:44.079 [AiEngine] Using JS Search
[DEBUG] 19:13:44.079 [AiEngine] Adaptive time: 3000ms, depth: 5, reason: midgame, emergency: false
[DEBUG] 19:13:44.079 [AiEngine] Using JS Search
[DEBUG] 19:13:44.079 [AiEngine] Adaptive time: 3000ms, depth: 5, reason: midgame, tactical, emergency: false
[DEBUG] 19:13:44.079 [AiEngine] Using JS Search
[DEBUG] 19:13:44.080 [AiEngine] Adaptive time: 3000ms, depth: 5, reason: midgame, emergency: false
[DEBUG] 19:13:44.080 [AiEngine] Using JS Search
[DEBUG] 19:13:44.080 [AiEngine] Adaptive time: 3000ms, depth: 5, reason: midgame, tactical, emergency: false
[DEBUG] 19:13:44.080 [AiEngine] Using JS Search
[DEBUG] 19:13:44.080 [AiEngine] Adaptive time: 3000ms, depth: 5, reason: midgame, emergency: false
[DEBUG] 19:13:44.080 [AiEngine] Using JS Search
[DEBUG] 19:13:44.080 [AiEngine] Adaptive time: 3000ms, depth: 5, reason: midgame, tactical, emergency: false
[DEBUG] 19:13:44.080 [AiEngine] Using JS Search
[DEBUG] 19:13:44.080 [AiEngine] Adaptive time: 3000ms, depth: 5, reason: midgame, emergency: false
[DEBUG] 19:13:44.080 [AiEngine] Using JS Search
[DEBUG] 19:13:44.081 [AiEngine] Adaptive time: 3000ms, depth: 5, reason: midgame, tactical, emergency: false
[DEBUG] 19:13:44.081 [AiEngine] Using JS Search
[DEBUG] 19:13:44.081 [AiEngine] Adaptive time: 3000ms, depth: 5, reason: midgame, emergency: false
[DEBUG] 19:13:44.081 [AiEngine] Using JS Search
[DEBUG] 19:13:44.081 [AiEngine] Adaptive time: 3000ms, depth: 5, reason: midgame, tactical, emergency: false
[DEBUG] 19:13:44.081 [AiEngine] Using JS Search
[DEBUG] 19:13:44.081 [AiEngine] Adaptive time: 3000ms, depth: 5, reason: midgame, emergency: false
[DEBUG] 19:13:44.081 [AiEngine] Using JS Search
[DEBUG] 19:13:44.082 [AiEngine] Adaptive time: 3000ms, depth: 5, reason: midgame, tactical, emergency: false
[DEBUG] 19:13:44.082 [AiEngine] Using JS Search
[DEBUG] 19:13:44.082 [AiEngine] Adaptive time: 3000ms, depth: 5, reason: midgame, emergency: false
[DEBUG] 19:13:44.082 [AiEngine] Using JS Search
[DEBUG] 19:13:44.082 [AiEngine] Adaptive time: 3000ms, depth: 5, reason: midgame, tactical, emergency: false
[DEBUG] 19:13:44.082 [AiEngine] Using JS Search
[DEBUG] 19:13:44.082 [AiEngine] Adaptive time: 3000ms, depth: 5, reason: midgame, emergency: false
[DEBUG] 19:13:44.082 [AiEngine] Using JS Search
[DEBUG] 19:13:44.082 [AiEngine] Adaptive time: 3000ms, depth: 5, reason: midgame, tactical, emergency: false
[DEBUG] 19:13:44.082 [AiEngine] Using JS Search
[DEBUG] 19:13:44.083 [AiEngine] Adaptive time: 3000ms, depth: 5, reason: midgame, emergency: false
[DEBUG] 19:13:44.083 [AiEngine] Using JS Search
[DEBUG] 19:13:44.083 [AiEngine] Adaptive time: 3000ms, depth: 5, reason: midgame, tactical, emergency: false
[DEBUG] 19:13:44.083 [AiEngine] Using JS Search
[DEBUG] 19:13:44.083 [AiEngine] Adaptive time: 3000ms, depth: 5, reason: midgame, emergency: false
[DEBUG] 19:13:44.083 [AiEngine] Using JS Search
[DEBUG] 19:13:44.083 [AiEngine] Adaptive time: 3000ms, depth: 5, reason: midgame, tactical, emergency: false
[DEBUG] 19:13:44.083 [AiEngine] Using JS Search
[DEBUG] 19:13:44.084 [AiEngine] Adaptive time: 3000ms, depth: 5, reason: midgame, emergency: false
[DEBUG] 19:13:44.084 [AiEngine] Using JS Search
[DEBUG] 19:13:44.084 [AiEngine] Adaptive time: 3000ms, depth: 5, reason: midgame, tactical, emergency: false
[DEBUG] 19:13:44.084 [AiEngine] Using JS Search
[DEBUG] 19:13:44.084 [AiEngine] Adaptive time: 3000ms, depth: 5, reason: midgame, emergency: false
[DEBUG] 19:13:44.084 [AiEngine] Using JS Search
[DEBUG] 19:13:44.084 [AiEngine] Adaptive time: 3000ms, depth: 5, reason: midgame, tactical, emergency: false
[DEBUG] 19:13:44.084 [AiEngine] Using JS Search
[DEBUG] 19:13:44.084 [AiEngine] Adaptive time: 3000ms, depth: 5, reason: midgame, emergency: false
[DEBUG] 19:13:44.084 [AiEngine] Using JS Search
[DEBUG] 19:13:44.085 [AiEngine] Adaptive time: 3000ms, depth: 5, reason: midgame, tactical, emergency: false
[DEBUG] 19:13:44.085 [AiEngine] Using JS Search
[DEBUG] 19:13:44.085 [AiEngine] Adaptive time: 3000ms, depth: 5, reason: midgame, emergency: false
[DEBUG] 19:13:44.085 [AiEngine] Using JS Search
[DEBUG] 19:13:44.085 [AiEngine] Adaptive time: 3000ms, depth: 5, reason: midgame, tactical, emergency: false
[DEBUG] 19:13:44.085 [AiEngine] Using JS Search
[DEBUG] 19:13:44.085 [AiEngine] Adaptive time: 3000ms, depth: 5, reason: midgame, emergency: false
[DEBUG] 19:13:44.085 [AiEngine] Using JS Search
[DEBUG] 19:13:44.085 [AiEngine] Adaptive time: 3000ms, depth: 5, reason: midgame, tactical, emergency: false
[DEBUG] 19:13:44.085 [AiEngine] Using JS Search
[DEBUG] 19:13:44.086 [AiEngine] Adaptive time: 3000ms, depth: 5, reason: midgame, emergency: false
[DEBUG] 19:13:44.086 [AiEngine] Using JS Search
[DEBUG] 19:13:44.086 [AiEngine] Adaptive time: 3000ms, depth: 5, reason: midgame, tactical, emergency: false
[DEBUG] 19:13:44.086 [AiEngine] Using JS Search
[DEBUG] 19:13:44.086 [AiEngine] Adaptive time: 3000ms, depth: 5, reason: midgame, emergency: false
[DEBUG] 19:13:44.086 [AiEngine] Using JS Search
[DEBUG] 19:13:44.086 [AiEngine] Adaptive time: 3000ms, depth: 5, reason: midgame, tactical, emergency: false
[DEBUG] 19:13:44.086 [AiEngine] Using JS Search
[DEBUG] 19:13:44.086 [AiEngine] Adaptive time: 3000ms, depth: 5, reason: midgame, emergency: false
[DEBUG] 19:13:44.086 [AiEngine] Using JS Search
[DEBUG] 19:13:44.087 [AiEngine] Adaptive time: 3000ms, depth: 5, reason: midgame, tactical, emergency: false
[DEBUG] 19:13:44.087 [AiEngine] Using JS Search
[DEBUG] 19:13:44.087 [AiEngine] Adaptive time: 3000ms, depth: 5, reason: midgame, emergency: false
[DEBUG] 19:13:44.087 [AiEngine] Using JS Search
[DEBUG] 19:13:44.087 [AiEngine] Adaptive time: 3000ms, depth: 5, reason: midgame, tactical, emergency: false
[DEBUG] 19:13:44.087 [AiEngine] Using JS Search
[DEBUG] 19:13:44.087 [AiEngine] Adaptive time: 3000ms, depth: 5, reason: midgame, emergency: false
[DEBUG] 19:13:44.087 [AiEngine] Using JS Search
[DEBUG] 19:13:44.088 [AiEngine] Adaptive time: 3000ms, depth: 5, reason: midgame, tactical, emergency: false
[DEBUG] 19:13:44.088 [AiEngine] Using JS Search
[DEBUG] 19:13:44.088 [AiEngine] Adaptive time: 3000ms, depth: 5, reason: midgame, emergency: false
[DEBUG] 19:13:44.088 [AiEngine] Using JS Search
[DEBUG] 19:13:44.088 [AiEngine] Adaptive time: 3000ms, depth: 5, reason: midgame, tactical, emergency: false
[DEBUG] 19:13:44.088 [AiEngine] Using JS Search
[DEBUG] 19:13:44.088 [AiEngine] Adaptive time: 3000ms, depth: 5, reason: midgame, emergency: false
[DEBUG] 19:13:44.088 [AiEngine] Using JS Search
[DEBUG] 19:13:44.088 [AiEngine] Adaptive time: 3000ms, depth: 5, reason: midgame, tactical, emergency: false
[DEBUG] 19:13:44.088 [AiEngine] Using JS Search
[DEBUG] 19:13:44.089 [AiEngine] Adaptive time: 3000ms, depth: 5, reason: midgame, emergency: false
[DEBUG] 19:13:44.089 [AiEngine] Using JS Search
[DEBUG] 19:13:44.089 [AiEngine] Adaptive time: 3000ms, depth: 5, reason: midgame, tactical, emergency: false
[DEBUG] 19:13:44.089 [AiEngine] Using JS Search
[DEBUG] 19:13:44.089 [AiEngine] Adaptive time: 3000ms, depth: 5, reason: midgame, emergency: false
[DEBUG] 19:13:44.089 [AiEngine] Using JS Search
[DEBUG] 19:13:44.089 [AiEngine] Adaptive time: 3000ms, depth: 5, reason: midgame, tactical, emergency: false
[DEBUG] 19:13:44.089 [AiEngine] Using JS Search
[DEBUG] 19:13:44.089 [AiEngine] Adaptive time: 3000ms, depth: 5, reason: midgame, emergency: false
[DEBUG] 19:13:44.089 [AiEngine] Using JS Search
[DEBUG] 19:13:44.090 [AiEngine] Adaptive time: 3000ms, depth: 5, reason: midgame, tactical, emergency: false
[DEBUG] 19:13:44.090 [AiEngine] Using JS Search
[DEBUG] 19:13:44.090 [AiEngine] Adaptive time: 500ms, depth: 4, reason: midgame, opening, emergency: false
[DEBUG] 19:13:44.090 [AiEngine] Using JS Search
[DEBUG] 19:13:44.097 [AiEngine] Adaptive time: 500ms, depth: 4, reason: midgame, opening, emergency: false
[DEBUG] 19:13:44.097 [AiEngine] Using JS Search
[DEBUG] 19:13:44.097 [AiEngine] Adaptive time: 500ms, depth: 4, reason: midgame, opening, emergency: false
[DEBUG] 19:13:44.097 [AiEngine] Using JS Search
[DEBUG] 19:13:44.097 [AiEngine] Adaptive time: 500ms, depth: 4, reason: midgame, opening, tactical, emergency: false
[DEBUG] 19:13:44.097 [AiEngine] Using JS Search
[DEBUG] 19:13:44.101 [AiEngine] Adaptive time: 500ms, depth: 4, reason: midgame, opening, emergency: false
[DEBUG] 19:13:44.101 [AiEngine] Using JS Search
[DEBUG] 19:13:44.101 [AiEngine] Adaptive time: 500ms, depth: 4, reason: midgame, opening, tactical, emergency: false
[DEBUG] 19:13:44.101 [AiEngine] Using JS Search
[DEBUG] 19:13:44.101 [AiEngine] Adaptive time: 500ms, depth: 4, reason: midgame, opening, emergency: false
[DEBUG] 19:13:44.101 [AiEngine] Using JS Search
[DEBUG] 19:13:44.101 [AiEngine] Adaptive time: 500ms, depth: 4, reason: midgame, opening, tactical, emergency: false
[DEBUG] 19:13:44.101 [AiEngine] Using JS Search
[DEBUG] 19:13:44.102 [AiEngine] Adaptive time: 500ms, depth: 4, reason: midgame, opening, emergency: false
[DEBUG] 19:13:44.102 [AiEngine] Using JS Search
[DEBUG] 19:13:44.102 [AiEngine] Adaptive time: 500ms, depth: 4, reason: midgame, opening, tactical, emergency: false
[DEBUG] 19:13:44.102 [AiEngine] Using JS Search
[DEBUG] 19:13:44.102 [AiEngine] Adaptive time: 500ms, depth: 4, reason: midgame, opening, emergency: false
[DEBUG] 19:13:44.102 [AiEngine] Using JS Search
[DEBUG] 19:13:44.102 [AiEngine] Adaptive time: 500ms, depth: 4, reason: midgame, opening, tactical, emergency: false
[DEBUG] 19:13:44.102 [AiEngine] Using JS Search
[DEBUG] 19:13:44.102 [AiEngine] Adaptive time: 500ms, depth: 4, reason: midgame, opening, emergency: false
[DEBUG] 19:13:44.102 [AiEngine] Using JS Search
[DEBUG] 19:13:44.102 [AiEngine] Adaptive time: 500ms, depth: 4, reason: midgame, opening, tactical, emergency: false
[DEBUG] 19:13:44.103 [AiEngine] Using JS Search
[DEBUG] 19:13:44.103 [AiEngine] Adaptive time: 500ms, depth: 4, reason: midgame, opening, emergency: false
[DEBUG] 19:13:44.103 [AiEngine] Using JS Search
[DEBUG] 19:13:44.103 [AiEngine] Adaptive time: 500ms, depth: 4, reason: midgame, opening, tactical, emergency: false
[DEBUG] 19:13:44.103 [AiEngine] Using JS Search
[DEBUG] 19:13:44.103 [AiEngine] Adaptive time: 500ms, depth: 4, reason: midgame, opening, emergency: false
[DEBUG] 19:13:44.103 [AiEngine] Using JS Search
[DEBUG] 19:13:44.104 [AiEngine] Adaptive time: 500ms, depth: 4, reason: midgame, opening, tactical, emergency: false
[DEBUG] 19:13:44.104 [AiEngine] Using JS Search
[DEBUG] 19:13:44.104 [AiEngine] Adaptive time: 500ms, depth: 4, reason: midgame, opening, emergency: false
[DEBUG] 19:13:44.104 [AiEngine] Using JS Search
[DEBUG] 19:13:44.104 [AiEngine] Adaptive time: 500ms, depth: 4, reason: midgame, opening, tactical, emergency: false
[DEBUG] 19:13:44.104 [AiEngine] Using JS Search
[DEBUG] 19:13:44.105 [AiEngine] Adaptive time: 500ms, depth: 4, reason: midgame, opening, emergency: false
[DEBUG] 19:13:44.105 [AiEngine] Using JS Search
[DEBUG] 19:13:44.105 [AiEngine] Adaptive time: 500ms, depth: 4, reason: midgame, opening, tactical, emergency: false
[DEBUG] 19:13:44.105 [AiEngine] Using JS Search
[DEBUG] 19:13:44.105 [AiEngine] Adaptive time: 500ms, depth: 4, reason: midgame, opening, emergency: false
[DEBUG] 19:13:44.105 [AiEngine] Using JS Search
[DEBUG] 19:13:44.106 [AiEngine] Adaptive time: 500ms, depth: 4, reason: midgame, opening, tactical, emergency: false
[DEBUG] 19:13:44.106 [AiEngine] Using JS Search
[DEBUG] 19:13:44.106 [AiEngine] Adaptive time: 500ms, depth: 4, reason: midgame, opening, emergency: false
[DEBUG] 19:13:44.106 [AiEngine] Using JS Search
[DEBUG] 19:13:44.106 [AiEngine] Adaptive time: 500ms, depth: 4, reason: midgame, opening, tactical, emergency: false
[DEBUG] 19:13:44.106 [AiEngine] Using JS Search
[DEBUG] 19:13:44.106 [AiEngine] Adaptive time: 500ms, depth: 4, reason: midgame, opening, emergency: false
[DEBUG] 19:13:44.106 [AiEngine] Using JS Search
[DEBUG] 19:13:44.107 [AiEngine] Adaptive time: 500ms, depth: 4, reason: midgame, opening, tactical, emergency: false
[DEBUG] 19:13:44.107 [AiEngine] Using JS Search
[DEBUG] 19:13:44.107 [AiEngine] Adaptive time: 500ms, depth: 4, reason: midgame, opening, emergency: false
[DEBUG] 19:13:44.107 [AiEngine] Using JS Search
[DEBUG] 19:13:44.107 [AiEngine] Adaptive time: 500ms, depth: 4, reason: midgame, opening, tactical, emergency: false
[DEBUG] 19:13:44.107 [AiEngine] Using JS Search
[DEBUG] 19:13:44.107 [AiEngine] Adaptive time: 500ms, depth: 4, reason: midgame, opening, emergency: false
[DEBUG] 19:13:44.107 [AiEngine] Using JS Search
[DEBUG] 19:13:44.107 [AiEngine] Adaptive time: 500ms, depth: 4, reason: midgame, opening, tactical, emergency: false
[DEBUG] 19:13:44.107 [AiEngine] Using JS Search
[DEBUG] 19:13:44.108 [AiEngine] Adaptive time: 500ms, depth: 4, reason: midgame, opening, emergency: false
[DEBUG] 19:13:44.108 [AiEngine] Using JS Search
[DEBUG] 19:13:44.108 [AiEngine] Adaptive time: 500ms, depth: 4, reason: midgame, opening, tactical, emergency: false
[DEBUG] 19:13:44.108 [AiEngine] Using JS Search
[DEBUG] 19:13:44.108 [AiEngine] Adaptive time: 500ms, depth: 4, reason: midgame, opening, emergency: false
[DEBUG] 19:13:44.108 [AiEngine] Using JS Search
[DEBUG] 19:13:44.108 [AiEngine] Adaptive time: 500ms, depth: 4, reason: midgame, opening, tactical, emergency: false
[DEBUG] 19:13:44.108 [AiEngine] Using JS Search
[DEBUG] 19:13:44.108 [AiEngine] Adaptive time: 500ms, depth: 4, reason: midgame, opening, emergency: false
[DEBUG] 19:13:44.108 [AiEngine] Using JS Search
[DEBUG] 19:13:44.109 [AiEngine] Adaptive time: 500ms, depth: 4, reason: midgame, opening, tactical, emergency: false
[DEBUG] 19:13:44.109 [AiEngine] Using JS Search
[DEBUG] 19:13:44.109 [AiEngine] Adaptive time: 500ms, depth: 4, reason: midgame, opening, emergency: false
[DEBUG] 19:13:44.109 [AiEngine] Using JS Search
[DEBUG] 19:13:44.109 [AiEngine] Adaptive time: 500ms, depth: 4, reason: midgame, opening, tactical, emergency: false
[DEBUG] 19:13:44.109 [AiEngine] Using JS Search
[DEBUG] 19:13:44.109 [AiEngine] Adaptive time: 3000ms, depth: 5, reason: midgame, emergency: false
[DEBUG] 19:13:44.109 [AiEngine] Using JS Search
[DEBUG] 19:13:44.109 [AiEngine] Adaptive time: 3000ms, depth: 5, reason: midgame, tactical, emergency: false
[DEBUG] 19:13:44.109 [AiEngine] Using JS Search
[DEBUG] 19:13:44.110 [AiEngine] Adaptive time: 3000ms, depth: 5, reason: midgame, emergency: false
[DEBUG] 19:13:44.110 [AiEngine] Using JS Search
[DEBUG] 19:13:44.110 [AiEngine] Adaptive time: 3000ms, depth: 5, reason: midgame, tactical, emergency: false
[DEBUG] 19:13:44.110 [AiEngine] Using JS Search
[DEBUG] 19:13:44.110 [AiEngine] Adaptive time: 3000ms, depth: 5, reason: midgame, emergency: false
[DEBUG] 19:13:44.110 [AiEngine] Using JS Search
[DEBUG] 19:13:44.111 [AiEngine] Adaptive time: 3000ms, depth: 5, reason: midgame, tactical, emergency: false
[DEBUG] 19:13:44.111 [AiEngine] Using JS Search
[DEBUG] 19:13:44.111 [AiEngine] Adaptive time: 3000ms, depth: 5, reason: midgame, emergency: false
[DEBUG] 19:13:44.111 [AiEngine] Using JS Search
[DEBUG] 19:13:44.111 [AiEngine] Adaptive time: 3000ms, depth: 5, reason: midgame, tactical, emergency: false
[DEBUG] 19:13:44.111 [AiEngine] Using JS Search
[DEBUG] 19:13:44.111 [AiEngine] Adaptive time: 3000ms, depth: 5, reason: midgame, emergency: false
[DEBUG] 19:13:44.111 [AiEngine] Using JS Search
[DEBUG] 19:13:44.111 [AiEngine] Adaptive time: 3000ms, depth: 5, reason: midgame, tactical, emergency: false
[DEBUG] 19:13:44.111 [AiEngine] Using JS Search
[DEBUG] 19:13:44.112 [AiEngine] Adaptive time: 3000ms, depth: 5, reason: midgame, emergency: false
[DEBUG] 19:13:44.112 [AiEngine] Using JS Search
[DEBUG] 19:13:44.112 [AiEngine] Adaptive time: 3000ms, depth: 5, reason: midgame, tactical, emergency: false
[DEBUG] 19:13:44.112 [AiEngine] Using JS Search
[DEBUG] 19:13:44.112 [AiEngine] Adaptive time: 3000ms, depth: 5, reason: midgame, emergency: false
[DEBUG] 19:13:44.112 [AiEngine] Using JS Search
[DEBUG] 19:13:44.112 [AiEngine] Adaptive time: 3000ms, depth: 5, reason: midgame, tactical, emergency: false
[DEBUG] 19:13:44.112 [AiEngine] Using JS Search
[DEBUG] 19:13:44.112 [AiEngine] Adaptive time: 3000ms, depth: 5, reason: midgame, emergency: false
[DEBUG] 19:13:44.113 [AiEngine] Using JS Search
[DEBUG] 19:13:44.113 [AiEngine] Adaptive time: 3000ms, depth: 5, reason: midgame, tactical, emergency: false
[DEBUG] 19:13:44.113 [AiEngine] Using JS Search
[DEBUG] 19:13:44.113 [AiEngine] Adaptive time: 3000ms, depth: 5, reason: midgame, emergency: false
[DEBUG] 19:13:44.113 [AiEngine] Using JS Search
[DEBUG] 19:13:44.113 [AiEngine] Adaptive time: 3000ms, depth: 5, reason: midgame, tactical, emergency: false
[DEBUG] 19:13:44.113 [AiEngine] Using JS Search
[DEBUG] 19:13:44.113 [AiEngine] Adaptive time: 3000ms, depth: 5, reason: midgame, emergency: false
[DEBUG] 19:13:44.113 [AiEngine] Using JS Search
[DEBUG] 19:13:44.114 [AiEngine] Adaptive time: 3000ms, depth: 5, reason: midgame, tactical, emergency: false
[DEBUG] 19:13:44.114 [AiEngine] Using JS Search
[DEBUG] 19:13:44.114 [AiEngine] Adaptive time: 3000ms, depth: 5, reason: midgame, emergency: false
[DEBUG] 19:13:44.114 [AiEngine] Using JS Search
[DEBUG] 19:13:44.114 [AiEngine] Adaptive time: 3000ms, depth: 5, reason: midgame, tactical, emergency: false
[DEBUG] 19:13:44.114 [AiEngine] Using JS Search
[DEBUG] 19:13:44.114 [AiEngine] Adaptive time: 3000ms, depth: 5, reason: midgame, emergency: false
[DEBUG] 19:13:44.114 [AiEngine] Using JS Search
[DEBUG] 19:13:44.114 [AiEngine] Adaptive time: 3000ms, depth: 5, reason: midgame, tactical, emergency: false
[DEBUG] 19:13:44.114 [AiEngine] Using JS Search
[DEBUG] 19:13:44.115 [AiEngine] Adaptive time: 3000ms, depth: 5, reason: midgame, emergency: false
[DEBUG] 19:13:44.115 [AiEngine] Using JS Search
[DEBUG] 19:13:44.115 [AiEngine] Adaptive time: 3000ms, depth: 5, reason: midgame, tactical, emergency: false
[DEBUG] 19:13:44.115 [AiEngine] Using JS Search
[DEBUG] 19:13:44.115 [AiEngine] Adaptive time: 3000ms, depth: 5, reason: midgame, emergency: false
[DEBUG] 19:13:44.115 [AiEngine] Using JS Search
[DEBUG] 19:13:44.115 [AiEngine] Adaptive time: 3000ms, depth: 5, reason: midgame, tactical, emergency: false
[DEBUG] 19:13:44.115 [AiEngine] Using JS Search
[DEBUG] 19:13:44.115 [AiEngine] Adaptive time: 3000ms, depth: 5, reason: midgame, emergency: false
[DEBUG] 19:13:44.115 [AiEngine] Using JS Search
[DEBUG] 19:13:44.116 [AiEngine] Adaptive time: 3000ms, depth: 5, reason: midgame, tactical, emergency: false
[DEBUG] 19:13:44.116 [AiEngine] Using JS Search
[DEBUG] 19:13:44.116 [AiEngine] Adaptive time: 3000ms, depth: 5, reason: midgame, emergency: false
[DEBUG] 19:13:44.116 [AiEngine] Using JS Search
[DEBUG] 19:13:44.116 [AiEngine] Adaptive time: 3000ms, depth: 5, reason: midgame, tactical, emergency: false
[DEBUG] 19:13:44.116 [AiEngine] Using JS Search
[DEBUG] 19:13:44.116 [AiEngine] Adaptive time: 3000ms, depth: 5, reason: midgame, emergency: false
[DEBUG] 19:13:44.116 [AiEngine] Using JS Search
[DEBUG] 19:13:44.116 [AiEngine] Adaptive time: 3000ms, depth: 5, reason: midgame, tactical, emergency: false
[DEBUG] 19:13:44.116 [AiEngine] Using JS Search
[DEBUG] 19:13:44.117 [AiEngine] Adaptive time: 3000ms, depth: 5, reason: midgame, emergency: false
[DEBUG] 19:13:44.117 [AiEngine] Using JS Search
[DEBUG] 19:13:44.117 [AiEngine] Adaptive time: 3000ms, depth: 5, reason: midgame, tactical, emergency: false
[DEBUG] 19:13:44.117 [AiEngine] Using JS Search
[DEBUG] 19:13:44.117 [AiEngine] Adaptive time: 3000ms, depth: 5, reason: midgame, emergency: false
[DEBUG] 19:13:44.117 [AiEngine] Using JS Search
[DEBUG] 19:13:44.117 [AiEngine] Adaptive time: 3000ms, depth: 5, reason: midgame, tactical, emergency: false
[DEBUG] 19:13:44.117 [AiEngine] Using JS Search
[DEBUG] 19:13:44.117 [AiEngine] Adaptive time: 3000ms, depth: 5, reason: midgame, emergency: false
[DEBUG] 19:13:44.117 [AiEngine] Using JS Search
[DEBUG] 19:13:44.118 [AiEngine] Adaptive time: 3000ms, depth: 5, reason: midgame, tactical, emergency: false
[DEBUG] 19:13:44.118 [AiEngine] Using JS Search
[DEBUG] 19:13:44.118 [AiEngine] Adaptive time: 3000ms, depth: 5, reason: midgame, emergency: false
[DEBUG] 19:13:44.118 [AiEngine] Using JS Search
[DEBUG] 19:13:44.118 [AiEngine] Adaptive time: 3000ms, depth: 5, reason: midgame, tactical, emergency: false
[DEBUG] 19:13:44.118 [AiEngine] Using JS Search
[DEBUG] 19:13:44.118 [AiEngine] Adaptive time: 3000ms, depth: 5, reason: midgame, emergency: false
[DEBUG] 19:13:44.118 [AiEngine] Using JS Search
[DEBUG] 19:13:44.118 [AiEngine] Adaptive time: 3000ms, depth: 5, reason: midgame, tactical, emergency: false
[DEBUG] 19:13:44.118 [AiEngine] Using JS Search
[DEBUG] 19:13:44.119 [AiEngine] Adaptive time: 3000ms, depth: 5, reason: midgame, emergency: false
[DEBUG] 19:13:44.119 [AiEngine] Using JS Search
[DEBUG] 19:13:44.119 [AiEngine] Adaptive time: 3000ms, depth: 5, reason: midgame, tactical, emergency: false
[DEBUG] 19:13:44.119 [AiEngine] Using JS Search
[DEBUG] 19:13:44.119 [AiEngine] Adaptive time: 3000ms, depth: 5, reason: midgame, emergency: false
[DEBUG] 19:13:44.119 [AiEngine] Using JS Search
[DEBUG] 19:13:44.119 [AiEngine] Adaptive time: 3000ms, depth: 5, reason: midgame, tactical, emergency: false
[DEBUG] 19:13:44.119 [AiEngine] Using JS Search
[DEBUG] 19:13:44.119 [AiEngine] Adaptive time: 3000ms, depth: 5, reason: midgame, emergency: false
[DEBUG] 19:13:44.119 [AiEngine] Using JS Search
[DEBUG] 19:13:44.120 [AiEngine] Adaptive time: 3000ms, depth: 5, reason: midgame, tactical, emergency: false
[DEBUG] 19:13:44.120 [AiEngine] Using JS Search
[DEBUG] 19:13:44.120 [AiEngine] Adaptive time: 3000ms, depth: 5, reason: midgame, emergency: false
[DEBUG] 19:13:44.120 [AiEngine] Using JS Search
[DEBUG] 19:13:44.120 [AiEngine] Adaptive time: 3000ms, depth: 5, reason: midgame, tactical, emergency: false
[DEBUG] 19:13:44.120 [AiEngine] Using JS Search
[DEBUG] 19:13:44.120 [AiEngine] Adaptive time: 3000ms, depth: 5, reason: midgame, emergency: false
[DEBUG] 19:13:44.120 [AiEngine] Using JS Search
[DEBUG] 19:13:44.120 [AiEngine] Adaptive time: 3000ms, depth: 5, reason: midgame, tactical, emergency: false
[DEBUG] 19:13:44.120 [AiEngine] Using JS Search
[DEBUG] 19:13:44.121 [AiEngine] Adaptive time: 3000ms, depth: 5, reason: midgame, emergency: false
[DEBUG] 19:13:44.121 [AiEngine] Using JS Search
[DEBUG] 19:13:44.121 [AiEngine] Adaptive time: 3000ms, depth: 5, reason: midgame, tactical, emergency: false
[DEBUG] 19:13:44.121 [AiEngine] Using JS Search
[DEBUG] 19:13:44.121 [AiEngine] Adaptive time: 3000ms, depth: 5, reason: midgame, emergency: false
[DEBUG] 19:13:44.121 [AiEngine] Using JS Search
[DEBUG] 19:13:44.121 [AiEngine] Adaptive time: 3000ms, depth: 5, reason: midgame, tactical, emergency: false
[DEBUG] 19:13:44.121 [AiEngine] Using JS Search
[DEBUG] 19:13:44.122 [AiEngine] Adaptive time: 3000ms, depth: 5, reason: midgame, emergency: false
[DEBUG] 19:13:44.122 [AiEngine] Using JS Search
[DEBUG] 19:13:44.122 [AiEngine] Adaptive time: 3000ms, depth: 5, reason: midgame, tactical, emergency: false
[DEBUG] 19:13:44.122 [AiEngine] Using JS Search
[DEBUG] 19:13:44.122 [AiEngine] Adaptive time: 500ms, depth: 4, reason: midgame, opening, emergency: false
[DEBUG] 19:13:44.122 [AiEngine] Using JS Search
[DEBUG] 19:13:44.122 [AiEngine] Adaptive time: 500ms, depth: 4, reason: midgame, opening, emergency: false
[DEBUG] 19:13:44.122 [AiEngine] Using JS Search
[DEBUG] 19:13:44.123 [AiEngine] Adaptive time: 500ms, depth: 4, reason: midgame, opening, emergency: false
[DEBUG] 19:13:44.123 [AiEngine] Using JS Search
[DEBUG] 19:13:44.123 [AiEngine] Adaptive time: 500ms, depth: 4, reason: midgame, opening, tactical, emergency: false
[DEBUG] 19:13:44.123 [AiEngine] Using JS Search
[DEBUG] 19:13:44.123 [AiEngine] Adaptive time: 500ms, depth: 4, reason: midgame, opening, emergency: false
[DEBUG] 19:13:44.123 [AiEngine] Using JS Search
[DEBUG] 19:13:44.123 [AiEngine] Adaptive time: 500ms, depth: 4, reason: midgame, opening, tactical, emergency: false
[DEBUG] 19:13:44.123 [AiEngine] Using JS Search
[DEBUG] 19:13:44.123 [AiEngine] Adaptive time: 500ms, depth: 4, reason: midgame, opening, emergency: false
[DEBUG] 19:13:44.123 [AiEngine] Using JS Search
[DEBUG] 19:13:44.124 [AiEngine] Adaptive time: 500ms, depth: 4, reason: midgame, opening, tactical, emergency: false
[DEBUG] 19:13:44.124 [AiEngine] Using JS Search
[DEBUG] 19:13:44.124 [AiEngine] Adaptive time: 500ms, depth: 4, reason: midgame, opening, emergency: false
[DEBUG] 19:13:44.124 [AiEngine] Using JS Search
[DEBUG] 19:13:44.124 [AiEngine] Adaptive time: 500ms, depth: 4, reason: midgame, opening, tactical, emergency: false
[DEBUG] 19:13:44.124 [AiEngine] Using JS Search
[DEBUG] 19:13:44.124 [AiEngine] Adaptive time: 500ms, depth: 4, reason: midgame, opening, emergency: false
[DEBUG] 19:13:44.124 [AiEngine] Using JS Search
[DEBUG] 19:13:44.124 [AiEngine] Adaptive time: 500ms, depth: 4, reason: midgame, opening, tactical, emergency: false
[DEBUG] 19:13:44.124 [AiEngine] Using JS Search
[DEBUG] 19:13:44.125 [AiEngine] Adaptive time: 500ms, depth: 4, reason: midgame, opening, emergency: false
[DEBUG] 19:13:44.125 [AiEngine] Using JS Search
[DEBUG] 19:13:44.125 [AiEngine] Adaptive time: 500ms, depth: 4, reason: midgame, opening, tactical, emergency: false
[DEBUG] 19:13:44.125 [AiEngine] Using JS Search
[DEBUG] 19:13:44.125 [AiEngine] Adaptive time: 500ms, depth: 4, reason: midgame, opening, emergency: false
[DEBUG] 19:13:44.125 [AiEngine] Using JS Search
[DEBUG] 19:13:44.125 [AiEngine] Adaptive time: 500ms, depth: 4, reason: midgame, opening, tactical, emergency: false
[DEBUG] 19:13:44.125 [AiEngine] Using JS Search
[DEBUG] 19:13:44.125 [AiEngine] Adaptive time: 500ms, depth: 4, reason: midgame, opening, emergency: false
[DEBUG] 19:13:44.125 [AiEngine] Using JS Search
[DEBUG] 19:13:44.126 [AiEngine] Adaptive time: 500ms, depth: 4, reason: midgame, opening, tactical, emergency: false
[DEBUG] 19:13:44.126 [AiEngine] Using JS Search
[DEBUG] 19:13:44.126 [AiEngine] Adaptive time: 500ms, depth: 4, reason: midgame, opening, emergency: false
[DEBUG] 19:13:44.126 [AiEngine] Using JS Search
[DEBUG] 19:13:44.126 [AiEngine] Adaptive time: 500ms, depth: 4, reason: midgame, opening, tactical, emergency: false
[DEBUG] 19:13:44.126 [AiEngine] Using JS Search
[DEBUG] 19:13:44.126 [AiEngine] Adaptive time: 500ms, depth: 4, reason: midgame, opening, emergency: false
[DEBUG] 19:13:44.126 [AiEngine] Using JS Search
[DEBUG] 19:13:44.127 [AiEngine] Adaptive time: 500ms, depth: 4, reason: midgame, opening, tactical, emergency: false
[DEBUG] 19:13:44.127 [AiEngine] Using JS Search
[DEBUG] 19:13:44.127 [AiEngine] Adaptive time: 500ms, depth: 4, reason: midgame, opening, emergency: false
[DEBUG] 19:13:44.127 [AiEngine] Using JS Search
[DEBUG] 19:13:44.127 [AiEngine] Adaptive time: 500ms, depth: 4, reason: midgame, opening, tactical, emergency: false
[DEBUG] 19:13:44.127 [AiEngine] Using JS Search
[DEBUG] 19:13:44.127 [AiEngine] Adaptive time: 500ms, depth: 4, reason: midgame, opening, emergency: false
[DEBUG] 19:13:44.127 [AiEngine] Using JS Search
[DEBUG] 19:13:44.128 [AiEngine] Adaptive time: 500ms, depth: 4, reason: midgame, opening, tactical, emergency: false
[DEBUG] 19:13:44.128 [AiEngine] Using JS Search
[DEBUG] 19:13:44.128 [AiEngine] Adaptive time: 500ms, depth: 4, reason: midgame, opening, emergency: false
[DEBUG] 19:13:44.128 [AiEngine] Using JS Search
[DEBUG] 19:13:44.128 [AiEngine] Adaptive time: 500ms, depth: 4, reason: midgame, opening, tactical, emergency: false
[DEBUG] 19:13:44.128 [AiEngine] Using JS Search
[DEBUG] 19:13:44.128 [AiEngine] Adaptive time: 500ms, depth: 4, reason: midgame, opening, emergency: false
[DEBUG] 19:13:44.128 [AiEngine] Using JS Search
[DEBUG] 19:13:44.128 [AiEngine] Adaptive time: 500ms, depth: 4, reason: midgame, opening, tactical, emergency: false
[DEBUG] 19:13:44.128 [AiEngine] Using JS Search
[DEBUG] 19:13:44.129 [AiEngine] Adaptive time: 500ms, depth: 4, reason: midgame, opening, emergency: false
[DEBUG] 19:13:44.129 [AiEngine] Using JS Search
[DEBUG] 19:13:44.129 [AiEngine] Adaptive time: 500ms, depth: 4, reason: midgame, opening, tactical, emergency: false
[DEBUG] 19:13:44.129 [AiEngine] Using JS Search
[DEBUG] 19:13:44.129 [AiEngine] Adaptive time: 500ms, depth: 4, reason: midgame, opening, emergency: false
[DEBUG] 19:13:44.129 [AiEngine] Using JS Search
[DEBUG] 19:13:44.129 [AiEngine] Adaptive time: 500ms, depth: 4, reason: midgame, opening, tactical, emergency: false
[DEBUG] 19:13:44.129 [AiEngine] Using JS Search
[DEBUG] 19:13:44.129 [AiEngine] Adaptive time: 500ms, depth: 4, reason: midgame, opening, emergency: false
[DEBUG] 19:13:44.129 [AiEngine] Using JS Search
[DEBUG] 19:13:44.130 [AiEngine] Adaptive time: 500ms, depth: 4, reason: midgame, opening, tactical, emergency: false
[DEBUG] 19:13:44.130 [AiEngine] Using JS Search
[DEBUG] 19:13:44.130 [AiEngine] Adaptive time: 500ms, depth: 4, reason: midgame, opening, emergency: false
[DEBUG] 19:13:44.130 [AiEngine] Using JS Search
[DEBUG] 19:13:44.130 [AiEngine] Adaptive time: 500ms, depth: 4, reason: midgame, opening, tactical, emergency: false
[DEBUG] 19:13:44.130 [AiEngine] Using JS Search
[DEBUG] 19:13:44.130 [AiEngine] Adaptive time: 500ms, depth: 4, reason: midgame, opening, emergency: false
[DEBUG] 19:13:44.130 [AiEngine] Using JS Search
[DEBUG] 19:13:44.130 [AiEngine] Adaptive time: 500ms, depth: 4, reason: midgame, opening, tactical, emergency: false
[DEBUG] 19:13:44.130 [AiEngine] Using JS Search
[DEBUG] 19:13:44.131 [AiEngine] Adaptive time: 3000ms, depth: 5, reason: midgame, emergency: false
[DEBUG] 19:13:44.131 [AiEngine] Using JS Search
[DEBUG] 19:13:44.131 [AiEngine] Adaptive time: 3000ms, depth: 5, reason: midgame, tactical, emergency: false
[DEBUG] 19:13:44.131 [AiEngine] Using JS Search
[DEBUG] 19:13:44.131 [AiEngine] Adaptive time: 3000ms, depth: 5, reason: midgame, emergency: false
[DEBUG] 19:13:44.131 [AiEngine] Using JS Search
[DEBUG] 19:13:44.131 [AiEngine] Adaptive time: 3000ms, depth: 5, reason: midgame, tactical, emergency: false
[DEBUG] 19:13:44.131 [AiEngine] Using JS Search
[DEBUG] 19:13:44.131 [AiEngine] Adaptive time: 3000ms, depth: 5, reason: midgame, emergency: false
[DEBUG] 19:13:44.131 [AiEngine] Using JS Search
[DEBUG] 19:13:44.132 [AiEngine] Adaptive time: 3000ms, depth: 5, reason: midgame, tactical, emergency: false
[DEBUG] 19:13:44.132 [AiEngine] Using JS Search
[DEBUG] 19:13:44.132 [AiEngine] Adaptive time: 3000ms, depth: 5, reason: midgame, emergency: false
[DEBUG] 19:13:44.132 [AiEngine] Using JS Search
[DEBUG] 19:13:44.132 [AiEngine] Adaptive time: 3000ms, depth: 5, reason: midgame, tactical, emergency: false
[DEBUG] 19:13:44.132 [AiEngine] Using JS Search
[DEBUG] 19:13:44.132 [AiEngine] Adaptive time: 3000ms, depth: 5, reason: midgame, emergency: false
[DEBUG] 19:13:44.132 [AiEngine] Using JS Search
[DEBUG] 19:13:44.133 [AiEngine] Adaptive time: 3000ms, depth: 5, reason: midgame, tactical, emergency: false
[DEBUG] 19:13:44.133 [AiEngine] Using JS Search
[DEBUG] 19:13:44.133 [AiEngine] Adaptive time: 3000ms, depth: 5, reason: midgame, emergency: false
[DEBUG] 19:13:44.133 [AiEngine] Using JS Search
[DEBUG] 19:13:44.133 [AiEngine] Adaptive time: 3000ms, depth: 5, reason: midgame, tactical, emergency: false
[DEBUG] 19:13:44.133 [AiEngine] Using JS Search
[DEBUG] 19:13:44.133 [AiEngine] Adaptive time: 3000ms, depth: 5, reason: midgame, emergency: false
[DEBUG] 19:13:44.133 [AiEngine] Using JS Search
[DEBUG] 19:13:44.134 [AiEngine] Adaptive time: 3000ms, depth: 5, reason: midgame, tactical, emergency: false
[DEBUG] 19:13:44.134 [AiEngine] Using JS Search
[DEBUG] 19:13:44.134 [AiEngine] Adaptive time: 3000ms, depth: 5, reason: midgame, emergency: false
[DEBUG] 19:13:44.134 [AiEngine] Using JS Search
[DEBUG] 19:13:44.134 [AiEngine] Adaptive time: 3000ms, depth: 5, reason: midgame, tactical, emergency: false
[DEBUG] 19:13:44.134 [AiEngine] Using JS Search
[DEBUG] 19:13:44.134 [AiEngine] Adaptive time: 3000ms, depth: 5, reason: midgame, emergency: false
[DEBUG] 19:13:44.134 [AiEngine] Using JS Search
[DEBUG] 19:13:44.134 [AiEngine] Adaptive time: 3000ms, depth: 5, reason: midgame, tactical, emergency: false
[DEBUG] 19:13:44.134 [AiEngine] Using JS Search
[DEBUG] 19:13:44.135 [AiEngine] Adaptive time: 3000ms, depth: 5, reason: midgame, emergency: false
[DEBUG] 19:13:44.135 [AiEngine] Using JS Search
[DEBUG] 19:13:44.135 [AiEngine] Adaptive time: 3000ms, depth: 5, reason: midgame, tactical, emergency: false
[DEBUG] 19:13:44.135 [AiEngine] Using JS Search
[DEBUG] 19:13:44.135 [AiEngine] Adaptive time: 3000ms, depth: 5, reason: midgame, emergency: false
[DEBUG] 19:13:44.135 [AiEngine] Using JS Search
[DEBUG] 19:13:44.135 [AiEngine] Adaptive time: 3000ms, depth: 5, reason: midgame, tactical, emergency: false
[DEBUG] 19:13:44.135 [AiEngine] Using JS Search
[DEBUG] 19:13:44.135 [AiEngine] Adaptive time: 3000ms, depth: 5, reason: midgame, emergency: false
[DEBUG] 19:13:44.135 [AiEngine] Using JS Search
[DEBUG] 19:13:44.136 [AiEngine] Adaptive time: 3000ms, depth: 5, reason: midgame, tactical, emergency: false
[DEBUG] 19:13:44.136 [AiEngine] Using JS Search
[DEBUG] 19:13:44.136 [AiEngine] Adaptive time: 3000ms, depth: 5, reason: midgame, emergency: false
[DEBUG] 19:13:44.136 [AiEngine] Using JS Search
[DEBUG] 19:13:44.136 [AiEngine] Adaptive time: 3000ms, depth: 5, reason: midgame, tactical, emergency: false
[DEBUG] 19:13:44.136 [AiEngine] Using JS Search
[DEBUG] 19:13:44.136 [AiEngine] Adaptive time: 3000ms, depth: 5, reason: midgame, emergency: false
[DEBUG] 19:13:44.136 [AiEngine] Using JS Search
[DEBUG] 19:13:44.136 [AiEngine] Adaptive time: 3000ms, depth: 5, reason: midgame, tactical, emergency: false
[DEBUG] 19:13:44.136 [AiEngine] Using JS Search
[DEBUG] 19:13:44.137 [AiEngine] Adaptive time: 3000ms, depth: 5, reason: midgame, emergency: false
[DEBUG] 19:13:44.137 [AiEngine] Using JS Search
[DEBUG] 19:13:44.137 [AiEngine] Adaptive time: 3000ms, depth: 5, reason: midgame, tactical, emergency: false
[DEBUG] 19:13:44.137 [AiEngine] Using JS Search
[DEBUG] 19:13:44.137 [AiEngine] Adaptive time: 3000ms, depth: 5, reason: midgame, emergency: false
[DEBUG] 19:13:44.137 [AiEngine] Using JS Search
[DEBUG] 19:13:44.137 [AiEngine] Adaptive time: 3000ms, depth: 5, reason: midgame, tactical, emergency: false
[DEBUG] 19:13:44.137 [AiEngine] Using JS Search
[DEBUG] 19:13:44.137 [AiEngine] Adaptive time: 3000ms, depth: 5, reason: midgame, emergency: false
[DEBUG] 19:13:44.137 [AiEngine] Using JS Search
[DEBUG] 19:13:44.138 [AiEngine] Adaptive time: 3000ms, depth: 5, reason: midgame, tactical, emergency: false
[DEBUG] 19:13:44.138 [AiEngine] Using JS Search
[DEBUG] 19:13:44.138 [AiEngine] Adaptive time: 3000ms, depth: 5, reason: midgame, emergency: false
[DEBUG] 19:13:44.138 [AiEngine] Using JS Search
[DEBUG] 19:13:44.138 [AiEngine] Adaptive time: 3000ms, depth: 5, reason: midgame, tactical, emergency: false
[DEBUG] 19:13:44.138 [AiEngine] Using JS Search
[DEBUG] 19:13:44.138 [AiEngine] Adaptive time: 3000ms, depth: 5, reason: midgame, emergency: false
[DEBUG] 19:13:44.138 [AiEngine] Using JS Search
[DEBUG] 19:13:44.138 [AiEngine] Adaptive time: 3000ms, depth: 5, reason: midgame, tactical, emergency: false
[DEBUG] 19:13:44.138 [AiEngine] Using JS Search
[DEBUG] 19:13:44.139 [AiEngine] Adaptive time: 3000ms, depth: 5, reason: midgame, emergency: false
[DEBUG] 19:13:44.139 [AiEngine] Using JS Search
[DEBUG] 19:13:44.139 [AiEngine] Adaptive time: 3000ms, depth: 5, reason: midgame, tactical, emergency: false
[DEBUG] 19:13:44.139 [AiEngine] Using JS Search
[DEBUG] 19:13:44.139 [AiEngine] Adaptive time: 3000ms, depth: 5, reason: midgame, emergency: false
[DEBUG] 19:13:44.139 [AiEngine] Using JS Search
[DEBUG] 19:13:44.139 [AiEngine] Adaptive time: 3000ms, depth: 5, reason: midgame, tactical, emergency: false
[DEBUG] 19:13:44.139 [AiEngine] Using JS Search
[DEBUG] 19:13:44.139 [AiEngine] Adaptive time: 3000ms, depth: 5, reason: midgame, emergency: false
[DEBUG] 19:13:44.139 [AiEngine] Using JS Search
[DEBUG] 19:13:44.140 [AiEngine] Adaptive time: 3000ms, depth: 5, reason: midgame, tactical, emergency: false
[DEBUG] 19:13:44.140 [AiEngine] Using JS Search
[DEBUG] 19:13:44.140 [AiEngine] Adaptive time: 3000ms, depth: 5, reason: midgame, emergency: false
[DEBUG] 19:13:44.140 [AiEngine] Using JS Search
[DEBUG] 19:13:44.140 [AiEngine] Adaptive time: 3000ms, depth: 5, reason: midgame, tactical, emergency: false
[DEBUG] 19:13:44.140 [AiEngine] Using JS Search
[DEBUG] 19:13:44.140 [AiEngine] Adaptive time: 3000ms, depth: 5, reason: midgame, emergency: false
[DEBUG] 19:13:44.140 [AiEngine] Using JS Search
[DEBUG] 19:13:44.140 [AiEngine] Adaptive time: 3000ms, depth: 5, reason: midgame, tactical, emergency: false
[DEBUG] 19:13:44.140 [AiEngine] Using JS Search
[DEBUG] 19:13:44.141 [AiEngine] Adaptive time: 3000ms, depth: 5, reason: midgame, emergency: false
[DEBUG] 19:13:44.141 [AiEngine] Using JS Search
[DEBUG] 19:13:44.141 [AiEngine] Adaptive time: 3000ms, depth: 5, reason: midgame, tactical, emergency: false
[DEBUG] 19:13:44.141 [AiEngine] Using JS Search
[DEBUG] 19:13:44.141 [AiEngine] Adaptive time: 3000ms, depth: 5, reason: midgame, emergency: false
[DEBUG] 19:13:44.141 [AiEngine] Using JS Search
[DEBUG] 19:13:44.141 [AiEngine] Adaptive time: 3000ms, depth: 5, reason: midgame, tactical, emergency: false
[DEBUG] 19:13:44.141 [AiEngine] Using JS Search
[DEBUG] 19:13:44.141 [AiEngine] Adaptive time: 3000ms, depth: 5, reason: midgame, emergency: false
[DEBUG] 19:13:44.141 [AiEngine] Using JS Search
[DEBUG] 19:13:44.142 [AiEngine] Adaptive time: 3000ms, depth: 5, reason: midgame, tactical, emergency: false
[DEBUG] 19:13:44.142 [AiEngine] Using JS Search
[DEBUG] 19:13:44.142 [AiEngine] Adaptive time: 3000ms, depth: 5, reason: midgame, emergency: false
[DEBUG] 19:13:44.142 [AiEngine] Using JS Search
[DEBUG] 19:13:44.142 [AiEngine] Adaptive time: 3000ms, depth: 5, reason: midgame, tactical, emergency: false
[DEBUG] 19:13:44.142 [AiEngine] Using JS Search
[DEBUG] 19:13:44.142 [AiEngine] Adaptive time: 3000ms, depth: 5, reason: midgame, emergency: false
[DEBUG] 19:13:44.142 [AiEngine] Using JS Search
[DEBUG] 19:13:44.142 [AiEngine] Adaptive time: 3000ms, depth: 5, reason: midgame, tactical, emergency: false
[DEBUG] 19:13:44.143 [AiEngine] Using JS Search
[DEBUG] 19:13:44.143 [AiEngine] Adaptive time: 3000ms, depth: 5, reason: midgame, emergency: false
[DEBUG] 19:13:44.143 [AiEngine] Using JS Search
[DEBUG] 19:13:44.143 [AiEngine] Adaptive time: 3000ms, depth: 5, reason: midgame, tactical, emergency: false
[DEBUG] 19:13:44.143 [AiEngine] Using JS Search
[DEBUG] 19:13:44.143 [AiEngine] Adaptive time: 500ms, depth: 4, reason: midgame, opening, emergency: false
[DEBUG] 19:13:44.143 [AiEngine] Using JS Search
[DEBUG] 19:13:44.143 [AiEngine] Adaptive time: 500ms, depth: 4, reason: midgame, opening, emergency: false
[DEBUG] 19:13:44.143 [AiEngine] Using JS Search
[DEBUG] 19:13:44.144 [AiEngine] Adaptive time: 500ms, depth: 4, reason: midgame, opening, emergency: false
[DEBUG] 19:13:44.144 [AiEngine] Using JS Search
[DEBUG] 19:13:44.144 [AiEngine] Adaptive time: 500ms, depth: 4, reason: midgame, opening, tactical, emergency: false
[DEBUG] 19:13:44.144 [AiEngine] Using JS Search
[DEBUG] 19:13:44.144 [AiEngine] Adaptive time: 500ms, depth: 4, reason: midgame, opening, emergency: false
[DEBUG] 19:13:44.144 [AiEngine] Using JS Search
[DEBUG] 19:13:44.144 [AiEngine] Adaptive time: 500ms, depth: 4, reason: midgame, opening, tactical, emergency: false
[DEBUG] 19:13:44.144 [AiEngine] Using JS Search
[DEBUG] 19:13:44.145 [AiEngine] Adaptive time: 500ms, depth: 4, reason: midgame, opening, emergency: false
[DEBUG] 19:13:44.145 [AiEngine] Using JS Search
[DEBUG] 19:13:44.145 [AiEngine] Adaptive time: 500ms, depth: 4, reason: midgame, opening, tactical, emergency: false
[DEBUG] 19:13:44.145 [AiEngine] Using JS Search
[DEBUG] 19:13:44.145 [AiEngine] Adaptive time: 500ms, depth: 4, reason: midgame, opening, emergency: false
[DEBUG] 19:13:44.145 [AiEngine] Using JS Search
[DEBUG] 19:13:44.145 [AiEngine] Adaptive time: 500ms, depth: 4, reason: midgame, opening, tactical, emergency: false
[DEBUG] 19:13:44.145 [AiEngine] Using JS Search
[DEBUG] 19:13:44.145 [AiEngine] Adaptive time: 500ms, depth: 4, reason: midgame, opening, emergency: false
[DEBUG] 19:13:44.145 [AiEngine] Using JS Search
[DEBUG] 19:13:44.146 [AiEngine] Adaptive time: 500ms, depth: 4, reason: midgame, opening, tactical, emergency: false
[DEBUG] 19:13:44.146 [AiEngine] Using JS Search
[DEBUG] 19:13:44.146 [AiEngine] Adaptive time: 500ms, depth: 4, reason: midgame, opening, emergency: false
[DEBUG] 19:13:44.146 [AiEngine] Using JS Search
[DEBUG] 19:13:44.146 [AiEngine] Adaptive time: 500ms, depth: 4, reason: midgame, opening, tactical, emergency: false
[DEBUG] 19:13:44.146 [AiEngine] Using JS Search
[DEBUG] 19:13:44.146 [AiEngine] Adaptive time: 500ms, depth: 4, reason: midgame, opening, emergency: false
[DEBUG] 19:13:44.146 [AiEngine] Using JS Search
[DEBUG] 19:13:44.146 [AiEngine] Adaptive time: 500ms, depth: 4, reason: midgame, opening, tactical, emergency: false
[DEBUG] 19:13:44.146 [AiEngine] Using JS Search
[DEBUG] 19:13:44.147 [AiEngine] Adaptive time: 500ms, depth: 4, reason: midgame, opening, emergency: false
[DEBUG] 19:13:44.147 [AiEngine] Using JS Search
[DEBUG] 19:13:44.147 [AiEngine] Adaptive time: 500ms, depth: 4, reason: midgame, opening, tactical, emergency: false
[DEBUG] 19:13:44.147 [AiEngine] Using JS Search
[DEBUG] 19:13:44.147 [AiEngine] Adaptive time: 500ms, depth: 4, reason: midgame, opening, emergency: false
[DEBUG] 19:13:44.147 [AiEngine] Using JS Search
[DEBUG] 19:13:44.147 [AiEngine] Adaptive time: 500ms, depth: 4, reason: midgame, opening, tactical, emergency: false
[DEBUG] 19:13:44.147 [AiEngine] Using JS Search
[DEBUG] 19:13:44.148 [AiEngine] Adaptive time: 500ms, depth: 4, reason: midgame, opening, emergency: false
[DEBUG] 19:13:44.148 [AiEngine] Using JS Search
[DEBUG] 19:13:44.148 [AiEngine] Adaptive time: 500ms, depth: 4, reason: midgame, opening, tactical, emergency: false
[DEBUG] 19:13:44.148 [AiEngine] Using JS Search
[DEBUG] 19:13:44.148 [AiEngine] Adaptive time: 500ms, depth: 4, reason: midgame, opening, emergency: false
[DEBUG] 19:13:44.148 [AiEngine] Using JS Search
[DEBUG] 19:13:44.148 [AiEngine] Adaptive time: 500ms, depth: 4, reason: midgame, opening, tactical, emergency: false
[DEBUG] 19:13:44.148 [AiEngine] Using JS Search
[DEBUG] 19:13:44.148 [AiEngine] Adaptive time: 500ms, depth: 4, reason: midgame, opening, emergency: false
[DEBUG] 19:13:44.148 [AiEngine] Using JS Search
[DEBUG] 19:13:44.149 [AiEngine] Adaptive time: 500ms, depth: 4, reason: midgame, opening, tactical, emergency: false
[DEBUG] 19:13:44.149 [AiEngine] Using JS Search
[DEBUG] 19:13:44.149 [AiEngine] Adaptive time: 500ms, depth: 4, reason: midgame, opening, emergency: false
[DEBUG] 19:13:44.149 [AiEngine] Using JS Search
[DEBUG] 19:13:44.149 [AiEngine] Adaptive time: 500ms, depth: 4, reason: midgame, opening, tactical, emergency: false
[DEBUG] 19:13:44.149 [AiEngine] Using JS Search
[DEBUG] 19:13:44.149 [AiEngine] Adaptive time: 500ms, depth: 4, reason: midgame, opening, emergency: false
[DEBUG] 19:13:44.149 [AiEngine] Using JS Search
[DEBUG] 19:13:44.149 [AiEngine] Adaptive time: 500ms, depth: 4, reason: midgame, opening, tactical, emergency: false
[DEBUG] 19:13:44.149 [AiEngine] Using JS Search
[DEBUG] 19:13:44.150 [AiEngine] Adaptive time: 500ms, depth: 4, reason: midgame, opening, emergency: false
[DEBUG] 19:13:44.150 [AiEngine] Using JS Search
[DEBUG] 19:13:44.150 [AiEngine] Adaptive time: 500ms, depth: 4, reason: midgame, opening, tactical, emergency: false
[DEBUG] 19:13:44.150 [AiEngine] Using JS Search
[DEBUG] 19:13:44.150 [AiEngine] Adaptive time: 500ms, depth: 4, reason: midgame, opening, emergency: false
[DEBUG] 19:13:44.150 [AiEngine] Using JS Search
[DEBUG] 19:13:44.150 [AiEngine] Adaptive time: 500ms, depth: 4, reason: midgame, opening, tactical, emergency: false
[DEBUG] 19:13:44.150 [AiEngine] Using JS Search
[DEBUG] 19:13:44.150 [AiEngine] Adaptive time: 500ms, depth: 4, reason: midgame, opening, emergency: false
[DEBUG] 19:13:44.150 [AiEngine] Using JS Search
[DEBUG] 19:13:44.150 [AiEngine] Adaptive time: 500ms, depth: 4, reason: midgame, opening, tactical, emergency: false
[DEBUG] 19:13:44.150 [AiEngine] Using JS Search
[DEBUG] 19:13:44.151 [AiEngine] Adaptive time: 500ms, depth: 4, reason: midgame, opening, emergency: false
[DEBUG] 19:13:44.151 [AiEngine] Using JS Search
[DEBUG] 19:13:44.151 [AiEngine] Adaptive time: 500ms, depth: 4, reason: midgame, opening, tactical, emergency: false
[DEBUG] 19:13:44.151 [AiEngine] Using JS Search
[DEBUG] 19:13:44.151 [AiEngine] Adaptive time: 500ms, depth: 4, reason: midgame, opening, emergency: false
[DEBUG] 19:13:44.151 [AiEngine] Using JS Search
[DEBUG] 19:13:44.151 [AiEngine] Adaptive time: 500ms, depth: 4, reason: midgame, opening, tactical, emergency: false
[DEBUG] 19:13:44.151 [AiEngine] Using JS Search
[DEBUG] 19:13:44.151 [AiEngine] Adaptive time: 3000ms, depth: 5, reason: midgame, emergency: false
[DEBUG] 19:13:44.151 [AiEngine] Using JS Search
[DEBUG] 19:13:44.152 [AiEngine] Adaptive time: 3000ms, depth: 5, reason: midgame, tactical, emergency: false
[DEBUG] 19:13:44.152 [AiEngine] Using JS Search
[DEBUG] 19:13:44.152 [AiEngine] Adaptive time: 3000ms, depth: 5, reason: midgame, emergency: false
[DEBUG] 19:13:44.152 [AiEngine] Using JS Search
[DEBUG] 19:13:44.152 [AiEngine] Adaptive time: 3000ms, depth: 5, reason: midgame, tactical, emergency: false
[DEBUG] 19:13:44.152 [AiEngine] Using JS Search
[DEBUG] 19:13:44.152 [AiEngine] Adaptive time: 3000ms, depth: 5, reason: midgame, emergency: false
[DEBUG] 19:13:44.152 [AiEngine] Using JS Search
[DEBUG] 19:13:44.152 [AiEngine] Adaptive time: 3000ms, depth: 5, reason: midgame, tactical, emergency: false
[DEBUG] 19:13:44.152 [AiEngine] Using JS Search
[DEBUG] 19:13:44.152 [AiEngine] Adaptive time: 3000ms, depth: 5, reason: midgame, emergency: false
[DEBUG] 19:13:44.153 [AiEngine] Using JS Search
[DEBUG] 19:13:44.153 [AiEngine] Adaptive time: 3000ms, depth: 5, reason: midgame, tactical, emergency: false
[DEBUG] 19:13:44.153 [AiEngine] Using JS Search
[DEBUG] 19:13:44.153 [AiEngine] Adaptive time: 3000ms, depth: 5, reason: midgame, emergency: false
[DEBUG] 19:13:44.153 [AiEngine] Using JS Search
[DEBUG] 19:13:44.153 [AiEngine] Adaptive time: 3000ms, depth: 5, reason: midgame, tactical, emergency: false
[DEBUG] 19:13:44.153 [AiEngine] Using JS Search
[DEBUG] 19:13:44.153 [AiEngine] Adaptive time: 3000ms, depth: 5, reason: midgame, emergency: false
[DEBUG] 19:13:44.153 [AiEngine] Using JS Search
[DEBUG] 19:13:44.153 [AiEngine] Adaptive time: 3000ms, depth: 5, reason: midgame, tactical, emergency: false
[DEBUG] 19:13:44.153 [AiEngine] Using JS Search
[DEBUG] 19:13:44.154 [AiEngine] Adaptive time: 3000ms, depth: 5, reason: midgame, emergency: false
[DEBUG] 19:13:44.154 [AiEngine] Using JS Search
[DEBUG] 19:13:44.154 [AiEngine] Adaptive time: 3000ms, depth: 5, reason: midgame, tactical, emergency: false
[DEBUG] 19:13:44.154 [AiEngine] Using JS Search
[DEBUG] 19:13:44.154 [AiEngine] Adaptive time: 3000ms, depth: 5, reason: midgame, emergency: false
[DEBUG] 19:13:44.154 [AiEngine] Using JS Search
[DEBUG] 19:13:44.154 [AiEngine] Adaptive time: 3000ms, depth: 5, reason: midgame, tactical, emergency: false
[DEBUG] 19:13:44.154 [AiEngine] Using JS Search
[DEBUG] 19:13:44.155 [AiEngine] Adaptive time: 3000ms, depth: 5, reason: midgame, emergency: false
[DEBUG] 19:13:44.155 [AiEngine] Using JS Search
[DEBUG] 19:13:44.155 [AiEngine] Adaptive time: 3000ms, depth: 5, reason: midgame, tactical, emergency: false
[DEBUG] 19:13:44.155 [AiEngine] Using JS Search
[DEBUG] 19:13:44.155 [AiEngine] Adaptive time: 3000ms, depth: 5, reason: midgame, emergency: false
[DEBUG] 19:13:44.155 [AiEngine] Using JS Search
[DEBUG] 19:13:44.155 [AiEngine] Adaptive time: 3000ms, depth: 5, reason: midgame, tactical, emergency: false
[DEBUG] 19:13:44.155 [AiEngine] Using JS Search
[DEBUG] 19:13:44.155 [AiEngine] Adaptive time: 3000ms, depth: 5, reason: midgame, emergency: false
[DEBUG] 19:13:44.155 [AiEngine] Using JS Search
[DEBUG] 19:13:44.156 [AiEngine] Adaptive time: 3000ms, depth: 5, reason: midgame, tactical, emergency: false
[DEBUG] 19:13:44.156 [AiEngine] Using JS Search
[DEBUG] 19:13:44.156 [AiEngine] Adaptive time: 3000ms, depth: 5, reason: midgame, emergency: false
[DEBUG] 19:13:44.156 [AiEngine] Using JS Search
[DEBUG] 19:13:44.156 [AiEngine] Adaptive time: 3000ms, depth: 5, reason: midgame, tactical, emergency: false
[DEBUG] 19:13:44.156 [AiEngine] Using JS Search
[DEBUG] 19:13:44.156 [AiEngine] Adaptive time: 3000ms, depth: 5, reason: midgame, emergency: false
[DEBUG] 19:13:44.156 [AiEngine] Using JS Search
[DEBUG] 19:13:44.156 [AiEngine] Adaptive time: 3000ms, depth: 5, reason: midgame, tactical, emergency: false
[DEBUG] 19:13:44.156 [AiEngine] Using JS Search
[DEBUG] 19:13:44.156 [AiEngine] Adaptive time: 3000ms, depth: 5, reason: midgame, emergency: false
[DEBUG] 19:13:44.156 [AiEngine] Using JS Search
[DEBUG] 19:13:44.157 [AiEngine] Adaptive time: 3000ms, depth: 5, reason: midgame, tactical, emergency: false
[DEBUG] 19:13:44.157 [AiEngine] Using JS Search
[DEBUG] 19:13:44.157 [AiEngine] Adaptive time: 3000ms, depth: 5, reason: midgame, emergency: false
[DEBUG] 19:13:44.157 [AiEngine] Using JS Search
[DEBUG] 19:13:44.157 [AiEngine] Adaptive time: 3000ms, depth: 5, reason: midgame, tactical, emergency: false
[DEBUG] 19:13:44.157 [AiEngine] Using JS Search
[DEBUG] 19:13:44.157 [AiEngine] Adaptive time: 3000ms, depth: 5, reason: midgame, emergency: false
[DEBUG] 19:13:44.157 [AiEngine] Using JS Search
[DEBUG] 19:13:44.157 [AiEngine] Adaptive time: 3000ms, depth: 5, reason: midgame, tactical, emergency: false
[DEBUG] 19:13:44.157 [AiEngine] Using JS Search
[DEBUG] 19:13:44.158 [AiEngine] Adaptive time: 3000ms, depth: 5, reason: midgame, emergency: false
[DEBUG] 19:13:44.158 [AiEngine] Using JS Search
[DEBUG] 19:13:44.158 [AiEngine] Adaptive time: 3000ms, depth: 5, reason: midgame, tactical, emergency: false
[DEBUG] 19:13:44.158 [AiEngine] Using JS Search
[DEBUG] 19:13:44.158 [AiEngine] Adaptive time: 3000ms, depth: 5, reason: midgame, emergency: false
[DEBUG] 19:13:44.158 [AiEngine] Using JS Search
[DEBUG] 19:13:44.158 [AiEngine] Adaptive time: 3000ms, depth: 5, reason: midgame, tactical, emergency: false
[DEBUG] 19:13:44.158 [AiEngine] Using JS Search
[DEBUG] 19:13:44.158 [AiEngine] Adaptive time: 3000ms, depth: 5, reason: midgame, emergency: false
[DEBUG] 19:13:44.158 [AiEngine] Using JS Search
[DEBUG] 19:13:44.158 [AiEngine] Adaptive time: 3000ms, depth: 5, reason: midgame, tactical, emergency: false
[DEBUG] 19:13:44.159 [AiEngine] Using JS Search
[DEBUG] 19:13:44.159 [AiEngine] Adaptive time: 3000ms, depth: 5, reason: midgame, emergency: false
[DEBUG] 19:13:44.159 [AiEngine] Using JS Search
[DEBUG] 19:13:44.159 [AiEngine] Adaptive time: 3000ms, depth: 5, reason: midgame, tactical, emergency: false
[DEBUG] 19:13:44.159 [AiEngine] Using JS Search
[DEBUG] 19:13:44.159 [AiEngine] Adaptive time: 3000ms, depth: 5, reason: midgame, emergency: false
[DEBUG] 19:13:44.159 [AiEngine] Using JS Search
[DEBUG] 19:13:44.159 [AiEngine] Adaptive time: 3000ms, depth: 5, reason: midgame, tactical, emergency: false
[DEBUG] 19:13:44.159 [AiEngine] Using JS Search
[DEBUG] 19:13:44.159 [AiEngine] Adaptive time: 3000ms, depth: 5, reason: midgame, emergency: false
[DEBUG] 19:13:44.159 [AiEngine] Using JS Search
[DEBUG] 19:13:44.160 [AiEngine] Adaptive time: 3000ms, depth: 5, reason: midgame, tactical, emergency: false
[DEBUG] 19:13:44.160 [AiEngine] Using JS Search
[DEBUG] 19:13:44.160 [AiEngine] Adaptive time: 3000ms, depth: 5, reason: midgame, emergency: false
[DEBUG] 19:13:44.160 [AiEngine] Using JS Search
[DEBUG] 19:13:44.160 [AiEngine] Adaptive time: 3000ms, depth: 5, reason: midgame, tactical, emergency: false
[DEBUG] 19:13:44.160 [AiEngine] Using JS Search
[DEBUG] 19:13:44.160 [AiEngine] Adaptive time: 3000ms, depth: 5, reason: midgame, emergency: false
[DEBUG] 19:13:44.160 [AiEngine] Using JS Search
[DEBUG] 19:13:44.160 [AiEngine] Adaptive time: 3000ms, depth: 5, reason: midgame, tactical, emergency: false
[DEBUG] 19:13:44.160 [AiEngine] Using JS Search
[DEBUG] 19:13:44.161 [AiEngine] Adaptive time: 3000ms, depth: 5, reason: midgame, emergency: false
[DEBUG] 19:13:44.161 [AiEngine] Using JS Search
[DEBUG] 19:13:44.161 [AiEngine] Adaptive time: 3000ms, depth: 5, reason: midgame, tactical, emergency: false
[DEBUG] 19:13:44.161 [AiEngine] Using JS Search
[DEBUG] 19:13:44.161 [AiEngine] Adaptive time: 3000ms, depth: 5, reason: midgame, emergency: false
[DEBUG] 19:13:44.161 [AiEngine] Using JS Search
[DEBUG] 19:13:44.161 [AiEngine] Adaptive time: 3000ms, depth: 5, reason: midgame, tactical, emergency: false
[DEBUG] 19:13:44.161 [AiEngine] Using JS Search
[DEBUG] 19:13:44.161 [AiEngine] Adaptive time: 3000ms, depth: 5, reason: midgame, emergency: false
[DEBUG] 19:13:44.161 [AiEngine] Using JS Search
[DEBUG] 19:13:44.162 [AiEngine] Adaptive time: 3000ms, depth: 5, reason: midgame, tactical, emergency: false
[DEBUG] 19:13:44.162 [AiEngine] Using JS Search
[DEBUG] 19:13:44.162 [AiEngine] Adaptive time: 3000ms, depth: 5, reason: midgame, emergency: false
[DEBUG] 19:13:44.162 [AiEngine] Using JS Search
[DEBUG] 19:13:44.162 [AiEngine] Adaptive time: 3000ms, depth: 5, reason: midgame, tactical, emergency: false
[DEBUG] 19:13:44.162 [AiEngine] Using JS Search
[DEBUG] 19:13:44.162 [AiEngine] Adaptive time: 3000ms, depth: 5, reason: midgame, emergency: false
[DEBUG] 19:13:44.162 [AiEngine] Using JS Search
[DEBUG] 19:13:44.162 [AiEngine] Adaptive time: 3000ms, depth: 5, reason: midgame, tactical, emergency: false
[DEBUG] 19:13:44.162 [AiEngine] Using JS Search
[DEBUG] 19:13:44.163 [AiEngine] Adaptive time: 3000ms, depth: 5, reason: midgame, emergency: false
[DEBUG] 19:13:44.163 [AiEngine] Using JS Search
[DEBUG] 19:13:44.163 [AiEngine] Adaptive time: 3000ms, depth: 5, reason: midgame, tactical, emergency: false
[DEBUG] 19:13:44.163 [AiEngine] Using JS Search
[DEBUG] 19:13:44.163 [AiEngine] Adaptive time: 500ms, depth: 4, reason: midgame, opening, emergency: false
[DEBUG] 19:13:44.163 [AiEngine] Using JS Search
[DEBUG] 19:13:44.163 [AiEngine] Adaptive time: 500ms, depth: 4, reason: midgame, opening, emergency: false
[DEBUG] 19:13:44.163 [AiEngine] Using JS Search
[DEBUG] 19:13:44.163 [AiEngine] Adaptive time: 500ms, depth: 4, reason: midgame, opening, emergency: false
[DEBUG] 19:13:44.163 [AiEngine] Using JS Search
[DEBUG] 19:13:44.164 [AiEngine] Adaptive time: 500ms, depth: 4, reason: midgame, opening, tactical, emergency: false
[DEBUG] 19:13:44.164 [AiEngine] Using JS Search
[DEBUG] 19:13:44.164 [AiEngine] Adaptive time: 500ms, depth: 4, reason: midgame, opening, emergency: false
[DEBUG] 19:13:44.164 [AiEngine] Using JS Search
[DEBUG] 19:13:44.164 [AiEngine] Adaptive time: 500ms, depth: 4, reason: midgame, opening, tactical, emergency: false
[DEBUG] 19:13:44.164 [AiEngine] Using JS Search
[DEBUG] 19:13:44.164 [AiEngine] Adaptive time: 500ms, depth: 4, reason: midgame, opening, emergency: false
[DEBUG] 19:13:44.164 [AiEngine] Using JS Search
[DEBUG] 19:13:44.164 [AiEngine] Adaptive time: 500ms, depth: 4, reason: midgame, opening, tactical, emergency: false
[DEBUG] 19:13:44.164 [AiEngine] Using JS Search
[DEBUG] 19:13:44.165 [AiEngine] Adaptive time: 500ms, depth: 4, reason: midgame, opening, emergency: false
[DEBUG] 19:13:44.165 [AiEngine] Using JS Search
[DEBUG] 19:13:44.165 [AiEngine] Adaptive time: 500ms, depth: 4, reason: midgame, opening, tactical, emergency: false
[DEBUG] 19:13:44.165 [AiEngine] Using JS Search
[DEBUG] 19:13:44.165 [AiEngine] Adaptive time: 500ms, depth: 4, reason: midgame, opening, emergency: false
[DEBUG] 19:13:44.165 [AiEngine] Using JS Search
[DEBUG] 19:13:44.166 [AiEngine] Adaptive time: 500ms, depth: 4, reason: midgame, opening, tactical, emergency: false
[DEBUG] 19:13:44.166 [AiEngine] Using JS Search
[DEBUG] 19:13:44.166 [AiEngine] Adaptive time: 500ms, depth: 4, reason: midgame, opening, emergency: false
[DEBUG] 19:13:44.166 [AiEngine] Using JS Search
[DEBUG] 19:13:44.166 [AiEngine] Adaptive time: 500ms, depth: 4, reason: midgame, opening, tactical, emergency: false
[DEBUG] 19:13:44.166 [AiEngine] Using JS Search
[DEBUG] 19:13:44.166 [AiEngine] Adaptive time: 500ms, depth: 4, reason: midgame, opening, emergency: false
[DEBUG] 19:13:44.166 [AiEngine] Using JS Search
[DEBUG] 19:13:44.166 [AiEngine] Adaptive time: 500ms, depth: 4, reason: midgame, opening, tactical, emergency: false
[DEBUG] 19:13:44.166 [AiEngine] Using JS Search
[DEBUG] 19:13:44.167 [AiEngine] Adaptive time: 500ms, depth: 4, reason: midgame, opening, emergency: false
[DEBUG] 19:13:44.167 [AiEngine] Using JS Search
[DEBUG] 19:13:44.167 [AiEngine] Adaptive time: 500ms, depth: 4, reason: midgame, opening, tactical, emergency: false
[DEBUG] 19:13:44.167 [AiEngine] Using JS Search
[DEBUG] 19:13:44.167 [AiEngine] Adaptive time: 500ms, depth: 4, reason: midgame, opening, emergency: false
[DEBUG] 19:13:44.167 [AiEngine] Using JS Search
[DEBUG] 19:13:44.167 [AiEngine] Adaptive time: 500ms, depth: 4, reason: midgame, opening, tactical, emergency: false
[DEBUG] 19:13:44.167 [AiEngine] Using JS Search
[DEBUG] 19:13:44.167 [AiEngine] Adaptive time: 500ms, depth: 4, reason: midgame, opening, emergency: false
[DEBUG] 19:13:44.167 [AiEngine] Using JS Search
[DEBUG] 19:13:44.168 [AiEngine] Adaptive time: 500ms, depth: 4, reason: midgame, opening, tactical, emergency: false
[DEBUG] 19:13:44.168 [AiEngine] Using JS Search
[DEBUG] 19:13:44.168 [AiEngine] Adaptive time: 500ms, depth: 4, reason: midgame, opening, emergency: false
[DEBUG] 19:13:44.168 [AiEngine] Using JS Search
[DEBUG] 19:13:44.168 [AiEngine] Adaptive time: 500ms, depth: 4, reason: midgame, opening, tactical, emergency: false
[DEBUG] 19:13:44.168 [AiEngine] Using JS Search
[DEBUG] 19:13:44.168 [AiEngine] Adaptive time: 500ms, depth: 4, reason: midgame, opening, emergency: false
[DEBUG] 19:13:44.168 [AiEngine] Using JS Search
[DEBUG] 19:13:44.168 [AiEngine] Adaptive time: 500ms, depth: 4, reason: midgame, opening, tactical, emergency: false
[DEBUG] 19:13:44.169 [AiEngine] Using JS Search
[DEBUG] 19:13:44.169 [AiEngine] Adaptive time: 500ms, depth: 4, reason: midgame, opening, emergency: false
[DEBUG] 19:13:44.169 [AiEngine] Using JS Search
[DEBUG] 19:13:44.169 [AiEngine] Adaptive time: 500ms, depth: 4, reason: midgame, opening, tactical, emergency: false
[DEBUG] 19:13:44.169 [AiEngine] Using JS Search
[DEBUG] 19:13:44.169 [AiEngine] Adaptive time: 500ms, depth: 4, reason: midgame, opening, emergency: false
[DEBUG] 19:13:44.169 [AiEngine] Using JS Search
[DEBUG] 19:13:44.169 [AiEngine] Adaptive time: 500ms, depth: 4, reason: midgame, opening, tactical, emergency: false
[DEBUG] 19:13:44.169 [AiEngine] Using JS Search
[DEBUG] 19:13:44.169 [AiEngine] Adaptive time: 500ms, depth: 4, reason: midgame, opening, emergency: false
[DEBUG] 19:13:44.169 [AiEngine] Using JS Search
[DEBUG] 19:13:44.170 [AiEngine] Adaptive time: 500ms, depth: 4, reason: midgame, opening, tactical, emergency: false
[DEBUG] 19:13:44.170 [AiEngine] Using JS Search
[DEBUG] 19:13:44.170 [AiEngine] Adaptive time: 500ms, depth: 4, reason: midgame, opening, emergency: false
[DEBUG] 19:13:44.170 [AiEngine] Using JS Search
[DEBUG] 19:13:44.170 [AiEngine] Adaptive time: 500ms, depth: 4, reason: midgame, opening, tactical, emergency: false
[DEBUG] 19:13:44.170 [AiEngine] Using JS Search
[DEBUG] 19:13:44.170 [AiEngine] Adaptive time: 500ms, depth: 4, reason: midgame, opening, emergency: false
[DEBUG] 19:13:44.170 [AiEngine] Using JS Search
[DEBUG] 19:13:44.170 [AiEngine] Adaptive time: 500ms, depth: 4, reason: midgame, opening, tactical, emergency: false
[DEBUG] 19:13:44.170 [AiEngine] Using JS Search
[DEBUG] 19:13:44.171 [AiEngine] Adaptive time: 500ms, depth: 4, reason: midgame, opening, emergency: false
[DEBUG] 19:13:44.171 [AiEngine] Using JS Search
[DEBUG] 19:13:44.171 [AiEngine] Adaptive time: 500ms, depth: 4, reason: midgame, opening, tactical, emergency: false
[DEBUG] 19:13:44.171 [AiEngine] Using JS Search
[DEBUG] 19:13:44.171 [AiEngine] Adaptive time: 500ms, depth: 4, reason: midgame, opening, emergency: false
[DEBUG] 19:13:44.171 [AiEngine] Using JS Search
[DEBUG] 19:13:44.171 [AiEngine] Adaptive time: 500ms, depth: 4, reason: midgame, opening, tactical, emergency: false
[DEBUG] 19:13:44.171 [AiEngine] Using JS Search
[DEBUG] 19:13:44.171 [AiEngine] Adaptive time: 3000ms, depth: 5, reason: midgame, emergency: false
[DEBUG] 19:13:44.171 [AiEngine] Using JS Search
[DEBUG] 19:13:44.172 [AiEngine] Adaptive time: 3000ms, depth: 5, reason: midgame, tactical, emergency: false
[DEBUG] 19:13:44.172 [AiEngine] Using JS Search
[DEBUG] 19:13:44.172 [AiEngine] Adaptive time: 3000ms, depth: 5, reason: midgame, emergency: false
[DEBUG] 19:13:44.172 [AiEngine] Using JS Search
[DEBUG] 19:13:44.172 [AiEngine] Adaptive time: 3000ms, depth: 5, reason: midgame, tactical, emergency: false
[DEBUG] 19:13:44.172 [AiEngine] Using JS Search
[DEBUG] 19:13:44.172 [AiEngine] Adaptive time: 3000ms, depth: 5, reason: midgame, emergency: false
[DEBUG] 19:13:44.172 [AiEngine] Using JS Search
[DEBUG] 19:13:44.172 [AiEngine] Adaptive time: 3000ms, depth: 5, reason: midgame, tactical, emergency: false
[DEBUG] 19:13:44.172 [AiEngine] Using JS Search
[DEBUG] 19:13:44.172 [AiEngine] Adaptive time: 3000ms, depth: 5, reason: midgame, emergency: false
[DEBUG] 19:13:44.172 [AiEngine] Using JS Search
[DEBUG] 19:13:44.173 [AiEngine] Adaptive time: 3000ms, depth: 5, reason: midgame, tactical, emergency: false
[DEBUG] 19:13:44.173 [AiEngine] Using JS Search
[DEBUG] 19:13:44.173 [AiEngine] Adaptive time: 3000ms, depth: 5, reason: midgame, emergency: false
[DEBUG] 19:13:44.173 [AiEngine] Using JS Search
[DEBUG] 19:13:44.173 [AiEngine] Adaptive time: 3000ms, depth: 5, reason: midgame, tactical, emergency: false
[DEBUG] 19:13:44.173 [AiEngine] Using JS Search
[DEBUG] 19:13:44.173 [AiEngine] Adaptive time: 3000ms, depth: 5, reason: midgame, emergency: false
[DEBUG] 19:13:44.173 [AiEngine] Using JS Search
[DEBUG] 19:13:44.173 [AiEngine] Adaptive time: 3000ms, depth: 5, reason: midgame, tactical, emergency: false
[DEBUG] 19:13:44.173 [AiEngine] Using JS Search
[DEBUG] 19:13:44.174 [AiEngine] Adaptive time: 3000ms, depth: 5, reason: midgame, emergency: false
[DEBUG] 19:13:44.174 [AiEngine] Using JS Search
[DEBUG] 19:13:44.174 [AiEngine] Adaptive time: 3000ms, depth: 5, reason: midgame, tactical, emergency: false
[DEBUG] 19:13:44.174 [AiEngine] Using JS Search
[DEBUG] 19:13:44.174 [AiEngine] Adaptive time: 3000ms, depth: 5, reason: midgame, emergency: false
[DEBUG] 19:13:44.174 [AiEngine] Using JS Search
[DEBUG] 19:13:44.174 [AiEngine] Adaptive time: 3000ms, depth: 5, reason: midgame, tactical, emergency: false
[DEBUG] 19:13:44.174 [AiEngine] Using JS Search
[DEBUG] 19:13:44.174 [AiEngine] Adaptive time: 3000ms, depth: 5, reason: midgame, emergency: false
[DEBUG] 19:13:44.174 [AiEngine] Using JS Search
[DEBUG] 19:13:44.175 [AiEngine] Adaptive time: 3000ms, depth: 5, reason: midgame, tactical, emergency: false
[DEBUG] 19:13:44.175 [AiEngine] Using JS Search
[DEBUG] 19:13:44.175 [AiEngine] Adaptive time: 3000ms, depth: 5, reason: midgame, emergency: false
[DEBUG] 19:13:44.175 [AiEngine] Using JS Search
[DEBUG] 19:13:44.175 [AiEngine] Adaptive time: 3000ms, depth: 5, reason: midgame, tactical, emergency: false
[DEBUG] 19:13:44.175 [AiEngine] Using JS Search
[DEBUG] 19:13:44.175 [AiEngine] Adaptive time: 3000ms, depth: 5, reason: midgame, emergency: false
[DEBUG] 19:13:44.175 [AiEngine] Using JS Search
[DEBUG] 19:13:44.175 [AiEngine] Adaptive time: 3000ms, depth: 5, reason: midgame, tactical, emergency: false
[DEBUG] 19:13:44.175 [AiEngine] Using JS Search
[DEBUG] 19:13:44.175 [AiEngine] Adaptive time: 3000ms, depth: 5, reason: midgame, emergency: false
[DEBUG] 19:13:44.175 [AiEngine] Using JS Search
[DEBUG] 19:13:44.176 [AiEngine] Adaptive time: 3000ms, depth: 5, reason: midgame, tactical, emergency: false
[DEBUG] 19:13:44.176 [AiEngine] Using JS Search
[DEBUG] 19:13:44.176 [AiEngine] Adaptive time: 3000ms, depth: 5, reason: midgame, emergency: false
[DEBUG] 19:13:44.176 [AiEngine] Using JS Search
[DEBUG] 19:13:44.176 [AiEngine] Adaptive time: 3000ms, depth: 5, reason: midgame, tactical, emergency: false
[DEBUG] 19:13:44.176 [AiEngine] Using JS Search
[DEBUG] 19:13:44.176 [AiEngine] Adaptive time: 3000ms, depth: 5, reason: midgame, emergency: false
[DEBUG] 19:13:44.177 [AiEngine] Using JS Search
[DEBUG] 19:13:44.177 [AiEngine] Adaptive time: 3000ms, depth: 5, reason: midgame, tactical, emergency: false
[DEBUG] 19:13:44.177 [AiEngine] Using JS Search
[DEBUG] 19:13:44.177 [AiEngine] Adaptive time: 3000ms, depth: 5, reason: midgame, emergency: false
[DEBUG] 19:13:44.177 [AiEngine] Using JS Search
[DEBUG] 19:13:44.177 [AiEngine] Adaptive time: 3000ms, depth: 5, reason: midgame, tactical, emergency: false
[DEBUG] 19:13:44.177 [AiEngine] Using JS Search
[DEBUG] 19:13:44.177 [AiEngine] Adaptive time: 3000ms, depth: 5, reason: midgame, emergency: false
[DEBUG] 19:13:44.177 [AiEngine] Using JS Search
[DEBUG] 19:13:44.177 [AiEngine] Adaptive time: 3000ms, depth: 5, reason: midgame, tactical, emergency: false
[DEBUG] 19:13:44.177 [AiEngine] Using JS Search
[DEBUG] 19:13:44.178 [AiEngine] Adaptive time: 3000ms, depth: 5, reason: midgame, emergency: false
[DEBUG] 19:13:44.178 [AiEngine] Using JS Search
[DEBUG] 19:13:44.178 [AiEngine] Adaptive time: 3000ms, depth: 5, reason: midgame, tactical, emergency: false
[DEBUG] 19:13:44.178 [AiEngine] Using JS Search
[DEBUG] 19:13:44.178 [AiEngine] Adaptive time: 3000ms, depth: 5, reason: midgame, emergency: false
[DEBUG] 19:13:44.178 [AiEngine] Using JS Search
[DEBUG] 19:13:44.178 [AiEngine] Adaptive time: 3000ms, depth: 5, reason: midgame, tactical, emergency: false
[DEBUG] 19:13:44.178 [AiEngine] Using JS Search
[DEBUG] 19:13:44.178 [AiEngine] Adaptive time: 3000ms, depth: 5, reason: midgame, emergency: false
[DEBUG] 19:13:44.178 [AiEngine] Using JS Search
[DEBUG] 19:13:44.179 [AiEngine] Adaptive time: 3000ms, depth: 5, reason: midgame, tactical, emergency: false
[DEBUG] 19:13:44.179 [AiEngine] Using JS Search
[DEBUG] 19:13:44.179 [AiEngine] Adaptive time: 3000ms, depth: 5, reason: midgame, emergency: false
[DEBUG] 19:13:44.179 [AiEngine] Using JS Search
[DEBUG] 19:13:44.179 [AiEngine] Adaptive time: 3000ms, depth: 5, reason: midgame, tactical, emergency: false
[DEBUG] 19:13:44.179 [AiEngine] Using JS Search
[DEBUG] 19:13:44.179 [AiEngine] Adaptive time: 3000ms, depth: 5, reason: midgame, emergency: false
[DEBUG] 19:13:44.179 [AiEngine] Using JS Search
[DEBUG] 19:13:44.179 [AiEngine] Adaptive time: 3000ms, depth: 5, reason: midgame, tactical, emergency: false
[DEBUG] 19:13:44.179 [AiEngine] Using JS Search
[DEBUG] 19:13:44.179 [AiEngine] Adaptive time: 3000ms, depth: 5, reason: midgame, emergency: false
[DEBUG] 19:13:44.179 [AiEngine] Using JS Search
[DEBUG] 19:13:44.180 [AiEngine] Adaptive time: 3000ms, depth: 5, reason: midgame, tactical, emergency: false
[DEBUG] 19:13:44.180 [AiEngine] Using JS Search
[DEBUG] 19:13:44.180 [AiEngine] Adaptive time: 3000ms, depth: 5, reason: midgame, emergency: false
[DEBUG] 19:13:44.180 [AiEngine] Using JS Search
[DEBUG] 19:13:44.180 [AiEngine] Adaptive time: 3000ms, depth: 5, reason: midgame, tactical, emergency: false
[DEBUG] 19:13:44.180 [AiEngine] Using JS Search
[DEBUG] 19:13:44.180 [AiEngine] Adaptive time: 3000ms, depth: 5, reason: midgame, emergency: false
[DEBUG] 19:13:44.180 [AiEngine] Using JS Search
[DEBUG] 19:13:44.180 [AiEngine] Adaptive time: 3000ms, depth: 5, reason: midgame, tactical, emergency: false
[DEBUG] 19:13:44.181 [AiEngine] Using JS Search
[DEBUG] 19:13:44.181 [AiEngine] Adaptive time: 3000ms, depth: 5, reason: midgame, emergency: false
[DEBUG] 19:13:44.181 [AiEngine] Using JS Search
[DEBUG] 19:13:44.181 [AiEngine] Adaptive time: 3000ms, depth: 5, reason: midgame, tactical, emergency: false
[DEBUG] 19:13:44.181 [AiEngine] Using JS Search
[DEBUG] 19:13:44.181 [AiEngine] Adaptive time: 3000ms, depth: 5, reason: midgame, emergency: false
[DEBUG] 19:13:44.181 [AiEngine] Using JS Search
[DEBUG] 19:13:44.181 [AiEngine] Adaptive time: 3000ms, depth: 5, reason: midgame, tactical, emergency: false
[DEBUG] 19:13:44.181 [AiEngine] Using JS Search
[DEBUG] 19:13:44.181 [AiEngine] Adaptive time: 3000ms, depth: 5, reason: midgame, emergency: false
[DEBUG] 19:13:44.182 [AiEngine] Using JS Search
[DEBUG] 19:13:44.182 [AiEngine] Adaptive time: 3000ms, depth: 5, reason: midgame, tactical, emergency: false
[DEBUG] 19:13:44.182 [AiEngine] Using JS Search
[DEBUG] 19:13:44.182 [AiEngine] Adaptive time: 3000ms, depth: 5, reason: midgame, emergency: false
[DEBUG] 19:13:44.182 [AiEngine] Using JS Search
[DEBUG] 19:13:44.182 [AiEngine] Adaptive time: 3000ms, depth: 5, reason: midgame, tactical, emergency: false
[DEBUG] 19:13:44.182 [AiEngine] Using JS Search
[DEBUG] 19:13:44.182 [AiEngine] Adaptive time: 3000ms, depth: 5, reason: midgame, emergency: false
[DEBUG] 19:13:44.182 [AiEngine] Using JS Search
[DEBUG] 19:13:44.182 [AiEngine] Adaptive time: 3000ms, depth: 5, reason: midgame, tactical, emergency: false
[DEBUG] 19:13:44.182 [AiEngine] Using JS Search
[DEBUG] 19:13:44.183 [AiEngine] Adaptive time: 3000ms, depth: 5, reason: midgame, emergency: false
[DEBUG] 19:13:44.183 [AiEngine] Using JS Search
[DEBUG] 19:13:44.183 [AiEngine] Adaptive time: 3000ms, depth: 5, reason: midgame, tactical, emergency: false
[DEBUG] 19:13:44.183 [AiEngine] Using JS Search
[DEBUG] 19:13:44.183 [AiEngine] Adaptive time: 500ms, depth: 4, reason: midgame, opening, emergency: false
[DEBUG] 19:13:44.183 [AiEngine] Using JS Search
[DEBUG] 19:13:44.183 [AiEngine] Adaptive time: 500ms, depth: 4, reason: midgame, opening, emergency: false
[DEBUG] 19:13:44.183 [AiEngine] Using JS Search
[DEBUG] 19:13:44.183 [AiEngine] Adaptive time: 500ms, depth: 4, reason: midgame, opening, emergency: false
[DEBUG] 19:13:44.183 [AiEngine] Using JS Search
[DEBUG] 19:13:44.184 [AiEngine] Adaptive time: 500ms, depth: 4, reason: midgame, opening, tactical, emergency: false
[DEBUG] 19:13:44.184 [AiEngine] Using JS Search
[DEBUG] 19:13:44.184 [AiEngine] Adaptive time: 500ms, depth: 4, reason: midgame, opening, emergency: false
[DEBUG] 19:13:44.184 [AiEngine] Using JS Search
[DEBUG] 19:13:44.184 [AiEngine] Adaptive time: 500ms, depth: 4, reason: midgame, opening, tactical, emergency: false
[DEBUG] 19:13:44.184 [AiEngine] Using JS Search
[DEBUG] 19:13:44.184 [AiEngine] Adaptive time: 500ms, depth: 4, reason: midgame, opening, emergency: false
[DEBUG] 19:13:44.184 [AiEngine] Using JS Search
[DEBUG] 19:13:44.184 [AiEngine] Adaptive time: 500ms, depth: 4, reason: midgame, opening, tactical, emergency: false
[DEBUG] 19:13:44.184 [AiEngine] Using JS Search
[DEBUG] 19:13:44.184 [AiEngine] Adaptive time: 500ms, depth: 4, reason: midgame, opening, emergency: false
[DEBUG] 19:13:44.184 [AiEngine] Using JS Search
[DEBUG] 19:13:44.185 [AiEngine] Adaptive time: 500ms, depth: 4, reason: midgame, opening, tactical, emergency: false
[DEBUG] 19:13:44.185 [AiEngine] Using JS Search
[DEBUG] 19:13:44.185 [AiEngine] Adaptive time: 500ms, depth: 4, reason: midgame, opening, emergency: false
[DEBUG] 19:13:44.185 [AiEngine] Using JS Search
[DEBUG] 19:13:44.185 [AiEngine] Adaptive time: 500ms, depth: 4, reason: midgame, opening, tactical, emergency: false
[DEBUG] 19:13:44.185 [AiEngine] Using JS Search
[DEBUG] 19:13:44.185 [AiEngine] Adaptive time: 500ms, depth: 4, reason: midgame, opening, emergency: false
[DEBUG] 19:13:44.185 [AiEngine] Using JS Search
[DEBUG] 19:13:44.185 [AiEngine] Adaptive time: 500ms, depth: 4, reason: midgame, opening, tactical, emergency: false
[DEBUG] 19:13:44.185 [AiEngine] Using JS Search
[DEBUG] 19:13:44.186 [AiEngine] Adaptive time: 500ms, depth: 4, reason: midgame, opening, emergency: false
[DEBUG] 19:13:44.186 [AiEngine] Using JS Search
[DEBUG] 19:13:44.186 [AiEngine] Adaptive time: 500ms, depth: 4, reason: midgame, opening, tactical, emergency: false
[DEBUG] 19:13:44.186 [AiEngine] Using JS Search
[DEBUG] 19:13:44.186 [AiEngine] Adaptive time: 500ms, depth: 4, reason: midgame, opening, emergency: false
[DEBUG] 19:13:44.186 [AiEngine] Using JS Search
[DEBUG] 19:13:44.186 [AiEngine] Adaptive time: 500ms, depth: 4, reason: midgame, opening, tactical, emergency: false
[DEBUG] 19:13:44.186 [AiEngine] Using JS Search
[DEBUG] 19:13:44.187 [AiEngine] Adaptive time: 500ms, depth: 4, reason: midgame, opening, emergency: false
[DEBUG] 19:13:44.187 [AiEngine] Using JS Search
[DEBUG] 19:13:44.187 [AiEngine] Adaptive time: 500ms, depth: 4, reason: midgame, opening, tactical, emergency: false
[DEBUG] 19:13:44.187 [AiEngine] Using JS Search
[DEBUG] 19:13:44.187 [AiEngine] Adaptive time: 500ms, depth: 4, reason: midgame, opening, emergency: false
[DEBUG] 19:13:44.187 [AiEngine] Using JS Search
[DEBUG] 19:13:44.187 [AiEngine] Adaptive time: 500ms, depth: 4, reason: midgame, opening, tactical, emergency: false
[DEBUG] 19:13:44.187 [AiEngine] Using JS Search
[DEBUG] 19:13:44.187 [AiEngine] Adaptive time: 500ms, depth: 4, reason: midgame, opening, emergency: false
[DEBUG] 19:13:44.187 [AiEngine] Using JS Search
[DEBUG] 19:13:44.188 [AiEngine] Adaptive time: 500ms, depth: 4, reason: midgame, opening, tactical, emergency: false
[DEBUG] 19:13:44.188 [AiEngine] Using JS Search
[DEBUG] 19:13:44.188 [AiEngine] Adaptive time: 500ms, depth: 4, reason: midgame, opening, emergency: false
[DEBUG] 19:13:44.188 [AiEngine] Using JS Search
[DEBUG] 19:13:44.188 [AiEngine] Adaptive time: 500ms, depth: 4, reason: midgame, opening, tactical, emergency: false
[DEBUG] 19:13:44.188 [AiEngine] Using JS Search
[DEBUG] 19:13:44.188 [AiEngine] Adaptive time: 500ms, depth: 4, reason: midgame, opening, emergency: false
[DEBUG] 19:13:44.188 [AiEngine] Using JS Search
[DEBUG] 19:13:44.188 [AiEngine] Adaptive time: 500ms, depth: 4, reason: midgame, opening, tactical, emergency: false
[DEBUG] 19:13:44.188 [AiEngine] Using JS Search
[DEBUG] 19:13:44.189 [AiEngine] Adaptive time: 500ms, depth: 4, reason: midgame, opening, emergency: false
[DEBUG] 19:13:44.189 [AiEngine] Using JS Search
[DEBUG] 19:13:44.189 [AiEngine] Adaptive time: 500ms, depth: 4, reason: midgame, opening, tactical, emergency: false
[DEBUG] 19:13:44.189 [AiEngine] Using JS Search
[DEBUG] 19:13:44.189 [AiEngine] Adaptive time: 500ms, depth: 4, reason: midgame, opening, emergency: false
[DEBUG] 19:13:44.189 [AiEngine] Using JS Search
[DEBUG] 19:13:44.189 [AiEngine] Adaptive time: 500ms, depth: 4, reason: midgame, opening, tactical, emergency: false
[DEBUG] 19:13:44.189 [AiEngine] Using JS Search
[DEBUG] 19:13:44.189 [AiEngine] Adaptive time: 500ms, depth: 4, reason: midgame, opening, emergency: false
[DEBUG] 19:13:44.189 [AiEngine] Using JS Search
[DEBUG] 19:13:44.190 [AiEngine] Adaptive time: 500ms, depth: 4, reason: midgame, opening, tactical, emergency: false
[DEBUG] 19:13:44.190 [AiEngine] Using JS Search
[DEBUG] 19:13:44.190 [AiEngine] Adaptive time: 500ms, depth: 4, reason: midgame, opening, emergency: false
[DEBUG] 19:13:44.190 [AiEngine] Using JS Search
[DEBUG] 19:13:44.190 [AiEngine] Adaptive time: 500ms, depth: 4, reason: midgame, opening, tactical, emergency: false
[DEBUG] 19:13:44.190 [AiEngine] Using JS Search
[DEBUG] 19:13:44.190 [AiEngine] Adaptive time: 500ms, depth: 4, reason: midgame, opening, emergency: false
[DEBUG] 19:13:44.190 [AiEngine] Using JS Search
[DEBUG] 19:13:44.191 [AiEngine] Adaptive time: 500ms, depth: 4, reason: midgame, opening, tactical, emergency: false
[DEBUG] 19:13:44.191 [AiEngine] Using JS Search
[DEBUG] 19:13:44.191 [AiEngine] Adaptive time: 500ms, depth: 4, reason: midgame, opening, emergency: false
[DEBUG] 19:13:44.191 [AiEngine] Using JS Search
[DEBUG] 19:13:44.191 [AiEngine] Adaptive time: 500ms, depth: 4, reason: midgame, opening, tactical, emergency: false
[DEBUG] 19:13:44.191 [AiEngine] Using JS Search
[DEBUG] 19:13:44.191 [AiEngine] Adaptive time: 3000ms, depth: 5, reason: midgame, emergency: false
[DEBUG] 19:13:44.191 [AiEngine] Using JS Search
[DEBUG] 19:13:44.191 [AiEngine] Adaptive time: 3000ms, depth: 5, reason: midgame, tactical, emergency: false
[DEBUG] 19:13:44.191 [AiEngine] Using JS Search
[DEBUG] 19:13:44.192 [AiEngine] Adaptive time: 3000ms, depth: 5, reason: midgame, emergency: false
[DEBUG] 19:13:44.192 [AiEngine] Using JS Search
[DEBUG] 19:13:44.192 [AiEngine] Adaptive time: 3000ms, depth: 5, reason: midgame, tactical, emergency: false
[DEBUG] 19:13:44.192 [AiEngine] Using JS Search
[DEBUG] 19:13:44.192 [AiEngine] Adaptive time: 3000ms, depth: 5, reason: midgame, emergency: false
[DEBUG] 19:13:44.192 [AiEngine] Using JS Search
[DEBUG] 19:13:44.192 [AiEngine] Adaptive time: 3000ms, depth: 5, reason: midgame, tactical, emergency: false
[DEBUG] 19:13:44.192 [AiEngine] Using JS Search
[DEBUG] 19:13:44.192 [AiEngine] Adaptive time: 3000ms, depth: 5, reason: midgame, emergency: false
[DEBUG] 19:13:44.192 [AiEngine] Using JS Search
[DEBUG] 19:13:44.193 [AiEngine] Adaptive time: 3000ms, depth: 5, reason: midgame, tactical, emergency: false
[DEBUG] 19:13:44.193 [AiEngine] Using JS Search
[DEBUG] 19:13:44.193 [AiEngine] Adaptive time: 3000ms, depth: 5, reason: midgame, emergency: false
[DEBUG] 19:13:44.193 [AiEngine] Using JS Search
[DEBUG] 19:13:44.193 [AiEngine] Adaptive time: 3000ms, depth: 5, reason: midgame, tactical, emergency: false
[DEBUG] 19:13:44.193 [AiEngine] Using JS Search
[DEBUG] 19:13:44.193 [AiEngine] Adaptive time: 3000ms, depth: 5, reason: midgame, emergency: false
[DEBUG] 19:13:44.193 [AiEngine] Using JS Search
[DEBUG] 19:13:44.193 [AiEngine] Adaptive time: 3000ms, depth: 5, reason: midgame, tactical, emergency: false
[DEBUG] 19:13:44.193 [AiEngine] Using JS Search
[DEBUG] 19:13:44.193 [AiEngine] Adaptive time: 3000ms, depth: 5, reason: midgame, emergency: false
[DEBUG] 19:13:44.193 [AiEngine] Using JS Search
[DEBUG] 19:13:44.194 [AiEngine] Adaptive time: 3000ms, depth: 5, reason: midgame, tactical, emergency: false
[DEBUG] 19:13:44.194 [AiEngine] Using JS Search
[DEBUG] 19:13:44.194 [AiEngine] Adaptive time: 3000ms, depth: 5, reason: midgame, emergency: false
[DEBUG] 19:13:44.194 [AiEngine] Using JS Search
[DEBUG] 19:13:44.194 [AiEngine] Adaptive time: 3000ms, depth: 5, reason: midgame, tactical, emergency: false
[DEBUG] 19:13:44.194 [AiEngine] Using JS Search
[DEBUG] 19:13:44.194 [AiEngine] Adaptive time: 3000ms, depth: 5, reason: midgame, emergency: false
[DEBUG] 19:13:44.194 [AiEngine] Using JS Search
[DEBUG] 19:13:44.194 [AiEngine] Adaptive time: 3000ms, depth: 5, reason: midgame, tactical, emergency: false
[DEBUG] 19:13:44.194 [AiEngine] Using JS Search
[DEBUG] 19:13:44.195 [AiEngine] Adaptive time: 3000ms, depth: 5, reason: midgame, emergency: false
[DEBUG] 19:13:44.195 [AiEngine] Using JS Search
[DEBUG] 19:13:44.195 [AiEngine] Adaptive time: 3000ms, depth: 5, reason: midgame, tactical, emergency: false
[DEBUG] 19:13:44.195 [AiEngine] Using JS Search
[DEBUG] 19:13:44.195 [AiEngine] Adaptive time: 3000ms, depth: 5, reason: midgame, emergency: false
[DEBUG] 19:13:44.195 [AiEngine] Using JS Search
[DEBUG] 19:13:44.195 [AiEngine] Adaptive time: 3000ms, depth: 5, reason: midgame, tactical, emergency: false
[DEBUG] 19:13:44.195 [AiEngine] Using JS Search
[DEBUG] 19:13:44.195 [AiEngine] Adaptive time: 3000ms, depth: 5, reason: midgame, emergency: false
[DEBUG] 19:13:44.195 [AiEngine] Using JS Search
[DEBUG] 19:13:44.196 [AiEngine] Adaptive time: 3000ms, depth: 5, reason: midgame, tactical, emergency: false
[DEBUG] 19:13:44.196 [AiEngine] Using JS Search
[DEBUG] 19:13:44.196 [AiEngine] Adaptive time: 3000ms, depth: 5, reason: midgame, emergency: false
[DEBUG] 19:13:44.196 [AiEngine] Using JS Search
[DEBUG] 19:13:44.196 [AiEngine] Adaptive time: 3000ms, depth: 5, reason: midgame, tactical, emergency: false
[DEBUG] 19:13:44.196 [AiEngine] Using JS Search
[DEBUG] 19:13:44.196 [AiEngine] Adaptive time: 3000ms, depth: 5, reason: midgame, emergency: false
[DEBUG] 19:13:44.196 [AiEngine] Using JS Search
[DEBUG] 19:13:44.196 [AiEngine] Adaptive time: 3000ms, depth: 5, reason: midgame, tactical, emergency: false
[DEBUG] 19:13:44.196 [AiEngine] Using JS Search
[DEBUG] 19:13:44.197 [AiEngine] Adaptive time: 3000ms, depth: 5, reason: midgame, emergency: false
[DEBUG] 19:13:44.197 [AiEngine] Using JS Search
[DEBUG] 19:13:44.197 [AiEngine] Adaptive time: 3000ms, depth: 5, reason: midgame, tactical, emergency: false
[DEBUG] 19:13:44.197 [AiEngine] Using JS Search
[DEBUG] 19:13:44.197 [AiEngine] Adaptive time: 3000ms, depth: 5, reason: midgame, emergency: false
[DEBUG] 19:13:44.197 [AiEngine] Using JS Search
[DEBUG] 19:13:44.198 [AiEngine] Adaptive time: 3000ms, depth: 5, reason: midgame, tactical, emergency: false
[DEBUG] 19:13:44.198 [AiEngine] Using JS Search
[DEBUG] 19:13:44.198 [AiEngine] Adaptive time: 3000ms, depth: 5, reason: midgame, emergency: false
[DEBUG] 19:13:44.198 [AiEngine] Using JS Search
[DEBUG] 19:13:44.199 [AiEngine] Adaptive time: 3000ms, depth: 5, reason: midgame, tactical, emergency: false
[DEBUG] 19:13:44.199 [AiEngine] Using JS Search
[DEBUG] 19:13:44.199 [AiEngine] Adaptive time: 3000ms, depth: 5, reason: midgame, emergency: false
[DEBUG] 19:13:44.199 [AiEngine] Using JS Search
[DEBUG] 19:13:44.199 [AiEngine] Adaptive time: 3000ms, depth: 5, reason: midgame, tactical, emergency: false
[DEBUG] 19:13:44.199 [AiEngine] Using JS Search
[DEBUG] 19:13:44.199 [AiEngine] Adaptive time: 3000ms, depth: 5, reason: midgame, emergency: false
[DEBUG] 19:13:44.199 [AiEngine] Using JS Search
[DEBUG] 19:13:44.199 [AiEngine] Adaptive time: 3000ms, depth: 5, reason: midgame, tactical, emergency: false
[DEBUG] 19:13:44.199 [AiEngine] Using JS Search
[DEBUG] 19:13:44.200 [AiEngine] Adaptive time: 3000ms, depth: 5, reason: midgame, emergency: false
[DEBUG] 19:13:44.200 [AiEngine] Using JS Search
[DEBUG] 19:13:44.200 [AiEngine] Adaptive time: 3000ms, depth: 5, reason: midgame, tactical, emergency: false
[DEBUG] 19:13:44.200 [AiEngine] Using JS Search
[DEBUG] 19:13:44.200 [AiEngine] Adaptive time: 3000ms, depth: 5, reason: midgame, emergency: false
[DEBUG] 19:13:44.200 [AiEngine] Using JS Search
[DEBUG] 19:13:44.200 [AiEngine] Adaptive time: 3000ms, depth: 5, reason: midgame, tactical, emergency: false
[DEBUG] 19:13:44.200 [AiEngine] Using JS Search
[DEBUG] 19:13:44.200 [AiEngine] Adaptive time: 3000ms, depth: 5, reason: midgame, emergency: false
[DEBUG] 19:13:44.200 [AiEngine] Using JS Search
[DEBUG] 19:13:44.201 [AiEngine] Adaptive time: 3000ms, depth: 5, reason: midgame, tactical, emergency: false
[DEBUG] 19:13:44.201 [AiEngine] Using JS Search
[DEBUG] 19:13:44.201 [AiEngine] Adaptive time: 3000ms, depth: 5, reason: midgame, emergency: false
[DEBUG] 19:13:44.201 [AiEngine] Using JS Search
[DEBUG] 19:13:44.201 [AiEngine] Adaptive time: 3000ms, depth: 5, reason: midgame, tactical, emergency: false
[DEBUG] 19:13:44.201 [AiEngine] Using JS Search
[DEBUG] 19:13:44.201 [AiEngine] Adaptive time: 3000ms, depth: 5, reason: midgame, emergency: false
[DEBUG] 19:13:44.201 [AiEngine] Using JS Search
[DEBUG] 19:13:44.201 [AiEngine] Adaptive time: 3000ms, depth: 5, reason: midgame, tactical, emergency: false
[DEBUG] 19:13:44.201 [AiEngine] Using JS Search
[DEBUG] 19:13:44.202 [AiEngine] Adaptive time: 3000ms, depth: 5, reason: midgame, emergency: false
[DEBUG] 19:13:44.202 [AiEngine] Using JS Search
[DEBUG] 19:13:44.202 [AiEngine] Adaptive time: 3000ms, depth: 5, reason: midgame, tactical, emergency: false
[DEBUG] 19:13:44.202 [AiEngine] Using JS Search
[DEBUG] 19:13:44.202 [AiEngine] Adaptive time: 3000ms, depth: 5, reason: midgame, emergency: false
[DEBUG] 19:13:44.202 [AiEngine] Using JS Search
[DEBUG] 19:13:44.202 [AiEngine] Adaptive time: 3000ms, depth: 5, reason: midgame, tactical, emergency: false
[DEBUG] 19:13:44.202 [AiEngine] Using JS Search
[DEBUG] 19:13:44.202 [AiEngine] Adaptive time: 3000ms, depth: 5, reason: midgame, emergency: false
[DEBUG] 19:13:44.202 [AiEngine] Using JS Search
[DEBUG] 19:13:44.203 [AiEngine] Adaptive time: 3000ms, depth: 5, reason: midgame, tactical, emergency: false
[DEBUG] 19:13:44.203 [AiEngine] Using JS Search
[DEBUG] 19:13:44.203 [AiEngine] Adaptive time: 3000ms, depth: 5, reason: midgame, emergency: false
[DEBUG] 19:13:44.203 [AiEngine] Using JS Search
[DEBUG] 19:13:44.203 [AiEngine] Adaptive time: 3000ms, depth: 5, reason: midgame, tactical, emergency: false
[DEBUG] 19:13:44.203 [AiEngine] Using JS Search
[DEBUG] 19:13:44.203 [AiEngine] Adaptive time: 3000ms, depth: 5, reason: midgame, emergency: false
[DEBUG] 19:13:44.203 [AiEngine] Using JS Search
[DEBUG] 19:13:44.203 [AiEngine] Adaptive time: 3000ms, depth: 5, reason: midgame, tactical, emergency: false
[DEBUG] 19:13:44.203 [AiEngine] Using JS Search
[DEBUG] 19:13:44.203 [AiEngine] Adaptive time: 3000ms, depth: 5, reason: midgame, emergency: false
[DEBUG] 19:13:44.203 [AiEngine] Using JS Search
[DEBUG] 19:13:44.204 [AiEngine] Adaptive time: 3000ms, depth: 5, reason: midgame, tactical, emergency: false
[DEBUG] 19:13:44.204 [AiEngine] Using JS Search
[DEBUG] 19:13:44.204 [AiEngine] Adaptive time: 500ms, depth: 4, reason: midgame, opening, emergency: false
[DEBUG] 19:13:44.204 [AiEngine] Using JS Search
[DEBUG] 19:13:44.204 [AiEngine] Adaptive time: 500ms, depth: 4, reason: midgame, opening, emergency: false
[DEBUG] 19:13:44.204 [AiEngine] Using JS Search
[DEBUG] 19:13:44.204 [AiEngine] Adaptive time: 500ms, depth: 4, reason: midgame, opening, emergency: false
[DEBUG] 19:13:44.204 [AiEngine] Using JS Search
[DEBUG] 19:13:44.204 [AiEngine] Adaptive time: 500ms, depth: 4, reason: midgame, opening, tactical, emergency: false
[DEBUG] 19:13:44.204 [AiEngine] Using JS Search
[DEBUG] 19:13:44.205 [AiEngine] Adaptive time: 500ms, depth: 4, reason: midgame, opening, emergency: false
[DEBUG] 19:13:44.205 [AiEngine] Using JS Search
[DEBUG] 19:13:44.205 [AiEngine] Adaptive time: 500ms, depth: 4, reason: midgame, opening, tactical, emergency: false
[DEBUG] 19:13:44.205 [AiEngine] Using JS Search
[DEBUG] 19:13:44.205 [AiEngine] Adaptive time: 500ms, depth: 4, reason: midgame, opening, emergency: false
[DEBUG] 19:13:44.205 [AiEngine] Using JS Search
[DEBUG] 19:13:44.205 [AiEngine] Adaptive time: 500ms, depth: 4, reason: midgame, opening, tactical, emergency: false
[DEBUG] 19:13:44.205 [AiEngine] Using JS Search
[DEBUG] 19:13:44.205 [AiEngine] Adaptive time: 500ms, depth: 4, reason: midgame, opening, emergency: false
[DEBUG] 19:13:44.205 [AiEngine] Using JS Search
[DEBUG] 19:13:44.206 [AiEngine] Adaptive time: 500ms, depth: 4, reason: midgame, opening, tactical, emergency: false
[DEBUG] 19:13:44.206 [AiEngine] Using JS Search
[DEBUG] 19:13:44.206 [AiEngine] Adaptive time: 500ms, depth: 4, reason: midgame, opening, emergency: false
[DEBUG] 19:13:44.206 [AiEngine] Using JS Search
[DEBUG] 19:13:44.206 [AiEngine] Adaptive time: 500ms, depth: 4, reason: midgame, opening, tactical, emergency: false
[DEBUG] 19:13:44.206 [AiEngine] Using JS Search
[DEBUG] 19:13:44.206 [AiEngine] Adaptive time: 500ms, depth: 4, reason: midgame, opening, emergency: false
[DEBUG] 19:13:44.206 [AiEngine] Using JS Search
[DEBUG] 19:13:44.206 [AiEngine] Adaptive time: 500ms, depth: 4, reason: midgame, opening, tactical, emergency: false
[DEBUG] 19:13:44.206 [AiEngine] Using JS Search
[DEBUG] 19:13:44.207 [AiEngine] Adaptive time: 500ms, depth: 4, reason: midgame, opening, emergency: false
[DEBUG] 19:13:44.207 [AiEngine] Using JS Search
[DEBUG] 19:13:44.207 [AiEngine] Adaptive time: 500ms, depth: 4, reason: midgame, opening, tactical, emergency: false
[DEBUG] 19:13:44.207 [AiEngine] Using JS Search
[DEBUG] 19:13:44.207 [AiEngine] Adaptive time: 500ms, depth: 4, reason: midgame, opening, emergency: false
[DEBUG] 19:13:44.207 [AiEngine] Using JS Search
[DEBUG] 19:13:44.207 [AiEngine] Adaptive time: 500ms, depth: 4, reason: midgame, opening, tactical, emergency: false
[DEBUG] 19:13:44.207 [AiEngine] Using JS Search
[DEBUG] 19:13:44.207 [AiEngine] Adaptive time: 500ms, depth: 4, reason: midgame, opening, emergency: false
[DEBUG] 19:13:44.207 [AiEngine] Using JS Search
[DEBUG] 19:13:44.208 [AiEngine] Adaptive time: 500ms, depth: 4, reason: midgame, opening, tactical, emergency: false
[DEBUG] 19:13:44.208 [AiEngine] Using JS Search
[DEBUG] 19:13:44.208 [AiEngine] Adaptive time: 500ms, depth: 4, reason: midgame, opening, emergency: false
[DEBUG] 19:13:44.208 [AiEngine] Using JS Search
[DEBUG] 19:13:44.208 [AiEngine] Adaptive time: 500ms, depth: 4, reason: midgame, opening, tactical, emergency: false
[DEBUG] 19:13:44.208 [AiEngine] Using JS Search
[DEBUG] 19:13:44.208 [AiEngine] Adaptive time: 500ms, depth: 4, reason: midgame, opening, emergency: false
[DEBUG] 19:13:44.208 [AiEngine] Using JS Search
[DEBUG] 19:13:44.208 [AiEngine] Adaptive time: 500ms, depth: 4, reason: midgame, opening, tactical, emergency: false
[DEBUG] 19:13:44.208 [AiEngine] Using JS Search
[DEBUG] 19:13:44.209 [AiEngine] Adaptive time: 500ms, depth: 4, reason: midgame, opening, emergency: false
[DEBUG] 19:13:44.209 [AiEngine] Using JS Search
[DEBUG] 19:13:44.209 [AiEngine] Adaptive time: 500ms, depth: 4, reason: midgame, opening, tactical, emergency: false
[DEBUG] 19:13:44.209 [AiEngine] Using JS Search
[DEBUG] 19:13:44.209 [AiEngine] Adaptive time: 500ms, depth: 4, reason: midgame, opening, emergency: false
[DEBUG] 19:13:44.209 [AiEngine] Using JS Search
[DEBUG] 19:13:44.210 [AiEngine] Adaptive time: 500ms, depth: 4, reason: midgame, opening, tactical, emergency: false
[DEBUG] 19:13:44.210 [AiEngine] Using JS Search
[DEBUG] 19:13:44.210 [AiEngine] Adaptive time: 500ms, depth: 4, reason: midgame, opening, emergency: false
[DEBUG] 19:13:44.210 [AiEngine] Using JS Search
[DEBUG] 19:13:44.210 [AiEngine] Adaptive time: 500ms, depth: 4, reason: midgame, opening, tactical, emergency: false
[DEBUG] 19:13:44.210 [AiEngine] Using JS Search
[DEBUG] 19:13:44.210 [AiEngine] Adaptive time: 500ms, depth: 4, reason: midgame, opening, emergency: false
[DEBUG] 19:13:44.210 [AiEngine] Using JS Search
[DEBUG] 19:13:44.210 [AiEngine] Adaptive time: 500ms, depth: 4, reason: midgame, opening, tactical, emergency: false
[DEBUG] 19:13:44.210 [AiEngine] Using JS Search
[DEBUG] 19:13:44.211 [AiEngine] Adaptive time: 500ms, depth: 4, reason: midgame, opening, emergency: false
[DEBUG] 19:13:44.211 [AiEngine] Using JS Search
[DEBUG] 19:13:44.211 [AiEngine] Adaptive time: 500ms, depth: 4, reason: midgame, opening, tactical, emergency: false
[DEBUG] 19:13:44.211 [AiEngine] Using JS Search
[DEBUG] 19:13:44.211 [AiEngine] Adaptive time: 500ms, depth: 4, reason: midgame, opening, emergency: false
[DEBUG] 19:13:44.211 [AiEngine] Using JS Search
[DEBUG] 19:13:44.211 [AiEngine] Adaptive time: 500ms, depth: 4, reason: midgame, opening, tactical, emergency: false
[DEBUG] 19:13:44.211 [AiEngine] Using JS Search
[DEBUG] 19:13:44.211 [AiEngine] Adaptive time: 500ms, depth: 4, reason: midgame, opening, emergency: false
[DEBUG] 19:13:44.211 [AiEngine] Using JS Search
[DEBUG] 19:13:44.212 [AiEngine] Adaptive time: 500ms, depth: 4, reason: midgame, opening, tactical, emergency: false
[DEBUG] 19:13:44.212 [AiEngine] Using JS Search
[DEBUG] 19:13:44.212 [AiEngine] Adaptive time: 500ms, depth: 4, reason: midgame, opening, emergency: false
[DEBUG] 19:13:44.212 [AiEngine] Using JS Search
[DEBUG] 19:13:44.212 [AiEngine] Adaptive time: 500ms, depth: 4, reason: midgame, opening, tactical, emergency: false
[DEBUG] 19:13:44.212 [AiEngine] Using JS Search
[DEBUG] 19:13:44.212 [AiEngine] Adaptive time: 3000ms, depth: 5, reason: midgame, emergency: false
[DEBUG] 19:13:44.212 [AiEngine] Using JS Search
[DEBUG] 19:13:44.212 [AiEngine] Adaptive time: 3000ms, depth: 5, reason: midgame, tactical, emergency: false
[DEBUG] 19:13:44.212 [AiEngine] Using JS Search
[DEBUG] 19:13:44.213 [AiEngine] Adaptive time: 3000ms, depth: 5, reason: midgame, emergency: false
[DEBUG] 19:13:44.213 [AiEngine] Using JS Search
[DEBUG] 19:13:44.213 [AiEngine] Adaptive time: 3000ms, depth: 5, reason: midgame, tactical, emergency: false
[DEBUG] 19:13:44.213 [AiEngine] Using JS Search
[DEBUG] 19:13:44.213 [AiEngine] Adaptive time: 3000ms, depth: 5, reason: midgame, emergency: false
[DEBUG] 19:13:44.213 [AiEngine] Using JS Search
[DEBUG] 19:13:44.213 [AiEngine] Adaptive time: 3000ms, depth: 5, reason: midgame, tactical, emergency: false
[DEBUG] 19:13:44.213 [AiEngine] Using JS Search
[DEBUG] 19:13:44.213 [AiEngine] Adaptive time: 3000ms, depth: 5, reason: midgame, emergency: false
[DEBUG] 19:13:44.213 [AiEngine] Using JS Search
[DEBUG] 19:13:44.214 [AiEngine] Adaptive time: 3000ms, depth: 5, reason: midgame, tactical, emergency: false
[DEBUG] 19:13:44.214 [AiEngine] Using JS Search
[DEBUG] 19:13:44.214 [AiEngine] Adaptive time: 3000ms, depth: 5, reason: midgame, emergency: false
[DEBUG] 19:13:44.214 [AiEngine] Using JS Search
[DEBUG] 19:13:44.214 [AiEngine] Adaptive time: 3000ms, depth: 5, reason: midgame, tactical, emergency: false
[DEBUG] 19:13:44.214 [AiEngine] Using JS Search
[DEBUG] 19:13:44.214 [AiEngine] Adaptive time: 3000ms, depth: 5, reason: midgame, emergency: false
[DEBUG] 19:13:44.214 [AiEngine] Using JS Search
[DEBUG] 19:13:44.214 [AiEngine] Adaptive time: 3000ms, depth: 5, reason: midgame, tactical, emergency: false
[DEBUG] 19:13:44.214 [AiEngine] Using JS Search
[DEBUG] 19:13:44.215 [AiEngine] Adaptive time: 3000ms, depth: 5, reason: midgame, emergency: false
[DEBUG] 19:13:44.215 [AiEngine] Using JS Search
[DEBUG] 19:13:44.215 [AiEngine] Adaptive time: 3000ms, depth: 5, reason: midgame, tactical, emergency: false
[DEBUG] 19:13:44.215 [AiEngine] Using JS Search
[DEBUG] 19:13:44.215 [AiEngine] Adaptive time: 3000ms, depth: 5, reason: midgame, emergency: false
[DEBUG] 19:13:44.215 [AiEngine] Using JS Search
[DEBUG] 19:13:44.215 [AiEngine] Adaptive time: 3000ms, depth: 5, reason: midgame, tactical, emergency: false
[DEBUG] 19:13:44.215 [AiEngine] Using JS Search
[DEBUG] 19:13:44.215 [AiEngine] Adaptive time: 3000ms, depth: 5, reason: midgame, emergency: false
[DEBUG] 19:13:44.215 [AiEngine] Using JS Search
[DEBUG] 19:13:44.216 [AiEngine] Adaptive time: 3000ms, depth: 5, reason: midgame, tactical, emergency: false
[DEBUG] 19:13:44.216 [AiEngine] Using JS Search
[DEBUG] 19:13:44.216 [AiEngine] Adaptive time: 3000ms, depth: 5, reason: midgame, emergency: false
[DEBUG] 19:13:44.216 [AiEngine] Using JS Search
[DEBUG] 19:13:44.216 [AiEngine] Adaptive time: 3000ms, depth: 5, reason: midgame, tactical, emergency: false
[DEBUG] 19:13:44.216 [AiEngine] Using JS Search
[DEBUG] 19:13:44.216 [AiEngine] Adaptive time: 3000ms, depth: 5, reason: midgame, emergency: false
[DEBUG] 19:13:44.216 [AiEngine] Using JS Search
[DEBUG] 19:13:44.216 [AiEngine] Adaptive time: 3000ms, depth: 5, reason: midgame, tactical, emergency: false
[DEBUG] 19:13:44.216 [AiEngine] Using JS Search
[DEBUG] 19:13:44.216 [AiEngine] Adaptive time: 3000ms, depth: 5, reason: midgame, emergency: false
[DEBUG] 19:13:44.216 [AiEngine] Using JS Search
[DEBUG] 19:13:44.217 [AiEngine] Adaptive time: 3000ms, depth: 5, reason: midgame, tactical, emergency: false
[DEBUG] 19:13:44.217 [AiEngine] Using JS Search
[DEBUG] 19:13:44.217 [AiEngine] Adaptive time: 3000ms, depth: 5, reason: midgame, emergency: false
[DEBUG] 19:13:44.217 [AiEngine] Using JS Search
[DEBUG] 19:13:44.217 [AiEngine] Adaptive time: 3000ms, depth: 5, reason: midgame, tactical, emergency: false
[DEBUG] 19:13:44.217 [AiEngine] Using JS Search
[DEBUG] 19:13:44.217 [AiEngine] Adaptive time: 3000ms, depth: 5, reason: midgame, emergency: false
[DEBUG] 19:13:44.217 [AiEngine] Using JS Search
[DEBUG] 19:13:44.217 [AiEngine] Adaptive time: 3000ms, depth: 5, reason: midgame, tactical, emergency: false
[DEBUG] 19:13:44.217 [AiEngine] Using JS Search
[DEBUG] 19:13:44.218 [AiEngine] Adaptive time: 3000ms, depth: 5, reason: midgame, emergency: false
[DEBUG] 19:13:44.218 [AiEngine] Using JS Search
[DEBUG] 19:13:44.218 [AiEngine] Adaptive time: 3000ms, depth: 5, reason: midgame, tactical, emergency: false
[DEBUG] 19:13:44.218 [AiEngine] Using JS Search
[DEBUG] 19:13:44.218 [AiEngine] Adaptive time: 3000ms, depth: 5, reason: midgame, emergency: false
[DEBUG] 19:13:44.218 [AiEngine] Using JS Search
[DEBUG] 19:13:44.218 [AiEngine] Adaptive time: 3000ms, depth: 5, reason: midgame, tactical, emergency: false
[DEBUG] 19:13:44.218 [AiEngine] Using JS Search
[DEBUG] 19:13:44.218 [AiEngine] Adaptive time: 3000ms, depth: 5, reason: midgame, emergency: false
[DEBUG] 19:13:44.218 [AiEngine] Using JS Search
[DEBUG] 19:13:44.219 [AiEngine] Adaptive time: 3000ms, depth: 5, reason: midgame, tactical, emergency: false
[DEBUG] 19:13:44.219 [AiEngine] Using JS Search
[DEBUG] 19:13:44.219 [AiEngine] Adaptive time: 3000ms, depth: 5, reason: midgame, emergency: false
[DEBUG] 19:13:44.219 [AiEngine] Using JS Search
[DEBUG] 19:13:44.219 [AiEngine] Adaptive time: 3000ms, depth: 5, reason: midgame, tactical, emergency: false
[DEBUG] 19:13:44.219 [AiEngine] Using JS Search
[DEBUG] 19:13:44.219 [AiEngine] Adaptive time: 3000ms, depth: 5, reason: midgame, emergency: false
[DEBUG] 19:13:44.219 [AiEngine] Using JS Search
[DEBUG] 19:13:44.219 [AiEngine] Adaptive time: 3000ms, depth: 5, reason: midgame, tactical, emergency: false
[DEBUG] 19:13:44.219 [AiEngine] Using JS Search
[DEBUG] 19:13:44.220 [AiEngine] Adaptive time: 3000ms, depth: 5, reason: midgame, emergency: false
[DEBUG] 19:13:44.220 [AiEngine] Using JS Search
[DEBUG] 19:13:44.220 [AiEngine] Adaptive time: 3000ms, depth: 5, reason: midgame, tactical, emergency: false
[DEBUG] 19:13:44.220 [AiEngine] Using JS Search
[DEBUG] 19:13:44.220 [AiEngine] Adaptive time: 3000ms, depth: 5, reason: midgame, emergency: false
[DEBUG] 19:13:44.220 [AiEngine] Using JS Search
[DEBUG] 19:13:44.220 [AiEngine] Adaptive time: 3000ms, depth: 5, reason: midgame, tactical, emergency: false
[DEBUG] 19:13:44.220 [AiEngine] Using JS Search
[DEBUG] 19:13:44.221 [AiEngine] Adaptive time: 3000ms, depth: 5, reason: midgame, emergency: false
[DEBUG] 19:13:44.221 [AiEngine] Using JS Search
[DEBUG] 19:13:44.221 [AiEngine] Adaptive time: 3000ms, depth: 5, reason: midgame, tactical, emergency: false
[DEBUG] 19:13:44.221 [AiEngine] Using JS Search
[DEBUG] 19:13:44.221 [AiEngine] Adaptive time: 3000ms, depth: 5, reason: midgame, emergency: false
[DEBUG] 19:13:44.221 [AiEngine] Using JS Search
[DEBUG] 19:13:44.221 [AiEngine] Adaptive time: 3000ms, depth: 5, reason: midgame, tactical, emergency: false
[DEBUG] 19:13:44.221 [AiEngine] Using JS Search
[DEBUG] 19:13:44.221 [AiEngine] Adaptive time: 3000ms, depth: 5, reason: midgame, emergency: false
[DEBUG] 19:13:44.221 [AiEngine] Using JS Search
[DEBUG] 19:13:44.222 [AiEngine] Adaptive time: 3000ms, depth: 5, reason: midgame, tactical, emergency: false
[DEBUG] 19:13:44.222 [AiEngine] Using JS Search
[DEBUG] 19:13:44.222 [AiEngine] Adaptive time: 3000ms, depth: 5, reason: midgame, emergency: false
[DEBUG] 19:13:44.222 [AiEngine] Using JS Search
[DEBUG] 19:13:44.222 [AiEngine] Adaptive time: 3000ms, depth: 5, reason: midgame, tactical, emergency: false
[DEBUG] 19:13:44.222 [AiEngine] Using JS Search
[DEBUG] 19:13:44.222 [AiEngine] Adaptive time: 3000ms, depth: 5, reason: midgame, emergency: false
[DEBUG] 19:13:44.222 [AiEngine] Using JS Search
[DEBUG] 19:13:44.222 [AiEngine] Adaptive time: 3000ms, depth: 5, reason: midgame, tactical, emergency: false
[DEBUG] 19:13:44.222 [AiEngine] Using JS Search
[DEBUG] 19:13:44.223 [AiEngine] Adaptive time: 3000ms, depth: 5, reason: midgame, emergency: false
[DEBUG] 19:13:44.223 [AiEngine] Using JS Search
[DEBUG] 19:13:44.223 [AiEngine] Adaptive time: 3000ms, depth: 5, reason: midgame, tactical, emergency: false
[DEBUG] 19:13:44.223 [AiEngine] Using JS Search
[DEBUG] 19:13:44.223 [AiEngine] Adaptive time: 3000ms, depth: 5, reason: midgame, emergency: false
[DEBUG] 19:13:44.223 [AiEngine] Using JS Search
[DEBUG] 19:13:44.223 [AiEngine] Adaptive time: 3000ms, depth: 5, reason: midgame, tactical, emergency: false
[DEBUG] 19:13:44.223 [AiEngine] Using JS Search
[DEBUG] 19:13:44.223 [AiEngine] Adaptive time: 3000ms, depth: 5, reason: midgame, emergency: false
[DEBUG] 19:13:44.223 [AiEngine] Using JS Search
[DEBUG] 19:13:44.223 [AiEngine] Adaptive time: 3000ms, depth: 5, reason: midgame, tactical, emergency: false
[DEBUG] 19:13:44.223 [AiEngine] Using JS Search
[DEBUG] 19:13:44.224 [AiEngine] Adaptive time: 3000ms, depth: 5, reason: midgame, emergency: false
[DEBUG] 19:13:44.224 [AiEngine] Using JS Search
[DEBUG] 19:13:44.224 [AiEngine] Adaptive time: 3000ms, depth: 5, reason: midgame, tactical, emergency: false
[DEBUG] 19:13:44.224 [AiEngine] Using JS Search
[DEBUG] 19:13:44.224 [AiEngine] Adaptive time: 500ms, depth: 4, reason: midgame, opening, emergency: false
[DEBUG] 19:13:44.224 [AiEngine] Using JS Search
[DEBUG] 19:13:44.224 [AiEngine] Adaptive time: 500ms, depth: 4, reason: midgame, opening, emergency: false
[DEBUG] 19:13:44.224 [AiEngine] Using JS Search
[DEBUG] 19:13:44.224 [AiEngine] Adaptive time: 500ms, depth: 4, reason: midgame, opening, emergency: false
[DEBUG] 19:13:44.224 [AiEngine] Using JS Search
[DEBUG] 19:13:44.225 [AiEngine] Adaptive time: 500ms, depth: 4, reason: midgame, opening, tactical, emergency: false
[DEBUG] 19:13:44.225 [AiEngine] Using JS Search
[DEBUG] 19:13:44.225 [AiEngine] Adaptive time: 500ms, depth: 4, reason: midgame, opening, emergency: false
[DEBUG] 19:13:44.225 [AiEngine] Using JS Search
[DEBUG] 19:13:44.225 [AiEngine] Adaptive time: 500ms, depth: 4, reason: midgame, opening, tactical, emergency: false
[DEBUG] 19:13:44.225 [AiEngine] Using JS Search
[DEBUG] 19:13:44.225 [AiEngine] Adaptive time: 500ms, depth: 4, reason: midgame, opening, emergency: false
[DEBUG] 19:13:44.225 [AiEngine] Using JS Search
[DEBUG] 19:13:44.225 [AiEngine] Adaptive time: 500ms, depth: 4, reason: midgame, opening, tactical, emergency: false
[DEBUG] 19:13:44.225 [AiEngine] Using JS Search
[DEBUG] 19:13:44.226 [AiEngine] Adaptive time: 500ms, depth: 4, reason: midgame, opening, emergency: false
[DEBUG] 19:13:44.226 [AiEngine] Using JS Search
[DEBUG] 19:13:44.226 [AiEngine] Adaptive time: 500ms, depth: 4, reason: midgame, opening, tactical, emergency: false
[DEBUG] 19:13:44.226 [AiEngine] Using JS Search
[DEBUG] 19:13:44.226 [AiEngine] Adaptive time: 500ms, depth: 4, reason: midgame, opening, emergency: false
[DEBUG] 19:13:44.226 [AiEngine] Using JS Search
[DEBUG] 19:13:44.226 [AiEngine] Adaptive time: 500ms, depth: 4, reason: midgame, opening, tactical, emergency: false
[DEBUG] 19:13:44.226 [AiEngine] Using JS Search
[DEBUG] 19:13:44.226 [AiEngine] Adaptive time: 500ms, depth: 4, reason: midgame, opening, emergency: false
[DEBUG] 19:13:44.226 [AiEngine] Using JS Search
[DEBUG] 19:13:44.226 [AiEngine] Adaptive time: 500ms, depth: 4, reason: midgame, opening, tactical, emergency: false
[DEBUG] 19:13:44.227 [AiEngine] Using JS Search
[DEBUG] 19:13:44.227 [AiEngine] Adaptive time: 500ms, depth: 4, reason: midgame, opening, emergency: false
[DEBUG] 19:13:44.227 [AiEngine] Using JS Search
[DEBUG] 19:13:44.227 [AiEngine] Adaptive time: 500ms, depth: 4, reason: midgame, opening, tactical, emergency: false
[DEBUG] 19:13:44.227 [AiEngine] Using JS Search
[DEBUG] 19:13:44.227 [AiEngine] Adaptive time: 500ms, depth: 4, reason: midgame, opening, emergency: false
[DEBUG] 19:13:44.227 [AiEngine] Using JS Search
[DEBUG] 19:13:44.227 [AiEngine] Adaptive time: 500ms, depth: 4, reason: midgame, opening, tactical, emergency: false
[DEBUG] 19:13:44.227 [AiEngine] Using JS Search
[DEBUG] 19:13:44.227 [AiEngine] Adaptive time: 500ms, depth: 4, reason: midgame, opening, emergency: false
[DEBUG] 19:13:44.227 [AiEngine] Using JS Search
[DEBUG] 19:13:44.228 [AiEngine] Adaptive time: 500ms, depth: 4, reason: midgame, opening, tactical, emergency: false
[DEBUG] 19:13:44.228 [AiEngine] Using JS Search
[DEBUG] 19:13:44.228 [AiEngine] Adaptive time: 500ms, depth: 4, reason: midgame, opening, emergency: false
[DEBUG] 19:13:44.228 [AiEngine] Using JS Search
[DEBUG] 19:13:44.228 [AiEngine] Adaptive time: 500ms, depth: 4, reason: midgame, opening, tactical, emergency: false
[DEBUG] 19:13:44.228 [AiEngine] Using JS Search
[DEBUG] 19:13:44.228 [AiEngine] Adaptive time: 500ms, depth: 4, reason: midgame, opening, emergency: false
[DEBUG] 19:13:44.228 [AiEngine] Using JS Search
[DEBUG] 19:13:44.228 [AiEngine] Adaptive time: 500ms, depth: 4, reason: midgame, opening, tactical, emergency: false
[DEBUG] 19:13:44.228 [AiEngine] Using JS Search
[DEBUG] 19:13:44.229 [AiEngine] Adaptive time: 500ms, depth: 4, reason: midgame, opening, emergency: false
[DEBUG] 19:13:44.229 [AiEngine] Using JS Search
[DEBUG] 19:13:44.229 [AiEngine] Adaptive time: 500ms, depth: 4, reason: midgame, opening, tactical, emergency: false
[DEBUG] 19:13:44.229 [AiEngine] Using JS Search
[DEBUG] 19:13:44.229 [AiEngine] Adaptive time: 500ms, depth: 4, reason: midgame, opening, emergency: false
[DEBUG] 19:13:44.229 [AiEngine] Using JS Search
[DEBUG] 19:13:44.229 [AiEngine] Adaptive time: 500ms, depth: 4, reason: midgame, opening, tactical, emergency: false
[DEBUG] 19:13:44.229 [AiEngine] Using JS Search
[DEBUG] 19:13:44.229 [AiEngine] Adaptive time: 500ms, depth: 4, reason: midgame, opening, emergency: false
[DEBUG] 19:13:44.229 [AiEngine] Using JS Search
[DEBUG] 19:13:44.230 [AiEngine] Adaptive time: 500ms, depth: 4, reason: midgame, opening, tactical, emergency: false
[DEBUG] 19:13:44.230 [AiEngine] Using JS Search
[DEBUG] 19:13:44.230 [AiEngine] Adaptive time: 500ms, depth: 4, reason: midgame, opening, emergency: false
[DEBUG] 19:13:44.230 [AiEngine] Using JS Search
[DEBUG] 19:13:44.230 [AiEngine] Adaptive time: 500ms, depth: 4, reason: midgame, opening, tactical, emergency: false
[DEBUG] 19:13:44.230 [AiEngine] Using JS Search
[DEBUG] 19:13:44.230 [AiEngine] Adaptive time: 500ms, depth: 4, reason: midgame, opening, emergency: false
[DEBUG] 19:13:44.230 [AiEngine] Using JS Search
[DEBUG] 19:13:44.231 [AiEngine] Adaptive time: 500ms, depth: 4, reason: midgame, opening, tactical, emergency: false
[DEBUG] 19:13:44.231 [AiEngine] Using JS Search
[DEBUG] 19:13:44.231 [AiEngine] Adaptive time: 500ms, depth: 4, reason: midgame, opening, emergency: false
[DEBUG] 19:13:44.231 [AiEngine] Using JS Search
[DEBUG] 19:13:44.231 [AiEngine] Adaptive time: 500ms, depth: 4, reason: midgame, opening, tactical, emergency: false
[DEBUG] 19:13:44.231 [AiEngine] Using JS Search
[DEBUG] 19:13:44.231 [AiEngine] Adaptive time: 500ms, depth: 4, reason: midgame, opening, emergency: false
[DEBUG] 19:13:44.231 [AiEngine] Using JS Search
[DEBUG] 19:13:44.231 [AiEngine] Adaptive time: 500ms, depth: 4, reason: midgame, opening, tactical, emergency: false
[DEBUG] 19:13:44.231 [AiEngine] Using JS Search
[DEBUG] 19:13:44.232 [AiEngine] Adaptive time: 500ms, depth: 4, reason: midgame, opening, emergency: false
[DEBUG] 19:13:44.232 [AiEngine] Using JS Search
[DEBUG] 19:13:44.232 [AiEngine] Adaptive time: 500ms, depth: 4, reason: midgame, opening, tactical, emergency: false
[DEBUG] 19:13:44.232 [AiEngine] Using JS Search
[DEBUG] 19:13:44.232 [AiEngine] Adaptive time: 3000ms, depth: 5, reason: midgame, emergency: false
[DEBUG] 19:13:44.232 [AiEngine] Using JS Search
[DEBUG] 19:13:44.232 [AiEngine] Adaptive time: 3000ms, depth: 5, reason: midgame, tactical, emergency: false
[DEBUG] 19:13:44.232 [AiEngine] Using JS Search
[DEBUG] 19:13:44.233 [AiEngine] Adaptive time: 3000ms, depth: 5, reason: midgame, emergency: false
[DEBUG] 19:13:44.233 [AiEngine] Using JS Search
[DEBUG] 19:13:44.233 [AiEngine] Adaptive time: 3000ms, depth: 5, reason: midgame, tactical, emergency: false
[DEBUG] 19:13:44.233 [AiEngine] Using JS Search
[DEBUG] 19:13:44.233 [AiEngine] Adaptive time: 3000ms, depth: 5, reason: midgame, emergency: false
[DEBUG] 19:13:44.233 [AiEngine] Using JS Search
[DEBUG] 19:13:44.233 [AiEngine] Adaptive time: 3000ms, depth: 5, reason: midgame, tactical, emergency: false
[DEBUG] 19:13:44.233 [AiEngine] Using JS Search
[DEBUG] 19:13:44.233 [AiEngine] Adaptive time: 3000ms, depth: 5, reason: midgame, emergency: false
[DEBUG] 19:13:44.233 [AiEngine] Using JS Search
[DEBUG] 19:13:44.234 [AiEngine] Adaptive time: 3000ms, depth: 5, reason: midgame, tactical, emergency: false
[DEBUG] 19:13:44.234 [AiEngine] Using JS Search
[DEBUG] 19:13:44.234 [AiEngine] Adaptive time: 3000ms, depth: 5, reason: midgame, emergency: false
[DEBUG] 19:13:44.234 [AiEngine] Using JS Search
[DEBUG] 19:13:44.234 [AiEngine] Adaptive time: 3000ms, depth: 5, reason: midgame, tactical, emergency: false
[DEBUG] 19:13:44.234 [AiEngine] Using JS Search
[DEBUG] 19:13:44.234 [AiEngine] Adaptive time: 3000ms, depth: 5, reason: midgame, emergency: false
[DEBUG] 19:13:44.234 [AiEngine] Using JS Search
[DEBUG] 19:13:44.234 [AiEngine] Adaptive time: 3000ms, depth: 5, reason: midgame, tactical, emergency: false
[DEBUG] 19:13:44.234 [AiEngine] Using JS Search
[DEBUG] 19:13:44.234 [AiEngine] Adaptive time: 3000ms, depth: 5, reason: midgame, emergency: false
[DEBUG] 19:13:44.235 [AiEngine] Using JS Search
[DEBUG] 19:13:44.235 [AiEngine] Adaptive time: 3000ms, depth: 5, reason: midgame, tactical, emergency: false
[DEBUG] 19:13:44.235 [AiEngine] Using JS Search
[DEBUG] 19:13:44.235 [AiEngine] Adaptive time: 3000ms, depth: 5, reason: midgame, emergency: false
[DEBUG] 19:13:44.235 [AiEngine] Using JS Search
[DEBUG] 19:13:44.235 [AiEngine] Adaptive time: 3000ms, depth: 5, reason: midgame, tactical, emergency: false
[DEBUG] 19:13:44.235 [AiEngine] Using JS Search
[DEBUG] 19:13:44.235 [AiEngine] Adaptive time: 3000ms, depth: 5, reason: midgame, emergency: false
[DEBUG] 19:13:44.235 [AiEngine] Using JS Search
[DEBUG] 19:13:44.235 [AiEngine] Adaptive time: 3000ms, depth: 5, reason: midgame, tactical, emergency: false
[DEBUG] 19:13:44.235 [AiEngine] Using JS Search
[DEBUG] 19:13:44.236 [AiEngine] Adaptive time: 3000ms, depth: 5, reason: midgame, emergency: false
[DEBUG] 19:13:44.236 [AiEngine] Using JS Search
[DEBUG] 19:13:44.236 [AiEngine] Adaptive time: 3000ms, depth: 5, reason: midgame, tactical, emergency: false
[DEBUG] 19:13:44.236 [AiEngine] Using JS Search
[DEBUG] 19:13:44.236 [AiEngine] Adaptive time: 3000ms, depth: 5, reason: midgame, emergency: false
[DEBUG] 19:13:44.236 [AiEngine] Using JS Search
[DEBUG] 19:13:44.236 [AiEngine] Adaptive time: 3000ms, depth: 5, reason: midgame, tactical, emergency: false
[DEBUG] 19:13:44.236 [AiEngine] Using JS Search
[DEBUG] 19:13:44.236 [AiEngine] Adaptive time: 3000ms, depth: 5, reason: midgame, emergency: false
[DEBUG] 19:13:44.236 [AiEngine] Using JS Search
[DEBUG] 19:13:44.237 [AiEngine] Adaptive time: 3000ms, depth: 5, reason: midgame, tactical, emergency: false
[DEBUG] 19:13:44.237 [AiEngine] Using JS Search
[DEBUG] 19:13:44.237 [AiEngine] Adaptive time: 3000ms, depth: 5, reason: midgame, emergency: false
[DEBUG] 19:13:44.237 [AiEngine] Using JS Search
[DEBUG] 19:13:44.237 [AiEngine] Adaptive time: 3000ms, depth: 5, reason: midgame, tactical, emergency: false
[DEBUG] 19:13:44.237 [AiEngine] Using JS Search
[DEBUG] 19:13:44.237 [AiEngine] Adaptive time: 3000ms, depth: 5, reason: midgame, emergency: false
[DEBUG] 19:13:44.237 [AiEngine] Using JS Search
[DEBUG] 19:13:44.237 [AiEngine] Adaptive time: 3000ms, depth: 5, reason: midgame, tactical, emergency: false
[DEBUG] 19:13:44.237 [AiEngine] Using JS Search
[DEBUG] 19:13:44.238 [AiEngine] Adaptive time: 3000ms, depth: 5, reason: midgame, emergency: false
[DEBUG] 19:13:44.238 [AiEngine] Using JS Search
[DEBUG] 19:13:44.238 [AiEngine] Adaptive time: 3000ms, depth: 5, reason: midgame, tactical, emergency: false
[DEBUG] 19:13:44.238 [AiEngine] Using JS Search
[DEBUG] 19:13:44.238 [AiEngine] Adaptive time: 3000ms, depth: 5, reason: midgame, emergency: false
[DEBUG] 19:13:44.238 [AiEngine] Using JS Search
[DEBUG] 19:13:44.238 [AiEngine] Adaptive time: 3000ms, depth: 5, reason: midgame, tactical, emergency: false
[DEBUG] 19:13:44.238 [AiEngine] Using JS Search
[DEBUG] 19:13:44.238 [AiEngine] Adaptive time: 3000ms, depth: 5, reason: midgame, emergency: false
[DEBUG] 19:13:44.238 [AiEngine] Using JS Search
[DEBUG] 19:13:44.239 [AiEngine] Adaptive time: 3000ms, depth: 5, reason: midgame, tactical, emergency: false
[DEBUG] 19:13:44.239 [AiEngine] Using JS Search
[DEBUG] 19:13:44.239 [AiEngine] Adaptive time: 3000ms, depth: 5, reason: midgame, emergency: false
[DEBUG] 19:13:44.239 [AiEngine] Using JS Search
[DEBUG] 19:13:44.239 [AiEngine] Adaptive time: 3000ms, depth: 5, reason: midgame, tactical, emergency: false
[DEBUG] 19:13:44.239 [AiEngine] Using JS Search
[DEBUG] 19:13:44.239 [AiEngine] Adaptive time: 3000ms, depth: 5, reason: midgame, emergency: false
[DEBUG] 19:13:44.239 [AiEngine] Using JS Search
[DEBUG] 19:13:44.239 [AiEngine] Adaptive time: 3000ms, depth: 5, reason: midgame, tactical, emergency: false
[DEBUG] 19:13:44.239 [AiEngine] Using JS Search
[DEBUG] 19:13:44.240 [AiEngine] Adaptive time: 3000ms, depth: 5, reason: midgame, emergency: false
[DEBUG] 19:13:44.240 [AiEngine] Using JS Search
[DEBUG] 19:13:44.240 [AiEngine] Adaptive time: 3000ms, depth: 5, reason: midgame, tactical, emergency: false
[DEBUG] 19:13:44.240 [AiEngine] Using JS Search
[DEBUG] 19:13:44.240 [AiEngine] Adaptive time: 3000ms, depth: 5, reason: midgame, emergency: false
[DEBUG] 19:13:44.240 [AiEngine] Using JS Search
[DEBUG] 19:13:44.240 [AiEngine] Adaptive time: 3000ms, depth: 5, reason: midgame, tactical, emergency: false
[DEBUG] 19:13:44.240 [AiEngine] Using JS Search
[DEBUG] 19:13:44.240 [AiEngine] Adaptive time: 3000ms, depth: 5, reason: midgame, emergency: false
[DEBUG] 19:13:44.240 [AiEngine] Using JS Search
[DEBUG] 19:13:44.240 [AiEngine] Adaptive time: 3000ms, depth: 5, reason: midgame, tactical, emergency: false
[DEBUG] 19:13:44.240 [AiEngine] Using JS Search
[DEBUG] 19:13:44.241 [AiEngine] Adaptive time: 3000ms, depth: 5, reason: midgame, emergency: false
[DEBUG] 19:13:44.241 [AiEngine] Using JS Search
[DEBUG] 19:13:44.241 [AiEngine] Adaptive time: 3000ms, depth: 5, reason: midgame, tactical, emergency: false
[DEBUG] 19:13:44.241 [AiEngine] Using JS Search
[DEBUG] 19:13:44.241 [AiEngine] Adaptive time: 3000ms, depth: 5, reason: midgame, emergency: false
[DEBUG] 19:13:44.241 [AiEngine] Using JS Search
[DEBUG] 19:13:44.241 [AiEngine] Adaptive time: 3000ms, depth: 5, reason: midgame, tactical, emergency: false
[DEBUG] 19:13:44.241 [AiEngine] Using JS Search
[DEBUG] 19:13:44.242 [AiEngine] Adaptive time: 3000ms, depth: 5, reason: midgame, emergency: false
[DEBUG] 19:13:44.242 [AiEngine] Using JS Search
[DEBUG] 19:13:44.242 [AiEngine] Adaptive time: 3000ms, depth: 5, reason: midgame, tactical, emergency: false
[DEBUG] 19:13:44.242 [AiEngine] Using JS Search
[DEBUG] 19:13:44.242 [AiEngine] Adaptive time: 3000ms, depth: 5, reason: midgame, emergency: false
[DEBUG] 19:13:44.242 [AiEngine] Using JS Search
[DEBUG] 19:13:44.242 [AiEngine] Adaptive time: 3000ms, depth: 5, reason: midgame, tactical, emergency: false
[DEBUG] 19:13:44.242 [AiEngine] Using JS Search
[DEBUG] 19:13:44.242 [AiEngine] Adaptive time: 3000ms, depth: 5, reason: midgame, emergency: false
[DEBUG] 19:13:44.242 [AiEngine] Using JS Search
[DEBUG] 19:13:44.243 [AiEngine] Adaptive time: 3000ms, depth: 5, reason: midgame, tactical, emergency: false
[DEBUG] 19:13:44.243 [AiEngine] Using JS Search
[DEBUG] 19:13:44.243 [AiEngine] Adaptive time: 3000ms, depth: 5, reason: midgame, emergency: false
[DEBUG] 19:13:44.243 [AiEngine] Using JS Search
[DEBUG] 19:13:44.243 [AiEngine] Adaptive time: 3000ms, depth: 5, reason: midgame, tactical, emergency: false
[DEBUG] 19:13:44.243 [AiEngine] Using JS Search
[DEBUG] 19:13:44.243 [AiEngine] Adaptive time: 3000ms, depth: 5, reason: midgame, emergency: false
[DEBUG] 19:13:44.243 [AiEngine] Using JS Search
[DEBUG] 19:13:44.243 [AiEngine] Adaptive time: 3000ms, depth: 5, reason: midgame, tactical, emergency: false
[DEBUG] 19:13:44.243 [AiEngine] Using JS Search
[DEBUG] 19:13:44.244 [AiEngine] Adaptive time: 3000ms, depth: 5, reason: midgame, emergency: false
[DEBUG] 19:13:44.244 [AiEngine] Using JS Search
[DEBUG] 19:13:44.244 [AiEngine] Adaptive time: 3000ms, depth: 5, reason: midgame, tactical, emergency: false
[DEBUG] 19:13:44.244 [AiEngine] Using JS Search
[DEBUG] 19:13:44.244 [AiEngine] Adaptive time: 500ms, depth: 4, reason: midgame, opening, emergency: false
[DEBUG] 19:13:44.244 [AiEngine] Using JS Search
[DEBUG] 19:13:44.244 [AiEngine] Adaptive time: 500ms, depth: 4, reason: midgame, opening, emergency: false
[DEBUG] 19:13:44.244 [AiEngine] Using JS Search
[DEBUG] 19:13:44.244 [AiEngine] Adaptive time: 500ms, depth: 4, reason: midgame, opening, emergency: false
[DEBUG] 19:13:44.244 [AiEngine] Using JS Search
[DEBUG] 19:13:44.245 [AiEngine] Adaptive time: 500ms, depth: 4, reason: midgame, opening, tactical, emergency: false
[DEBUG] 19:13:44.245 [AiEngine] Using JS Search
[DEBUG] 19:13:44.245 [AiEngine] Adaptive time: 500ms, depth: 4, reason: midgame, opening, emergency: false
[DEBUG] 19:13:44.245 [AiEngine] Using JS Search
[DEBUG] 19:13:44.245 [AiEngine] Adaptive time: 500ms, depth: 4, reason: midgame, opening, tactical, emergency: false
[DEBUG] 19:13:44.245 [AiEngine] Using JS Search
[DEBUG] 19:13:44.245 [AiEngine] Adaptive time: 500ms, depth: 4, reason: midgame, opening, emergency: false
[DEBUG] 19:13:44.245 [AiEngine] Using JS Search
[DEBUG] 19:13:44.245 [AiEngine] Adaptive time: 500ms, depth: 4, reason: midgame, opening, tactical, emergency: false
[DEBUG] 19:13:44.245 [AiEngine] Using JS Search
[DEBUG] 19:13:44.245 [AiEngine] Adaptive time: 500ms, depth: 4, reason: midgame, opening, emergency: false
[DEBUG] 19:13:44.245 [AiEngine] Using JS Search
[DEBUG] 19:13:44.246 [AiEngine] Adaptive time: 500ms, depth: 4, reason: midgame, opening, tactical, emergency: false
[DEBUG] 19:13:44.246 [AiEngine] Using JS Search
[DEBUG] 19:13:44.246 [AiEngine] Adaptive time: 500ms, depth: 4, reason: midgame, opening, emergency: false
[DEBUG] 19:13:44.246 [AiEngine] Using JS Search
[DEBUG] 19:13:44.246 [AiEngine] Adaptive time: 500ms, depth: 4, reason: midgame, opening, tactical, emergency: false
[DEBUG] 19:13:44.246 [AiEngine] Using JS Search
[DEBUG] 19:13:44.246 [AiEngine] Adaptive time: 500ms, depth: 4, reason: midgame, opening, emergency: false
[DEBUG] 19:13:44.246 [AiEngine] Using JS Search
[DEBUG] 19:13:44.246 [AiEngine] Adaptive time: 500ms, depth: 4, reason: midgame, opening, tactical, emergency: false
[DEBUG] 19:13:44.246 [AiEngine] Using JS Search
[DEBUG] 19:13:44.247 [AiEngine] Adaptive time: 500ms, depth: 4, reason: midgame, opening, emergency: false
[DEBUG] 19:13:44.247 [AiEngine] Using JS Search
[DEBUG] 19:13:44.247 [AiEngine] Adaptive time: 500ms, depth: 4, reason: midgame, opening, tactical, emergency: false
[DEBUG] 19:13:44.247 [AiEngine] Using JS Search
[DEBUG] 19:13:44.247 [AiEngine] Adaptive time: 500ms, depth: 4, reason: midgame, opening, emergency: false
[DEBUG] 19:13:44.247 [AiEngine] Using JS Search
[DEBUG] 19:13:44.247 [AiEngine] Adaptive time: 500ms, depth: 4, reason: midgame, opening, tactical, emergency: false
[DEBUG] 19:13:44.247 [AiEngine] Using JS Search
[DEBUG] 19:13:44.247 [AiEngine] Adaptive time: 500ms, depth: 4, reason: midgame, opening, emergency: false
[DEBUG] 19:13:44.247 [AiEngine] Using JS Search
[DEBUG] 19:13:44.248 [AiEngine] Adaptive time: 500ms, depth: 4, reason: midgame, opening, tactical, emergency: false
[DEBUG] 19:13:44.248 [AiEngine] Using JS Search
[DEBUG] 19:13:44.248 [AiEngine] Adaptive time: 500ms, depth: 4, reason: midgame, opening, emergency: false
[DEBUG] 19:13:44.248 [AiEngine] Using JS Search
[DEBUG] 19:13:44.248 [AiEngine] Adaptive time: 500ms, depth: 4, reason: midgame, opening, tactical, emergency: false
[DEBUG] 19:13:44.248 [AiEngine] Using JS Search
[DEBUG] 19:13:44.248 [AiEngine] Adaptive time: 500ms, depth: 4, reason: midgame, opening, emergency: false
[DEBUG] 19:13:44.248 [AiEngine] Using JS Search
[DEBUG] 19:13:44.248 [AiEngine] Adaptive time: 500ms, depth: 4, reason: midgame, opening, tactical, emergency: false
[DEBUG] 19:13:44.248 [AiEngine] Using JS Search
[DEBUG] 19:13:44.249 [AiEngine] Adaptive time: 500ms, depth: 4, reason: midgame, opening, emergency: false
[DEBUG] 19:13:44.249 [AiEngine] Using JS Search
[DEBUG] 19:13:44.249 [AiEngine] Adaptive time: 500ms, depth: 4, reason: midgame, opening, tactical, emergency: false
[DEBUG] 19:13:44.249 [AiEngine] Using JS Search
[DEBUG] 19:13:44.249 [AiEngine] Adaptive time: 500ms, depth: 4, reason: midgame, opening, emergency: false
[DEBUG] 19:13:44.249 [AiEngine] Using JS Search
[DEBUG] 19:13:44.249 [AiEngine] Adaptive time: 500ms, depth: 4, reason: midgame, opening, tactical, emergency: false
[DEBUG] 19:13:44.249 [AiEngine] Using JS Search
[DEBUG] 19:13:44.249 [AiEngine] Adaptive time: 500ms, depth: 4, reason: midgame, opening, emergency: false
[DEBUG] 19:13:44.249 [AiEngine] Using JS Search
[DEBUG] 19:13:44.250 [AiEngine] Adaptive time: 500ms, depth: 4, reason: midgame, opening, tactical, emergency: false
[DEBUG] 19:13:44.250 [AiEngine] Using JS Search
[DEBUG] 19:13:44.250 [AiEngine] Adaptive time: 500ms, depth: 4, reason: midgame, opening, emergency: false
[DEBUG] 19:13:44.250 [AiEngine] Using JS Search
[DEBUG] 19:13:44.250 [AiEngine] Adaptive time: 500ms, depth: 4, reason: midgame, opening, tactical, emergency: false
[DEBUG] 19:13:44.250 [AiEngine] Using JS Search
[DEBUG] 19:13:44.250 [AiEngine] Adaptive time: 500ms, depth: 4, reason: midgame, opening, emergency: false
[DEBUG] 19:13:44.250 [AiEngine] Using JS Search
[DEBUG] 19:13:44.250 [AiEngine] Adaptive time: 500ms, depth: 4, reason: midgame, opening, tactical, emergency: false
[DEBUG] 19:13:44.250 [AiEngine] Using JS Search
[DEBUG] 19:13:44.251 [AiEngine] Adaptive time: 500ms, depth: 4, reason: midgame, opening, emergency: false
[DEBUG] 19:13:44.251 [AiEngine] Using JS Search
[DEBUG] 19:13:44.251 [AiEngine] Adaptive time: 500ms, depth: 4, reason: midgame, opening, tactical, emergency: false
[DEBUG] 19:13:44.251 [AiEngine] Using JS Search
[DEBUG] 19:13:44.251 [AiEngine] Adaptive time: 500ms, depth: 4, reason: midgame, opening, emergency: false
[DEBUG] 19:13:44.251 [AiEngine] Using JS Search
[DEBUG] 19:13:44.251 [AiEngine] Adaptive time: 500ms, depth: 4, reason: midgame, opening, tactical, emergency: false
[DEBUG] 19:13:44.251 [AiEngine] Using JS Search
[DEBUG] 19:13:44.251 [AiEngine] Adaptive time: 500ms, depth: 4, reason: midgame, opening, emergency: false
[DEBUG] 19:13:44.251 [AiEngine] Using JS Search
[DEBUG] 19:13:44.252 [AiEngine] Adaptive time: 500ms, depth: 4, reason: midgame, opening, tactical, emergency: false
[DEBUG] 19:13:44.252 [AiEngine] Using JS Search
[DEBUG] 19:13:44.252 [AiEngine] Adaptive time: 3000ms, depth: 5, reason: midgame, emergency: false
[DEBUG] 19:13:44.252 [AiEngine] Using JS Search
[DEBUG] 19:13:44.252 [AiEngine] Adaptive time: 3000ms, depth: 5, reason: midgame, tactical, emergency: false
[DEBUG] 19:13:44.252 [AiEngine] Using JS Search
[DEBUG] 19:13:44.252 [AiEngine] Adaptive time: 3000ms, depth: 5, reason: midgame, emergency: false
[DEBUG] 19:13:44.252 [AiEngine] Using JS Search
[DEBUG] 19:13:44.253 [AiEngine] Adaptive time: 3000ms, depth: 5, reason: midgame, tactical, emergency: false
[DEBUG] 19:13:44.253 [AiEngine] Using JS Search
[DEBUG] 19:13:44.253 [AiEngine] Adaptive time: 3000ms, depth: 5, reason: midgame, emergency: false
[DEBUG] 19:13:44.253 [AiEngine] Using JS Search
[DEBUG] 19:13:44.253 [AiEngine] Adaptive time: 3000ms, depth: 5, reason: midgame, tactical, emergency: false
[DEBUG] 19:13:44.253 [AiEngine] Using JS Search
[DEBUG] 19:13:44.253 [AiEngine] Adaptive time: 3000ms, depth: 5, reason: midgame, emergency: false
[DEBUG] 19:13:44.253 [AiEngine] Using JS Search
[DEBUG] 19:13:44.253 [AiEngine] Adaptive time: 3000ms, depth: 5, reason: midgame, tactical, emergency: false
[DEBUG] 19:13:44.253 [AiEngine] Using JS Search
[DEBUG] 19:13:44.254 [AiEngine] Adaptive time: 3000ms, depth: 5, reason: midgame, emergency: false
[DEBUG] 19:13:44.254 [AiEngine] Using JS Search
[DEBUG] 19:13:44.254 [AiEngine] Adaptive time: 3000ms, depth: 5, reason: midgame, tactical, emergency: false
[DEBUG] 19:13:44.254 [AiEngine] Using JS Search
[DEBUG] 19:13:44.254 [AiEngine] Adaptive time: 3000ms, depth: 5, reason: midgame, emergency: false
[DEBUG] 19:13:44.254 [AiEngine] Using JS Search
[DEBUG] 19:13:44.254 [AiEngine] Adaptive time: 3000ms, depth: 5, reason: midgame, tactical, emergency: false
[DEBUG] 19:13:44.254 [AiEngine] Using JS Search
[DEBUG] 19:13:44.254 [AiEngine] Adaptive time: 3000ms, depth: 5, reason: midgame, emergency: false
[DEBUG] 19:13:44.254 [AiEngine] Using JS Search
[DEBUG] 19:13:44.255 [AiEngine] Adaptive time: 3000ms, depth: 5, reason: midgame, tactical, emergency: false
[DEBUG] 19:13:44.255 [AiEngine] Using JS Search
[DEBUG] 19:13:44.255 [AiEngine] Adaptive time: 3000ms, depth: 5, reason: midgame, emergency: false
[DEBUG] 19:13:44.255 [AiEngine] Using JS Search
[DEBUG] 19:13:44.255 [AiEngine] Adaptive time: 3000ms, depth: 5, reason: midgame, tactical, emergency: false
[DEBUG] 19:13:44.255 [AiEngine] Using JS Search
[DEBUG] 19:13:44.255 [AiEngine] Adaptive time: 3000ms, depth: 5, reason: midgame, emergency: false
[DEBUG] 19:13:44.255 [AiEngine] Using JS Search
[DEBUG] 19:13:44.255 [AiEngine] Adaptive time: 3000ms, depth: 5, reason: midgame, tactical, emergency: false
[DEBUG] 19:13:44.255 [AiEngine] Using JS Search
[DEBUG] 19:13:44.256 [AiEngine] Adaptive time: 3000ms, depth: 5, reason: midgame, emergency: false
[DEBUG] 19:13:44.256 [AiEngine] Using JS Search
[DEBUG] 19:13:44.256 [AiEngine] Adaptive time: 3000ms, depth: 5, reason: midgame, tactical, emergency: false
[DEBUG] 19:13:44.256 [AiEngine] Using JS Search
[DEBUG] 19:13:44.256 [AiEngine] Adaptive time: 3000ms, depth: 5, reason: midgame, emergency: false
[DEBUG] 19:13:44.256 [AiEngine] Using JS Search
[DEBUG] 19:13:44.256 [AiEngine] Adaptive time: 3000ms, depth: 5, reason: midgame, tactical, emergency: false
[DEBUG] 19:13:44.256 [AiEngine] Using JS Search
[DEBUG] 19:13:44.256 [AiEngine] Adaptive time: 3000ms, depth: 5, reason: midgame, emergency: false
[DEBUG] 19:13:44.256 [AiEngine] Using JS Search
[DEBUG] 19:13:44.257 [AiEngine] Adaptive time: 3000ms, depth: 5, reason: midgame, tactical, emergency: false
[DEBUG] 19:13:44.257 [AiEngine] Using JS Search
[DEBUG] 19:13:44.257 [AiEngine] Adaptive time: 3000ms, depth: 5, reason: midgame, emergency: false
[DEBUG] 19:13:44.257 [AiEngine] Using JS Search
[DEBUG] 19:13:44.257 [AiEngine] Adaptive time: 3000ms, depth: 5, reason: midgame, tactical, emergency: false
[DEBUG] 19:13:44.257 [AiEngine] Using JS Search
[DEBUG] 19:13:44.257 [AiEngine] Adaptive time: 3000ms, depth: 5, reason: midgame, emergency: false
[DEBUG] 19:13:44.257 [AiEngine] Using JS Search
[DEBUG] 19:13:44.257 [AiEngine] Adaptive time: 3000ms, depth: 5, reason: midgame, tactical, emergency: false
[DEBUG] 19:13:44.257 [AiEngine] Using JS Search
[DEBUG] 19:13:44.257 [AiEngine] Adaptive time: 3000ms, depth: 5, reason: midgame, emergency: false
[DEBUG] 19:13:44.257 [AiEngine] Using JS Search
[DEBUG] 19:13:44.258 [AiEngine] Adaptive time: 3000ms, depth: 5, reason: midgame, tactical, emergency: false
[DEBUG] 19:13:44.258 [AiEngine] Using JS Search
[DEBUG] 19:13:44.258 [AiEngine] Adaptive time: 3000ms, depth: 5, reason: midgame, emergency: false
[DEBUG] 19:13:44.258 [AiEngine] Using JS Search
[DEBUG] 19:13:44.258 [AiEngine] Adaptive time: 3000ms, depth: 5, reason: midgame, tactical, emergency: false
[DEBUG] 19:13:44.258 [AiEngine] Using JS Search
[DEBUG] 19:13:44.258 [AiEngine] Adaptive time: 3000ms, depth: 5, reason: midgame, emergency: false
[DEBUG] 19:13:44.258 [AiEngine] Using JS Search
[DEBUG] 19:13:44.258 [AiEngine] Adaptive time: 3000ms, depth: 5, reason: midgame, tactical, emergency: false
[DEBUG] 19:13:44.258 [AiEngine] Using JS Search
[DEBUG] 19:13:44.259 [AiEngine] Adaptive time: 3000ms, depth: 5, reason: midgame, emergency: false
[DEBUG] 19:13:44.259 [AiEngine] Using JS Search
[DEBUG] 19:13:44.259 [AiEngine] Adaptive time: 3000ms, depth: 5, reason: midgame, tactical, emergency: false
[DEBUG] 19:13:44.259 [AiEngine] Using JS Search
[DEBUG] 19:13:44.259 [AiEngine] Adaptive time: 3000ms, depth: 5, reason: midgame, emergency: false
[DEBUG] 19:13:44.259 [AiEngine] Using JS Search
[DEBUG] 19:13:44.259 [AiEngine] Adaptive time: 3000ms, depth: 5, reason: midgame, tactical, emergency: false
[DEBUG] 19:13:44.259 [AiEngine] Using JS Search
[DEBUG] 19:13:44.259 [AiEngine] Adaptive time: 3000ms, depth: 5, reason: midgame, emergency: false
[DEBUG] 19:13:44.259 [AiEngine] Using JS Search
[DEBUG] 19:13:44.260 [AiEngine] Adaptive time: 3000ms, depth: 5, reason: midgame, tactical, emergency: false
[DEBUG] 19:13:44.260 [AiEngine] Using JS Search
[DEBUG] 19:13:44.260 [AiEngine] Adaptive time: 3000ms, depth: 5, reason: midgame, emergency: false
[DEBUG] 19:13:44.260 [AiEngine] Using JS Search
[DEBUG] 19:13:44.260 [AiEngine] Adaptive time: 3000ms, depth: 5, reason: midgame, tactical, emergency: false
[DEBUG] 19:13:44.260 [AiEngine] Using JS Search
[DEBUG] 19:13:44.260 [AiEngine] Adaptive time: 3000ms, depth: 5, reason: midgame, emergency: false
[DEBUG] 19:13:44.260 [AiEngine] Using JS Search
[DEBUG] 19:13:44.260 [AiEngine] Adaptive time: 3000ms, depth: 5, reason: midgame, tactical, emergency: false
[DEBUG] 19:13:44.260 [AiEngine] Using JS Search
[DEBUG] 19:13:44.261 [AiEngine] Adaptive time: 3000ms, depth: 5, reason: midgame, emergency: false
[DEBUG] 19:13:44.261 [AiEngine] Using JS Search
[DEBUG] 19:13:44.261 [AiEngine] Adaptive time: 3000ms, depth: 5, reason: midgame, tactical, emergency: false
[DEBUG] 19:13:44.261 [AiEngine] Using JS Search
[DEBUG] 19:13:44.261 [AiEngine] Adaptive time: 3000ms, depth: 5, reason: midgame, emergency: false
[DEBUG] 19:13:44.261 [AiEngine] Using JS Search
[DEBUG] 19:13:44.261 [AiEngine] Adaptive time: 3000ms, depth: 5, reason: midgame, tactical, emergency: false
[DEBUG] 19:13:44.261 [AiEngine] Using JS Search
[DEBUG] 19:13:44.261 [AiEngine] Adaptive time: 3000ms, depth: 5, reason: midgame, emergency: false
[DEBUG] 19:13:44.261 [AiEngine] Using JS Search
[DEBUG] 19:13:44.262 [AiEngine] Adaptive time: 3000ms, depth: 5, reason: midgame, tactical, emergency: false
[DEBUG] 19:13:44.262 [AiEngine] Using JS Search
[DEBUG] 19:13:44.262 [AiEngine] Adaptive time: 3000ms, depth: 5, reason: midgame, emergency: false
[DEBUG] 19:13:44.262 [AiEngine] Using JS Search
[DEBUG] 19:13:44.262 [AiEngine] Adaptive time: 3000ms, depth: 5, reason: midgame, tactical, emergency: false
[DEBUG] 19:13:44.262 [AiEngine] Using JS Search
[DEBUG] 19:13:44.262 [AiEngine] Adaptive time: 3000ms, depth: 5, reason: midgame, emergency: false
[DEBUG] 19:13:44.262 [AiEngine] Using JS Search
[DEBUG] 19:13:44.262 [AiEngine] Adaptive time: 3000ms, depth: 5, reason: midgame, tactical, emergency: false
[DEBUG] 19:13:44.263 [AiEngine] Using JS Search
[DEBUG] 19:13:44.263 [AiEngine] Adaptive time: 3000ms, depth: 5, reason: midgame, emergency: false
[DEBUG] 19:13:44.263 [AiEngine] Using JS Search
[DEBUG] 19:13:44.263 [AiEngine] Adaptive time: 3000ms, depth: 5, reason: midgame, tactical, emergency: false
[DEBUG] 19:13:44.263 [AiEngine] Using JS Search
[DEBUG] 19:13:44.263 [AiEngine] Adaptive time: 3000ms, depth: 5, reason: midgame, emergency: false
[DEBUG] 19:13:44.263 [AiEngine] Using JS Search
[DEBUG] 19:13:44.263 [AiEngine] Adaptive time: 3000ms, depth: 5, reason: midgame, tactical, emergency: false
[DEBUG] 19:13:44.263 [AiEngine] Using JS Search
[DEBUG] 19:13:44.263 [AiEngine] Adaptive time: 3000ms, depth: 5, reason: midgame, emergency: false
[DEBUG] 19:13:44.263 [AiEngine] Using JS Search
[DEBUG] 19:13:44.264 [AiEngine] Adaptive time: 3000ms, depth: 5, reason: midgame, tactical, emergency: false
[DEBUG] 19:13:44.264 [AiEngine] Using JS Search
[DEBUG] 19:13:44.264 [AiEngine] Adaptive time: 500ms, depth: 4, reason: midgame, opening, emergency: false
[DEBUG] 19:13:44.264 [AiEngine] Using JS Search
[DEBUG] 19:13:44.264 [AiEngine] Adaptive time: 500ms, depth: 4, reason: midgame, opening, emergency: false
[DEBUG] 19:13:44.264 [AiEngine] Using JS Search
[DEBUG] 19:13:44.264 [AiEngine] Adaptive time: 500ms, depth: 4, reason: midgame, opening, emergency: false
[DEBUG] 19:13:44.264 [AiEngine] Using JS Search
[DEBUG] 19:13:44.264 [AiEngine] Adaptive time: 500ms, depth: 4, reason: midgame, opening, tactical, emergency: false
[DEBUG] 19:13:44.264 [AiEngine] Using JS Search
[DEBUG] 19:13:44.265 [AiEngine] Adaptive time: 500ms, depth: 4, reason: midgame, opening, emergency: false
[DEBUG] 19:13:44.265 [AiEngine] Using JS Search
[DEBUG] 19:13:44.265 [AiEngine] Adaptive time: 500ms, depth: 4, reason: midgame, opening, tactical, emergency: false
[DEBUG] 19:13:44.265 [AiEngine] Using JS Search
[DEBUG] 19:13:44.265 [AiEngine] Adaptive time: 500ms, depth: 4, reason: midgame, opening, emergency: false
[DEBUG] 19:13:44.265 [AiEngine] Using JS Search
[DEBUG] 19:13:44.265 [AiEngine] Adaptive time: 500ms, depth: 4, reason: midgame, opening, tactical, emergency: false
[DEBUG] 19:13:44.265 [AiEngine] Using JS Search
[DEBUG] 19:13:44.265 [AiEngine] Adaptive time: 500ms, depth: 4, reason: midgame, opening, emergency: false
[DEBUG] 19:13:44.265 [AiEngine] Using JS Search
[DEBUG] 19:13:44.266 [AiEngine] Adaptive time: 500ms, depth: 4, reason: midgame, opening, tactical, emergency: false
[DEBUG] 19:13:44.266 [AiEngine] Using JS Search
[DEBUG] 19:13:44.266 [AiEngine] Adaptive time: 500ms, depth: 4, reason: midgame, opening, emergency: false
[DEBUG] 19:13:44.266 [AiEngine] Using JS Search
[DEBUG] 19:13:44.266 [AiEngine] Adaptive time: 500ms, depth: 4, reason: midgame, opening, tactical, emergency: false
[DEBUG] 19:13:44.266 [AiEngine] Using JS Search
[DEBUG] 19:13:44.266 [AiEngine] Adaptive time: 500ms, depth: 4, reason: midgame, opening, emergency: false
[DEBUG] 19:13:44.266 [AiEngine] Using JS Search
[DEBUG] 19:13:44.266 [AiEngine] Adaptive time: 500ms, depth: 4, reason: midgame, opening, tactical, emergency: false
[DEBUG] 19:13:44.266 [AiEngine] Using JS Search
[DEBUG] 19:13:44.267 [AiEngine] Adaptive time: 500ms, depth: 4, reason: midgame, opening, emergency: false
[DEBUG] 19:13:44.267 [AiEngine] Using JS Search
[DEBUG] 19:13:44.267 [AiEngine] Adaptive time: 500ms, depth: 4, reason: midgame, opening, tactical, emergency: false
[DEBUG] 19:13:44.267 [AiEngine] Using JS Search
[DEBUG] 19:13:44.267 [AiEngine] Adaptive time: 500ms, depth: 4, reason: midgame, opening, emergency: false
[DEBUG] 19:13:44.267 [AiEngine] Using JS Search
[DEBUG] 19:13:44.267 [AiEngine] Adaptive time: 500ms, depth: 4, reason: midgame, opening, tactical, emergency: false
[DEBUG] 19:13:44.267 [AiEngine] Using JS Search
[DEBUG] 19:13:44.267 [AiEngine] Adaptive time: 500ms, depth: 4, reason: midgame, opening, emergency: false
[DEBUG] 19:13:44.267 [AiEngine] Using JS Search
[DEBUG] 19:13:44.268 [AiEngine] Adaptive time: 500ms, depth: 4, reason: midgame, opening, tactical, emergency: false
[DEBUG] 19:13:44.268 [AiEngine] Using JS Search
[DEBUG] 19:13:44.268 [AiEngine] Adaptive time: 500ms, depth: 4, reason: midgame, opening, emergency: false
[DEBUG] 19:13:44.268 [AiEngine] Using JS Search
[DEBUG] 19:13:44.268 [AiEngine] Adaptive time: 500ms, depth: 4, reason: midgame, opening, tactical, emergency: false
[DEBUG] 19:13:44.268 [AiEngine] Using JS Search
[DEBUG] 19:13:44.268 [AiEngine] Adaptive time: 500ms, depth: 4, reason: midgame, opening, emergency: false
[DEBUG] 19:13:44.268 [AiEngine] Using JS Search
[DEBUG] 19:13:44.268 [AiEngine] Adaptive time: 500ms, depth: 4, reason: midgame, opening, tactical, emergency: false
[DEBUG] 19:13:44.268 [AiEngine] Using JS Search
[DEBUG] 19:13:44.269 [AiEngine] Adaptive time: 500ms, depth: 4, reason: midgame, opening, emergency: false
[DEBUG] 19:13:44.269 [AiEngine] Using JS Search
[DEBUG] 19:13:44.269 [AiEngine] Adaptive time: 500ms, depth: 4, reason: midgame, opening, tactical, emergency: false
[DEBUG] 19:13:44.269 [AiEngine] Using JS Search
[DEBUG] 19:13:44.269 [AiEngine] Adaptive time: 500ms, depth: 4, reason: midgame, opening, emergency: false
[DEBUG] 19:13:44.269 [AiEngine] Using JS Search
[DEBUG] 19:13:44.269 [AiEngine] Adaptive time: 500ms, depth: 4, reason: midgame, opening, tactical, emergency: false
[DEBUG] 19:13:44.269 [AiEngine] Using JS Search
[DEBUG] 19:13:44.269 [AiEngine] Adaptive time: 500ms, depth: 4, reason: midgame, opening, emergency: false
[DEBUG] 19:13:44.269 [AiEngine] Using JS Search
[DEBUG] 19:13:44.270 [AiEngine] Adaptive time: 500ms, depth: 4, reason: midgame, opening, tactical, emergency: false
[DEBUG] 19:13:44.270 [AiEngine] Using JS Search
[DEBUG] 19:13:44.270 [AiEngine] Adaptive time: 500ms, depth: 4, reason: midgame, opening, emergency: false
[DEBUG] 19:13:44.270 [AiEngine] Using JS Search
[DEBUG] 19:13:44.270 [AiEngine] Adaptive time: 500ms, depth: 4, reason: midgame, opening, tactical, emergency: false
[DEBUG] 19:13:44.270 [AiEngine] Using JS Search
[DEBUG] 19:13:44.270 [AiEngine] Adaptive time: 500ms, depth: 4, reason: midgame, opening, emergency: false
[DEBUG] 19:13:44.270 [AiEngine] Using JS Search
[DEBUG] 19:13:44.270 [AiEngine] Adaptive time: 500ms, depth: 4, reason: midgame, opening, tactical, emergency: false
[DEBUG] 19:13:44.270 [AiEngine] Using JS Search
[DEBUG] 19:13:44.271 [AiEngine] Adaptive time: 500ms, depth: 4, reason: midgame, opening, emergency: false
[DEBUG] 19:13:44.271 [AiEngine] Using JS Search
[DEBUG] 19:13:44.271 [AiEngine] Adaptive time: 500ms, depth: 4, reason: midgame, opening, tactical, emergency: false
[DEBUG] 19:13:44.271 [AiEngine] Using JS Search
[DEBUG] 19:13:44.271 [AiEngine] Adaptive time: 500ms, depth: 4, reason: midgame, opening, emergency: false
[DEBUG] 19:13:44.271 [AiEngine] Using JS Search
[DEBUG] 19:13:44.271 [AiEngine] Adaptive time: 500ms, depth: 4, reason: midgame, opening, tactical, emergency: false
[DEBUG] 19:13:44.271 [AiEngine] Using JS Search
[DEBUG] 19:13:44.271 [AiEngine] Adaptive time: 500ms, depth: 4, reason: midgame, opening, emergency: false
[DEBUG] 19:13:44.271 [AiEngine] Using JS Search
[DEBUG] 19:13:44.272 [AiEngine] Adaptive time: 500ms, depth: 4, reason: midgame, opening, tactical, emergency: false
[DEBUG] 19:13:44.272 [AiEngine] Using JS Search
[DEBUG] 19:13:44.272 [AiEngine] Adaptive time: 3000ms, depth: 5, reason: midgame, emergency: false
[DEBUG] 19:13:44.272 [AiEngine] Using JS Search
[DEBUG] 19:13:44.272 [AiEngine] Adaptive time: 3000ms, depth: 5, reason: midgame, tactical, emergency: false
[DEBUG] 19:13:44.272 [AiEngine] Using JS Search
[DEBUG] 19:13:44.272 [AiEngine] Adaptive time: 3000ms, depth: 5, reason: midgame, emergency: false
[DEBUG] 19:13:44.272 [AiEngine] Using JS Search
[DEBUG] 19:13:44.272 [AiEngine] Adaptive time: 3000ms, depth: 5, reason: midgame, tactical, emergency: false
[DEBUG] 19:13:44.272 [AiEngine] Using JS Search
[DEBUG] 19:13:44.273 [AiEngine] Adaptive time: 3000ms, depth: 5, reason: midgame, emergency: false
[DEBUG] 19:13:44.273 [AiEngine] Using JS Search
[DEBUG] 19:13:44.273 [AiEngine] Adaptive time: 3000ms, depth: 5, reason: midgame, tactical, emergency: false
[DEBUG] 19:13:44.273 [AiEngine] Using JS Search
[DEBUG] 19:13:44.273 [AiEngine] Adaptive time: 3000ms, depth: 5, reason: midgame, emergency: false
[DEBUG] 19:13:44.273 [AiEngine] Using JS Search
[DEBUG] 19:13:44.273 [AiEngine] Adaptive time: 3000ms, depth: 5, reason: midgame, tactical, emergency: false
[DEBUG] 19:13:44.273 [AiEngine] Using JS Search
[DEBUG] 19:13:44.274 [AiEngine] Adaptive time: 3000ms, depth: 5, reason: midgame, emergency: false
[DEBUG] 19:13:44.274 [AiEngine] Using JS Search
[DEBUG] 19:13:44.274 [AiEngine] Adaptive time: 3000ms, depth: 5, reason: midgame, tactical, emergency: false
[DEBUG] 19:13:44.274 [AiEngine] Using JS Search
[DEBUG] 19:13:44.274 [AiEngine] Adaptive time: 3000ms, depth: 5, reason: midgame, emergency: false
[DEBUG] 19:13:44.274 [AiEngine] Using JS Search
[DEBUG] 19:13:44.274 [AiEngine] Adaptive time: 3000ms, depth: 5, reason: midgame, tactical, emergency: false
[DEBUG] 19:13:44.274 [AiEngine] Using JS Search
[DEBUG] 19:13:44.274 [AiEngine] Adaptive time: 3000ms, depth: 5, reason: midgame, emergency: false
[DEBUG] 19:13:44.274 [AiEngine] Using JS Search
[DEBUG] 19:13:44.274 [AiEngine] Adaptive time: 3000ms, depth: 5, reason: midgame, tactical, emergency: false
[DEBUG] 19:13:44.275 [AiEngine] Using JS Search
[DEBUG] 19:13:44.275 [AiEngine] Adaptive time: 3000ms, depth: 5, reason: midgame, emergency: false
[DEBUG] 19:13:44.275 [AiEngine] Using JS Search
[DEBUG] 19:13:44.275 [AiEngine] Adaptive time: 3000ms, depth: 5, reason: midgame, tactical, emergency: false
[DEBUG] 19:13:44.275 [AiEngine] Using JS Search
[DEBUG] 19:13:44.275 [AiEngine] Adaptive time: 3000ms, depth: 5, reason: midgame, emergency: false
[DEBUG] 19:13:44.275 [AiEngine] Using JS Search
[DEBUG] 19:13:44.275 [AiEngine] Adaptive time: 3000ms, depth: 5, reason: midgame, tactical, emergency: false
[DEBUG] 19:13:44.275 [AiEngine] Using JS Search
[DEBUG] 19:13:44.276 [AiEngine] Adaptive time: 3000ms, depth: 5, reason: midgame, emergency: false
[DEBUG] 19:13:44.276 [AiEngine] Using JS Search
[DEBUG] 19:13:44.276 [AiEngine] Adaptive time: 3000ms, depth: 5, reason: midgame, tactical, emergency: false
[DEBUG] 19:13:44.276 [AiEngine] Using JS Search
[DEBUG] 19:13:44.276 [AiEngine] Adaptive time: 3000ms, depth: 5, reason: midgame, emergency: false
[DEBUG] 19:13:44.276 [AiEngine] Using JS Search
[DEBUG] 19:13:44.276 [AiEngine] Adaptive time: 3000ms, depth: 5, reason: midgame, tactical, emergency: false
[DEBUG] 19:13:44.276 [AiEngine] Using JS Search
[DEBUG] 19:13:44.276 [AiEngine] Adaptive time: 3000ms, depth: 5, reason: midgame, emergency: false
[DEBUG] 19:13:44.276 [AiEngine] Using JS Search
[DEBUG] 19:13:44.277 [AiEngine] Adaptive time: 3000ms, depth: 5, reason: midgame, tactical, emergency: false
[DEBUG] 19:13:44.277 [AiEngine] Using JS Search
[DEBUG] 19:13:44.277 [AiEngine] Adaptive time: 3000ms, depth: 5, reason: midgame, emergency: false
[DEBUG] 19:13:44.277 [AiEngine] Using JS Search
[DEBUG] 19:13:44.277 [AiEngine] Adaptive time: 3000ms, depth: 5, reason: midgame, tactical, emergency: false
[DEBUG] 19:13:44.277 [AiEngine] Using JS Search
[DEBUG] 19:13:44.277 [AiEngine] Adaptive time: 3000ms, depth: 5, reason: midgame, emergency: false
[DEBUG] 19:13:44.277 [AiEngine] Using JS Search
[DEBUG] 19:13:44.277 [AiEngine] Adaptive time: 3000ms, depth: 5, reason: midgame, tactical, emergency: false
[DEBUG] 19:13:44.277 [AiEngine] Using JS Search
[DEBUG] 19:13:44.278 [AiEngine] Adaptive time: 3000ms, depth: 5, reason: midgame, emergency: false
[DEBUG] 19:13:44.278 [AiEngine] Using JS Search
[DEBUG] 19:13:44.278 [AiEngine] Adaptive time: 3000ms, depth: 5, reason: midgame, tactical, emergency: false
[DEBUG] 19:13:44.278 [AiEngine] Using JS Search
[DEBUG] 19:13:44.278 [AiEngine] Adaptive time: 3000ms, depth: 5, reason: midgame, emergency: false
[DEBUG] 19:13:44.278 [AiEngine] Using JS Search
[DEBUG] 19:13:44.278 [AiEngine] Adaptive time: 3000ms, depth: 5, reason: midgame, tactical, emergency: false
[DEBUG] 19:13:44.278 [AiEngine] Using JS Search
[DEBUG] 19:13:44.278 [AiEngine] Adaptive time: 3000ms, depth: 5, reason: midgame, emergency: false
[DEBUG] 19:13:44.278 [AiEngine] Using JS Search
[DEBUG] 19:13:44.279 [AiEngine] Adaptive time: 3000ms, depth: 5, reason: midgame, tactical, emergency: false
[DEBUG] 19:13:44.279 [AiEngine] Using JS Search
[DEBUG] 19:13:44.279 [AiEngine] Adaptive time: 3000ms, depth: 5, reason: midgame, emergency: false
[DEBUG] 19:13:44.279 [AiEngine] Using JS Search
[DEBUG] 19:13:44.279 [AiEngine] Adaptive time: 3000ms, depth: 5, reason: midgame, tactical, emergency: false
[DEBUG] 19:13:44.279 [AiEngine] Using JS Search
[DEBUG] 19:13:44.279 [AiEngine] Adaptive time: 3000ms, depth: 5, reason: midgame, emergency: false
[DEBUG] 19:13:44.279 [AiEngine] Using JS Search
[DEBUG] 19:13:44.279 [AiEngine] Adaptive time: 3000ms, depth: 5, reason: midgame, tactical, emergency: false
[DEBUG] 19:13:44.279 [AiEngine] Using JS Search
[DEBUG] 19:13:44.279 [AiEngine] Adaptive time: 3000ms, depth: 5, reason: midgame, emergency: false
[DEBUG] 19:13:44.279 [AiEngine] Using JS Search
[DEBUG] 19:13:44.280 [AiEngine] Adaptive time: 3000ms, depth: 5, reason: midgame, tactical, emergency: false
[DEBUG] 19:13:44.280 [AiEngine] Using JS Search
[DEBUG] 19:13:44.280 [AiEngine] Adaptive time: 3000ms, depth: 5, reason: midgame, emergency: false
[DEBUG] 19:13:44.280 [AiEngine] Using JS Search
[DEBUG] 19:13:44.280 [AiEngine] Adaptive time: 3000ms, depth: 5, reason: midgame, tactical, emergency: false
[DEBUG] 19:13:44.280 [AiEngine] Using JS Search
[DEBUG] 19:13:44.280 [AiEngine] Adaptive time: 3000ms, depth: 5, reason: midgame, emergency: false
[DEBUG] 19:13:44.280 [AiEngine] Using JS Search
[DEBUG] 19:13:44.280 [AiEngine] Adaptive time: 3000ms, depth: 5, reason: midgame, tactical, emergency: false
[DEBUG] 19:13:44.280 [AiEngine] Using JS Search
[DEBUG] 19:13:44.281 [AiEngine] Adaptive time: 3000ms, depth: 5, reason: midgame, emergency: false
[DEBUG] 19:13:44.281 [AiEngine] Using JS Search
[DEBUG] 19:13:44.281 [AiEngine] Adaptive time: 3000ms, depth: 5, reason: midgame, tactical, emergency: false
[DEBUG] 19:13:44.281 [AiEngine] Using JS Search
[DEBUG] 19:13:44.281 [AiEngine] Adaptive time: 3000ms, depth: 5, reason: midgame, emergency: false
[DEBUG] 19:13:44.281 [AiEngine] Using JS Search
[DEBUG] 19:13:44.281 [AiEngine] Adaptive time: 3000ms, depth: 5, reason: midgame, tactical, emergency: false
[DEBUG] 19:13:44.281 [AiEngine] Using JS Search
[DEBUG] 19:13:44.281 [AiEngine] Adaptive time: 3000ms, depth: 5, reason: midgame, emergency: false
[DEBUG] 19:13:44.281 [AiEngine] Using JS Search
[DEBUG] 19:13:44.282 [AiEngine] Adaptive time: 3000ms, depth: 5, reason: midgame, tactical, emergency: false
[DEBUG] 19:13:44.282 [AiEngine] Using JS Search
[DEBUG] 19:13:44.282 [AiEngine] Adaptive time: 3000ms, depth: 5, reason: midgame, emergency: false
[DEBUG] 19:13:44.282 [AiEngine] Using JS Search
[DEBUG] 19:13:44.282 [AiEngine] Adaptive time: 3000ms, depth: 5, reason: midgame, tactical, emergency: false
[DEBUG] 19:13:44.282 [AiEngine] Using JS Search
[DEBUG] 19:13:44.282 [AiEngine] Adaptive time: 3000ms, depth: 5, reason: midgame, emergency: false
[DEBUG] 19:13:44.282 [AiEngine] Using JS Search
[DEBUG] 19:13:44.282 [AiEngine] Adaptive time: 3000ms, depth: 5, reason: midgame, tactical, emergency: false
[DEBUG] 19:13:44.282 [AiEngine] Using JS Search
[DEBUG] 19:13:44.283 [AiEngine] Adaptive time: 3000ms, depth: 5, reason: midgame, emergency: false
[DEBUG] 19:13:44.283 [AiEngine] Using JS Search
[DEBUG] 19:13:44.283 [AiEngine] Adaptive time: 3000ms, depth: 5, reason: midgame, tactical, emergency: false
[DEBUG] 19:13:44.283 [AiEngine] Using JS Search
[DEBUG] 19:13:44.283 [AiEngine] Adaptive time: 3000ms, depth: 5, reason: midgame, emergency: false
[DEBUG] 19:13:44.283 [AiEngine] Using JS Search
[DEBUG] 19:13:44.283 [AiEngine] Adaptive time: 3000ms, depth: 5, reason: midgame, tactical, emergency: false
[DEBUG] 19:13:44.283 [AiEngine] Using JS Search
[DEBUG] 19:13:44.283 [AiEngine] Adaptive time: 3000ms, depth: 5, reason: midgame, emergency: false
[DEBUG] 19:13:44.283 [AiEngine] Using JS Search
[DEBUG] 19:13:44.283 [AiEngine] Adaptive time: 3000ms, depth: 5, reason: midgame, tactical, emergency: false
[DEBUG] 19:13:44.283 [AiEngine] Using JS Search
[DEBUG] 19:13:44.284 [AiEngine] Adaptive time: 500ms, depth: 4, reason: midgame, opening, emergency: false
[DEBUG] 19:13:44.284 [AiEngine] Using JS Search
[DEBUG] 19:13:44.284 [AiEngine] Adaptive time: 500ms, depth: 4, reason: midgame, opening, emergency: false
[DEBUG] 19:13:44.284 [AiEngine] Using JS Search
[DEBUG] 19:13:44.284 [AiEngine] Adaptive time: 500ms, depth: 4, reason: midgame, opening, emergency: false
[DEBUG] 19:13:44.284 [AiEngine] Using JS Search
[DEBUG] 19:13:44.284 [AiEngine] Adaptive time: 500ms, depth: 4, reason: midgame, opening, tactical, emergency: false
[DEBUG] 19:13:44.284 [AiEngine] Using JS Search
[DEBUG] 19:13:44.285 [AiEngine] Adaptive time: 500ms, depth: 4, reason: midgame, opening, emergency: false
[DEBUG] 19:13:44.285 [AiEngine] Using JS Search
[DEBUG] 19:13:44.285 [AiEngine] Adaptive time: 500ms, depth: 4, reason: midgame, opening, tactical, emergency: false
[DEBUG] 19:13:44.285 [AiEngine] Using JS Search
[DEBUG] 19:13:44.285 [AiEngine] Adaptive time: 500ms, depth: 4, reason: midgame, opening, emergency: false
[DEBUG] 19:13:44.285 [AiEngine] Using JS Search
[DEBUG] 19:13:44.285 [AiEngine] Adaptive time: 500ms, depth: 4, reason: midgame, opening, tactical, emergency: false
[DEBUG] 19:13:44.285 [AiEngine] Using JS Search
[DEBUG] 19:13:44.285 [AiEngine] Adaptive time: 500ms, depth: 4, reason: midgame, opening, emergency: false
[DEBUG] 19:13:44.285 [AiEngine] Using JS Search
[DEBUG] 19:13:44.286 [AiEngine] Adaptive time: 500ms, depth: 4, reason: midgame, opening, tactical, emergency: false
[DEBUG] 19:13:44.286 [AiEngine] Using JS Search
[DEBUG] 19:13:44.286 [AiEngine] Adaptive time: 500ms, depth: 4, reason: midgame, opening, emergency: false
[DEBUG] 19:13:44.286 [AiEngine] Using JS Search
[DEBUG] 19:13:44.286 [AiEngine] Adaptive time: 500ms, depth: 4, reason: midgame, opening, tactical, emergency: false
[DEBUG] 19:13:44.286 [AiEngine] Using JS Search
[DEBUG] 19:13:44.286 [AiEngine] Adaptive time: 500ms, depth: 4, reason: midgame, opening, emergency: false
[DEBUG] 19:13:44.286 [AiEngine] Using JS Search
[DEBUG] 19:13:44.286 [AiEngine] Adaptive time: 500ms, depth: 4, reason: midgame, opening, tactical, emergency: false
[DEBUG] 19:13:44.286 [AiEngine] Using JS Search
[DEBUG] 19:13:44.286 [AiEngine] Adaptive time: 500ms, depth: 4, reason: midgame, opening, emergency: false
[DEBUG] 19:13:44.286 [AiEngine] Using JS Search
[DEBUG] 19:13:44.287 [AiEngine] Adaptive time: 500ms, depth: 4, reason: midgame, opening, tactical, emergency: false
[DEBUG] 19:13:44.287 [AiEngine] Using JS Search
[DEBUG] 19:13:44.287 [AiEngine] Adaptive time: 500ms, depth: 4, reason: midgame, opening, emergency: false
[DEBUG] 19:13:44.287 [AiEngine] Using JS Search
[DEBUG] 19:13:44.287 [AiEngine] Adaptive time: 500ms, depth: 4, reason: midgame, opening, tactical, emergency: false
[DEBUG] 19:13:44.287 [AiEngine] Using JS Search
[DEBUG] 19:13:44.287 [AiEngine] Adaptive time: 500ms, depth: 4, reason: midgame, opening, emergency: false
[DEBUG] 19:13:44.287 [AiEngine] Using JS Search
[DEBUG] 19:13:44.287 [AiEngine] Adaptive time: 500ms, depth: 4, reason: midgame, opening, tactical, emergency: false
[DEBUG] 19:13:44.287 [AiEngine] Using JS Search
[DEBUG] 19:13:44.288 [AiEngine] Adaptive time: 500ms, depth: 4, reason: midgame, opening, emergency: false
[DEBUG] 19:13:44.288 [AiEngine] Using JS Search
[DEBUG] 19:13:44.288 [AiEngine] Adaptive time: 500ms, depth: 4, reason: midgame, opening, tactical, emergency: false
[DEBUG] 19:13:44.288 [AiEngine] Using JS Search
[DEBUG] 19:13:44.288 [AiEngine] Adaptive time: 500ms, depth: 4, reason: midgame, opening, emergency: false
[DEBUG] 19:13:44.288 [AiEngine] Using JS Search
[DEBUG] 19:13:44.288 [AiEngine] Adaptive time: 500ms, depth: 4, reason: midgame, opening, tactical, emergency: false
[DEBUG] 19:13:44.288 [AiEngine] Using JS Search
[DEBUG] 19:13:44.288 [AiEngine] Adaptive time: 500ms, depth: 4, reason: midgame, opening, emergency: false
[DEBUG] 19:13:44.288 [AiEngine] Using JS Search
[DEBUG] 19:13:44.289 [AiEngine] Adaptive time: 500ms, depth: 4, reason: midgame, opening, tactical, emergency: false
[DEBUG] 19:13:44.289 [AiEngine] Using JS Search
[DEBUG] 19:13:44.289 [AiEngine] Adaptive time: 500ms, depth: 4, reason: midgame, opening, emergency: false
[DEBUG] 19:13:44.289 [AiEngine] Using JS Search
[DEBUG] 19:13:44.289 [AiEngine] Adaptive time: 500ms, depth: 4, reason: midgame, opening, tactical, emergency: false
[DEBUG] 19:13:44.289 [AiEngine] Using JS Search
[DEBUG] 19:13:44.289 [AiEngine] Adaptive time: 500ms, depth: 4, reason: midgame, opening, emergency: false
[DEBUG] 19:13:44.289 [AiEngine] Using JS Search
[DEBUG] 19:13:44.289 [AiEngine] Adaptive time: 500ms, depth: 4, reason: midgame, opening, tactical, emergency: false
[DEBUG] 19:13:44.289 [AiEngine] Using JS Search
[DEBUG] 19:13:44.290 [AiEngine] Adaptive time: 500ms, depth: 4, reason: midgame, opening, emergency: false
[DEBUG] 19:13:44.290 [AiEngine] Using JS Search
[DEBUG] 19:13:44.290 [AiEngine] Adaptive time: 500ms, depth: 4, reason: midgame, opening, tactical, emergency: false
[DEBUG] 19:13:44.290 [AiEngine] Using JS Search
[DEBUG] 19:13:44.290 [AiEngine] Adaptive time: 500ms, depth: 4, reason: midgame, opening, emergency: false
[DEBUG] 19:13:44.290 [AiEngine] Using JS Search
[DEBUG] 19:13:44.290 [AiEngine] Adaptive time: 500ms, depth: 4, reason: midgame, opening, tactical, emergency: false
[DEBUG] 19:13:44.290 [AiEngine] Using JS Search
[DEBUG] 19:13:44.290 [AiEngine] Adaptive time: 500ms, depth: 4, reason: midgame, opening, emergency: false
[DEBUG] 19:13:44.290 [AiEngine] Using JS Search
[DEBUG] 19:13:44.291 [AiEngine] Adaptive time: 500ms, depth: 4, reason: midgame, opening, tactical, emergency: false
[DEBUG] 19:13:44.291 [AiEngine] Using JS Search
[DEBUG] 19:13:44.291 [AiEngine] Adaptive time: 500ms, depth: 4, reason: midgame, opening, emergency: false
[DEBUG] 19:13:44.291 [AiEngine] Using JS Search
[DEBUG] 19:13:44.291 [AiEngine] Adaptive time: 500ms, depth: 4, reason: midgame, opening, tactical, emergency: false
[DEBUG] 19:13:44.291 [AiEngine] Using JS Search
[DEBUG] 19:13:44.291 [AiEngine] Adaptive time: 500ms, depth: 4, reason: midgame, opening, emergency: false
[DEBUG] 19:13:44.291 [AiEngine] Using JS Search
[DEBUG] 19:13:44.291 [AiEngine] Adaptive time: 500ms, depth: 4, reason: midgame, opening, tactical, emergency: false
[DEBUG] 19:13:44.291 [AiEngine] Using JS Search
[DEBUG] 19:13:44.292 [AiEngine] Adaptive time: 3000ms, depth: 5, reason: midgame, emergency: false
[DEBUG] 19:13:44.292 [AiEngine] Using JS Search
[DEBUG] 19:13:44.292 [AiEngine] Adaptive time: 3000ms, depth: 5, reason: midgame, tactical, emergency: false
[DEBUG] 19:13:44.292 [AiEngine] Using JS Search
[DEBUG] 19:13:44.292 [AiEngine] Adaptive time: 3000ms, depth: 5, reason: midgame, emergency: false
[DEBUG] 19:13:44.292 [AiEngine] Using JS Search
[DEBUG] 19:13:44.292 [AiEngine] Adaptive time: 3000ms, depth: 5, reason: midgame, tactical, emergency: false
[DEBUG] 19:13:44.292 [AiEngine] Using JS Search
[DEBUG] 19:13:44.292 [AiEngine] Adaptive time: 3000ms, depth: 5, reason: midgame, emergency: false
[DEBUG] 19:13:44.292 [AiEngine] Using JS Search
[DEBUG] 19:13:44.293 [AiEngine] Adaptive time: 3000ms, depth: 5, reason: midgame, tactical, emergency: false
[DEBUG] 19:13:44.293 [AiEngine] Using JS Search
[DEBUG] 19:13:44.293 [AiEngine] Adaptive time: 3000ms, depth: 5, reason: midgame, emergency: false
[DEBUG] 19:13:44.293 [AiEngine] Using JS Search
[DEBUG] 19:13:44.293 [AiEngine] Adaptive time: 3000ms, depth: 5, reason: midgame, tactical, emergency: false
[DEBUG] 19:13:44.293 [AiEngine] Using JS Search
[DEBUG] 19:13:44.293 [AiEngine] Adaptive time: 3000ms, depth: 5, reason: midgame, emergency: false
[DEBUG] 19:13:44.293 [AiEngine] Using JS Search
[DEBUG] 19:13:44.293 [AiEngine] Adaptive time: 3000ms, depth: 5, reason: midgame, tactical, emergency: false
[DEBUG] 19:13:44.293 [AiEngine] Using JS Search
[DEBUG] 19:13:44.294 [AiEngine] Adaptive time: 3000ms, depth: 5, reason: midgame, emergency: false
[DEBUG] 19:13:44.294 [AiEngine] Using JS Search
[DEBUG] 19:13:44.294 [AiEngine] Adaptive time: 3000ms, depth: 5, reason: midgame, tactical, emergency: false
[DEBUG] 19:13:44.294 [AiEngine] Using JS Search
[DEBUG] 19:13:44.294 [AiEngine] Adaptive time: 3000ms, depth: 5, reason: midgame, emergency: false
[DEBUG] 19:13:44.294 [AiEngine] Using JS Search
[DEBUG] 19:13:44.294 [AiEngine] Adaptive time: 3000ms, depth: 5, reason: midgame, tactical, emergency: false
[DEBUG] 19:13:44.294 [AiEngine] Using JS Search
[DEBUG] 19:13:44.294 [AiEngine] Adaptive time: 3000ms, depth: 5, reason: midgame, emergency: false
[DEBUG] 19:13:44.294 [AiEngine] Using JS Search
[DEBUG] 19:13:44.295 [AiEngine] Adaptive time: 3000ms, depth: 5, reason: midgame, tactical, emergency: false
[DEBUG] 19:13:44.295 [AiEngine] Using JS Search
[DEBUG] 19:13:44.295 [AiEngine] Adaptive time: 3000ms, depth: 5, reason: midgame, emergency: false
[DEBUG] 19:13:44.295 [AiEngine] Using JS Search
[DEBUG] 19:13:44.295 [AiEngine] Adaptive time: 3000ms, depth: 5, reason: midgame, tactical, emergency: false
[DEBUG] 19:13:44.295 [AiEngine] Using JS Search
[DEBUG] 19:13:44.295 [AiEngine] Adaptive time: 3000ms, depth: 5, reason: midgame, emergency: false
[DEBUG] 19:13:44.295 [AiEngine] Using JS Search
[DEBUG] 19:13:44.295 [AiEngine] Adaptive time: 3000ms, depth: 5, reason: midgame, tactical, emergency: false
[DEBUG] 19:13:44.295 [AiEngine] Using JS Search
[DEBUG] 19:13:44.296 [AiEngine] Adaptive time: 3000ms, depth: 5, reason: midgame, emergency: false
[DEBUG] 19:13:44.296 [AiEngine] Using JS Search
[DEBUG] 19:13:44.296 [AiEngine] Adaptive time: 3000ms, depth: 5, reason: midgame, tactical, emergency: false
[DEBUG] 19:13:44.296 [AiEngine] Using JS Search
[DEBUG] 19:13:44.296 [AiEngine] Adaptive time: 3000ms, depth: 5, reason: midgame, emergency: false
[DEBUG] 19:13:44.296 [AiEngine] Using JS Search
[DEBUG] 19:13:44.296 [AiEngine] Adaptive time: 3000ms, depth: 5, reason: midgame, tactical, emergency: false
[DEBUG] 19:13:44.296 [AiEngine] Using JS Search
[DEBUG] 19:13:44.297 [AiEngine] Adaptive time: 3000ms, depth: 5, reason: midgame, emergency: false
[DEBUG] 19:13:44.297 [AiEngine] Using JS Search
[DEBUG] 19:13:44.297 [AiEngine] Adaptive time: 3000ms, depth: 5, reason: midgame, tactical, emergency: false
[DEBUG] 19:13:44.297 [AiEngine] Using JS Search
[DEBUG] 19:13:44.297 [AiEngine] Adaptive time: 3000ms, depth: 5, reason: midgame, emergency: false
[DEBUG] 19:13:44.297 [AiEngine] Using JS Search
[DEBUG] 19:13:44.297 [AiEngine] Adaptive time: 3000ms, depth: 5, reason: midgame, tactical, emergency: false
[DEBUG] 19:13:44.297 [AiEngine] Using JS Search
[DEBUG] 19:13:44.297 [AiEngine] Adaptive time: 3000ms, depth: 5, reason: midgame, emergency: false
[DEBUG] 19:13:44.297 [AiEngine] Using JS Search
[DEBUG] 19:13:44.298 [AiEngine] Adaptive time: 3000ms, depth: 5, reason: midgame, tactical, emergency: false
[DEBUG] 19:13:44.298 [AiEngine] Using JS Search
[DEBUG] 19:13:44.298 [AiEngine] Adaptive time: 3000ms, depth: 5, reason: midgame, emergency: false
[DEBUG] 19:13:44.298 [AiEngine] Using JS Search
[DEBUG] 19:13:44.298 [AiEngine] Adaptive time: 3000ms, depth: 5, reason: midgame, tactical, emergency: false
[DEBUG] 19:13:44.298 [AiEngine] Using JS Search
[DEBUG] 19:13:44.298 [AiEngine] Adaptive time: 3000ms, depth: 5, reason: midgame, emergency: false
[DEBUG] 19:13:44.298 [AiEngine] Using JS Search
[DEBUG] 19:13:44.298 [AiEngine] Adaptive time: 3000ms, depth: 5, reason: midgame, tactical, emergency: false
[DEBUG] 19:13:44.298 [AiEngine] Using JS Search
[DEBUG] 19:13:44.299 [AiEngine] Adaptive time: 3000ms, depth: 5, reason: midgame, emergency: false
[DEBUG] 19:13:44.299 [AiEngine] Using JS Search
[DEBUG] 19:13:44.299 [AiEngine] Adaptive time: 3000ms, depth: 5, reason: midgame, tactical, emergency: false
[DEBUG] 19:13:44.299 [AiEngine] Using JS Search
[DEBUG] 19:13:44.299 [AiEngine] Adaptive time: 3000ms, depth: 5, reason: midgame, emergency: false
[DEBUG] 19:13:44.299 [AiEngine] Using JS Search
[DEBUG] 19:13:44.299 [AiEngine] Adaptive time: 3000ms, depth: 5, reason: midgame, tactical, emergency: false
[DEBUG] 19:13:44.299 [AiEngine] Using JS Search
[DEBUG] 19:13:44.299 [AiEngine] Adaptive time: 3000ms, depth: 5, reason: midgame, emergency: false
[DEBUG] 19:13:44.299 [AiEngine] Using JS Search
[DEBUG] 19:13:44.300 [AiEngine] Adaptive time: 3000ms, depth: 5, reason: midgame, tactical, emergency: false
[DEBUG] 19:13:44.300 [AiEngine] Using JS Search
[DEBUG] 19:13:44.300 [AiEngine] Adaptive time: 3000ms, depth: 5, reason: midgame, emergency: false
[DEBUG] 19:13:44.300 [AiEngine] Using JS Search
[DEBUG] 19:13:44.300 [AiEngine] Adaptive time: 3000ms, depth: 5, reason: midgame, tactical, emergency: false
[DEBUG] 19:13:44.300 [AiEngine] Using JS Search
[DEBUG] 19:13:44.300 [AiEngine] Adaptive time: 3000ms, depth: 5, reason: midgame, emergency: false
[DEBUG] 19:13:44.300 [AiEngine] Using JS Search
[DEBUG] 19:13:44.300 [AiEngine] Adaptive time: 3000ms, depth: 5, reason: midgame, tactical, emergency: false
[DEBUG] 19:13:44.300 [AiEngine] Using JS Search
[DEBUG] 19:13:44.301 [AiEngine] Adaptive time: 3000ms, depth: 5, reason: midgame, emergency: false
[DEBUG] 19:13:44.301 [AiEngine] Using JS Search
[DEBUG] 19:13:44.301 [AiEngine] Adaptive time: 3000ms, depth: 5, reason: midgame, tactical, emergency: false
[DEBUG] 19:13:44.301 [AiEngine] Using JS Search
[DEBUG] 19:13:44.301 [AiEngine] Adaptive time: 3000ms, depth: 5, reason: midgame, emergency: false
[DEBUG] 19:13:44.301 [AiEngine] Using JS Search
[DEBUG] 19:13:44.301 [AiEngine] Adaptive time: 3000ms, depth: 5, reason: midgame, tactical, emergency: false
[DEBUG] 19:13:44.301 [AiEngine] Using JS Search
[DEBUG] 19:13:44.301 [AiEngine] Adaptive time: 3000ms, depth: 5, reason: midgame, emergency: false
[DEBUG] 19:13:44.301 [AiEngine] Using JS Search
[DEBUG] 19:13:44.301 [AiEngine] Adaptive time: 3000ms, depth: 5, reason: midgame, tactical, emergency: false
[DEBUG] 19:13:44.301 [AiEngine] Using JS Search
[DEBUG] 19:13:44.302 [AiEngine] Adaptive time: 3000ms, depth: 5, reason: midgame, emergency: false
[DEBUG] 19:13:44.302 [AiEngine] Using JS Search
[DEBUG] 19:13:44.302 [AiEngine] Adaptive time: 3000ms, depth: 5, reason: midgame, tactical, emergency: false
[DEBUG] 19:13:44.302 [AiEngine] Using JS Search
[DEBUG] 19:13:44.302 [AiEngine] Adaptive time: 3000ms, depth: 5, reason: midgame, emergency: false
[DEBUG] 19:13:44.302 [AiEngine] Using JS Search
[DEBUG] 19:13:44.302 [AiEngine] Adaptive time: 3000ms, depth: 5, reason: midgame, tactical, emergency: false
[DEBUG] 19:13:44.302 [AiEngine] Using JS Search
[DEBUG] 19:13:44.302 [AiEngine] Adaptive time: 3000ms, depth: 5, reason: midgame, emergency: false
[DEBUG] 19:13:44.302 [AiEngine] Using JS Search
[DEBUG] 19:13:44.303 [AiEngine] Adaptive time: 3000ms, depth: 5, reason: midgame, tactical, emergency: false
[DEBUG] 19:13:44.303 [AiEngine] Using JS Search
[DEBUG] 19:13:44.303 [AiEngine] Adaptive time: 3000ms, depth: 5, reason: midgame, emergency: false
[DEBUG] 19:13:44.303 [AiEngine] Using JS Search
[DEBUG] 19:13:44.303 [AiEngine] Adaptive time: 3000ms, depth: 5, reason: midgame, tactical, emergency: false
[DEBUG] 19:13:44.303 [AiEngine] Using JS Search
[DEBUG] 19:13:44.303 [AiEngine] Adaptive time: 3000ms, depth: 5, reason: midgame, emergency: false
[DEBUG] 19:13:44.303 [AiEngine] Using JS Search
[DEBUG] 19:13:44.303 [AiEngine] Adaptive time: 3000ms, depth: 5, reason: midgame, tactical, emergency: false
[DEBUG] 19:13:44.303 [AiEngine] Using JS Search
[DEBUG] 19:13:44.304 [AiEngine] Adaptive time: 500ms, depth: 4, reason: midgame, opening, emergency: false
[DEBUG] 19:13:44.304 [AiEngine] Using JS Search
[DEBUG] 19:13:44.304 [AiEngine] Adaptive time: 500ms, depth: 4, reason: midgame, opening, emergency: false
[DEBUG] 19:13:44.304 [AiEngine] Using JS Search
[DEBUG] 19:13:44.304 [AiEngine] Adaptive time: 500ms, depth: 4, reason: midgame, opening, emergency: false
[DEBUG] 19:13:44.304 [AiEngine] Using JS Search
[DEBUG] 19:13:44.304 [AiEngine] Adaptive time: 500ms, depth: 4, reason: midgame, opening, tactical, emergency: false
[DEBUG] 19:13:44.304 [AiEngine] Using JS Search
[DEBUG] 19:13:44.304 [AiEngine] Adaptive time: 500ms, depth: 4, reason: midgame, opening, emergency: false
[DEBUG] 19:13:44.304 [AiEngine] Using JS Search
[DEBUG] 19:13:44.305 [AiEngine] Adaptive time: 500ms, depth: 4, reason: midgame, opening, tactical, emergency: false
[DEBUG] 19:13:44.305 [AiEngine] Using JS Search
[DEBUG] 19:13:44.305 [AiEngine] Adaptive time: 500ms, depth: 4, reason: midgame, opening, emergency: false
[DEBUG] 19:13:44.305 [AiEngine] Using JS Search
[DEBUG] 19:13:44.305 [AiEngine] Adaptive time: 500ms, depth: 4, reason: midgame, opening, tactical, emergency: false
[DEBUG] 19:13:44.305 [AiEngine] Using JS Search
[DEBUG] 19:13:44.305 [AiEngine] Adaptive time: 500ms, depth: 4, reason: midgame, opening, emergency: false
[DEBUG] 19:13:44.305 [AiEngine] Using JS Search
[DEBUG] 19:13:44.306 [AiEngine] Adaptive time: 500ms, depth: 4, reason: midgame, opening, tactical, emergency: false
[DEBUG] 19:13:44.306 [AiEngine] Using JS Search
[DEBUG] 19:13:44.306 [AiEngine] Adaptive time: 500ms, depth: 4, reason: midgame, opening, emergency: false
[DEBUG] 19:13:44.306 [AiEngine] Using JS Search
[DEBUG] 19:13:44.306 [AiEngine] Adaptive time: 500ms, depth: 4, reason: midgame, opening, tactical, emergency: false
[DEBUG] 19:13:44.306 [AiEngine] Using JS Search
[DEBUG] 19:13:44.306 [AiEngine] Adaptive time: 500ms, depth: 4, reason: midgame, opening, emergency: false
[DEBUG] 19:13:44.306 [AiEngine] Using JS Search
[DEBUG] 19:13:44.307 [AiEngine] Adaptive time: 500ms, depth: 4, reason: midgame, opening, tactical, emergency: false
[DEBUG] 19:13:44.307 [AiEngine] Using JS Search
[DEBUG] 19:13:44.307 [AiEngine] Adaptive time: 500ms, depth: 4, reason: midgame, opening, emergency: false
[DEBUG] 19:13:44.307 [AiEngine] Using JS Search
[DEBUG] 19:13:44.307 [AiEngine] Adaptive time: 500ms, depth: 4, reason: midgame, opening, tactical, emergency: false
[DEBUG] 19:13:44.307 [AiEngine] Using JS Search
[DEBUG] 19:13:44.307 [AiEngine] Adaptive time: 500ms, depth: 4, reason: midgame, opening, emergency: false
[DEBUG] 19:13:44.307 [AiEngine] Using JS Search
[DEBUG] 19:13:44.307 [AiEngine] Adaptive time: 500ms, depth: 4, reason: midgame, opening, tactical, emergency: false
[DEBUG] 19:13:44.307 [AiEngine] Using JS Search
[DEBUG] 19:13:44.308 [AiEngine] Adaptive time: 500ms, depth: 4, reason: midgame, opening, emergency: false
[DEBUG] 19:13:44.308 [AiEngine] Using JS Search
[DEBUG] 19:13:44.308 [AiEngine] Adaptive time: 500ms, depth: 4, reason: midgame, opening, tactical, emergency: false
[DEBUG] 19:13:44.308 [AiEngine] Using JS Search
[DEBUG] 19:13:44.308 [AiEngine] Adaptive time: 500ms, depth: 4, reason: midgame, opening, emergency: false
[DEBUG] 19:13:44.308 [AiEngine] Using JS Search
[DEBUG] 19:13:44.308 [AiEngine] Adaptive time: 500ms, depth: 4, reason: midgame, opening, tactical, emergency: false
[DEBUG] 19:13:44.308 [AiEngine] Using JS Search
[DEBUG] 19:13:44.308 [AiEngine] Adaptive time: 500ms, depth: 4, reason: midgame, opening, emergency: false
[DEBUG] 19:13:44.308 [AiEngine] Using JS Search
[DEBUG] 19:13:44.309 [AiEngine] Adaptive time: 500ms, depth: 4, reason: midgame, opening, tactical, emergency: false
[DEBUG] 19:13:44.309 [AiEngine] Using JS Search
[DEBUG] 19:13:44.309 [AiEngine] Adaptive time: 500ms, depth: 4, reason: midgame, opening, emergency: false
[DEBUG] 19:13:44.309 [AiEngine] Using JS Search
[DEBUG] 19:13:44.309 [AiEngine] Adaptive time: 500ms, depth: 4, reason: midgame, opening, tactical, emergency: false
[DEBUG] 19:13:44.309 [AiEngine] Using JS Search
[DEBUG] 19:13:44.309 [AiEngine] Adaptive time: 500ms, depth: 4, reason: midgame, opening, emergency: false
[DEBUG] 19:13:44.309 [AiEngine] Using JS Search
[DEBUG] 19:13:44.309 [AiEngine] Adaptive time: 500ms, depth: 4, reason: midgame, opening, tactical, emergency: false
[DEBUG] 19:13:44.309 [AiEngine] Using JS Search
[DEBUG] 19:13:44.309 [AiEngine] Adaptive time: 500ms, depth: 4, reason: midgame, opening, emergency: false
[DEBUG] 19:13:44.310 [AiEngine] Using JS Search
[DEBUG] 19:13:44.310 [AiEngine] Adaptive time: 500ms, depth: 4, reason: midgame, opening, tactical, emergency: false
[DEBUG] 19:13:44.310 [AiEngine] Using JS Search
[DEBUG] 19:13:44.310 [AiEngine] Adaptive time: 500ms, depth: 4, reason: midgame, opening, emergency: false
[DEBUG] 19:13:44.310 [AiEngine] Using JS Search
[DEBUG] 19:13:44.310 [AiEngine] Adaptive time: 500ms, depth: 4, reason: midgame, opening, tactical, emergency: false
[DEBUG] 19:13:44.310 [AiEngine] Using JS Search
[DEBUG] 19:13:44.310 [AiEngine] Adaptive time: 500ms, depth: 4, reason: midgame, opening, emergency: false
[DEBUG] 19:13:44.310 [AiEngine] Using JS Search
[DEBUG] 19:13:44.310 [AiEngine] Adaptive time: 500ms, depth: 4, reason: midgame, opening, tactical, emergency: false
[DEBUG] 19:13:44.311 [AiEngine] Using JS Search
[DEBUG] 19:13:44.311 [AiEngine] Adaptive time: 500ms, depth: 4, reason: midgame, opening, emergency: false
[DEBUG] 19:13:44.311 [AiEngine] Using JS Search
[DEBUG] 19:13:44.311 [AiEngine] Adaptive time: 500ms, depth: 4, reason: midgame, opening, tactical, emergency: false
[DEBUG] 19:13:44.311 [AiEngine] Using JS Search
[DEBUG] 19:13:44.311 [AiEngine] Adaptive time: 500ms, depth: 4, reason: midgame, opening, emergency: false
[DEBUG] 19:13:44.311 [AiEngine] Using JS Search
[DEBUG] 19:13:44.311 [AiEngine] Adaptive time: 500ms, depth: 4, reason: midgame, opening, tactical, emergency: false
[DEBUG] 19:13:44.311 [AiEngine] Using JS Search
[DEBUG] 19:13:44.311 [AiEngine] Adaptive time: 500ms, depth: 4, reason: midgame, opening, emergency: false
[DEBUG] 19:13:44.311 [AiEngine] Using JS Search
[DEBUG] 19:13:44.312 [AiEngine] Adaptive time: 500ms, depth: 4, reason: midgame, opening, tactical, emergency: false
[DEBUG] 19:13:44.312 [AiEngine] Using JS Search
[DEBUG] 19:13:44.312 [AiEngine] Adaptive time: 3000ms, depth: 5, reason: midgame, emergency: false
[DEBUG] 19:13:44.312 [AiEngine] Using JS Search
[DEBUG] 19:13:44.312 [AiEngine] Adaptive time: 3000ms, depth: 5, reason: midgame, tactical, emergency: false
[DEBUG] 19:13:44.312 [AiEngine] Using JS Search
[DEBUG] 19:13:44.312 [AiEngine] Adaptive time: 3000ms, depth: 5, reason: midgame, emergency: false
[DEBUG] 19:13:44.312 [AiEngine] Using JS Search
[DEBUG] 19:13:44.312 [AiEngine] Adaptive time: 3000ms, depth: 5, reason: midgame, tactical, emergency: false
[DEBUG] 19:13:44.312 [AiEngine] Using JS Search
[DEBUG] 19:13:44.313 [AiEngine] Adaptive time: 3000ms, depth: 5, reason: midgame, emergency: false
[DEBUG] 19:13:44.313 [AiEngine] Using JS Search
[DEBUG] 19:13:44.313 [AiEngine] Adaptive time: 3000ms, depth: 5, reason: midgame, tactical, emergency: false
[DEBUG] 19:13:44.313 [AiEngine] Using JS Search
[DEBUG] 19:13:44.313 [AiEngine] Adaptive time: 3000ms, depth: 5, reason: midgame, emergency: false
[DEBUG] 19:13:44.313 [AiEngine] Using JS Search
[DEBUG] 19:13:44.313 [AiEngine] Adaptive time: 3000ms, depth: 5, reason: midgame, tactical, emergency: false
[DEBUG] 19:13:44.313 [AiEngine] Using JS Search
[DEBUG] 19:13:44.313 [AiEngine] Adaptive time: 3000ms, depth: 5, reason: midgame, emergency: false
[DEBUG] 19:13:44.313 [AiEngine] Using JS Search
[DEBUG] 19:13:44.314 [AiEngine] Adaptive time: 3000ms, depth: 5, reason: midgame, tactical, emergency: false
[DEBUG] 19:13:44.314 [AiEngine] Using JS Search
[DEBUG] 19:13:44.314 [AiEngine] Adaptive time: 3000ms, depth: 5, reason: midgame, emergency: false
[DEBUG] 19:13:44.314 [AiEngine] Using JS Search
[DEBUG] 19:13:44.314 [AiEngine] Adaptive time: 3000ms, depth: 5, reason: midgame, tactical, emergency: false
[DEBUG] 19:13:44.314 [AiEngine] Using JS Search
[DEBUG] 19:13:44.314 [AiEngine] Adaptive time: 3000ms, depth: 5, reason: midgame, emergency: false
[DEBUG] 19:13:44.314 [AiEngine] Using JS Search
[DEBUG] 19:13:44.314 [AiEngine] Adaptive time: 3000ms, depth: 5, reason: midgame, tactical, emergency: false
[DEBUG] 19:13:44.314 [AiEngine] Using JS Search
[DEBUG] 19:13:44.315 [AiEngine] Adaptive time: 3000ms, depth: 5, reason: midgame, emergency: false
[DEBUG] 19:13:44.315 [AiEngine] Using JS Search
[DEBUG] 19:13:44.315 [AiEngine] Adaptive time: 3000ms, depth: 5, reason: midgame, tactical, emergency: false
[DEBUG] 19:13:44.315 [AiEngine] Using JS Search
[DEBUG] 19:13:44.315 [AiEngine] Adaptive time: 3000ms, depth: 5, reason: midgame, emergency: false
[DEBUG] 19:13:44.315 [AiEngine] Using JS Search
[DEBUG] 19:13:44.315 [AiEngine] Adaptive time: 3000ms, depth: 5, reason: midgame, tactical, emergency: false
[DEBUG] 19:13:44.315 [AiEngine] Using JS Search
[DEBUG] 19:13:44.315 [AiEngine] Adaptive time: 3000ms, depth: 5, reason: midgame, emergency: false
[DEBUG] 19:13:44.315 [AiEngine] Using JS Search
[DEBUG] 19:13:44.316 [AiEngine] Adaptive time: 3000ms, depth: 5, reason: midgame, tactical, emergency: false
[DEBUG] 19:13:44.316 [AiEngine] Using JS Search
[DEBUG] 19:13:44.316 [AiEngine] Adaptive time: 3000ms, depth: 5, reason: midgame, emergency: false
[DEBUG] 19:13:44.316 [AiEngine] Using JS Search
[DEBUG] 19:13:44.316 [AiEngine] Adaptive time: 3000ms, depth: 5, reason: midgame, tactical, emergency: false
[DEBUG] 19:13:44.316 [AiEngine] Using JS Search
[DEBUG] 19:13:44.316 [AiEngine] Adaptive time: 3000ms, depth: 5, reason: midgame, emergency: false
[DEBUG] 19:13:44.316 [AiEngine] Using JS Search
[DEBUG] 19:13:44.317 [AiEngine] Adaptive time: 3000ms, depth: 5, reason: midgame, tactical, emergency: false
[DEBUG] 19:13:44.317 [AiEngine] Using JS Search
[DEBUG] 19:13:44.317 [AiEngine] Adaptive time: 3000ms, depth: 5, reason: midgame, emergency: false
[DEBUG] 19:13:44.317 [AiEngine] Using JS Search
[DEBUG] 19:13:44.317 [AiEngine] Adaptive time: 3000ms, depth: 5, reason: midgame, tactical, emergency: false
[DEBUG] 19:13:44.317 [AiEngine] Using JS Search
[DEBUG] 19:13:44.317 [AiEngine] Adaptive time: 3000ms, depth: 5, reason: midgame, emergency: false
[DEBUG] 19:13:44.317 [AiEngine] Using JS Search
[DEBUG] 19:13:44.317 [AiEngine] Adaptive time: 3000ms, depth: 5, reason: midgame, tactical, emergency: false
[DEBUG] 19:13:44.317 [AiEngine] Using JS Search
[DEBUG] 19:13:44.318 [AiEngine] Adaptive time: 3000ms, depth: 5, reason: midgame, emergency: false
[DEBUG] 19:13:44.318 [AiEngine] Using JS Search
[DEBUG] 19:13:44.318 [AiEngine] Adaptive time: 3000ms, depth: 5, reason: midgame, tactical, emergency: false
[DEBUG] 19:13:44.318 [AiEngine] Using JS Search
[DEBUG] 19:13:44.318 [AiEngine] Adaptive time: 3000ms, depth: 5, reason: midgame, emergency: false
[DEBUG] 19:13:44.318 [AiEngine] Using JS Search
[DEBUG] 19:13:44.318 [AiEngine] Adaptive time: 3000ms, depth: 5, reason: midgame, tactical, emergency: false
[DEBUG] 19:13:44.318 [AiEngine] Using JS Search
[DEBUG] 19:13:44.318 [AiEngine] Adaptive time: 3000ms, depth: 5, reason: midgame, emergency: false
[DEBUG] 19:13:44.318 [AiEngine] Using JS Search
[DEBUG] 19:13:44.319 [AiEngine] Adaptive time: 3000ms, depth: 5, reason: midgame, tactical, emergency: false
[DEBUG] 19:13:44.319 [AiEngine] Using JS Search
[DEBUG] 19:13:44.319 [AiEngine] Adaptive time: 3000ms, depth: 5, reason: midgame, emergency: false
[DEBUG] 19:13:44.319 [AiEngine] Using JS Search
[DEBUG] 19:13:44.319 [AiEngine] Adaptive time: 3000ms, depth: 5, reason: midgame, tactical, emergency: false
[DEBUG] 19:13:44.319 [AiEngine] Using JS Search
[DEBUG] 19:13:44.319 [AiEngine] Adaptive time: 3000ms, depth: 5, reason: midgame, emergency: false
[DEBUG] 19:13:44.319 [AiEngine] Using JS Search
[DEBUG] 19:13:44.319 [AiEngine] Adaptive time: 3000ms, depth: 5, reason: midgame, tactical, emergency: false
[DEBUG] 19:13:44.319 [AiEngine] Using JS Search
[DEBUG] 19:13:44.320 [AiEngine] Adaptive time: 3000ms, depth: 5, reason: midgame, emergency: false
[DEBUG] 19:13:44.320 [AiEngine] Using JS Search
[DEBUG] 19:13:44.320 [AiEngine] Adaptive time: 3000ms, depth: 5, reason: midgame, tactical, emergency: false
[DEBUG] 19:13:44.320 [AiEngine] Using JS Search
[DEBUG] 19:13:44.320 [AiEngine] Adaptive time: 3000ms, depth: 5, reason: midgame, emergency: false
[DEBUG] 19:13:44.320 [AiEngine] Using JS Search
[DEBUG] 19:13:44.320 [AiEngine] Adaptive time: 3000ms, depth: 5, reason: midgame, tactical, emergency: false
[DEBUG] 19:13:44.320 [AiEngine] Using JS Search
[DEBUG] 19:13:44.320 [AiEngine] Adaptive time: 3000ms, depth: 5, reason: midgame, emergency: false
[DEBUG] 19:13:44.320 [AiEngine] Using JS Search
[DEBUG] 19:13:44.320 [AiEngine] Adaptive time: 3000ms, depth: 5, reason: midgame, tactical, emergency: false
[DEBUG] 19:13:44.320 [AiEngine] Using JS Search
[DEBUG] 19:13:44.321 [AiEngine] Adaptive time: 3000ms, depth: 5, reason: midgame, emergency: false
[DEBUG] 19:13:44.321 [AiEngine] Using JS Search
[DEBUG] 19:13:44.321 [AiEngine] Adaptive time: 3000ms, depth: 5, reason: midgame, tactical, emergency: false
[DEBUG] 19:13:44.321 [AiEngine] Using JS Search
[DEBUG] 19:13:44.321 [AiEngine] Adaptive time: 3000ms, depth: 5, reason: midgame, emergency: false
[DEBUG] 19:13:44.321 [AiEngine] Using JS Search
[DEBUG] 19:13:44.321 [AiEngine] Adaptive time: 3000ms, depth: 5, reason: midgame, tactical, emergency: false
[DEBUG] 19:13:44.321 [AiEngine] Using JS Search
[DEBUG] 19:13:44.321 [AiEngine] Adaptive time: 3000ms, depth: 5, reason: midgame, emergency: false
[DEBUG] 19:13:44.321 [AiEngine] Using JS Search
[DEBUG] 19:13:44.322 [AiEngine] Adaptive time: 3000ms, depth: 5, reason: midgame, tactical, emergency: false
[DEBUG] 19:13:44.322 [AiEngine] Using JS Search
[DEBUG] 19:13:44.322 [AiEngine] Adaptive time: 3000ms, depth: 5, reason: midgame, emergency: false
[DEBUG] 19:13:44.322 [AiEngine] Using JS Search
[DEBUG] 19:13:44.322 [AiEngine] Adaptive time: 3000ms, depth: 5, reason: midgame, tactical, emergency: false
[DEBUG] 19:13:44.322 [AiEngine] Using JS Search
[DEBUG] 19:13:44.322 [AiEngine] Adaptive time: 3000ms, depth: 5, reason: midgame, emergency: false
[DEBUG] 19:13:44.322 [AiEngine] Using JS Search
[DEBUG] 19:13:44.322 [AiEngine] Adaptive time: 3000ms, depth: 5, reason: midgame, tactical, emergency: false
[DEBUG] 19:13:44.322 [AiEngine] Using JS Search
[DEBUG] 19:13:44.322 [AiEngine] Adaptive time: 3000ms, depth: 5, reason: midgame, emergency: false
[DEBUG] 19:13:44.322 [AiEngine] Using JS Search
[DEBUG] 19:13:44.323 [AiEngine] Adaptive time: 3000ms, depth: 5, reason: midgame, tactical, emergency: false
[DEBUG] 19:13:44.323 [AiEngine] Using JS Search
[DEBUG] 19:13:44.323 [AiEngine] Adaptive time: 3000ms, depth: 5, reason: midgame, emergency: false
[DEBUG] 19:13:44.323 [AiEngine] Using JS Search
[DEBUG] 19:13:44.323 [AiEngine] Adaptive time: 3000ms, depth: 5, reason: midgame, tactical, emergency: false
[DEBUG] 19:13:44.323 [AiEngine] Using JS Search
[DEBUG] 19:13:44.323 [AiEngine] Adaptive time: 3000ms, depth: 5, reason: midgame, emergency: false
[DEBUG] 19:13:44.323 [AiEngine] Using JS Search
[DEBUG] 19:13:44.323 [AiEngine] Adaptive time: 3000ms, depth: 5, reason: midgame, tactical, emergency: false
[DEBUG] 19:13:44.323 [AiEngine] Using JS Search
[DEBUG] 19:13:44.324 [AiEngine] Adaptive time: 500ms, depth: 4, reason: midgame, opening, emergency: false
[DEBUG] 19:13:44.324 [AiEngine] Using JS Search
[DEBUG] 19:13:44.324 [AiEngine] Adaptive time: 500ms, depth: 4, reason: midgame, opening, emergency: false
[DEBUG] 19:13:44.324 [AiEngine] Using JS Search
[DEBUG] 19:13:44.324 [AiEngine] Adaptive time: 500ms, depth: 4, reason: midgame, opening, emergency: false
[DEBUG] 19:13:44.324 [AiEngine] Using JS Search
[DEBUG] 19:13:44.324 [AiEngine] Adaptive time: 500ms, depth: 4, reason: midgame, opening, tactical, emergency: false
[DEBUG] 19:13:44.324 [AiEngine] Using JS Search
[DEBUG] 19:13:44.324 [AiEngine] Adaptive time: 500ms, depth: 4, reason: midgame, opening, emergency: false
[DEBUG] 19:13:44.324 [AiEngine] Using JS Search
[DEBUG] 19:13:44.324 [AiEngine] Adaptive time: 500ms, depth: 4, reason: midgame, opening, tactical, emergency: false
[DEBUG] 19:13:44.325 [AiEngine] Using JS Search
[DEBUG] 19:13:44.325 [AiEngine] Adaptive time: 500ms, depth: 4, reason: midgame, opening, emergency: false
[DEBUG] 19:13:44.325 [AiEngine] Using JS Search
[DEBUG] 19:13:44.325 [AiEngine] Adaptive time: 500ms, depth: 4, reason: midgame, opening, tactical, emergency: false
[DEBUG] 19:13:44.325 [AiEngine] Using JS Search
[DEBUG] 19:13:44.325 [AiEngine] Adaptive time: 500ms, depth: 4, reason: midgame, opening, emergency: false
[DEBUG] 19:13:44.325 [AiEngine] Using JS Search
[DEBUG] 19:13:44.325 [AiEngine] Adaptive time: 500ms, depth: 4, reason: midgame, opening, tactical, emergency: false
[DEBUG] 19:13:44.325 [AiEngine] Using JS Search
[DEBUG] 19:13:44.325 [AiEngine] Adaptive time: 500ms, depth: 4, reason: midgame, opening, emergency: false
[DEBUG] 19:13:44.325 [AiEngine] Using JS Search
[DEBUG] 19:13:44.326 [AiEngine] Adaptive time: 500ms, depth: 4, reason: midgame, opening, tactical, emergency: false
[DEBUG] 19:13:44.326 [AiEngine] Using JS Search
[DEBUG] 19:13:44.326 [AiEngine] Adaptive time: 500ms, depth: 4, reason: midgame, opening, emergency: false
[DEBUG] 19:13:44.326 [AiEngine] Using JS Search
[DEBUG] 19:13:44.326 [AiEngine] Adaptive time: 500ms, depth: 4, reason: midgame, opening, tactical, emergency: false
[DEBUG] 19:13:44.326 [AiEngine] Using JS Search
[DEBUG] 19:13:44.326 [AiEngine] Adaptive time: 500ms, depth: 4, reason: midgame, opening, emergency: false
[DEBUG] 19:13:44.326 [AiEngine] Using JS Search
[DEBUG] 19:13:44.327 [AiEngine] Adaptive time: 500ms, depth: 4, reason: midgame, opening, tactical, emergency: false
[DEBUG] 19:13:44.327 [AiEngine] Using JS Search
[DEBUG] 19:13:44.327 [AiEngine] Adaptive time: 500ms, depth: 4, reason: midgame, opening, emergency: false
[DEBUG] 19:13:44.327 [AiEngine] Using JS Search
[DEBUG] 19:13:44.327 [AiEngine] Adaptive time: 500ms, depth: 4, reason: midgame, opening, tactical, emergency: false
[DEBUG] 19:13:44.327 [AiEngine] Using JS Search
[DEBUG] 19:13:44.327 [AiEngine] Adaptive time: 500ms, depth: 4, reason: midgame, opening, emergency: false
[DEBUG] 19:13:44.327 [AiEngine] Using JS Search
[DEBUG] 19:13:44.327 [AiEngine] Adaptive time: 500ms, depth: 4, reason: midgame, opening, tactical, emergency: false
[DEBUG] 19:13:44.327 [AiEngine] Using JS Search
[DEBUG] 19:13:44.328 [AiEngine] Adaptive time: 500ms, depth: 4, reason: midgame, opening, emergency: false
[DEBUG] 19:13:44.328 [AiEngine] Using JS Search
[DEBUG] 19:13:44.328 [AiEngine] Adaptive time: 500ms, depth: 4, reason: midgame, opening, tactical, emergency: false
[DEBUG] 19:13:44.328 [AiEngine] Using JS Search
[DEBUG] 19:13:44.328 [AiEngine] Adaptive time: 500ms, depth: 4, reason: midgame, opening, emergency: false
[DEBUG] 19:13:44.328 [AiEngine] Using JS Search
[DEBUG] 19:13:44.328 [AiEngine] Adaptive time: 500ms, depth: 4, reason: midgame, opening, tactical, emergency: false
[DEBUG] 19:13:44.328 [AiEngine] Using JS Search
[DEBUG] 19:13:44.328 [AiEngine] Adaptive time: 500ms, depth: 4, reason: midgame, opening, emergency: false
[DEBUG] 19:13:44.328 [AiEngine] Using JS Search
[DEBUG] 19:13:44.329 [AiEngine] Adaptive time: 500ms, depth: 4, reason: midgame, opening, tactical, emergency: false
[DEBUG] 19:13:44.329 [AiEngine] Using JS Search
[DEBUG] 19:13:44.329 [AiEngine] Adaptive time: 500ms, depth: 4, reason: midgame, opening, emergency: false
[DEBUG] 19:13:44.329 [AiEngine] Using JS Search
[DEBUG] 19:13:44.329 [AiEngine] Adaptive time: 500ms, depth: 4, reason: midgame, opening, tactical, emergency: false
[DEBUG] 19:13:44.329 [AiEngine] Using JS Search
[DEBUG] 19:13:44.329 [AiEngine] Adaptive time: 500ms, depth: 4, reason: midgame, opening, emergency: false
[DEBUG] 19:13:44.329 [AiEngine] Using JS Search
[DEBUG] 19:13:44.329 [AiEngine] Adaptive time: 500ms, depth: 4, reason: midgame, opening, tactical, emergency: false
[DEBUG] 19:13:44.329 [AiEngine] Using JS Search
[DEBUG] 19:13:44.329 [AiEngine] Adaptive time: 500ms, depth: 4, reason: midgame, opening, emergency: false
[DEBUG] 19:13:44.329 [AiEngine] Using JS Search
[DEBUG] 19:13:44.330 [AiEngine] Adaptive time: 500ms, depth: 4, reason: midgame, opening, tactical, emergency: false
[DEBUG] 19:13:44.330 [AiEngine] Using JS Search
[DEBUG] 19:13:44.330 [AiEngine] Adaptive time: 500ms, depth: 4, reason: midgame, opening, emergency: false
[DEBUG] 19:13:44.330 [AiEngine] Using JS Search
[DEBUG] 19:13:44.330 [AiEngine] Adaptive time: 500ms, depth: 4, reason: midgame, opening, tactical, emergency: false
[DEBUG] 19:13:44.330 [AiEngine] Using JS Search
[DEBUG] 19:13:44.330 [AiEngine] Adaptive time: 500ms, depth: 4, reason: midgame, opening, emergency: false
[DEBUG] 19:13:44.330 [AiEngine] Using JS Search
[DEBUG] 19:13:44.330 [AiEngine] Adaptive time: 500ms, depth: 4, reason: midgame, opening, tactical, emergency: false
[DEBUG] 19:13:44.330 [AiEngine] Using JS Search
[DEBUG] 19:13:44.331 [AiEngine] Adaptive time: 500ms, depth: 4, reason: midgame, opening, emergency: false
[DEBUG] 19:13:44.331 [AiEngine] Using JS Search
[DEBUG] 19:13:44.331 [AiEngine] Adaptive time: 500ms, depth: 4, reason: midgame, opening, tactical, emergency: false
[DEBUG] 19:13:44.331 [AiEngine] Using JS Search
[DEBUG] 19:13:44.331 [AiEngine] Adaptive time: 500ms, depth: 4, reason: midgame, opening, emergency: false
[DEBUG] 19:13:44.331 [AiEngine] Using JS Search
[DEBUG] 19:13:44.331 [AiEngine] Adaptive time: 500ms, depth: 4, reason: midgame, opening, tactical, emergency: false
[DEBUG] 19:13:44.331 [AiEngine] Using JS Search
[DEBUG] 19:13:44.331 [AiEngine] Adaptive time: 3000ms, depth: 5, reason: midgame, emergency: false
[DEBUG] 19:13:44.331 [AiEngine] Using JS Search
[DEBUG] 19:13:44.332 [AiEngine] Adaptive time: 3000ms, depth: 5, reason: midgame, tactical, emergency: false
[DEBUG] 19:13:44.332 [AiEngine] Using JS Search
[DEBUG] 19:13:44.332 [AiEngine] Adaptive time: 3000ms, depth: 5, reason: midgame, emergency: false
[DEBUG] 19:13:44.332 [AiEngine] Using JS Search
[DEBUG] 19:13:44.332 [AiEngine] Adaptive time: 3000ms, depth: 5, reason: midgame, tactical, emergency: false
[DEBUG] 19:13:44.332 [AiEngine] Using JS Search
[DEBUG] 19:13:44.332 [AiEngine] Adaptive time: 3000ms, depth: 5, reason: midgame, emergency: false
[DEBUG] 19:13:44.332 [AiEngine] Using JS Search
[DEBUG] 19:13:44.332 [AiEngine] Adaptive time: 3000ms, depth: 5, reason: midgame, tactical, emergency: false
[DEBUG] 19:13:44.332 [AiEngine] Using JS Search
[DEBUG] 19:13:44.333 [AiEngine] Adaptive time: 3000ms, depth: 5, reason: midgame, emergency: false
[DEBUG] 19:13:44.333 [AiEngine] Using JS Search
[DEBUG] 19:13:44.333 [AiEngine] Adaptive time: 3000ms, depth: 5, reason: midgame, tactical, emergency: false
[DEBUG] 19:13:44.333 [AiEngine] Using JS Search
[DEBUG] 19:13:44.333 [AiEngine] Adaptive time: 3000ms, depth: 5, reason: midgame, emergency: false
[DEBUG] 19:13:44.333 [AiEngine] Using JS Search
[DEBUG] 19:13:44.333 [AiEngine] Adaptive time: 3000ms, depth: 5, reason: midgame, tactical, emergency: false
[DEBUG] 19:13:44.333 [AiEngine] Using JS Search
[DEBUG] 19:13:44.333 [AiEngine] Adaptive time: 3000ms, depth: 5, reason: midgame, emergency: false
[DEBUG] 19:13:44.333 [AiEngine] Using JS Search
[DEBUG] 19:13:44.334 [AiEngine] Adaptive time: 3000ms, depth: 5, reason: midgame, tactical, emergency: false
[DEBUG] 19:13:44.334 [AiEngine] Using JS Search
[DEBUG] 19:13:44.334 [AiEngine] Adaptive time: 3000ms, depth: 5, reason: midgame, emergency: false
[DEBUG] 19:13:44.334 [AiEngine] Using JS Search
[DEBUG] 19:13:44.334 [AiEngine] Adaptive time: 3000ms, depth: 5, reason: midgame, tactical, emergency: false
[DEBUG] 19:13:44.334 [AiEngine] Using JS Search
[DEBUG] 19:13:44.334 [AiEngine] Adaptive time: 3000ms, depth: 5, reason: midgame, emergency: false
[DEBUG] 19:13:44.334 [AiEngine] Using JS Search
[DEBUG] 19:13:44.334 [AiEngine] Adaptive time: 3000ms, depth: 5, reason: midgame, tactical, emergency: false
[DEBUG] 19:13:44.334 [AiEngine] Using JS Search
[DEBUG] 19:13:44.334 [AiEngine] Adaptive time: 3000ms, depth: 5, reason: midgame, emergency: false
[DEBUG] 19:13:44.334 [AiEngine] Using JS Search
[DEBUG] 19:13:44.335 [AiEngine] Adaptive time: 3000ms, depth: 5, reason: midgame, tactical, emergency: false
[DEBUG] 19:13:44.335 [AiEngine] Using JS Search
[DEBUG] 19:13:44.335 [AiEngine] Adaptive time: 3000ms, depth: 5, reason: midgame, emergency: false
[DEBUG] 19:13:44.335 [AiEngine] Using JS Search
[DEBUG] 19:13:44.335 [AiEngine] Adaptive time: 3000ms, depth: 5, reason: midgame, tactical, emergency: false
[DEBUG] 19:13:44.335 [AiEngine] Using JS Search
[DEBUG] 19:13:44.335 [AiEngine] Adaptive time: 3000ms, depth: 5, reason: midgame, emergency: false
[DEBUG] 19:13:44.335 [AiEngine] Using JS Search
[DEBUG] 19:13:44.335 [AiEngine] Adaptive time: 3000ms, depth: 5, reason: midgame, tactical, emergency: false
[DEBUG] 19:13:44.335 [AiEngine] Using JS Search
[DEBUG] 19:13:44.336 [AiEngine] Adaptive time: 3000ms, depth: 5, reason: midgame, emergency: false
[DEBUG] 19:13:44.336 [AiEngine] Using JS Search
[DEBUG] 19:13:44.336 [AiEngine] Adaptive time: 3000ms, depth: 5, reason: midgame, tactical, emergency: false
[DEBUG] 19:13:44.336 [AiEngine] Using JS Search
[DEBUG] 19:13:44.336 [AiEngine] Adaptive time: 3000ms, depth: 5, reason: midgame, emergency: false
[DEBUG] 19:13:44.336 [AiEngine] Using JS Search
[DEBUG] 19:13:44.336 [AiEngine] Adaptive time: 3000ms, depth: 5, reason: midgame, tactical, emergency: false
[DEBUG] 19:13:44.336 [AiEngine] Using JS Search
[DEBUG] 19:13:44.336 [AiEngine] Adaptive time: 3000ms, depth: 5, reason: midgame, emergency: false
[DEBUG] 19:13:44.336 [AiEngine] Using JS Search
[DEBUG] 19:13:44.336 [AiEngine] Adaptive time: 3000ms, depth: 5, reason: midgame, tactical, emergency: false
[DEBUG] 19:13:44.336 [AiEngine] Using JS Search
[DEBUG] 19:13:44.337 [AiEngine] Adaptive time: 3000ms, depth: 5, reason: midgame, emergency: false
[DEBUG] 19:13:44.337 [AiEngine] Using JS Search
[DEBUG] 19:13:44.337 [AiEngine] Adaptive time: 3000ms, depth: 5, reason: midgame, tactical, emergency: false
[DEBUG] 19:13:44.337 [AiEngine] Using JS Search
[DEBUG] 19:13:44.337 [AiEngine] Adaptive time: 3000ms, depth: 5, reason: midgame, emergency: false
[DEBUG] 19:13:44.337 [AiEngine] Using JS Search
[DEBUG] 19:13:44.337 [AiEngine] Adaptive time: 3000ms, depth: 5, reason: midgame, tactical, emergency: false
[DEBUG] 19:13:44.337 [AiEngine] Using JS Search
[DEBUG] 19:13:44.338 [AiEngine] Adaptive time: 3000ms, depth: 5, reason: midgame, emergency: false
[DEBUG] 19:13:44.338 [AiEngine] Using JS Search
[DEBUG] 19:13:44.338 [AiEngine] Adaptive time: 3000ms, depth: 5, reason: midgame, tactical, emergency: false
[DEBUG] 19:13:44.338 [AiEngine] Using JS Search
[DEBUG] 19:13:44.338 [AiEngine] Adaptive time: 3000ms, depth: 5, reason: midgame, emergency: false
[DEBUG] 19:13:44.338 [AiEngine] Using JS Search
[DEBUG] 19:13:44.338 [AiEngine] Adaptive time: 3000ms, depth: 5, reason: midgame, tactical, emergency: false
[DEBUG] 19:13:44.338 [AiEngine] Using JS Search
[DEBUG] 19:13:44.338 [AiEngine] Adaptive time: 3000ms, depth: 5, reason: midgame, emergency: false
[DEBUG] 19:13:44.338 [AiEngine] Using JS Search
[DEBUG] 19:13:44.339 [AiEngine] Adaptive time: 3000ms, depth: 5, reason: midgame, tactical, emergency: false
[DEBUG] 19:13:44.339 [AiEngine] Using JS Search
[DEBUG] 19:13:44.339 [AiEngine] Adaptive time: 3000ms, depth: 5, reason: midgame, emergency: false
[DEBUG] 19:13:44.339 [AiEngine] Using JS Search
[DEBUG] 19:13:44.339 [AiEngine] Adaptive time: 3000ms, depth: 5, reason: midgame, tactical, emergency: false
[DEBUG] 19:13:44.339 [AiEngine] Using JS Search
[DEBUG] 19:13:44.339 [AiEngine] Adaptive time: 3000ms, depth: 5, reason: midgame, emergency: false
[DEBUG] 19:13:44.339 [AiEngine] Using JS Search
[DEBUG] 19:13:44.339 [AiEngine] Adaptive time: 3000ms, depth: 5, reason: midgame, tactical, emergency: false
[DEBUG] 19:13:44.339 [AiEngine] Using JS Search
[DEBUG] 19:13:44.340 [AiEngine] Adaptive time: 3000ms, depth: 5, reason: midgame, emergency: false
[DEBUG] 19:13:44.340 [AiEngine] Using JS Search
[DEBUG] 19:13:44.340 [AiEngine] Adaptive time: 3000ms, depth: 5, reason: midgame, tactical, emergency: false
[DEBUG] 19:13:44.340 [AiEngine] Using JS Search
[DEBUG] 19:13:44.340 [AiEngine] Adaptive time: 3000ms, depth: 5, reason: midgame, emergency: false
[DEBUG] 19:13:44.340 [AiEngine] Using JS Search
[DEBUG] 19:13:44.340 [AiEngine] Adaptive time: 3000ms, depth: 5, reason: midgame, tactical, emergency: false
[DEBUG] 19:13:44.340 [AiEngine] Using JS Search
[DEBUG] 19:13:44.340 [AiEngine] Adaptive time: 3000ms, depth: 5, reason: midgame, emergency: false
[DEBUG] 19:13:44.340 [AiEngine] Using JS Search
[DEBUG] 19:13:44.341 [AiEngine] Adaptive time: 3000ms, depth: 5, reason: midgame, tactical, emergency: false
[DEBUG] 19:13:44.341 [AiEngine] Using JS Search
[DEBUG] 19:13:44.341 [AiEngine] Adaptive time: 3000ms, depth: 5, reason: midgame, emergency: false
[DEBUG] 19:13:44.341 [AiEngine] Using JS Search
[DEBUG] 19:13:44.341 [AiEngine] Adaptive time: 3000ms, depth: 5, reason: midgame, tactical, emergency: false
[DEBUG] 19:13:44.341 [AiEngine] Using JS Search
[DEBUG] 19:13:44.341 [AiEngine] Adaptive time: 3000ms, depth: 5, reason: midgame, emergency: false
[DEBUG] 19:13:44.341 [AiEngine] Using JS Search
[DEBUG] 19:13:44.341 [AiEngine] Adaptive time: 3000ms, depth: 5, reason: midgame, tactical, emergency: false
[DEBUG] 19:13:44.341 [AiEngine] Using JS Search
[DEBUG] 19:13:44.341 [AiEngine] Adaptive time: 3000ms, depth: 5, reason: midgame, emergency: false
[DEBUG] 19:13:44.341 [AiEngine] Using JS Search
[DEBUG] 19:13:44.342 [AiEngine] Adaptive time: 3000ms, depth: 5, reason: midgame, tactical, emergency: false
[DEBUG] 19:13:44.342 [AiEngine] Using JS Search
[DEBUG] 19:13:44.342 [AiEngine] Adaptive time: 3000ms, depth: 5, reason: midgame, emergency: false
[DEBUG] 19:13:44.342 [AiEngine] Using JS Search
[DEBUG] 19:13:44.342 [AiEngine] Adaptive time: 3000ms, depth: 5, reason: midgame, tactical, emergency: false
[DEBUG] 19:13:44.342 [AiEngine] Using JS Search
[DEBUG] 19:13:44.342 [AiEngine] Adaptive time: 3000ms, depth: 5, reason: midgame, emergency: false
[DEBUG] 19:13:44.342 [AiEngine] Using JS Search
[DEBUG] 19:13:44.342 [AiEngine] Adaptive time: 3000ms, depth: 5, reason: midgame, tactical, emergency: false
[DEBUG] 19:13:44.342 [AiEngine] Using JS Search
[DEBUG] 19:13:44.342 [AiEngine] Adaptive time: 3000ms, depth: 5, reason: midgame, emergency: false
[DEBUG] 19:13:44.343 [AiEngine] Using JS Search
[DEBUG] 19:13:44.343 [AiEngine] Adaptive time: 3000ms, depth: 5, reason: midgame, tactical, emergency: false
[DEBUG] 19:13:44.343 [AiEngine] Using JS Search
[DEBUG] 19:13:44.343 [AiEngine] Adaptive time: 500ms, depth: 4, reason: midgame, opening, emergency: false
[DEBUG] 19:13:44.343 [AiEngine] Using JS Search
[DEBUG] 19:13:44.343 [AiEngine] Adaptive time: 500ms, depth: 4, reason: midgame, opening, emergency: false
[DEBUG] 19:13:44.343 [AiEngine] Using JS Search
[DEBUG] 19:13:44.343 [AiEngine] Adaptive time: 500ms, depth: 4, reason: midgame, opening, emergency: false
[DEBUG] 19:13:44.343 [AiEngine] Using JS Search
[DEBUG] 19:13:44.343 [AiEngine] Adaptive time: 500ms, depth: 4, reason: midgame, opening, tactical, emergency: false
[DEBUG] 19:13:44.343 [AiEngine] Using JS Search
[DEBUG] 19:13:44.344 [AiEngine] Adaptive time: 500ms, depth: 4, reason: midgame, opening, emergency: false
[DEBUG] 19:13:44.344 [AiEngine] Using JS Search
[DEBUG] 19:13:44.344 [AiEngine] Adaptive time: 500ms, depth: 4, reason: midgame, opening, tactical, emergency: false
[DEBUG] 19:13:44.344 [AiEngine] Using JS Search
[DEBUG] 19:13:44.344 [AiEngine] Adaptive time: 500ms, depth: 4, reason: midgame, opening, emergency: false
[DEBUG] 19:13:44.344 [AiEngine] Using JS Search
[DEBUG] 19:13:44.344 [AiEngine] Adaptive time: 500ms, depth: 4, reason: midgame, opening, tactical, emergency: false
[DEBUG] 19:13:44.344 [AiEngine] Using JS Search
[DEBUG] 19:13:44.344 [AiEngine] Adaptive time: 500ms, depth: 4, reason: midgame, opening, emergency: false
[DEBUG] 19:13:44.344 [AiEngine] Using JS Search
[DEBUG] 19:13:44.345 [AiEngine] Adaptive time: 500ms, depth: 4, reason: midgame, opening, tactical, emergency: false
[DEBUG] 19:13:44.345 [AiEngine] Using JS Search
[DEBUG] 19:13:44.345 [AiEngine] Adaptive time: 500ms, depth: 4, reason: midgame, opening, emergency: false
[DEBUG] 19:13:44.345 [AiEngine] Using JS Search
[DEBUG] 19:13:44.345 [AiEngine] Adaptive time: 500ms, depth: 4, reason: midgame, opening, tactical, emergency: false
[DEBUG] 19:13:44.345 [AiEngine] Using JS Search
[DEBUG] 19:13:44.345 [AiEngine] Adaptive time: 500ms, depth: 4, reason: midgame, opening, emergency: false
[DEBUG] 19:13:44.345 [AiEngine] Using JS Search
[DEBUG] 19:13:44.345 [AiEngine] Adaptive time: 500ms, depth: 4, reason: midgame, opening, tactical, emergency: false
[DEBUG] 19:13:44.345 [AiEngine] Using JS Search
[DEBUG] 19:13:44.345 [AiEngine] Adaptive time: 500ms, depth: 4, reason: midgame, opening, emergency: false
[DEBUG] 19:13:44.345 [AiEngine] Using JS Search
[DEBUG] 19:13:44.346 [AiEngine] Adaptive time: 500ms, depth: 4, reason: midgame, opening, tactical, emergency: false
[DEBUG] 19:13:44.346 [AiEngine] Using JS Search
[DEBUG] 19:13:44.346 [AiEngine] Adaptive time: 500ms, depth: 4, reason: midgame, opening, emergency: false
[DEBUG] 19:13:44.346 [AiEngine] Using JS Search
[DEBUG] 19:13:44.346 [AiEngine] Adaptive time: 500ms, depth: 4, reason: midgame, opening, tactical, emergency: false
[DEBUG] 19:13:44.346 [AiEngine] Using JS Search
[DEBUG] 19:13:44.346 [AiEngine] Adaptive time: 500ms, depth: 4, reason: midgame, opening, emergency: false
[DEBUG] 19:13:44.346 [AiEngine] Using JS Search
[DEBUG] 19:13:44.346 [AiEngine] Adaptive time: 500ms, depth: 4, reason: midgame, opening, tactical, emergency: false
[DEBUG] 19:13:44.346 [AiEngine] Using JS Search
[DEBUG] 19:13:44.347 [AiEngine] Adaptive time: 500ms, depth: 4, reason: midgame, opening, emergency: false
[DEBUG] 19:13:44.347 [AiEngine] Using JS Search
[DEBUG] 19:13:44.347 [AiEngine] Adaptive time: 500ms, depth: 4, reason: midgame, opening, tactical, emergency: false
[DEBUG] 19:13:44.347 [AiEngine] Using JS Search
[DEBUG] 19:13:44.347 [AiEngine] Adaptive time: 500ms, depth: 4, reason: midgame, opening, emergency: false
[DEBUG] 19:13:44.347 [AiEngine] Using JS Search
[DEBUG] 19:13:44.347 [AiEngine] Adaptive time: 500ms, depth: 4, reason: midgame, opening, tactical, emergency: false
[DEBUG] 19:13:44.347 [AiEngine] Using JS Search
[DEBUG] 19:13:44.348 [AiEngine] Adaptive time: 500ms, depth: 4, reason: midgame, opening, emergency: false
[DEBUG] 19:13:44.348 [AiEngine] Using JS Search
[DEBUG] 19:13:44.348 [AiEngine] Adaptive time: 500ms, depth: 4, reason: midgame, opening, tactical, emergency: false
[DEBUG] 19:13:44.348 [AiEngine] Using JS Search
[DEBUG] 19:13:44.348 [AiEngine] Adaptive time: 500ms, depth: 4, reason: midgame, opening, emergency: false
[DEBUG] 19:13:44.348 [AiEngine] Using JS Search
[DEBUG] 19:13:44.348 [AiEngine] Adaptive time: 500ms, depth: 4, reason: midgame, opening, tactical, emergency: false
[DEBUG] 19:13:44.348 [AiEngine] Using JS Search
[DEBUG] 19:13:44.348 [AiEngine] Adaptive time: 500ms, depth: 4, reason: midgame, opening, emergency: false
[DEBUG] 19:13:44.348 [AiEngine] Using JS Search
[DEBUG] 19:13:44.348 [AiEngine] Adaptive time: 500ms, depth: 4, reason: midgame, opening, tactical, emergency: false
[DEBUG] 19:13:44.348 [AiEngine] Using JS Search
[DEBUG] 19:13:44.349 [AiEngine] Adaptive time: 500ms, depth: 4, reason: midgame, opening, emergency: false
[DEBUG] 19:13:44.349 [AiEngine] Using JS Search
[DEBUG] 19:13:44.349 [AiEngine] Adaptive time: 500ms, depth: 4, reason: midgame, opening, tactical, emergency: false
[DEBUG] 19:13:44.349 [AiEngine] Using JS Search
[DEBUG] 19:13:44.349 [AiEngine] Adaptive time: 500ms, depth: 4, reason: midgame, opening, emergency: false
[DEBUG] 19:13:44.349 [AiEngine] Using JS Search
[DEBUG] 19:13:44.349 [AiEngine] Adaptive time: 500ms, depth: 4, reason: midgame, opening, tactical, emergency: false
[DEBUG] 19:13:44.349 [AiEngine] Using JS Search
[DEBUG] 19:13:44.349 [AiEngine] Adaptive time: 500ms, depth: 4, reason: midgame, opening, emergency: false
[DEBUG] 19:13:44.349 [AiEngine] Using JS Search
[DEBUG] 19:13:44.350 [AiEngine] Adaptive time: 500ms, depth: 4, reason: midgame, opening, tactical, emergency: false
[DEBUG] 19:13:44.350 [AiEngine] Using JS Search
[DEBUG] 19:13:44.350 [AiEngine] Adaptive time: 500ms, depth: 4, reason: midgame, opening, emergency: false
[DEBUG] 19:13:44.350 [AiEngine] Using JS Search
[DEBUG] 19:13:44.350 [AiEngine] Adaptive time: 500ms, depth: 4, reason: midgame, opening, tactical, emergency: false
[DEBUG] 19:13:44.350 [AiEngine] Using JS Search
[DEBUG] 19:13:44.350 [AiEngine] Adaptive time: 500ms, depth: 4, reason: midgame, opening, emergency: false
[DEBUG] 19:13:44.350 [AiEngine] Using JS Search
[DEBUG] 19:13:44.350 [AiEngine] Adaptive time: 500ms, depth: 4, reason: midgame, opening, tactical, emergency: false
[DEBUG] 19:13:44.350 [AiEngine] Using JS Search
[DEBUG] 19:13:44.351 [AiEngine] Adaptive time: 3000ms, depth: 5, reason: midgame, emergency: false
[DEBUG] 19:13:44.351 [AiEngine] Using JS Search
[DEBUG] 19:13:44.351 [AiEngine] Adaptive time: 3000ms, depth: 5, reason: midgame, tactical, emergency: false
[DEBUG] 19:13:44.351 [AiEngine] Using JS Search
[DEBUG] 19:13:44.351 [AiEngine] Adaptive time: 3000ms, depth: 5, reason: midgame, emergency: false
[DEBUG] 19:13:44.351 [AiEngine] Using JS Search
[DEBUG] 19:13:44.351 [AiEngine] Adaptive time: 3000ms, depth: 5, reason: midgame, tactical, emergency: false
[DEBUG] 19:13:44.351 [AiEngine] Using JS Search
[DEBUG] 19:13:44.351 [AiEngine] Adaptive time: 3000ms, depth: 5, reason: midgame, emergency: false
[DEBUG] 19:13:44.351 [AiEngine] Using JS Search
[DEBUG] 19:13:44.351 [AiEngine] Adaptive time: 3000ms, depth: 5, reason: midgame, tactical, emergency: false
[DEBUG] 19:13:44.351 [AiEngine] Using JS Search
[DEBUG] 19:13:44.352 [AiEngine] Adaptive time: 3000ms, depth: 5, reason: midgame, emergency: false
[DEBUG] 19:13:44.352 [AiEngine] Using JS Search
[DEBUG] 19:13:44.352 [AiEngine] Adaptive time: 3000ms, depth: 5, reason: midgame, tactical, emergency: false
[DEBUG] 19:13:44.352 [AiEngine] Using JS Search
[DEBUG] 19:13:44.352 [AiEngine] Adaptive time: 3000ms, depth: 5, reason: midgame, emergency: false
[DEBUG] 19:13:44.352 [AiEngine] Using JS Search
[DEBUG] 19:13:44.352 [AiEngine] Adaptive time: 3000ms, depth: 5, reason: midgame, tactical, emergency: false
[DEBUG] 19:13:44.352 [AiEngine] Using JS Search
[DEBUG] 19:13:44.352 [AiEngine] Adaptive time: 3000ms, depth: 5, reason: midgame, emergency: false
[DEBUG] 19:13:44.352 [AiEngine] Using JS Search
[DEBUG] 19:13:44.353 [AiEngine] Adaptive time: 3000ms, depth: 5, reason: midgame, tactical, emergency: false
[DEBUG] 19:13:44.353 [AiEngine] Using JS Search
[DEBUG] 19:13:44.353 [AiEngine] Adaptive time: 3000ms, depth: 5, reason: midgame, emergency: false
[DEBUG] 19:13:44.353 [AiEngine] Using JS Search
[DEBUG] 19:13:44.353 [AiEngine] Adaptive time: 3000ms, depth: 5, reason: midgame, tactical, emergency: false
[DEBUG] 19:13:44.353 [AiEngine] Using JS Search
[DEBUG] 19:13:44.353 [AiEngine] Adaptive time: 3000ms, depth: 5, reason: midgame, emergency: false
[DEBUG] 19:13:44.353 [AiEngine] Using JS Search
[DEBUG] 19:13:44.353 [AiEngine] Adaptive time: 3000ms, depth: 5, reason: midgame, tactical, emergency: false
[DEBUG] 19:13:44.353 [AiEngine] Using JS Search
[DEBUG] 19:13:44.353 [AiEngine] Adaptive time: 3000ms, depth: 5, reason: midgame, emergency: false
[DEBUG] 19:13:44.353 [AiEngine] Using JS Search
[DEBUG] 19:13:44.354 [AiEngine] Adaptive time: 3000ms, depth: 5, reason: midgame, tactical, emergency: false
[DEBUG] 19:13:44.354 [AiEngine] Using JS Search
[DEBUG] 19:13:44.354 [AiEngine] Adaptive time: 3000ms, depth: 5, reason: midgame, emergency: false
[DEBUG] 19:13:44.354 [AiEngine] Using JS Search
[DEBUG] 19:13:44.354 [AiEngine] Adaptive time: 3000ms, depth: 5, reason: midgame, tactical, emergency: false
[DEBUG] 19:13:44.354 [AiEngine] Using JS Search
[DEBUG] 19:13:44.354 [AiEngine] Adaptive time: 3000ms, depth: 5, reason: midgame, emergency: false
[DEBUG] 19:13:44.354 [AiEngine] Using JS Search
[DEBUG] 19:13:44.354 [AiEngine] Adaptive time: 3000ms, depth: 5, reason: midgame, tactical, emergency: false
[DEBUG] 19:13:44.354 [AiEngine] Using JS Search
[DEBUG] 19:13:44.355 [AiEngine] Adaptive time: 3000ms, depth: 5, reason: midgame, emergency: false
[DEBUG] 19:13:44.355 [AiEngine] Using JS Search
[DEBUG] 19:13:44.355 [AiEngine] Adaptive time: 3000ms, depth: 5, reason: midgame, tactical, emergency: false
[DEBUG] 19:13:44.355 [AiEngine] Using JS Search
[DEBUG] 19:13:44.355 [AiEngine] Adaptive time: 3000ms, depth: 5, reason: midgame, emergency: false
[DEBUG] 19:13:44.355 [AiEngine] Using JS Search
[DEBUG] 19:13:44.355 [AiEngine] Adaptive time: 3000ms, depth: 5, reason: midgame, tactical, emergency: false
[DEBUG] 19:13:44.355 [AiEngine] Using JS Search
[DEBUG] 19:13:44.355 [AiEngine] Adaptive time: 3000ms, depth: 5, reason: midgame, emergency: false
[DEBUG] 19:13:44.355 [AiEngine] Using JS Search
[DEBUG] 19:13:44.355 [AiEngine] Adaptive time: 3000ms, depth: 5, reason: midgame, tactical, emergency: false
[DEBUG] 19:13:44.355 [AiEngine] Using JS Search
[DEBUG] 19:13:44.356 [AiEngine] Adaptive time: 3000ms, depth: 5, reason: midgame, emergency: false
[DEBUG] 19:13:44.356 [AiEngine] Using JS Search
[DEBUG] 19:13:44.356 [AiEngine] Adaptive time: 3000ms, depth: 5, reason: midgame, tactical, emergency: false
[DEBUG] 19:13:44.356 [AiEngine] Using JS Search
[DEBUG] 19:13:44.356 [AiEngine] Adaptive time: 3000ms, depth: 5, reason: midgame, emergency: false
[DEBUG] 19:13:44.356 [AiEngine] Using JS Search
[DEBUG] 19:13:44.356 [AiEngine] Adaptive time: 3000ms, depth: 5, reason: midgame, tactical, emergency: false
[DEBUG] 19:13:44.356 [AiEngine] Using JS Search
[DEBUG] 19:13:44.356 [AiEngine] Adaptive time: 3000ms, depth: 5, reason: midgame, emergency: false
[DEBUG] 19:13:44.356 [AiEngine] Using JS Search
[DEBUG] 19:13:44.357 [AiEngine] Adaptive time: 3000ms, depth: 5, reason: midgame, tactical, emergency: false
[DEBUG] 19:13:44.357 [AiEngine] Using JS Search
[DEBUG] 19:13:44.357 [AiEngine] Adaptive time: 3000ms, depth: 5, reason: midgame, emergency: false
[DEBUG] 19:13:44.357 [AiEngine] Using JS Search
[DEBUG] 19:13:44.357 [AiEngine] Adaptive time: 3000ms, depth: 5, reason: midgame, tactical, emergency: false
[DEBUG] 19:13:44.357 [AiEngine] Using JS Search
[DEBUG] 19:13:44.357 [AiEngine] Adaptive time: 3000ms, depth: 5, reason: midgame, emergency: false
[DEBUG] 19:13:44.357 [AiEngine] Using JS Search
[DEBUG] 19:13:44.357 [AiEngine] Adaptive time: 3000ms, depth: 5, reason: midgame, tactical, emergency: false
[DEBUG] 19:13:44.357 [AiEngine] Using JS Search
[DEBUG] 19:13:44.358 [AiEngine] Adaptive time: 3000ms, depth: 5, reason: midgame, emergency: false
[DEBUG] 19:13:44.358 [AiEngine] Using JS Search
[DEBUG] 19:13:44.358 [AiEngine] Adaptive time: 3000ms, depth: 5, reason: midgame, tactical, emergency: false
[DEBUG] 19:13:44.358 [AiEngine] Using JS Search
[DEBUG] 19:13:44.358 [AiEngine] Adaptive time: 3000ms, depth: 5, reason: midgame, emergency: false
[DEBUG] 19:13:44.358 [AiEngine] Using JS Search
[DEBUG] 19:13:44.358 [AiEngine] Adaptive time: 3000ms, depth: 5, reason: midgame, tactical, emergency: false
[DEBUG] 19:13:44.358 [AiEngine] Using JS Search
[DEBUG] 19:13:44.358 [AiEngine] Adaptive time: 3000ms, depth: 5, reason: midgame, emergency: false
[DEBUG] 19:13:44.358 [AiEngine] Using JS Search
[DEBUG] 19:13:44.359 [AiEngine] Adaptive time: 3000ms, depth: 5, reason: midgame, tactical, emergency: false
[DEBUG] 19:13:44.359 [AiEngine] Using JS Search
[DEBUG] 19:13:44.359 [AiEngine] Adaptive time: 3000ms, depth: 5, reason: midgame, emergency: false
[DEBUG] 19:13:44.359 [AiEngine] Using JS Search
[DEBUG] 19:13:44.359 [AiEngine] Adaptive time: 3000ms, depth: 5, reason: midgame, tactical, emergency: false
[DEBUG] 19:13:44.359 [AiEngine] Using JS Search
[DEBUG] 19:13:44.359 [AiEngine] Adaptive time: 3000ms, depth: 5, reason: midgame, emergency: false
[DEBUG] 19:13:44.359 [AiEngine] Using JS Search
[DEBUG] 19:13:44.359 [AiEngine] Adaptive time: 3000ms, depth: 5, reason: midgame, tactical, emergency: false
[DEBUG] 19:13:44.359 [AiEngine] Using JS Search
[DEBUG] 19:13:44.359 [AiEngine] Adaptive time: 3000ms, depth: 5, reason: midgame, emergency: false
[DEBUG] 19:13:44.359 [AiEngine] Using JS Search
[DEBUG] 19:13:44.360 [AiEngine] Adaptive time: 3000ms, depth: 5, reason: midgame, tactical, emergency: false
[DEBUG] 19:13:44.360 [AiEngine] Using JS Search
[DEBUG] 19:13:44.360 [AiEngine] Adaptive time: 3000ms, depth: 5, reason: midgame, emergency: false
[DEBUG] 19:13:44.360 [AiEngine] Using JS Search
[DEBUG] 19:13:44.360 [AiEngine] Adaptive time: 3000ms, depth: 5, reason: midgame, tactical, emergency: false
[DEBUG] 19:13:44.360 [AiEngine] Using JS Search
[DEBUG] 19:13:44.360 [AiEngine] Adaptive time: 3000ms, depth: 5, reason: midgame, emergency: false
[DEBUG] 19:13:44.360 [AiEngine] Using JS Search
[DEBUG] 19:13:44.360 [AiEngine] Adaptive time: 3000ms, depth: 5, reason: midgame, tactical, emergency: false
[DEBUG] 19:13:44.360 [AiEngine] Using JS Search
[DEBUG] 19:13:44.361 [AiEngine] Adaptive time: 3000ms, depth: 5, reason: midgame, emergency: false
[DEBUG] 19:13:44.361 [AiEngine] Using JS Search
[DEBUG] 19:13:44.361 [AiEngine] Adaptive time: 3000ms, depth: 5, reason: midgame, tactical, emergency: false
[DEBUG] 19:13:44.361 [AiEngine] Using JS Search
[DEBUG] 19:13:44.361 [AiEngine] Adaptive time: 3000ms, depth: 5, reason: midgame, emergency: false
[DEBUG] 19:13:44.361 [AiEngine] Using JS Search
[DEBUG] 19:13:44.361 [AiEngine] Adaptive time: 3000ms, depth: 5, reason: midgame, tactical, emergency: false
[DEBUG] 19:13:44.361 [AiEngine] Using JS Search
[DEBUG] 19:13:44.361 [AiEngine] Adaptive time: 3000ms, depth: 5, reason: midgame, emergency: false
[DEBUG] 19:13:44.361 [AiEngine] Using JS Search
[DEBUG] 19:13:44.362 [AiEngine] Adaptive time: 3000ms, depth: 5, reason: midgame, tactical, emergency: false
[DEBUG] 19:13:44.362 [AiEngine] Using JS Search
[DEBUG] 19:13:44.362 [AiEngine] Adaptive time: 500ms, depth: 4, reason: midgame, opening, emergency: false
[DEBUG] 19:13:44.362 [AiEngine] Using JS Search
[DEBUG] 19:13:44.362 [AiEngine] Adaptive time: 500ms, depth: 4, reason: midgame, opening, emergency: false
[DEBUG] 19:13:44.362 [AiEngine] Using JS Search
[DEBUG] 19:13:44.362 [AiEngine] Adaptive time: 500ms, depth: 4, reason: midgame, opening, emergency: false
[DEBUG] 19:13:44.362 [AiEngine] Using JS Search
[DEBUG] 19:13:44.362 [AiEngine] Adaptive time: 500ms, depth: 4, reason: midgame, opening, tactical, emergency: false
[DEBUG] 19:13:44.362 [AiEngine] Using JS Search
[DEBUG] 19:13:44.363 [AiEngine] Adaptive time: 500ms, depth: 4, reason: midgame, opening, emergency: false
[DEBUG] 19:13:44.363 [AiEngine] Using JS Search
[DEBUG] 19:13:44.363 [AiEngine] Adaptive time: 500ms, depth: 4, reason: midgame, opening, tactical, emergency: false
[DEBUG] 19:13:44.363 [AiEngine] Using JS Search
[DEBUG] 19:13:44.363 [AiEngine] Adaptive time: 500ms, depth: 4, reason: midgame, opening, emergency: false
[DEBUG] 19:13:44.363 [AiEngine] Using JS Search
[DEBUG] 19:13:44.363 [AiEngine] Adaptive time: 500ms, depth: 4, reason: midgame, opening, tactical, emergency: false
[DEBUG] 19:13:44.363 [AiEngine] Using JS Search
[DEBUG] 19:13:44.363 [AiEngine] Adaptive time: 500ms, depth: 4, reason: midgame, opening, emergency: false
[DEBUG] 19:13:44.363 [AiEngine] Using JS Search
[DEBUG] 19:13:44.364 [AiEngine] Adaptive time: 500ms, depth: 4, reason: midgame, opening, tactical, emergency: false
[DEBUG] 19:13:44.364 [AiEngine] Using JS Search
[DEBUG] 19:13:44.364 [AiEngine] Adaptive time: 500ms, depth: 4, reason: midgame, opening, emergency: false
[DEBUG] 19:13:44.364 [AiEngine] Using JS Search
[DEBUG] 19:13:44.364 [AiEngine] Adaptive time: 500ms, depth: 4, reason: midgame, opening, tactical, emergency: false
[DEBUG] 19:13:44.364 [AiEngine] Using JS Search
[DEBUG] 19:13:44.364 [AiEngine] Adaptive time: 500ms, depth: 4, reason: midgame, opening, emergency: false
[DEBUG] 19:13:44.364 [AiEngine] Using JS Search
[DEBUG] 19:13:44.364 [AiEngine] Adaptive time: 500ms, depth: 4, reason: midgame, opening, tactical, emergency: false
[DEBUG] 19:13:44.364 [AiEngine] Using JS Search
[DEBUG] 19:13:44.364 [AiEngine] Adaptive time: 500ms, depth: 4, reason: midgame, opening, emergency: false
[DEBUG] 19:13:44.364 [AiEngine] Using JS Search
[DEBUG] 19:13:44.365 [AiEngine] Adaptive time: 500ms, depth: 4, reason: midgame, opening, tactical, emergency: false
[DEBUG] 19:13:44.365 [AiEngine] Using JS Search
[DEBUG] 19:13:44.365 [AiEngine] Adaptive time: 500ms, depth: 4, reason: midgame, opening, emergency: false
[DEBUG] 19:13:44.365 [AiEngine] Using JS Search
[DEBUG] 19:13:44.365 [AiEngine] Adaptive time: 500ms, depth: 4, reason: midgame, opening, tactical, emergency: false
[DEBUG] 19:13:44.365 [AiEngine] Using JS Search
[DEBUG] 19:13:44.365 [AiEngine] Adaptive time: 500ms, depth: 4, reason: midgame, opening, emergency: false
[DEBUG] 19:13:44.365 [AiEngine] Using JS Search
[DEBUG] 19:13:44.365 [AiEngine] Adaptive time: 500ms, depth: 4, reason: midgame, opening, tactical, emergency: false
[DEBUG] 19:13:44.365 [AiEngine] Using JS Search
[DEBUG] 19:13:44.366 [AiEngine] Adaptive time: 500ms, depth: 4, reason: midgame, opening, emergency: false
[DEBUG] 19:13:44.366 [AiEngine] Using JS Search
[DEBUG] 19:13:44.366 [AiEngine] Adaptive time: 500ms, depth: 4, reason: midgame, opening, tactical, emergency: false
[DEBUG] 19:13:44.366 [AiEngine] Using JS Search
[DEBUG] 19:13:44.366 [AiEngine] Adaptive time: 500ms, depth: 4, reason: midgame, opening, emergency: false
[DEBUG] 19:13:44.366 [AiEngine] Using JS Search
[DEBUG] 19:13:44.366 [AiEngine] Adaptive time: 500ms, depth: 4, reason: midgame, opening, tactical, emergency: false
[DEBUG] 19:13:44.366 [AiEngine] Using JS Search
[DEBUG] 19:13:44.366 [AiEngine] Adaptive time: 500ms, depth: 4, reason: midgame, opening, emergency: false
[DEBUG] 19:13:44.366 [AiEngine] Using JS Search
[DEBUG] 19:13:44.367 [AiEngine] Adaptive time: 500ms, depth: 4, reason: midgame, opening, tactical, emergency: false
[DEBUG] 19:13:44.367 [AiEngine] Using JS Search
[DEBUG] 19:13:44.367 [AiEngine] Adaptive time: 500ms, depth: 4, reason: midgame, opening, emergency: false
[DEBUG] 19:13:44.367 [AiEngine] Using JS Search
[DEBUG] 19:13:44.367 [AiEngine] Adaptive time: 500ms, depth: 4, reason: midgame, opening, tactical, emergency: false
[DEBUG] 19:13:44.367 [AiEngine] Using JS Search
[DEBUG] 19:13:44.367 [AiEngine] Adaptive time: 500ms, depth: 4, reason: midgame, opening, emergency: false
[DEBUG] 19:13:44.367 [AiEngine] Using JS Search
[DEBUG] 19:13:44.367 [AiEngine] Adaptive time: 500ms, depth: 4, reason: midgame, opening, tactical, emergency: false
[DEBUG] 19:13:44.367 [AiEngine] Using JS Search
[DEBUG] 19:13:44.368 [AiEngine] Adaptive time: 500ms, depth: 4, reason: midgame, opening, emergency: false
[DEBUG] 19:13:44.368 [AiEngine] Using JS Search
[DEBUG] 19:13:44.368 [AiEngine] Adaptive time: 500ms, depth: 4, reason: midgame, opening, tactical, emergency: false
[DEBUG] 19:13:44.368 [AiEngine] Using JS Search
[DEBUG] 19:13:44.368 [AiEngine] Adaptive time: 500ms, depth: 4, reason: midgame, opening, emergency: false
[DEBUG] 19:13:44.368 [AiEngine] Using JS Search
[DEBUG] 19:13:44.368 [AiEngine] Adaptive time: 500ms, depth: 4, reason: midgame, opening, tactical, emergency: false
[DEBUG] 19:13:44.368 [AiEngine] Using JS Search
[DEBUG] 19:13:44.368 [AiEngine] Adaptive time: 500ms, depth: 4, reason: midgame, opening, emergency: false
[DEBUG] 19:13:44.368 [AiEngine] Using JS Search
[DEBUG] 19:13:44.369 [AiEngine] Adaptive time: 500ms, depth: 4, reason: midgame, opening, tactical, emergency: false
[DEBUG] 19:13:44.369 [AiEngine] Using JS Search
[DEBUG] 19:13:44.369 [AiEngine] Adaptive time: 500ms, depth: 4, reason: midgame, opening, emergency: false
[DEBUG] 19:13:44.369 [AiEngine] Using JS Search
[DEBUG] 19:13:44.369 [AiEngine] Adaptive time: 500ms, depth: 4, reason: midgame, opening, tactical, emergency: false
[DEBUG] 19:13:44.369 [AiEngine] Using JS Search
[DEBUG] 19:13:44.369 [AiEngine] Adaptive time: 500ms, depth: 4, reason: midgame, opening, emergency: false
[DEBUG] 19:13:44.369 [AiEngine] Using JS Search
[DEBUG] 19:13:44.369 [AiEngine] Adaptive time: 500ms, depth: 4, reason: midgame, opening, tactical, emergency: false
[DEBUG] 19:13:44.369 [AiEngine] Using JS Search
[DEBUG] 19:13:44.370 [AiEngine] Adaptive time: 3000ms, depth: 5, reason: midgame, emergency: false
[DEBUG] 19:13:44.370 [AiEngine] Using JS Search
[DEBUG] 19:13:44.370 [AiEngine] Adaptive time: 3000ms, depth: 5, reason: midgame, tactical, emergency: false
[DEBUG] 19:13:44.370 [AiEngine] Using JS Search
[DEBUG] 19:13:44.370 [AiEngine] Adaptive time: 3000ms, depth: 5, reason: midgame, emergency: false
[DEBUG] 19:13:44.370 [AiEngine] Using JS Search
[DEBUG] 19:13:44.370 [AiEngine] Adaptive time: 3000ms, depth: 5, reason: midgame, tactical, emergency: false
[DEBUG] 19:13:44.370 [AiEngine] Using JS Search
[DEBUG] 19:13:44.370 [AiEngine] Adaptive time: 3000ms, depth: 5, reason: midgame, emergency: false
[DEBUG] 19:13:44.370 [AiEngine] Using JS Search
[DEBUG] 19:13:44.370 [AiEngine] Adaptive time: 3000ms, depth: 5, reason: midgame, tactical, emergency: false
[DEBUG] 19:13:44.370 [AiEngine] Using JS Search
[DEBUG] 19:13:44.371 [AiEngine] Adaptive time: 3000ms, depth: 5, reason: midgame, emergency: false
[DEBUG] 19:13:44.371 [AiEngine] Using JS Search
[DEBUG] 19:13:44.371 [AiEngine] Adaptive time: 3000ms, depth: 5, reason: midgame, tactical, emergency: false
[DEBUG] 19:13:44.371 [AiEngine] Using JS Search
[DEBUG] 19:13:44.371 [AiEngine] Adaptive time: 3000ms, depth: 5, reason: midgame, emergency: false
[DEBUG] 19:13:44.371 [AiEngine] Using JS Search
[DEBUG] 19:13:44.371 [AiEngine] Adaptive time: 3000ms, depth: 5, reason: midgame, tactical, emergency: false
[DEBUG] 19:13:44.371 [AiEngine] Using JS Search
[DEBUG] 19:13:44.371 [AiEngine] Adaptive time: 3000ms, depth: 5, reason: midgame, emergency: false
[DEBUG] 19:13:44.371 [AiEngine] Using JS Search
[DEBUG] 19:13:44.372 [AiEngine] Adaptive time: 3000ms, depth: 5, reason: midgame, tactical, emergency: false
[DEBUG] 19:13:44.372 [AiEngine] Using JS Search
[DEBUG] 19:13:44.372 [AiEngine] Adaptive time: 3000ms, depth: 5, reason: midgame, emergency: false
[DEBUG] 19:13:44.372 [AiEngine] Using JS Search
[DEBUG] 19:13:44.372 [AiEngine] Adaptive time: 3000ms, depth: 5, reason: midgame, tactical, emergency: false
[DEBUG] 19:13:44.372 [AiEngine] Using JS Search
[DEBUG] 19:13:44.372 [AiEngine] Adaptive time: 3000ms, depth: 5, reason: midgame, emergency: false
[DEBUG] 19:13:44.372 [AiEngine] Using JS Search
[DEBUG] 19:13:44.372 [AiEngine] Adaptive time: 3000ms, depth: 5, reason: midgame, tactical, emergency: false
[DEBUG] 19:13:44.372 [AiEngine] Using JS Search
[DEBUG] 19:13:44.372 [AiEngine] Adaptive time: 3000ms, depth: 5, reason: midgame, emergency: false
[DEBUG] 19:13:44.372 [AiEngine] Using JS Search
[DEBUG] 19:13:44.373 [AiEngine] Adaptive time: 3000ms, depth: 5, reason: midgame, tactical, emergency: false
[DEBUG] 19:13:44.373 [AiEngine] Using JS Search
[DEBUG] 19:13:44.373 [AiEngine] Adaptive time: 3000ms, depth: 5, reason: midgame, emergency: false
[DEBUG] 19:13:44.373 [AiEngine] Using JS Search
[DEBUG] 19:13:44.373 [AiEngine] Adaptive time: 3000ms, depth: 5, reason: midgame, tactical, emergency: false
[DEBUG] 19:13:44.373 [AiEngine] Using JS Search
[DEBUG] 19:13:44.373 [AiEngine] Adaptive time: 3000ms, depth: 5, reason: midgame, emergency: false
[DEBUG] 19:13:44.373 [AiEngine] Using JS Search
[DEBUG] 19:13:44.373 [AiEngine] Adaptive time: 3000ms, depth: 5, reason: midgame, tactical, emergency: false
[DEBUG] 19:13:44.373 [AiEngine] Using JS Search
[DEBUG] 19:13:44.374 [AiEngine] Adaptive time: 3000ms, depth: 5, reason: midgame, emergency: false
[DEBUG] 19:13:44.374 [AiEngine] Using JS Search
[DEBUG] 19:13:44.374 [AiEngine] Adaptive time: 3000ms, depth: 5, reason: midgame, tactical, emergency: false
[DEBUG] 19:13:44.374 [AiEngine] Using JS Search
[DEBUG] 19:13:44.374 [AiEngine] Adaptive time: 3000ms, depth: 5, reason: midgame, emergency: false
[DEBUG] 19:13:44.374 [AiEngine] Using JS Search
[DEBUG] 19:13:44.374 [AiEngine] Adaptive time: 3000ms, depth: 5, reason: midgame, tactical, emergency: false
[DEBUG] 19:13:44.374 [AiEngine] Using JS Search
[DEBUG] 19:13:44.374 [AiEngine] Adaptive time: 3000ms, depth: 5, reason: midgame, emergency: false
[DEBUG] 19:13:44.374 [AiEngine] Using JS Search
[DEBUG] 19:13:44.374 [AiEngine] Adaptive time: 3000ms, depth: 5, reason: midgame, tactical, emergency: false
[DEBUG] 19:13:44.374 [AiEngine] Using JS Search
[DEBUG] 19:13:44.375 [AiEngine] Adaptive time: 3000ms, depth: 5, reason: midgame, emergency: false
[DEBUG] 19:13:44.375 [AiEngine] Using JS Search
[DEBUG] 19:13:44.375 [AiEngine] Adaptive time: 3000ms, depth: 5, reason: midgame, tactical, emergency: false
[DEBUG] 19:13:44.375 [AiEngine] Using JS Search
[DEBUG] 19:13:44.375 [AiEngine] Adaptive time: 3000ms, depth: 5, reason: midgame, emergency: false
[DEBUG] 19:13:44.375 [AiEngine] Using JS Search
[DEBUG] 19:13:44.375 [AiEngine] Adaptive time: 3000ms, depth: 5, reason: midgame, tactical, emergency: false
[DEBUG] 19:13:44.375 [AiEngine] Using JS Search
[DEBUG] 19:13:44.375 [AiEngine] Adaptive time: 3000ms, depth: 5, reason: midgame, emergency: false
[DEBUG] 19:13:44.375 [AiEngine] Using JS Search
[DEBUG] 19:13:44.376 [AiEngine] Adaptive time: 3000ms, depth: 5, reason: midgame, tactical, emergency: false
[DEBUG] 19:13:44.376 [AiEngine] Using JS Search
[DEBUG] 19:13:44.376 [AiEngine] Adaptive time: 3000ms, depth: 5, reason: midgame, emergency: false
[DEBUG] 19:13:44.376 [AiEngine] Using JS Search
[DEBUG] 19:13:44.376 [AiEngine] Adaptive time: 3000ms, depth: 5, reason: midgame, tactical, emergency: false
[DEBUG] 19:13:44.376 [AiEngine] Using JS Search
[DEBUG] 19:13:44.376 [AiEngine] Adaptive time: 3000ms, depth: 5, reason: midgame, emergency: false
[DEBUG] 19:13:44.376 [AiEngine] Using JS Search
[DEBUG] 19:13:44.376 [AiEngine] Adaptive time: 3000ms, depth: 5, reason: midgame, tactical, emergency: false
[DEBUG] 19:13:44.376 [AiEngine] Using JS Search
[DEBUG] 19:13:44.376 [AiEngine] Adaptive time: 3000ms, depth: 5, reason: midgame, emergency: false
[DEBUG] 19:13:44.376 [AiEngine] Using JS Search
[DEBUG] 19:13:44.377 [AiEngine] Adaptive time: 3000ms, depth: 5, reason: midgame, tactical, emergency: false
[DEBUG] 19:13:44.377 [AiEngine] Using JS Search
[DEBUG] 19:13:44.377 [AiEngine] Adaptive time: 3000ms, depth: 5, reason: midgame, emergency: false
[DEBUG] 19:13:44.377 [AiEngine] Using JS Search
[DEBUG] 19:13:44.377 [AiEngine] Adaptive time: 3000ms, depth: 5, reason: midgame, tactical, emergency: false
[DEBUG] 19:13:44.377 [AiEngine] Using JS Search
[DEBUG] 19:13:44.377 [AiEngine] Adaptive time: 3000ms, depth: 5, reason: midgame, emergency: false
[DEBUG] 19:13:44.377 [AiEngine] Using JS Search
[DEBUG] 19:13:44.377 [AiEngine] Adaptive time: 3000ms, depth: 5, reason: midgame, tactical, emergency: false
[DEBUG] 19:13:44.377 [AiEngine] Using JS Search
[DEBUG] 19:13:44.378 [AiEngine] Adaptive time: 3000ms, depth: 5, reason: midgame, emergency: false
[DEBUG] 19:13:44.378 [AiEngine] Using JS Search
[DEBUG] 19:13:44.378 [AiEngine] Adaptive time: 3000ms, depth: 5, reason: midgame, tactical, emergency: false
[DEBUG] 19:13:44.378 [AiEngine] Using JS Search
[DEBUG] 19:13:44.378 [AiEngine] Adaptive time: 3000ms, depth: 5, reason: midgame, emergency: false
[DEBUG] 19:13:44.378 [AiEngine] Using JS Search
[DEBUG] 19:13:44.378 [AiEngine] Adaptive time: 3000ms, depth: 5, reason: midgame, tactical, emergency: false
[DEBUG] 19:13:44.378 [AiEngine] Using JS Search
[DEBUG] 19:13:44.379 [AiEngine] Adaptive time: 3000ms, depth: 5, reason: midgame, emergency: false
[DEBUG] 19:13:44.379 [AiEngine] Using JS Search
[DEBUG] 19:13:44.379 [AiEngine] Adaptive time: 3000ms, depth: 5, reason: midgame, tactical, emergency: false
[DEBUG] 19:13:44.379 [AiEngine] Using JS Search
[DEBUG] 19:13:44.379 [AiEngine] Adaptive time: 3000ms, depth: 5, reason: midgame, emergency: false
[DEBUG] 19:13:44.379 [AiEngine] Using JS Search
[DEBUG] 19:13:44.379 [AiEngine] Adaptive time: 3000ms, depth: 5, reason: midgame, tactical, emergency: false
[DEBUG] 19:13:44.379 [AiEngine] Using JS Search
[DEBUG] 19:13:44.379 [AiEngine] Adaptive time: 3000ms, depth: 5, reason: midgame, emergency: false
[DEBUG] 19:13:44.379 [AiEngine] Using JS Search
[DEBUG] 19:13:44.379 [AiEngine] Adaptive time: 3000ms, depth: 5, reason: midgame, tactical, emergency: false
[DEBUG] 19:13:44.379 [AiEngine] Using JS Search
[DEBUG] 19:13:44.380 [AiEngine] Adaptive time: 3000ms, depth: 5, reason: midgame, emergency: false
[DEBUG] 19:13:44.380 [AiEngine] Using JS Search
[DEBUG] 19:13:44.380 [AiEngine] Adaptive time: 3000ms, depth: 5, reason: midgame, tactical, emergency: false
[DEBUG] 19:13:44.380 [AiEngine] Using JS Search
[DEBUG] 19:13:44.380 [AiEngine] Adaptive time: 3000ms, depth: 5, reason: midgame, emergency: false
[DEBUG] 19:13:44.380 [AiEngine] Using JS Search
[DEBUG] 19:13:44.380 [AiEngine] Adaptive time: 3000ms, depth: 5, reason: midgame, tactical, emergency: false
[DEBUG] 19:13:44.380 [AiEngine] Using JS Search
[DEBUG] 19:13:44.380 [AiEngine] Adaptive time: 3000ms, depth: 5, reason: midgame, emergency: false
[DEBUG] 19:13:44.380 [AiEngine] Using JS Search
[DEBUG] 19:13:44.381 [AiEngine] Adaptive time: 3000ms, depth: 5, reason: midgame, tactical, emergency: false
[DEBUG] 19:13:44.381 [AiEngine] Using JS Search
[DEBUG] 19:13:44.381 [AiEngine] Adaptive time: 500ms, depth: 4, reason: midgame, opening, emergency: false
[DEBUG] 19:13:44.381 [AiEngine] Using JS Search
[DEBUG] 19:13:44.381 [AiEngine] Adaptive time: 500ms, depth: 4, reason: midgame, opening, emergency: false
[DEBUG] 19:13:44.381 [AiEngine] Using JS Search
[DEBUG] 19:13:44.381 [AiEngine] Adaptive time: 500ms, depth: 4, reason: midgame, opening, emergency: false
[DEBUG] 19:13:44.381 [AiEngine] Using JS Search
[DEBUG] 19:13:44.381 [AiEngine] Adaptive time: 500ms, depth: 4, reason: midgame, opening, tactical, emergency: false
[DEBUG] 19:13:44.381 [AiEngine] Using JS Search
[DEBUG] 19:13:44.381 [AiEngine] Adaptive time: 500ms, depth: 4, reason: midgame, opening, emergency: false
[DEBUG] 19:13:44.381 [AiEngine] Using JS Search
[DEBUG] 19:13:44.382 [AiEngine] Adaptive time: 500ms, depth: 4, reason: midgame, opening, tactical, emergency: false
[DEBUG] 19:13:44.382 [AiEngine] Using JS Search
[DEBUG] 19:13:44.382 [AiEngine] Adaptive time: 500ms, depth: 4, reason: midgame, opening, emergency: false
[DEBUG] 19:13:44.382 [AiEngine] Using JS Search
[DEBUG] 19:13:44.382 [AiEngine] Adaptive time: 500ms, depth: 4, reason: midgame, opening, tactical, emergency: false
[DEBUG] 19:13:44.382 [AiEngine] Using JS Search
[DEBUG] 19:13:44.382 [AiEngine] Adaptive time: 500ms, depth: 4, reason: midgame, opening, emergency: false
[DEBUG] 19:13:44.382 [AiEngine] Using JS Search
[DEBUG] 19:13:44.382 [AiEngine] Adaptive time: 500ms, depth: 4, reason: midgame, opening, tactical, emergency: false
[DEBUG] 19:13:44.382 [AiEngine] Using JS Search
[DEBUG] 19:13:44.383 [AiEngine] Adaptive time: 500ms, depth: 4, reason: midgame, opening, emergency: false
[DEBUG] 19:13:44.383 [AiEngine] Using JS Search
[DEBUG] 19:13:44.383 [AiEngine] Adaptive time: 500ms, depth: 4, reason: midgame, opening, tactical, emergency: false
[DEBUG] 19:13:44.383 [AiEngine] Using JS Search
[DEBUG] 19:13:44.383 [AiEngine] Adaptive time: 500ms, depth: 4, reason: midgame, opening, emergency: false
[DEBUG] 19:13:44.383 [AiEngine] Using JS Search
[DEBUG] 19:13:44.383 [AiEngine] Adaptive time: 500ms, depth: 4, reason: midgame, opening, tactical, emergency: false
[DEBUG] 19:13:44.383 [AiEngine] Using JS Search
[DEBUG] 19:13:44.383 [AiEngine] Adaptive time: 500ms, depth: 4, reason: midgame, opening, emergency: false
[DEBUG] 19:13:44.383 [AiEngine] Using JS Search
[DEBUG] 19:13:44.384 [AiEngine] Adaptive time: 500ms, depth: 4, reason: midgame, opening, tactical, emergency: false
[DEBUG] 19:13:44.384 [AiEngine] Using JS Search
[DEBUG] 19:13:44.384 [AiEngine] Adaptive time: 500ms, depth: 4, reason: midgame, opening, emergency: false
[DEBUG] 19:13:44.384 [AiEngine] Using JS Search
[DEBUG] 19:13:44.384 [AiEngine] Adaptive time: 500ms, depth: 4, reason: midgame, opening, tactical, emergency: false
[DEBUG] 19:13:44.384 [AiEngine] Using JS Search
[DEBUG] 19:13:44.384 [AiEngine] Adaptive time: 500ms, depth: 4, reason: midgame, opening, emergency: false
[DEBUG] 19:13:44.384 [AiEngine] Using JS Search
[DEBUG] 19:13:44.384 [AiEngine] Adaptive time: 500ms, depth: 4, reason: midgame, opening, tactical, emergency: false
[DEBUG] 19:13:44.384 [AiEngine] Using JS Search
[DEBUG] 19:13:44.385 [AiEngine] Adaptive time: 500ms, depth: 4, reason: midgame, opening, emergency: false
[DEBUG] 19:13:44.385 [AiEngine] Using JS Search
[DEBUG] 19:13:44.385 [AiEngine] Adaptive time: 500ms, depth: 4, reason: midgame, opening, tactical, emergency: false
[DEBUG] 19:13:44.385 [AiEngine] Using JS Search
[DEBUG] 19:13:44.385 [AiEngine] Adaptive time: 500ms, depth: 4, reason: midgame, opening, emergency: false
[DEBUG] 19:13:44.385 [AiEngine] Using JS Search
[DEBUG] 19:13:44.385 [AiEngine] Adaptive time: 500ms, depth: 4, reason: midgame, opening, tactical, emergency: false
[DEBUG] 19:13:44.385 [AiEngine] Using JS Search
[DEBUG] 19:13:44.385 [AiEngine] Adaptive time: 500ms, depth: 4, reason: midgame, opening, emergency: false
[DEBUG] 19:13:44.385 [AiEngine] Using JS Search
[DEBUG] 19:13:44.386 [AiEngine] Adaptive time: 500ms, depth: 4, reason: midgame, opening, tactical, emergency: false
[DEBUG] 19:13:44.386 [AiEngine] Using JS Search
[DEBUG] 19:13:44.386 [AiEngine] Adaptive time: 500ms, depth: 4, reason: midgame, opening, emergency: false
[DEBUG] 19:13:44.386 [AiEngine] Using JS Search
[DEBUG] 19:13:44.386 [AiEngine] Adaptive time: 500ms, depth: 4, reason: midgame, opening, tactical, emergency: false
[DEBUG] 19:13:44.386 [AiEngine] Using JS Search
[DEBUG] 19:13:44.386 [AiEngine] Adaptive time: 500ms, depth: 4, reason: midgame, opening, emergency: false
[DEBUG] 19:13:44.386 [AiEngine] Using JS Search
[DEBUG] 19:13:44.386 [AiEngine] Adaptive time: 500ms, depth: 4, reason: midgame, opening, tactical, emergency: false
[DEBUG] 19:13:44.386 [AiEngine] Using JS Search
[DEBUG] 19:13:44.386 [AiEngine] Adaptive time: 500ms, depth: 4, reason: midgame, opening, emergency: false
[DEBUG] 19:13:44.386 [AiEngine] Using JS Search
[DEBUG] 19:13:44.387 [AiEngine] Adaptive time: 500ms, depth: 4, reason: midgame, opening, tactical, emergency: false
[DEBUG] 19:13:44.387 [AiEngine] Using JS Search
[DEBUG] 19:13:44.387 [AiEngine] Adaptive time: 500ms, depth: 4, reason: midgame, opening, emergency: false
[DEBUG] 19:13:44.387 [AiEngine] Using JS Search
[DEBUG] 19:13:44.387 [AiEngine] Adaptive time: 500ms, depth: 4, reason: midgame, opening, tactical, emergency: false
[DEBUG] 19:13:44.387 [AiEngine] Using JS Search
[DEBUG] 19:13:44.387 [AiEngine] Adaptive time: 500ms, depth: 4, reason: midgame, opening, emergency: false
[DEBUG] 19:13:44.387 [AiEngine] Using JS Search
[DEBUG] 19:13:44.387 [AiEngine] Adaptive time: 500ms, depth: 4, reason: midgame, opening, tactical, emergency: false
[DEBUG] 19:13:44.387 [AiEngine] Using JS Search
[DEBUG] 19:13:44.388 [AiEngine] Adaptive time: 500ms, depth: 4, reason: midgame, opening, emergency: false
[DEBUG] 19:13:44.388 [AiEngine] Using JS Search
[DEBUG] 19:13:44.388 [AiEngine] Adaptive time: 500ms, depth: 4, reason: midgame, opening, tactical, emergency: false
[DEBUG] 19:13:44.388 [AiEngine] Using JS Search
[DEBUG] 19:13:44.388 [AiEngine] Adaptive time: 500ms, depth: 4, reason: midgame, opening, emergency: false
[DEBUG] 19:13:44.388 [AiEngine] Using JS Search
[DEBUG] 19:13:44.388 [AiEngine] Adaptive time: 500ms, depth: 4, reason: midgame, opening, tactical, emergency: false
[DEBUG] 19:13:44.388 [AiEngine] Using JS Search
[DEBUG] 19:13:44.389 [AiEngine] Adaptive time: 3000ms, depth: 5, reason: midgame, emergency: false
[DEBUG] 19:13:44.389 [AiEngine] Using JS Search
[DEBUG] 19:13:44.389 [AiEngine] Adaptive time: 3000ms, depth: 5, reason: midgame, tactical, emergency: false
[DEBUG] 19:13:44.389 [AiEngine] Using JS Search
[DEBUG] 19:13:44.389 [AiEngine] Adaptive time: 3000ms, depth: 5, reason: midgame, emergency: false
[DEBUG] 19:13:44.389 [AiEngine] Using JS Search
[DEBUG] 19:13:44.389 [AiEngine] Adaptive time: 3000ms, depth: 5, reason: midgame, tactical, emergency: false
[DEBUG] 19:13:44.389 [AiEngine] Using JS Search
[DEBUG] 19:13:44.389 [AiEngine] Adaptive time: 3000ms, depth: 5, reason: midgame, emergency: false
[DEBUG] 19:13:44.389 [AiEngine] Using JS Search
[DEBUG] 19:13:44.389 [AiEngine] Adaptive time: 3000ms, depth: 5, reason: midgame, tactical, emergency: false
[DEBUG] 19:13:44.389 [AiEngine] Using JS Search
[DEBUG] 19:13:44.390 [AiEngine] Adaptive time: 3000ms, depth: 5, reason: midgame, emergency: false
[DEBUG] 19:13:44.390 [AiEngine] Using JS Search
[DEBUG] 19:13:44.390 [AiEngine] Adaptive time: 3000ms, depth: 5, reason: midgame, tactical, emergency: false
[DEBUG] 19:13:44.390 [AiEngine] Using JS Search
[DEBUG] 19:13:44.390 [AiEngine] Adaptive time: 3000ms, depth: 5, reason: midgame, emergency: false
[DEBUG] 19:13:44.390 [AiEngine] Using JS Search
[DEBUG] 19:13:44.390 [AiEngine] Adaptive time: 3000ms, depth: 5, reason: midgame, tactical, emergency: false
[DEBUG] 19:13:44.390 [AiEngine] Using JS Search
[DEBUG] 19:13:44.390 [AiEngine] Adaptive time: 3000ms, depth: 5, reason: midgame, emergency: false
[DEBUG] 19:13:44.390 [AiEngine] Using JS Search
[DEBUG] 19:13:44.391 [AiEngine] Adaptive time: 3000ms, depth: 5, reason: midgame, tactical, emergency: false
[DEBUG] 19:13:44.391 [AiEngine] Using JS Search
[DEBUG] 19:13:44.391 [AiEngine] Adaptive time: 3000ms, depth: 5, reason: midgame, emergency: false
[DEBUG] 19:13:44.391 [AiEngine] Using JS Search
[DEBUG] 19:13:44.391 [AiEngine] Adaptive time: 3000ms, depth: 5, reason: midgame, tactical, emergency: false
[DEBUG] 19:13:44.391 [AiEngine] Using JS Search
[DEBUG] 19:13:44.391 [AiEngine] Adaptive time: 3000ms, depth: 5, reason: midgame, emergency: false
[DEBUG] 19:13:44.391 [AiEngine] Using JS Search
[DEBUG] 19:13:44.391 [AiEngine] Adaptive time: 3000ms, depth: 5, reason: midgame, tactical, emergency: false
[DEBUG] 19:13:44.391 [AiEngine] Using JS Search
[DEBUG] 19:13:44.391 [AiEngine] Adaptive time: 3000ms, depth: 5, reason: midgame, emergency: false
[DEBUG] 19:13:44.391 [AiEngine] Using JS Search
[DEBUG] 19:13:44.392 [AiEngine] Adaptive time: 3000ms, depth: 5, reason: midgame, tactical, emergency: false
[DEBUG] 19:13:44.392 [AiEngine] Using JS Search
[DEBUG] 19:13:44.392 [AiEngine] Adaptive time: 3000ms, depth: 5, reason: midgame, emergency: false
[DEBUG] 19:13:44.392 [AiEngine] Using JS Search
[DEBUG] 19:13:44.392 [AiEngine] Adaptive time: 3000ms, depth: 5, reason: midgame, tactical, emergency: false
[DEBUG] 19:13:44.392 [AiEngine] Using JS Search
[DEBUG] 19:13:44.392 [AiEngine] Adaptive time: 3000ms, depth: 5, reason: midgame, emergency: false
[DEBUG] 19:13:44.392 [AiEngine] Using JS Search
[DEBUG] 19:13:44.392 [AiEngine] Adaptive time: 3000ms, depth: 5, reason: midgame, tactical, emergency: false
[DEBUG] 19:13:44.392 [AiEngine] Using JS Search
[DEBUG] 19:13:44.393 [AiEngine] Adaptive time: 3000ms, depth: 5, reason: midgame, emergency: false
[DEBUG] 19:13:44.393 [AiEngine] Using JS Search
[DEBUG] 19:13:44.393 [AiEngine] Adaptive time: 3000ms, depth: 5, reason: midgame, tactical, emergency: false
[DEBUG] 19:13:44.393 [AiEngine] Using JS Search
[DEBUG] 19:13:44.393 [AiEngine] Adaptive time: 3000ms, depth: 5, reason: midgame, emergency: false
[DEBUG] 19:13:44.393 [AiEngine] Using JS Search
[DEBUG] 19:13:44.393 [AiEngine] Adaptive time: 3000ms, depth: 5, reason: midgame, tactical, emergency: false
[DEBUG] 19:13:44.393 [AiEngine] Using JS Search
[DEBUG] 19:13:44.393 [AiEngine] Adaptive time: 3000ms, depth: 5, reason: midgame, emergency: false
[DEBUG] 19:13:44.393 [AiEngine] Using JS Search
[DEBUG] 19:13:44.393 [AiEngine] Adaptive time: 3000ms, depth: 5, reason: midgame, tactical, emergency: false
[DEBUG] 19:13:44.393 [AiEngine] Using JS Search
[DEBUG] 19:13:44.394 [AiEngine] Adaptive time: 3000ms, depth: 5, reason: midgame, emergency: false
[DEBUG] 19:13:44.394 [AiEngine] Using JS Search
[DEBUG] 19:13:44.394 [AiEngine] Adaptive time: 3000ms, depth: 5, reason: midgame, tactical, emergency: false
[DEBUG] 19:13:44.394 [AiEngine] Using JS Search
[DEBUG] 19:13:44.394 [AiEngine] Adaptive time: 3000ms, depth: 5, reason: midgame, emergency: false
[DEBUG] 19:13:44.394 [AiEngine] Using JS Search
[DEBUG] 19:13:44.394 [AiEngine] Adaptive time: 3000ms, depth: 5, reason: midgame, tactical, emergency: false
[DEBUG] 19:13:44.394 [AiEngine] Using JS Search
[DEBUG] 19:13:44.394 [AiEngine] Adaptive time: 3000ms, depth: 5, reason: midgame, emergency: false
[DEBUG] 19:13:44.394 [AiEngine] Using JS Search
[DEBUG] 19:13:44.395 [AiEngine] Adaptive time: 3000ms, depth: 5, reason: midgame, tactical, emergency: false
[DEBUG] 19:13:44.395 [AiEngine] Using JS Search
[DEBUG] 19:13:44.395 [AiEngine] Adaptive time: 3000ms, depth: 5, reason: midgame, emergency: false
[DEBUG] 19:13:44.395 [AiEngine] Using JS Search
[DEBUG] 19:13:44.395 [AiEngine] Adaptive time: 3000ms, depth: 5, reason: midgame, tactical, emergency: false
[DEBUG] 19:13:44.395 [AiEngine] Using JS Search
[DEBUG] 19:13:44.395 [AiEngine] Adaptive time: 3000ms, depth: 5, reason: midgame, emergency: false
[DEBUG] 19:13:44.395 [AiEngine] Using JS Search
[DEBUG] 19:13:44.395 [AiEngine] Adaptive time: 3000ms, depth: 5, reason: midgame, tactical, emergency: false
[DEBUG] 19:13:44.395 [AiEngine] Using JS Search
[DEBUG] 19:13:44.395 [AiEngine] Adaptive time: 3000ms, depth: 5, reason: midgame, emergency: false
[DEBUG] 19:13:44.395 [AiEngine] Using JS Search
[DEBUG] 19:13:44.396 [AiEngine] Adaptive time: 3000ms, depth: 5, reason: midgame, tactical, emergency: false
[DEBUG] 19:13:44.396 [AiEngine] Using JS Search
[DEBUG] 19:13:44.396 [AiEngine] Adaptive time: 3000ms, depth: 5, reason: midgame, emergency: false
[DEBUG] 19:13:44.396 [AiEngine] Using JS Search
[DEBUG] 19:13:44.396 [AiEngine] Adaptive time: 3000ms, depth: 5, reason: midgame, tactical, emergency: false
[DEBUG] 19:13:44.396 [AiEngine] Using JS Search
[DEBUG] 19:13:44.396 [AiEngine] Adaptive time: 3000ms, depth: 5, reason: midgame, emergency: false
[DEBUG] 19:13:44.396 [AiEngine] Using JS Search
[DEBUG] 19:13:44.396 [AiEngine] Adaptive time: 3000ms, depth: 5, reason: midgame, tactical, emergency: false
[DEBUG] 19:13:44.396 [AiEngine] Using JS Search
[DEBUG] 19:13:44.397 [AiEngine] Adaptive time: 3000ms, depth: 5, reason: midgame, emergency: false
[DEBUG] 19:13:44.397 [AiEngine] Using JS Search
[DEBUG] 19:13:44.397 [AiEngine] Adaptive time: 3000ms, depth: 5, reason: midgame, tactical, emergency: false
[DEBUG] 19:13:44.397 [AiEngine] Using JS Search
[DEBUG] 19:13:44.397 [AiEngine] Adaptive time: 3000ms, depth: 5, reason: midgame, emergency: false
[DEBUG] 19:13:44.397 [AiEngine] Using JS Search
[DEBUG] 19:13:44.397 [AiEngine] Adaptive time: 3000ms, depth: 5, reason: midgame, tactical, emergency: false
[DEBUG] 19:13:44.397 [AiEngine] Using JS Search
[DEBUG] 19:13:44.397 [AiEngine] Adaptive time: 3000ms, depth: 5, reason: midgame, emergency: false
[DEBUG] 19:13:44.397 [AiEngine] Using JS Search
[DEBUG] 19:13:44.397 [AiEngine] Adaptive time: 3000ms, depth: 5, reason: midgame, tactical, emergency: false
[DEBUG] 19:13:44.398 [AiEngine] Using JS Search
[DEBUG] 19:13:44.398 [AiEngine] Adaptive time: 3000ms, depth: 5, reason: midgame, emergency: false
[DEBUG] 19:13:44.398 [AiEngine] Using JS Search
[DEBUG] 19:13:44.398 [AiEngine] Adaptive time: 3000ms, depth: 5, reason: midgame, tactical, emergency: false
[DEBUG] 19:13:44.398 [AiEngine] Using JS Search
[DEBUG] 19:13:44.398 [AiEngine] Adaptive time: 3000ms, depth: 5, reason: midgame, emergency: false
[DEBUG] 19:13:44.398 [AiEngine] Using JS Search
[DEBUG] 19:13:44.398 [AiEngine] Adaptive time: 3000ms, depth: 5, reason: midgame, tactical, emergency: false
[DEBUG] 19:13:44.398 [AiEngine] Using JS Search
[DEBUG] 19:13:44.399 [AiEngine] Adaptive time: 3000ms, depth: 5, reason: midgame, emergency: false
[DEBUG] 19:13:44.399 [AiEngine] Using JS Search
[DEBUG] 19:13:44.399 [AiEngine] Adaptive time: 3000ms, depth: 5, reason: midgame, tactical, emergency: false
[DEBUG] 19:13:44.399 [AiEngine] Using JS Search
[DEBUG] 19:13:44.399 [AiEngine] Adaptive time: 3000ms, depth: 5, reason: midgame, emergency: false
[DEBUG] 19:13:44.399 [AiEngine] Using JS Search
[DEBUG] 19:13:44.399 [AiEngine] Adaptive time: 3000ms, depth: 5, reason: midgame, tactical, emergency: false
[DEBUG] 19:13:44.399 [AiEngine] Using JS Search
[DEBUG] 19:13:44.399 [AiEngine] Adaptive time: 3000ms, depth: 5, reason: midgame, emergency: false
[DEBUG] 19:13:44.399 [AiEngine] Using JS Search
[DEBUG] 19:13:44.400 [AiEngine] Adaptive time: 3000ms, depth: 5, reason: midgame, tactical, emergency: false
[DEBUG] 19:13:44.400 [AiEngine] Using JS Search
[DEBUG] 19:13:44.400 [AiEngine] Adaptive time: 500ms, depth: 4, reason: midgame, opening, emergency: false
[DEBUG] 19:13:44.400 [AiEngine] Using JS Search
[DEBUG] 19:13:44.400 [AiEngine] Adaptive time: 500ms, depth: 4, reason: midgame, opening, emergency: false
[DEBUG] 19:13:44.400 [AiEngine] Using JS Search
[DEBUG] 19:13:44.400 [AiEngine] Adaptive time: 500ms, depth: 4, reason: midgame, opening, emergency: false
[DEBUG] 19:13:44.400 [AiEngine] Using JS Search
[DEBUG] 19:13:44.400 [AiEngine] Adaptive time: 500ms, depth: 4, reason: midgame, opening, tactical, emergency: false
[DEBUG] 19:13:44.400 [AiEngine] Using JS Search
[DEBUG] 19:13:44.400 [AiEngine] Adaptive time: 500ms, depth: 4, reason: midgame, opening, emergency: false
[DEBUG] 19:13:44.400 [AiEngine] Using JS Search
[DEBUG] 19:13:44.401 [AiEngine] Adaptive time: 500ms, depth: 4, reason: midgame, opening, tactical, emergency: false
[DEBUG] 19:13:44.401 [AiEngine] Using JS Search
[DEBUG] 19:13:44.401 [AiEngine] Adaptive time: 500ms, depth: 4, reason: midgame, opening, emergency: false
[DEBUG] 19:13:44.401 [AiEngine] Using JS Search
[DEBUG] 19:13:44.401 [AiEngine] Adaptive time: 500ms, depth: 4, reason: midgame, opening, tactical, emergency: false
[DEBUG] 19:13:44.401 [AiEngine] Using JS Search
[DEBUG] 19:13:44.401 [AiEngine] Adaptive time: 500ms, depth: 4, reason: midgame, opening, emergency: false
[DEBUG] 19:13:44.401 [AiEngine] Using JS Search
[DEBUG] 19:13:44.401 [AiEngine] Adaptive time: 500ms, depth: 4, reason: midgame, opening, tactical, emergency: false
[DEBUG] 19:13:44.401 [AiEngine] Using JS Search
[DEBUG] 19:13:44.402 [AiEngine] Adaptive time: 500ms, depth: 4, reason: midgame, opening, emergency: false
[DEBUG] 19:13:44.402 [AiEngine] Using JS Search
[DEBUG] 19:13:44.402 [AiEngine] Adaptive time: 500ms, depth: 4, reason: midgame, opening, tactical, emergency: false
[DEBUG] 19:13:44.402 [AiEngine] Using JS Search
[DEBUG] 19:13:44.402 [AiEngine] Adaptive time: 500ms, depth: 4, reason: midgame, opening, emergency: false
[DEBUG] 19:13:44.402 [AiEngine] Using JS Search
[DEBUG] 19:13:44.402 [AiEngine] Adaptive time: 500ms, depth: 4, reason: midgame, opening, tactical, emergency: false
[DEBUG] 19:13:44.402 [AiEngine] Using JS Search
[DEBUG] 19:13:44.402 [AiEngine] Adaptive time: 500ms, depth: 4, reason: midgame, opening, emergency: false
[DEBUG] 19:13:44.402 [AiEngine] Using JS Search
[DEBUG] 19:13:44.402 [AiEngine] Adaptive time: 500ms, depth: 4, reason: midgame, opening, tactical, emergency: false
[DEBUG] 19:13:44.403 [AiEngine] Using JS Search
[DEBUG] 19:13:44.403 [AiEngine] Adaptive time: 500ms, depth: 4, reason: midgame, opening, emergency: false
[DEBUG] 19:13:44.403 [AiEngine] Using JS Search
[DEBUG] 19:13:44.403 [AiEngine] Adaptive time: 500ms, depth: 4, reason: midgame, opening, tactical, emergency: false
[DEBUG] 19:13:44.403 [AiEngine] Using JS Search
[DEBUG] 19:13:44.403 [AiEngine] Adaptive time: 500ms, depth: 4, reason: midgame, opening, emergency: false
[DEBUG] 19:13:44.403 [AiEngine] Using JS Search
[DEBUG] 19:13:44.403 [AiEngine] Adaptive time: 500ms, depth: 4, reason: midgame, opening, tactical, emergency: false
[DEBUG] 19:13:44.403 [AiEngine] Using JS Search
[DEBUG] 19:13:44.403 [AiEngine] Adaptive time: 500ms, depth: 4, reason: midgame, opening, emergency: false
[DEBUG] 19:13:44.404 [AiEngine] Using JS Search
[DEBUG] 19:13:44.404 [AiEngine] Adaptive time: 500ms, depth: 4, reason: midgame, opening, tactical, emergency: false
[DEBUG] 19:13:44.404 [AiEngine] Using JS Search
[DEBUG] 19:13:44.404 [AiEngine] Adaptive time: 500ms, depth: 4, reason: midgame, opening, emergency: false
[DEBUG] 19:13:44.404 [AiEngine] Using JS Search
[DEBUG] 19:13:44.404 [AiEngine] Adaptive time: 500ms, depth: 4, reason: midgame, opening, tactical, emergency: false
[DEBUG] 19:13:44.404 [AiEngine] Using JS Search
[DEBUG] 19:13:44.404 [AiEngine] Adaptive time: 500ms, depth: 4, reason: midgame, opening, emergency: false
[DEBUG] 19:13:44.404 [AiEngine] Using JS Search
[DEBUG] 19:13:44.404 [AiEngine] Adaptive time: 500ms, depth: 4, reason: midgame, opening, tactical, emergency: false
[DEBUG] 19:13:44.404 [AiEngine] Using JS Search
[DEBUG] 19:13:44.405 [AiEngine] Adaptive time: 500ms, depth: 4, reason: midgame, opening, emergency: false
[DEBUG] 19:13:44.405 [AiEngine] Using JS Search
[DEBUG] 19:13:44.405 [AiEngine] Adaptive time: 500ms, depth: 4, reason: midgame, opening, tactical, emergency: false
[DEBUG] 19:13:44.405 [AiEngine] Using JS Search
[DEBUG] 19:13:44.405 [AiEngine] Adaptive time: 500ms, depth: 4, reason: midgame, opening, emergency: false
[DEBUG] 19:13:44.405 [AiEngine] Using JS Search
[DEBUG] 19:13:44.405 [AiEngine] Adaptive time: 500ms, depth: 4, reason: midgame, opening, tactical, emergency: false
[DEBUG] 19:13:44.405 [AiEngine] Using JS Search
[DEBUG] 19:13:44.405 [AiEngine] Adaptive time: 500ms, depth: 4, reason: midgame, opening, emergency: false
[DEBUG] 19:13:44.405 [AiEngine] Using JS Search
[DEBUG] 19:13:44.406 [AiEngine] Adaptive time: 500ms, depth: 4, reason: midgame, opening, tactical, emergency: false
[DEBUG] 19:13:44.406 [AiEngine] Using JS Search
[DEBUG] 19:13:44.406 [AiEngine] Adaptive time: 500ms, depth: 4, reason: midgame, opening, emergency: false
[DEBUG] 19:13:44.406 [AiEngine] Using JS Search
[DEBUG] 19:13:44.406 [AiEngine] Adaptive time: 500ms, depth: 4, reason: midgame, opening, tactical, emergency: false
[DEBUG] 19:13:44.406 [AiEngine] Using JS Search
[DEBUG] 19:13:44.406 [AiEngine] Adaptive time: 500ms, depth: 4, reason: midgame, opening, emergency: false
[DEBUG] 19:13:44.406 [AiEngine] Using JS Search
[DEBUG] 19:13:44.406 [AiEngine] Adaptive time: 500ms, depth: 4, reason: midgame, opening, tactical, emergency: false
[DEBUG] 19:13:44.406 [AiEngine] Using JS Search
[DEBUG] 19:13:44.407 [AiEngine] Adaptive time: 500ms, depth: 4, reason: midgame, opening, emergency: false
[DEBUG] 19:13:44.407 [AiEngine] Using JS Search
[DEBUG] 19:13:44.407 [AiEngine] Adaptive time: 500ms, depth: 4, reason: midgame, opening, tactical, emergency: false
[DEBUG] 19:13:44.407 [AiEngine] Using JS Search
[DEBUG] 19:13:44.407 [AiEngine] Adaptive time: 500ms, depth: 4, reason: midgame, opening, emergency: false
[DEBUG] 19:13:44.407 [AiEngine] Using JS Search
[DEBUG] 19:13:44.407 [AiEngine] Adaptive time: 500ms, depth: 4, reason: midgame, opening, tactical, emergency: false
[DEBUG] 19:13:44.407 [AiEngine] Using JS Search
[DEBUG] 19:13:44.407 [AiEngine] Adaptive time: 3000ms, depth: 5, reason: midgame, emergency: false
[DEBUG] 19:13:44.407 [AiEngine] Using JS Search
[DEBUG] 19:13:44.408 [AiEngine] Adaptive time: 3000ms, depth: 5, reason: midgame, tactical, emergency: false
[DEBUG] 19:13:44.408 [AiEngine] Using JS Search
[DEBUG] 19:13:44.408 [AiEngine] Adaptive time: 3000ms, depth: 5, reason: midgame, emergency: false
[DEBUG] 19:13:44.408 [AiEngine] Using JS Search
[DEBUG] 19:13:44.408 [AiEngine] Adaptive time: 3000ms, depth: 5, reason: midgame, tactical, emergency: false
[DEBUG] 19:13:44.408 [AiEngine] Using JS Search
[DEBUG] 19:13:44.408 [AiEngine] Adaptive time: 3000ms, depth: 5, reason: midgame, emergency: false
[DEBUG] 19:13:44.408 [AiEngine] Using JS Search
[DEBUG] 19:13:44.408 [AiEngine] Adaptive time: 3000ms, depth: 5, reason: midgame, tactical, emergency: false
[DEBUG] 19:13:44.408 [AiEngine] Using JS Search
[DEBUG] 19:13:44.409 [AiEngine] Adaptive time: 3000ms, depth: 5, reason: midgame, emergency: false
[DEBUG] 19:13:44.409 [AiEngine] Using JS Search
[DEBUG] 19:13:44.409 [AiEngine] Adaptive time: 3000ms, depth: 5, reason: midgame, tactical, emergency: false
[DEBUG] 19:13:44.409 [AiEngine] Using JS Search
[DEBUG] 19:13:44.409 [AiEngine] Adaptive time: 3000ms, depth: 5, reason: midgame, emergency: false
[DEBUG] 19:13:44.409 [AiEngine] Using JS Search
[DEBUG] 19:13:44.409 [AiEngine] Adaptive time: 3000ms, depth: 5, reason: midgame, tactical, emergency: false
[DEBUG] 19:13:44.409 [AiEngine] Using JS Search
[DEBUG] 19:13:44.409 [AiEngine] Adaptive time: 3000ms, depth: 5, reason: midgame, emergency: false
[DEBUG] 19:13:44.409 [AiEngine] Using JS Search
[DEBUG] 19:13:44.410 [AiEngine] Adaptive time: 3000ms, depth: 5, reason: midgame, tactical, emergency: false
[DEBUG] 19:13:44.410 [AiEngine] Using JS Search
[DEBUG] 19:13:44.410 [AiEngine] Adaptive time: 3000ms, depth: 5, reason: midgame, emergency: false
[DEBUG] 19:13:44.410 [AiEngine] Using JS Search
[DEBUG] 19:13:44.410 [AiEngine] Adaptive time: 3000ms, depth: 5, reason: midgame, tactical, emergency: false
[DEBUG] 19:13:44.410 [AiEngine] Using JS Search
[DEBUG] 19:13:44.410 [AiEngine] Adaptive time: 3000ms, depth: 5, reason: midgame, emergency: false
[DEBUG] 19:13:44.410 [AiEngine] Using JS Search
[DEBUG] 19:13:44.410 [AiEngine] Adaptive time: 3000ms, depth: 5, reason: midgame, tactical, emergency: false
[DEBUG] 19:13:44.410 [AiEngine] Using JS Search
[DEBUG] 19:13:44.411 [AiEngine] Adaptive time: 3000ms, depth: 5, reason: midgame, emergency: false
[DEBUG] 19:13:44.411 [AiEngine] Using JS Search
[DEBUG] 19:13:44.411 [AiEngine] Adaptive time: 3000ms, depth: 5, reason: midgame, tactical, emergency: false
[DEBUG] 19:13:44.411 [AiEngine] Using JS Search
[DEBUG] 19:13:44.411 [AiEngine] Adaptive time: 3000ms, depth: 5, reason: midgame, emergency: false
[DEBUG] 19:13:44.411 [AiEngine] Using JS Search
[DEBUG] 19:13:44.411 [AiEngine] Adaptive time: 3000ms, depth: 5, reason: midgame, tactical, emergency: false
[DEBUG] 19:13:44.411 [AiEngine] Using JS Search
[DEBUG] 19:13:44.411 [AiEngine] Adaptive time: 3000ms, depth: 5, reason: midgame, emergency: false
[DEBUG] 19:13:44.411 [AiEngine] Using JS Search
[DEBUG] 19:13:44.411 [AiEngine] Adaptive time: 3000ms, depth: 5, reason: midgame, tactical, emergency: false
[DEBUG] 19:13:44.411 [AiEngine] Using JS Search
[DEBUG] 19:13:44.412 [AiEngine] Adaptive time: 3000ms, depth: 5, reason: midgame, emergency: false
[DEBUG] 19:13:44.412 [AiEngine] Using JS Search
[DEBUG] 19:13:44.412 [AiEngine] Adaptive time: 3000ms, depth: 5, reason: midgame, tactical, emergency: false
[DEBUG] 19:13:44.412 [AiEngine] Using JS Search
[DEBUG] 19:13:44.412 [AiEngine] Adaptive time: 3000ms, depth: 5, reason: midgame, emergency: false
[DEBUG] 19:13:44.412 [AiEngine] Using JS Search
[DEBUG] 19:13:44.412 [AiEngine] Adaptive time: 3000ms, depth: 5, reason: midgame, tactical, emergency: false
[DEBUG] 19:13:44.412 [AiEngine] Using JS Search
[DEBUG] 19:13:44.412 [AiEngine] Adaptive time: 3000ms, depth: 5, reason: midgame, emergency: false
[DEBUG] 19:13:44.412 [AiEngine] Using JS Search
[DEBUG] 19:13:44.413 [AiEngine] Adaptive time: 3000ms, depth: 5, reason: midgame, tactical, emergency: false
[DEBUG] 19:13:44.413 [AiEngine] Using JS Search
[DEBUG] 19:13:44.413 [AiEngine] Adaptive time: 3000ms, depth: 5, reason: midgame, emergency: false
[DEBUG] 19:13:44.413 [AiEngine] Using JS Search
[DEBUG] 19:13:44.413 [AiEngine] Adaptive time: 3000ms, depth: 5, reason: midgame, tactical, emergency: false
[DEBUG] 19:13:44.413 [AiEngine] Using JS Search
[DEBUG] 19:13:44.413 [AiEngine] Adaptive time: 3000ms, depth: 5, reason: midgame, emergency: false
[DEBUG] 19:13:44.413 [AiEngine] Using JS Search
[DEBUG] 19:13:44.413 [AiEngine] Adaptive time: 3000ms, depth: 5, reason: midgame, tactical, emergency: false
[DEBUG] 19:13:44.413 [AiEngine] Using JS Search
[DEBUG] 19:13:44.413 [AiEngine] Adaptive time: 3000ms, depth: 5, reason: midgame, emergency: false
[DEBUG] 19:13:44.413 [AiEngine] Using JS Search
[DEBUG] 19:13:44.414 [AiEngine] Adaptive time: 3000ms, depth: 5, reason: midgame, tactical, emergency: false
[DEBUG] 19:13:44.414 [AiEngine] Using JS Search
[DEBUG] 19:13:44.414 [AiEngine] Adaptive time: 3000ms, depth: 5, reason: midgame, emergency: false
[DEBUG] 19:13:44.414 [AiEngine] Using JS Search
[DEBUG] 19:13:44.414 [AiEngine] Adaptive time: 3000ms, depth: 5, reason: midgame, tactical, emergency: false
[DEBUG] 19:13:44.414 [AiEngine] Using JS Search
[DEBUG] 19:13:44.414 [AiEngine] Adaptive time: 3000ms, depth: 5, reason: midgame, emergency: false
[DEBUG] 19:13:44.414 [AiEngine] Using JS Search
[DEBUG] 19:13:44.414 [AiEngine] Adaptive time: 3000ms, depth: 5, reason: midgame, tactical, emergency: false
[DEBUG] 19:13:44.414 [AiEngine] Using JS Search
[DEBUG] 19:13:44.414 [AiEngine] Adaptive time: 3000ms, depth: 5, reason: midgame, emergency: false
[DEBUG] 19:13:44.415 [AiEngine] Using JS Search
[DEBUG] 19:13:44.415 [AiEngine] Adaptive time: 3000ms, depth: 5, reason: midgame, tactical, emergency: false
[DEBUG] 19:13:44.415 [AiEngine] Using JS Search
[DEBUG] 19:13:44.415 [AiEngine] Adaptive time: 3000ms, depth: 5, reason: midgame, emergency: false
[DEBUG] 19:13:44.415 [AiEngine] Using JS Search
[DEBUG] 19:13:44.415 [AiEngine] Adaptive time: 3000ms, depth: 5, reason: midgame, tactical, emergency: false
[DEBUG] 19:13:44.415 [AiEngine] Using JS Search
[DEBUG] 19:13:44.415 [AiEngine] Adaptive time: 3000ms, depth: 5, reason: midgame, emergency: false
[DEBUG] 19:13:44.415 [AiEngine] Using JS Search
[DEBUG] 19:13:44.415 [AiEngine] Adaptive time: 3000ms, depth: 5, reason: midgame, tactical, emergency: false
[DEBUG] 19:13:44.415 [AiEngine] Using JS Search
[DEBUG] 19:13:44.416 [AiEngine] Adaptive time: 3000ms, depth: 5, reason: midgame, emergency: false
[DEBUG] 19:13:44.416 [AiEngine] Using JS Search
[DEBUG] 19:13:44.416 [AiEngine] Adaptive time: 3000ms, depth: 5, reason: midgame, tactical, emergency: false
[DEBUG] 19:13:44.416 [AiEngine] Using JS Search
[DEBUG] 19:13:44.416 [AiEngine] Adaptive time: 3000ms, depth: 5, reason: midgame, emergency: false
[DEBUG] 19:13:44.416 [AiEngine] Using JS Search
[DEBUG] 19:13:44.416 [AiEngine] Adaptive time: 3000ms, depth: 5, reason: midgame, tactical, emergency: false
[DEBUG] 19:13:44.416 [AiEngine] Using JS Search
[DEBUG] 19:13:44.416 [AiEngine] Adaptive time: 3000ms, depth: 5, reason: midgame, emergency: false
[DEBUG] 19:13:44.416 [AiEngine] Using JS Search
[DEBUG] 19:13:44.417 [AiEngine] Adaptive time: 3000ms, depth: 5, reason: midgame, tactical, emergency: false
[DEBUG] 19:13:44.417 [AiEngine] Using JS Search
[DEBUG] 19:13:44.417 [AiEngine] Adaptive time: 3000ms, depth: 5, reason: midgame, emergency: false
[DEBUG] 19:13:44.417 [AiEngine] Using JS Search
[DEBUG] 19:13:44.417 [AiEngine] Adaptive time: 3000ms, depth: 5, reason: midgame, tactical, emergency: false
[DEBUG] 19:13:44.417 [AiEngine] Using JS Search
[DEBUG] 19:13:44.417 [AiEngine] Adaptive time: 3000ms, depth: 5, reason: midgame, emergency: false
[DEBUG] 19:13:44.417 [AiEngine] Using JS Search
[DEBUG] 19:13:44.417 [AiEngine] Adaptive time: 3000ms, depth: 5, reason: midgame, tactical, emergency: false
[DEBUG] 19:13:44.417 [AiEngine] Using JS Search
[DEBUG] 19:13:44.417 [AiEngine] Adaptive time: 3000ms, depth: 5, reason: midgame, emergency: false
[DEBUG] 19:13:44.417 [AiEngine] Using JS Search
[DEBUG] 19:13:44.418 [AiEngine] Adaptive time: 3000ms, depth: 5, reason: midgame, tactical, emergency: false
[DEBUG] 19:13:44.418 [AiEngine] Using JS Search
[DEBUG] 19:13:44.418 [AiEngine] Adaptive time: 3000ms, depth: 5, reason: midgame, emergency: false
[DEBUG] 19:13:44.418 [AiEngine] Using JS Search
[DEBUG] 19:13:44.418 [AiEngine] Adaptive time: 3000ms, depth: 5, reason: midgame, tactical, emergency: false
[DEBUG] 19:13:44.418 [AiEngine] Using JS Search
[DEBUG] 19:13:44.418 [AiEngine] Adaptive time: 3000ms, depth: 5, reason: midgame, emergency: false
[DEBUG] 19:13:44.418 [AiEngine] Using JS Search
[DEBUG] 19:13:44.419 [AiEngine] Adaptive time: 3000ms, depth: 5, reason: midgame, tactical, emergency: false
[DEBUG] 19:13:44.419 [AiEngine] Using JS Search
[DEBUG] 19:13:44.419 [AiEngine] Adaptive time: 500ms, depth: 4, reason: midgame, opening, emergency: false
[DEBUG] 19:13:44.419 [AiEngine] Using JS Search
[DEBUG] 19:13:44.419 [AiEngine] Adaptive time: 500ms, depth: 4, reason: midgame, opening, emergency: false
[DEBUG] 19:13:44.419 [AiEngine] Using JS Search
[DEBUG] 19:13:44.419 [AiEngine] Adaptive time: 500ms, depth: 4, reason: midgame, opening, emergency: false
[DEBUG] 19:13:44.419 [AiEngine] Using JS Search
[DEBUG] 19:13:44.419 [AiEngine] Adaptive time: 500ms, depth: 4, reason: midgame, opening, tactical, emergency: false
[DEBUG] 19:13:44.419 [AiEngine] Using JS Search
[DEBUG] 19:13:44.420 [AiEngine] Adaptive time: 500ms, depth: 4, reason: midgame, opening, emergency: false
[DEBUG] 19:13:44.420 [AiEngine] Using JS Search
[DEBUG] 19:13:44.420 [AiEngine] Adaptive time: 500ms, depth: 4, reason: midgame, opening, tactical, emergency: false
[DEBUG] 19:13:44.420 [AiEngine] Using JS Search
[DEBUG] 19:13:44.420 [AiEngine] Adaptive time: 500ms, depth: 4, reason: midgame, opening, emergency: false
[DEBUG] 19:13:44.420 [AiEngine] Using JS Search
[DEBUG] 19:13:44.420 [AiEngine] Adaptive time: 500ms, depth: 4, reason: midgame, opening, tactical, emergency: false
[DEBUG] 19:13:44.420 [AiEngine] Using JS Search
[DEBUG] 19:13:44.420 [AiEngine] Adaptive time: 500ms, depth: 4, reason: midgame, opening, emergency: false
[DEBUG] 19:13:44.420 [AiEngine] Using JS Search
[DEBUG] 19:13:44.420 [AiEngine] Adaptive time: 500ms, depth: 4, reason: midgame, opening, tactical, emergency: false
[DEBUG] 19:13:44.420 [AiEngine] Using JS Search
[DEBUG] 19:13:44.421 [AiEngine] Adaptive time: 500ms, depth: 4, reason: midgame, opening, emergency: false
[DEBUG] 19:13:44.421 [AiEngine] Using JS Search
[DEBUG] 19:13:44.421 [AiEngine] Adaptive time: 500ms, depth: 4, reason: midgame, opening, tactical, emergency: false
[DEBUG] 19:13:44.421 [AiEngine] Using JS Search
[DEBUG] 19:13:44.421 [AiEngine] Adaptive time: 500ms, depth: 4, reason: midgame, opening, emergency: false
[DEBUG] 19:13:44.421 [AiEngine] Using JS Search
[DEBUG] 19:13:44.421 [AiEngine] Adaptive time: 500ms, depth: 4, reason: midgame, opening, tactical, emergency: false
[DEBUG] 19:13:44.421 [AiEngine] Using JS Search
[DEBUG] 19:13:44.421 [AiEngine] Adaptive time: 500ms, depth: 4, reason: midgame, opening, emergency: false
[DEBUG] 19:13:44.421 [AiEngine] Using JS Search
[DEBUG] 19:13:44.422 [AiEngine] Adaptive time: 500ms, depth: 4, reason: midgame, opening, tactical, emergency: false
[DEBUG] 19:13:44.422 [AiEngine] Using JS Search
[DEBUG] 19:13:44.422 [AiEngine] Adaptive time: 500ms, depth: 4, reason: midgame, opening, emergency: false
[DEBUG] 19:13:44.422 [AiEngine] Using JS Search
[DEBUG] 19:13:44.422 [AiEngine] Adaptive time: 500ms, depth: 4, reason: midgame, opening, tactical, emergency: false
[DEBUG] 19:13:44.422 [AiEngine] Using JS Search
[DEBUG] 19:13:44.422 [AiEngine] Adaptive time: 500ms, depth: 4, reason: midgame, opening, emergency: false
[DEBUG] 19:13:44.422 [AiEngine] Using JS Search
[DEBUG] 19:13:44.422 [AiEngine] Adaptive time: 500ms, depth: 4, reason: midgame, opening, tactical, emergency: false
[DEBUG] 19:13:44.422 [AiEngine] Using JS Search
[DEBUG] 19:13:44.422 [AiEngine] Adaptive time: 500ms, depth: 4, reason: midgame, opening, emergency: false
[DEBUG] 19:13:44.422 [AiEngine] Using JS Search
[DEBUG] 19:13:44.423 [AiEngine] Adaptive time: 500ms, depth: 4, reason: midgame, opening, tactical, emergency: false
[DEBUG] 19:13:44.423 [AiEngine] Using JS Search
[DEBUG] 19:13:44.423 [AiEngine] Adaptive time: 500ms, depth: 4, reason: midgame, opening, emergency: false
[DEBUG] 19:13:44.423 [AiEngine] Using JS Search
[DEBUG] 19:13:44.423 [AiEngine] Adaptive time: 500ms, depth: 4, reason: midgame, opening, tactical, emergency: false
[DEBUG] 19:13:44.423 [AiEngine] Using JS Search
[DEBUG] 19:13:44.423 [AiEngine] Adaptive time: 500ms, depth: 4, reason: midgame, opening, emergency: false
[DEBUG] 19:13:44.423 [AiEngine] Using JS Search
[DEBUG] 19:13:44.423 [AiEngine] Adaptive time: 500ms, depth: 4, reason: midgame, opening, tactical, emergency: false
[DEBUG] 19:13:44.423 [AiEngine] Using JS Search
[DEBUG] 19:13:44.424 [AiEngine] Adaptive time: 500ms, depth: 4, reason: midgame, opening, emergency: false
[DEBUG] 19:13:44.424 [AiEngine] Using JS Search
[DEBUG] 19:13:44.424 [AiEngine] Adaptive time: 500ms, depth: 4, reason: midgame, opening, tactical, emergency: false
[DEBUG] 19:13:44.424 [AiEngine] Using JS Search
[DEBUG] 19:13:44.424 [AiEngine] Adaptive time: 500ms, depth: 4, reason: midgame, opening, emergency: false
[DEBUG] 19:13:44.424 [AiEngine] Using JS Search
[DEBUG] 19:13:44.424 [AiEngine] Adaptive time: 500ms, depth: 4, reason: midgame, opening, tactical, emergency: false
[DEBUG] 19:13:44.424 [AiEngine] Using JS Search
[DEBUG] 19:13:44.424 [AiEngine] Adaptive time: 500ms, depth: 4, reason: midgame, opening, emergency: false
[DEBUG] 19:13:44.424 [AiEngine] Using JS Search
[DEBUG] 19:13:44.425 [AiEngine] Adaptive time: 500ms, depth: 4, reason: midgame, opening, tactical, emergency: false
[DEBUG] 19:13:44.425 [AiEngine] Using JS Search
[DEBUG] 19:13:44.425 [AiEngine] Adaptive time: 500ms, depth: 4, reason: midgame, opening, emergency: false
[DEBUG] 19:13:44.425 [AiEngine] Using JS Search
[DEBUG] 19:13:44.425 [AiEngine] Adaptive time: 500ms, depth: 4, reason: midgame, opening, tactical, emergency: false
[DEBUG] 19:13:44.425 [AiEngine] Using JS Search
[DEBUG] 19:13:44.425 [AiEngine] Adaptive time: 500ms, depth: 4, reason: midgame, opening, emergency: false
[DEBUG] 19:13:44.425 [AiEngine] Using JS Search
[DEBUG] 19:13:44.425 [AiEngine] Adaptive time: 500ms, depth: 4, reason: midgame, opening, tactical, emergency: false
[DEBUG] 19:13:44.425 [AiEngine] Using JS Search
[DEBUG] 19:13:44.426 [AiEngine] Adaptive time: 500ms, depth: 4, reason: midgame, opening, emergency: false
[DEBUG] 19:13:44.426 [AiEngine] Using JS Search
[DEBUG] 19:13:44.426 [AiEngine] Adaptive time: 500ms, depth: 4, reason: midgame, opening, tactical, emergency: false
[DEBUG] 19:13:44.426 [AiEngine] Using JS Search
[DEBUG] 19:13:44.426 [AiEngine] Adaptive time: 500ms, depth: 4, reason: midgame, opening, emergency: false
[DEBUG] 19:13:44.426 [AiEngine] Using JS Search
[DEBUG] 19:13:44.426 [AiEngine] Adaptive time: 500ms, depth: 4, reason: midgame, opening, tactical, emergency: false
[DEBUG] 19:13:44.426 [AiEngine] Using JS Search
[DEBUG] 19:13:44.426 [AiEngine] Adaptive time: 3000ms, depth: 5, reason: midgame, emergency: false
[DEBUG] 19:13:44.426 [AiEngine] Using JS Search
[DEBUG] 19:13:44.427 [AiEngine] Adaptive time: 3000ms, depth: 5, reason: midgame, tactical, emergency: false
[DEBUG] 19:13:44.427 [AiEngine] Using JS Search
[DEBUG] 19:13:44.427 [AiEngine] Adaptive time: 3000ms, depth: 5, reason: midgame, emergency: false
[DEBUG] 19:13:44.427 [AiEngine] Using JS Search
[DEBUG] 19:13:44.427 [AiEngine] Adaptive time: 3000ms, depth: 5, reason: midgame, tactical, emergency: false
[DEBUG] 19:13:44.427 [AiEngine] Using JS Search
[DEBUG] 19:13:44.427 [AiEngine] Adaptive time: 3000ms, depth: 5, reason: midgame, emergency: false
[DEBUG] 19:13:44.427 [AiEngine] Using JS Search
[DEBUG] 19:13:44.427 [AiEngine] Adaptive time: 3000ms, depth: 5, reason: midgame, tactical, emergency: false
[DEBUG] 19:13:44.427 [AiEngine] Using JS Search
[DEBUG] 19:13:44.428 [AiEngine] Adaptive time: 3000ms, depth: 5, reason: midgame, emergency: false
[DEBUG] 19:13:44.428 [AiEngine] Using JS Search
[DEBUG] 19:13:44.428 [AiEngine] Adaptive time: 3000ms, depth: 5, reason: midgame, tactical, emergency: false
[DEBUG] 19:13:44.428 [AiEngine] Using JS Search
[DEBUG] 19:13:44.428 [AiEngine] Adaptive time: 3000ms, depth: 5, reason: midgame, emergency: false
[DEBUG] 19:13:44.428 [AiEngine] Using JS Search
[DEBUG] 19:13:44.428 [AiEngine] Adaptive time: 3000ms, depth: 5, reason: midgame, tactical, emergency: false
[DEBUG] 19:13:44.428 [AiEngine] Using JS Search
[DEBUG] 19:13:44.428 [AiEngine] Adaptive time: 3000ms, depth: 5, reason: midgame, emergency: false
[DEBUG] 19:13:44.428 [AiEngine] Using JS Search
[DEBUG] 19:13:44.428 [AiEngine] Adaptive time: 3000ms, depth: 5, reason: midgame, tactical, emergency: false
[DEBUG] 19:13:44.428 [AiEngine] Using JS Search
[DEBUG] 19:13:44.429 [AiEngine] Adaptive time: 3000ms, depth: 5, reason: midgame, emergency: false
[DEBUG] 19:13:44.429 [AiEngine] Using JS Search
[DEBUG] 19:13:44.429 [AiEngine] Adaptive time: 3000ms, depth: 5, reason: midgame, tactical, emergency: false
[DEBUG] 19:13:44.429 [AiEngine] Using JS Search
[DEBUG] 19:13:44.429 [AiEngine] Adaptive time: 3000ms, depth: 5, reason: midgame, emergency: false
[DEBUG] 19:13:44.429 [AiEngine] Using JS Search
[DEBUG] 19:13:44.429 [AiEngine] Adaptive time: 3000ms, depth: 5, reason: midgame, tactical, emergency: false
[DEBUG] 19:13:44.429 [AiEngine] Using JS Search
[DEBUG] 19:13:44.430 [AiEngine] Adaptive time: 3000ms, depth: 5, reason: midgame, emergency: false
[DEBUG] 19:13:44.430 [AiEngine] Using JS Search
[DEBUG] 19:13:44.430 [AiEngine] Adaptive time: 3000ms, depth: 5, reason: midgame, tactical, emergency: false
[DEBUG] 19:13:44.430 [AiEngine] Using JS Search
[DEBUG] 19:13:44.430 [AiEngine] Adaptive time: 3000ms, depth: 5, reason: midgame, emergency: false
[DEBUG] 19:13:44.430 [AiEngine] Using JS Search
[DEBUG] 19:13:44.430 [AiEngine] Adaptive time: 3000ms, depth: 5, reason: midgame, tactical, emergency: false
[DEBUG] 19:13:44.430 [AiEngine] Using JS Search
[DEBUG] 19:13:44.430 [AiEngine] Adaptive time: 3000ms, depth: 5, reason: midgame, emergency: false
[DEBUG] 19:13:44.430 [AiEngine] Using JS Search
[DEBUG] 19:13:44.431 [AiEngine] Adaptive time: 3000ms, depth: 5, reason: midgame, tactical, emergency: false
[DEBUG] 19:13:44.431 [AiEngine] Using JS Search
[DEBUG] 19:13:44.431 [AiEngine] Adaptive time: 3000ms, depth: 5, reason: midgame, emergency: false
[DEBUG] 19:13:44.431 [AiEngine] Using JS Search
[DEBUG] 19:13:44.431 [AiEngine] Adaptive time: 3000ms, depth: 5, reason: midgame, tactical, emergency: false
[DEBUG] 19:13:44.431 [AiEngine] Using JS Search
[DEBUG] 19:13:44.431 [AiEngine] Adaptive time: 3000ms, depth: 5, reason: midgame, emergency: false
[DEBUG] 19:13:44.431 [AiEngine] Using JS Search
[DEBUG] 19:13:44.431 [AiEngine] Adaptive time: 3000ms, depth: 5, reason: midgame, tactical, emergency: false
[DEBUG] 19:13:44.431 [AiEngine] Using JS Search
[DEBUG] 19:13:44.431 [AiEngine] Adaptive time: 3000ms, depth: 5, reason: midgame, emergency: false
[DEBUG] 19:13:44.431 [AiEngine] Using JS Search
[DEBUG] 19:13:44.432 [AiEngine] Adaptive time: 3000ms, depth: 5, reason: midgame, tactical, emergency: false
[DEBUG] 19:13:44.432 [AiEngine] Using JS Search
[DEBUG] 19:13:44.432 [AiEngine] Adaptive time: 3000ms, depth: 5, reason: midgame, emergency: false
[DEBUG] 19:13:44.432 [AiEngine] Using JS Search
[DEBUG] 19:13:44.432 [AiEngine] Adaptive time: 3000ms, depth: 5, reason: midgame, tactical, emergency: false
[DEBUG] 19:13:44.432 [AiEngine] Using JS Search
[DEBUG] 19:13:44.432 [AiEngine] Adaptive time: 3000ms, depth: 5, reason: midgame, emergency: false
[DEBUG] 19:13:44.432 [AiEngine] Using JS Search
[DEBUG] 19:13:44.432 [AiEngine] Adaptive time: 3000ms, depth: 5, reason: midgame, tactical, emergency: false
[DEBUG] 19:13:44.432 [AiEngine] Using JS Search
[DEBUG] 19:13:44.433 [AiEngine] Adaptive time: 3000ms, depth: 5, reason: midgame, emergency: false
[DEBUG] 19:13:44.433 [AiEngine] Using JS Search
[DEBUG] 19:13:44.433 [AiEngine] Adaptive time: 3000ms, depth: 5, reason: midgame, tactical, emergency: false
[DEBUG] 19:13:44.433 [AiEngine] Using JS Search
[DEBUG] 19:13:44.433 [AiEngine] Adaptive time: 3000ms, depth: 5, reason: midgame, emergency: false
[DEBUG] 19:13:44.433 [AiEngine] Using JS Search
[DEBUG] 19:13:44.433 [AiEngine] Adaptive time: 3000ms, depth: 5, reason: midgame, tactical, emergency: false
[DEBUG] 19:13:44.433 [AiEngine] Using JS Search
[DEBUG] 19:13:44.433 [AiEngine] Adaptive time: 3000ms, depth: 5, reason: midgame, emergency: false
[DEBUG] 19:13:44.433 [AiEngine] Using JS Search
[DEBUG] 19:13:44.433 [AiEngine] Adaptive time: 3000ms, depth: 5, reason: midgame, tactical, emergency: false
[DEBUG] 19:13:44.433 [AiEngine] Using JS Search
[DEBUG] 19:13:44.434 [AiEngine] Adaptive time: 3000ms, depth: 5, reason: midgame, emergency: false
[DEBUG] 19:13:44.434 [AiEngine] Using JS Search
[DEBUG] 19:13:44.434 [AiEngine] Adaptive time: 3000ms, depth: 5, reason: midgame, tactical, emergency: false
[DEBUG] 19:13:44.434 [AiEngine] Using JS Search
[DEBUG] 19:13:44.434 [AiEngine] Adaptive time: 3000ms, depth: 5, reason: midgame, emergency: false
[DEBUG] 19:13:44.434 [AiEngine] Using JS Search
[DEBUG] 19:13:44.434 [AiEngine] Adaptive time: 3000ms, depth: 5, reason: midgame, tactical, emergency: false
[DEBUG] 19:13:44.434 [AiEngine] Using JS Search
[DEBUG] 19:13:44.434 [AiEngine] Adaptive time: 3000ms, depth: 5, reason: midgame, emergency: false
[DEBUG] 19:13:44.434 [AiEngine] Using JS Search
[DEBUG] 19:13:44.435 [AiEngine] Adaptive time: 3000ms, depth: 5, reason: midgame, tactical, emergency: false
[DEBUG] 19:13:44.435 [AiEngine] Using JS Search
[DEBUG] 19:13:44.435 [AiEngine] Adaptive time: 3000ms, depth: 5, reason: midgame, emergency: false
[DEBUG] 19:13:44.435 [AiEngine] Using JS Search
[DEBUG] 19:13:44.435 [AiEngine] Adaptive time: 3000ms, depth: 5, reason: midgame, tactical, emergency: false
[DEBUG] 19:13:44.435 [AiEngine] Using JS Search
[DEBUG] 19:13:44.435 [AiEngine] Adaptive time: 3000ms, depth: 5, reason: midgame, emergency: false
[DEBUG] 19:13:44.435 [AiEngine] Using JS Search
[DEBUG] 19:13:44.435 [AiEngine] Adaptive time: 3000ms, depth: 5, reason: midgame, tactical, emergency: false
[DEBUG] 19:13:44.435 [AiEngine] Using JS Search
[DEBUG] 19:13:44.435 [AiEngine] Adaptive time: 3000ms, depth: 5, reason: midgame, emergency: false
[DEBUG] 19:13:44.435 [AiEngine] Using JS Search
[DEBUG] 19:13:44.436 [AiEngine] Adaptive time: 3000ms, depth: 5, reason: midgame, tactical, emergency: false
[DEBUG] 19:13:44.436 [AiEngine] Using JS Search
[DEBUG] 19:13:44.436 [AiEngine] Adaptive time: 3000ms, depth: 5, reason: midgame, emergency: false
[DEBUG] 19:13:44.436 [AiEngine] Using JS Search
[DEBUG] 19:13:44.436 [AiEngine] Adaptive time: 3000ms, depth: 5, reason: midgame, tactical, emergency: false
[DEBUG] 19:13:44.436 [AiEngine] Using JS Search
[DEBUG] 19:13:44.436 [AiEngine] Adaptive time: 3000ms, depth: 5, reason: midgame, emergency: false
[DEBUG] 19:13:44.436 [AiEngine] Using JS Search
[DEBUG] 19:13:44.436 [AiEngine] Adaptive time: 3000ms, depth: 5, reason: midgame, tactical, emergency: false
[DEBUG] 19:13:44.436 [AiEngine] Using JS Search
[DEBUG] 19:13:44.437 [AiEngine] Adaptive time: 3000ms, depth: 5, reason: midgame, emergency: false
[DEBUG] 19:13:44.437 [AiEngine] Using JS Search
[DEBUG] 19:13:44.437 [AiEngine] Adaptive time: 3000ms, depth: 5, reason: midgame, tactical, emergency: false
[DEBUG] 19:13:44.437 [AiEngine] Using JS Search
[DEBUG] 19:13:44.437 [AiEngine] Adaptive time: 3000ms, depth: 5, reason: midgame, emergency: false
[DEBUG] 19:13:44.437 [AiEngine] Using JS Search
[DEBUG] 19:13:44.437 [AiEngine] Adaptive time: 3000ms, depth: 5, reason: midgame, tactical, emergency: false
[DEBUG] 19:13:44.437 [AiEngine] Using JS Search
[DEBUG] 19:13:44.437 [AiEngine] Adaptive time: 3000ms, depth: 5, reason: midgame, emergency: false
[DEBUG] 19:13:44.437 [AiEngine] Using JS Search
[DEBUG] 19:13:44.437 [AiEngine] Adaptive time: 3000ms, depth: 5, reason: midgame, tactical, emergency: false
[DEBUG] 19:13:44.437 [AiEngine] Using JS Search
[DEBUG] 19:13:44.438 [AiEngine] Adaptive time: 500ms, depth: 4, reason: midgame, opening, emergency: false
[DEBUG] 19:13:44.438 [AiEngine] Using JS Search
[DEBUG] 19:13:44.438 [AiEngine] Adaptive time: 500ms, depth: 4, reason: midgame, opening, emergency: false
[DEBUG] 19:13:44.438 [AiEngine] Using JS Search
[DEBUG] 19:13:44.438 [AiEngine] Adaptive time: 500ms, depth: 4, reason: midgame, opening, emergency: false
[DEBUG] 19:13:44.438 [AiEngine] Using JS Search
[DEBUG] 19:13:44.438 [AiEngine] Adaptive time: 500ms, depth: 4, reason: midgame, opening, tactical, emergency: false
[DEBUG] 19:13:44.438 [AiEngine] Using JS Search
[DEBUG] 19:13:44.438 [AiEngine] Adaptive time: 500ms, depth: 4, reason: midgame, opening, emergency: false
[DEBUG] 19:13:44.438 [AiEngine] Using JS Search
[DEBUG] 19:13:44.439 [AiEngine] Adaptive time: 500ms, depth: 4, reason: midgame, opening, tactical, emergency: false
[DEBUG] 19:13:44.439 [AiEngine] Using JS Search
[DEBUG] 19:13:44.439 [AiEngine] Adaptive time: 500ms, depth: 4, reason: midgame, opening, emergency: false
[DEBUG] 19:13:44.439 [AiEngine] Using JS Search
[DEBUG] 19:13:44.439 [AiEngine] Adaptive time: 500ms, depth: 4, reason: midgame, opening, tactical, emergency: false
[DEBUG] 19:13:44.439 [AiEngine] Using JS Search
[DEBUG] 19:13:44.439 [AiEngine] Adaptive time: 500ms, depth: 4, reason: midgame, opening, emergency: false
[DEBUG] 19:13:44.439 [AiEngine] Using JS Search
[DEBUG] 19:13:44.439 [AiEngine] Adaptive time: 500ms, depth: 4, reason: midgame, opening, tactical, emergency: false
[DEBUG] 19:13:44.440 [AiEngine] Using JS Search
[DEBUG] 19:13:44.440 [AiEngine] Adaptive time: 500ms, depth: 4, reason: midgame, opening, emergency: false
[DEBUG] 19:13:44.440 [AiEngine] Using JS Search
[DEBUG] 19:13:44.440 [AiEngine] Adaptive time: 500ms, depth: 4, reason: midgame, opening, tactical, emergency: false
[DEBUG] 19:13:44.440 [AiEngine] Using JS Search
[DEBUG] 19:13:44.440 [AiEngine] Adaptive time: 500ms, depth: 4, reason: midgame, opening, emergency: false
[DEBUG] 19:13:44.440 [AiEngine] Using JS Search
[DEBUG] 19:13:44.440 [AiEngine] Adaptive time: 500ms, depth: 4, reason: midgame, opening, tactical, emergency: false
[DEBUG] 19:13:44.440 [AiEngine] Using JS Search
[DEBUG] 19:13:44.440 [AiEngine] Adaptive time: 500ms, depth: 4, reason: midgame, opening, emergency: false
[DEBUG] 19:13:44.440 [AiEngine] Using JS Search
[DEBUG] 19:13:44.441 [AiEngine] Adaptive time: 500ms, depth: 4, reason: midgame, opening, tactical, emergency: false
[DEBUG] 19:13:44.441 [AiEngine] Using JS Search
[DEBUG] 19:13:44.441 [AiEngine] Adaptive time: 500ms, depth: 4, reason: midgame, opening, emergency: false
[DEBUG] 19:13:44.441 [AiEngine] Using JS Search
[DEBUG] 19:13:44.441 [AiEngine] Adaptive time: 500ms, depth: 4, reason: midgame, opening, tactical, emergency: false
[DEBUG] 19:13:44.441 [AiEngine] Using JS Search
[DEBUG] 19:13:44.441 [AiEngine] Adaptive time: 500ms, depth: 4, reason: midgame, opening, emergency: false
[DEBUG] 19:13:44.441 [AiEngine] Using JS Search
[DEBUG] 19:13:44.441 [AiEngine] Adaptive time: 500ms, depth: 4, reason: midgame, opening, tactical, emergency: false
[DEBUG] 19:13:44.441 [AiEngine] Using JS Search
[DEBUG] 19:13:44.442 [AiEngine] Adaptive time: 500ms, depth: 4, reason: midgame, opening, emergency: false
[DEBUG] 19:13:44.442 [AiEngine] Using JS Search
[DEBUG] 19:13:44.442 [AiEngine] Adaptive time: 500ms, depth: 4, reason: midgame, opening, tactical, emergency: false
[DEBUG] 19:13:44.442 [AiEngine] Using JS Search
[DEBUG] 19:13:44.442 [AiEngine] Adaptive time: 500ms, depth: 4, reason: midgame, opening, emergency: false
[DEBUG] 19:13:44.442 [AiEngine] Using JS Search
[DEBUG] 19:13:44.442 [AiEngine] Adaptive time: 500ms, depth: 4, reason: midgame, opening, tactical, emergency: false
[DEBUG] 19:13:44.442 [AiEngine] Using JS Search
[DEBUG] 19:13:44.442 [AiEngine] Adaptive time: 500ms, depth: 4, reason: midgame, opening, emergency: false
[DEBUG] 19:13:44.442 [AiEngine] Using JS Search
[DEBUG] 19:13:44.442 [AiEngine] Adaptive time: 500ms, depth: 4, reason: midgame, opening, tactical, emergency: false
[DEBUG] 19:13:44.442 [AiEngine] Using JS Search
[DEBUG] 19:13:44.443 [AiEngine] Adaptive time: 500ms, depth: 4, reason: midgame, opening, emergency: false
[DEBUG] 19:13:44.443 [AiEngine] Using JS Search
[DEBUG] 19:13:44.443 [AiEngine] Adaptive time: 500ms, depth: 4, reason: midgame, opening, tactical, emergency: false
[DEBUG] 19:13:44.443 [AiEngine] Using JS Search
[DEBUG] 19:13:44.443 [AiEngine] Adaptive time: 500ms, depth: 4, reason: midgame, opening, emergency: false
[DEBUG] 19:13:44.443 [AiEngine] Using JS Search
[DEBUG] 19:13:44.443 [AiEngine] Adaptive time: 500ms, depth: 4, reason: midgame, opening, tactical, emergency: false
[DEBUG] 19:13:44.443 [AiEngine] Using JS Search
[DEBUG] 19:13:44.443 [AiEngine] Adaptive time: 500ms, depth: 4, reason: midgame, opening, emergency: false
[DEBUG] 19:13:44.443 [AiEngine] Using JS Search
[DEBUG] 19:13:44.444 [AiEngine] Adaptive time: 500ms, depth: 4, reason: midgame, opening, tactical, emergency: false
[DEBUG] 19:13:44.444 [AiEngine] Using JS Search
[DEBUG] 19:13:44.444 [AiEngine] Adaptive time: 500ms, depth: 4, reason: midgame, opening, emergency: false
[DEBUG] 19:13:44.444 [AiEngine] Using JS Search
[DEBUG] 19:13:44.444 [AiEngine] Adaptive time: 500ms, depth: 4, reason: midgame, opening, tactical, emergency: false
[DEBUG] 19:13:44.444 [AiEngine] Using JS Search
[DEBUG] 19:13:44.444 [AiEngine] Adaptive time: 500ms, depth: 4, reason: midgame, opening, emergency: false
[DEBUG] 19:13:44.444 [AiEngine] Using JS Search
[DEBUG] 19:13:44.444 [AiEngine] Adaptive time: 500ms, depth: 4, reason: midgame, opening, tactical, emergency: false
[DEBUG] 19:13:44.444 [AiEngine] Using JS Search
[DEBUG] 19:13:44.444 [AiEngine] Adaptive time: 500ms, depth: 4, reason: midgame, opening, emergency: false
[DEBUG] 19:13:44.444 [AiEngine] Using JS Search
[DEBUG] 19:13:44.445 [AiEngine] Adaptive time: 500ms, depth: 4, reason: midgame, opening, tactical, emergency: false
[DEBUG] 19:13:44.445 [AiEngine] Using JS Search
[DEBUG] 19:13:44.445 [AiEngine] Adaptive time: 500ms, depth: 4, reason: midgame, opening, emergency: false
[DEBUG] 19:13:44.445 [AiEngine] Using JS Search
[DEBUG] 19:13:44.445 [AiEngine] Adaptive time: 500ms, depth: 4, reason: midgame, opening, tactical, emergency: false
[DEBUG] 19:13:44.445 [AiEngine] Using JS Search
[DEBUG] 19:13:44.445 [AiEngine] Adaptive time: 3000ms, depth: 5, reason: midgame, emergency: false
[DEBUG] 19:13:44.445 [AiEngine] Using JS Search
[DEBUG] 19:13:44.446 [AiEngine] Adaptive time: 3000ms, depth: 5, reason: midgame, tactical, emergency: false
[DEBUG] 19:13:44.446 [AiEngine] Using JS Search
[DEBUG] 19:13:44.446 [AiEngine] Adaptive time: 3000ms, depth: 5, reason: midgame, emergency: false
[DEBUG] 19:13:44.446 [AiEngine] Using JS Search
[DEBUG] 19:13:44.446 [AiEngine] Adaptive time: 3000ms, depth: 5, reason: midgame, tactical, emergency: false
[DEBUG] 19:13:44.446 [AiEngine] Using JS Search
[DEBUG] 19:13:44.446 [AiEngine] Adaptive time: 3000ms, depth: 5, reason: midgame, emergency: false
[DEBUG] 19:13:44.446 [AiEngine] Using JS Search
[DEBUG] 19:13:44.446 [AiEngine] Adaptive time: 3000ms, depth: 5, reason: midgame, tactical, emergency: false
[DEBUG] 19:13:44.446 [AiEngine] Using JS Search
[DEBUG] 19:13:44.446 [AiEngine] Adaptive time: 3000ms, depth: 5, reason: midgame, emergency: false
[DEBUG] 19:13:44.446 [AiEngine] Using JS Search
[DEBUG] 19:13:44.447 [AiEngine] Adaptive time: 3000ms, depth: 5, reason: midgame, tactical, emergency: false
[DEBUG] 19:13:44.447 [AiEngine] Using JS Search
[DEBUG] 19:13:44.447 [AiEngine] Adaptive time: 3000ms, depth: 5, reason: midgame, emergency: false
[DEBUG] 19:13:44.447 [AiEngine] Using JS Search
[DEBUG] 19:13:44.447 [AiEngine] Adaptive time: 3000ms, depth: 5, reason: midgame, tactical, emergency: false
[DEBUG] 19:13:44.447 [AiEngine] Using JS Search
[DEBUG] 19:13:44.447 [AiEngine] Adaptive time: 3000ms, depth: 5, reason: midgame, emergency: false
[DEBUG] 19:13:44.447 [AiEngine] Using JS Search
[DEBUG] 19:13:44.448 [AiEngine] Adaptive time: 3000ms, depth: 5, reason: midgame, tactical, emergency: false
[DEBUG] 19:13:44.448 [AiEngine] Using JS Search
[DEBUG] 19:13:44.448 [AiEngine] Adaptive time: 3000ms, depth: 5, reason: midgame, emergency: false
[DEBUG] 19:13:44.448 [AiEngine] Using JS Search
[DEBUG] 19:13:44.448 [AiEngine] Adaptive time: 3000ms, depth: 5, reason: midgame, tactical, emergency: false
[DEBUG] 19:13:44.448 [AiEngine] Using JS Search
[DEBUG] 19:13:44.448 [AiEngine] Adaptive time: 3000ms, depth: 5, reason: midgame, emergency: false
[DEBUG] 19:13:44.448 [AiEngine] Using JS Search
[DEBUG] 19:13:44.448 [AiEngine] Adaptive time: 3000ms, depth: 5, reason: midgame, tactical, emergency: false
[DEBUG] 19:13:44.448 [AiEngine] Using JS Search
[DEBUG] 19:13:44.448 [AiEngine] Adaptive time: 3000ms, depth: 5, reason: midgame, emergency: false
[DEBUG] 19:13:44.448 [AiEngine] Using JS Search
[DEBUG] 19:13:44.449 [AiEngine] Adaptive time: 3000ms, depth: 5, reason: midgame, tactical, emergency: false
[DEBUG] 19:13:44.449 [AiEngine] Using JS Search
[DEBUG] 19:13:44.449 [AiEngine] Adaptive time: 3000ms, depth: 5, reason: midgame, emergency: false
[DEBUG] 19:13:44.449 [AiEngine] Using JS Search
[DEBUG] 19:13:44.449 [AiEngine] Adaptive time: 3000ms, depth: 5, reason: midgame, tactical, emergency: false
[DEBUG] 19:13:44.449 [AiEngine] Using JS Search
[DEBUG] 19:13:44.449 [AiEngine] Adaptive time: 3000ms, depth: 5, reason: midgame, emergency: false
[DEBUG] 19:13:44.449 [AiEngine] Using JS Search
[DEBUG] 19:13:44.450 [AiEngine] Adaptive time: 3000ms, depth: 5, reason: midgame, tactical, emergency: false
[DEBUG] 19:13:44.450 [AiEngine] Using JS Search
[DEBUG] 19:13:44.450 [AiEngine] Adaptive time: 3000ms, depth: 5, reason: midgame, emergency: false
[DEBUG] 19:13:44.450 [AiEngine] Using JS Search
[DEBUG] 19:13:44.450 [AiEngine] Adaptive time: 3000ms, depth: 5, reason: midgame, tactical, emergency: false
[DEBUG] 19:13:44.450 [AiEngine] Using JS Search
[DEBUG] 19:13:44.450 [AiEngine] Adaptive time: 3000ms, depth: 5, reason: midgame, emergency: false
[DEBUG] 19:13:44.450 [AiEngine] Using JS Search
[DEBUG] 19:13:44.450 [AiEngine] Adaptive time: 3000ms, depth: 5, reason: midgame, tactical, emergency: false
[DEBUG] 19:13:44.450 [AiEngine] Using JS Search
[DEBUG] 19:13:44.450 [AiEngine] Adaptive time: 3000ms, depth: 5, reason: midgame, emergency: false
[DEBUG] 19:13:44.450 [AiEngine] Using JS Search
[DEBUG] 19:13:44.451 [AiEngine] Adaptive time: 3000ms, depth: 5, reason: midgame, tactical, emergency: false
[DEBUG] 19:13:44.451 [AiEngine] Using JS Search
[DEBUG] 19:13:44.451 [AiEngine] Adaptive time: 3000ms, depth: 5, reason: midgame, emergency: false
[DEBUG] 19:13:44.451 [AiEngine] Using JS Search
[DEBUG] 19:13:44.451 [AiEngine] Adaptive time: 3000ms, depth: 5, reason: midgame, tactical, emergency: false
[DEBUG] 19:13:44.451 [AiEngine] Using JS Search
[DEBUG] 19:13:44.451 [AiEngine] Adaptive time: 3000ms, depth: 5, reason: midgame, emergency: false
[DEBUG] 19:13:44.451 [AiEngine] Using JS Search
[DEBUG] 19:13:44.451 [AiEngine] Adaptive time: 3000ms, depth: 5, reason: midgame, tactical, emergency: false
[DEBUG] 19:13:44.451 [AiEngine] Using JS Search
[DEBUG] 19:13:44.452 [AiEngine] Adaptive time: 3000ms, depth: 5, reason: midgame, emergency: false
[DEBUG] 19:13:44.452 [AiEngine] Using JS Search
[DEBUG] 19:13:44.452 [AiEngine] Adaptive time: 3000ms, depth: 5, reason: midgame, tactical, emergency: false
[DEBUG] 19:13:44.452 [AiEngine] Using JS Search
[DEBUG] 19:13:44.452 [AiEngine] Adaptive time: 3000ms, depth: 5, reason: midgame, emergency: false
[DEBUG] 19:13:44.452 [AiEngine] Using JS Search
[DEBUG] 19:13:44.452 [AiEngine] Adaptive time: 3000ms, depth: 5, reason: midgame, tactical, emergency: false
[DEBUG] 19:13:44.452 [AiEngine] Using JS Search
[DEBUG] 19:13:44.452 [AiEngine] Adaptive time: 3000ms, depth: 5, reason: midgame, emergency: false
[DEBUG] 19:13:44.452 [AiEngine] Using JS Search
[DEBUG] 19:13:44.452 [AiEngine] Adaptive time: 3000ms, depth: 5, reason: midgame, tactical, emergency: false
[DEBUG] 19:13:44.452 [AiEngine] Using JS Search
[DEBUG] 19:13:44.453 [AiEngine] Adaptive time: 3000ms, depth: 5, reason: midgame, emergency: false
[DEBUG] 19:13:44.453 [AiEngine] Using JS Search
[DEBUG] 19:13:44.453 [AiEngine] Adaptive time: 3000ms, depth: 5, reason: midgame, tactical, emergency: false
[DEBUG] 19:13:44.453 [AiEngine] Using JS Search
[DEBUG] 19:13:44.453 [AiEngine] Adaptive time: 3000ms, depth: 5, reason: midgame, emergency: false
[DEBUG] 19:13:44.453 [AiEngine] Using JS Search
[DEBUG] 19:13:44.453 [AiEngine] Adaptive time: 3000ms, depth: 5, reason: midgame, tactical, emergency: false
[DEBUG] 19:13:44.453 [AiEngine] Using JS Search
[DEBUG] 19:13:44.453 [AiEngine] Adaptive time: 3000ms, depth: 5, reason: midgame, emergency: false
[DEBUG] 19:13:44.453 [AiEngine] Using JS Search
[DEBUG] 19:13:44.454 [AiEngine] Adaptive time: 3000ms, depth: 5, reason: midgame, tactical, emergency: false
[DEBUG] 19:13:44.454 [AiEngine] Using JS Search
[DEBUG] 19:13:44.454 [AiEngine] Adaptive time: 3000ms, depth: 5, reason: midgame, emergency: false
[DEBUG] 19:13:44.454 [AiEngine] Using JS Search
[DEBUG] 19:13:44.454 [AiEngine] Adaptive time: 3000ms, depth: 5, reason: midgame, tactical, emergency: false
[DEBUG] 19:13:44.454 [AiEngine] Using JS Search
[DEBUG] 19:13:44.454 [AiEngine] Adaptive time: 3000ms, depth: 5, reason: midgame, emergency: false
[DEBUG] 19:13:44.454 [AiEngine] Using JS Search
[DEBUG] 19:13:44.454 [AiEngine] Adaptive time: 3000ms, depth: 5, reason: midgame, tactical, emergency: false
[DEBUG] 19:13:44.454 [AiEngine] Using JS Search
[DEBUG] 19:13:44.454 [AiEngine] Adaptive time: 3000ms, depth: 5, reason: midgame, emergency: false
[DEBUG] 19:13:44.454 [AiEngine] Using JS Search
[DEBUG] 19:13:44.455 [AiEngine] Adaptive time: 3000ms, depth: 5, reason: midgame, tactical, emergency: false
[DEBUG] 19:13:44.455 [AiEngine] Using JS Search
[DEBUG] 19:13:44.455 [AiEngine] Adaptive time: 3000ms, depth: 5, reason: midgame, emergency: false
[DEBUG] 19:13:44.455 [AiEngine] Using JS Search
[DEBUG] 19:13:44.455 [AiEngine] Adaptive time: 3000ms, depth: 5, reason: midgame, tactical, emergency: false
[DEBUG] 19:13:44.455 [AiEngine] Using JS Search
[DEBUG] 19:13:44.455 [AiEngine] Adaptive time: 3000ms, depth: 5, reason: midgame, emergency: false
[DEBUG] 19:13:44.455 [AiEngine] Using JS Search
[DEBUG] 19:13:44.455 [AiEngine] Adaptive time: 3000ms, depth: 5, reason: midgame, tactical, emergency: false
[DEBUG] 19:13:44.455 [AiEngine] Using JS Search
[DEBUG] 19:13:44.456 [AiEngine] Adaptive time: 3000ms, depth: 5, reason: midgame, emergency: false
[DEBUG] 19:13:44.456 [AiEngine] Using JS Search
[DEBUG] 19:13:44.456 [AiEngine] Adaptive time: 3000ms, depth: 5, reason: midgame, tactical, emergency: false
[DEBUG] 19:13:44.456 [AiEngine] Using JS Search
[DEBUG] 19:13:44.456 [AiEngine] Adaptive time: 3000ms, depth: 5, reason: midgame, emergency: false
[DEBUG] 19:13:44.456 [AiEngine] Using JS Search
[DEBUG] 19:13:44.456 [AiEngine] Adaptive time: 3000ms, depth: 5, reason: midgame, tactical, emergency: false
[DEBUG] 19:13:44.456 [AiEngine] Using JS Search
[DEBUG] 19:13:44.456 [AiEngine] Adaptive time: 3000ms, depth: 5, reason: midgame, emergency: false
[DEBUG] 19:13:44.456 [AiEngine] Using JS Search
[DEBUG] 19:13:44.456 [AiEngine] Adaptive time: 3000ms, depth: 5, reason: midgame, tactical, emergency: false
[DEBUG] 19:13:44.456 [AiEngine] Using JS Search
[DEBUG] 19:13:44.457 [AiEngine] Adaptive time: 500ms, depth: 4, reason: midgame, opening, emergency: false
[DEBUG] 19:13:44.457 [AiEngine] Using JS Search
[DEBUG] 19:13:44.457 [AiEngine] Adaptive time: 500ms, depth: 4, reason: midgame, opening, emergency: false
[DEBUG] 19:13:44.457 [AiEngine] Using JS Search
[DEBUG] 19:13:44.457 [AiEngine] Adaptive time: 500ms, depth: 4, reason: midgame, opening, emergency: false
[DEBUG] 19:13:44.457 [AiEngine] Using JS Search
[DEBUG] 19:13:44.457 [AiEngine] Adaptive time: 500ms, depth: 4, reason: midgame, opening, tactical, emergency: false
[DEBUG] 19:13:44.457 [AiEngine] Using JS Search
[DEBUG] 19:13:44.457 [AiEngine] Adaptive time: 500ms, depth: 4, reason: midgame, opening, emergency: false
[DEBUG] 19:13:44.457 [AiEngine] Using JS Search
[DEBUG] 19:13:44.458 [AiEngine] Adaptive time: 500ms, depth: 4, reason: midgame, opening, tactical, emergency: false
[DEBUG] 19:13:44.458 [AiEngine] Using JS Search
[DEBUG] 19:13:44.458 [AiEngine] Adaptive time: 500ms, depth: 4, reason: midgame, opening, emergency: false
[DEBUG] 19:13:44.458 [AiEngine] Using JS Search
[DEBUG] 19:13:44.458 [AiEngine] Adaptive time: 500ms, depth: 4, reason: midgame, opening, tactical, emergency: false
[DEBUG] 19:13:44.458 [AiEngine] Using JS Search
[DEBUG] 19:13:44.458 [AiEngine] Adaptive time: 500ms, depth: 4, reason: midgame, opening, emergency: false
[DEBUG] 19:13:44.458 [AiEngine] Using JS Search
[DEBUG] 19:13:44.459 [AiEngine] Adaptive time: 500ms, depth: 4, reason: midgame, opening, tactical, emergency: false
[DEBUG] 19:13:44.459 [AiEngine] Using JS Search
[DEBUG] 19:13:44.459 [AiEngine] Adaptive time: 500ms, depth: 4, reason: midgame, opening, emergency: false
[DEBUG] 19:13:44.459 [AiEngine] Using JS Search
[DEBUG] 19:13:44.459 [AiEngine] Adaptive time: 500ms, depth: 4, reason: midgame, opening, tactical, emergency: false
[DEBUG] 19:13:44.459 [AiEngine] Using JS Search
[DEBUG] 19:13:44.459 [AiEngine] Adaptive time: 500ms, depth: 4, reason: midgame, opening, emergency: false
[DEBUG] 19:13:44.459 [AiEngine] Using JS Search
[DEBUG] 19:13:44.459 [AiEngine] Adaptive time: 500ms, depth: 4, reason: midgame, opening, tactical, emergency: false
[DEBUG] 19:13:44.459 [AiEngine] Using JS Search
[DEBUG] 19:13:44.460 [AiEngine] Adaptive time: 500ms, depth: 4, reason: midgame, opening, emergency: false
[DEBUG] 19:13:44.460 [AiEngine] Using JS Search
[DEBUG] 19:13:44.460 [AiEngine] Adaptive time: 500ms, depth: 4, reason: midgame, opening, tactical, emergency: false
[DEBUG] 19:13:44.460 [AiEngine] Using JS Search
[DEBUG] 19:13:44.460 [AiEngine] Adaptive time: 500ms, depth: 4, reason: midgame, opening, emergency: false
[DEBUG] 19:13:44.460 [AiEngine] Using JS Search
[DEBUG] 19:13:44.460 [AiEngine] Adaptive time: 500ms, depth: 4, reason: midgame, opening, tactical, emergency: false
[DEBUG] 19:13:44.460 [AiEngine] Using JS Search
[DEBUG] 19:13:44.461 [AiEngine] Adaptive time: 500ms, depth: 4, reason: midgame, opening, emergency: false
[DEBUG] 19:13:44.461 [AiEngine] Using JS Search
[DEBUG] 19:13:44.461 [AiEngine] Adaptive time: 500ms, depth: 4, reason: midgame, opening, tactical, emergency: false
[DEBUG] 19:13:44.461 [AiEngine] Using JS Search
[DEBUG] 19:13:44.461 [AiEngine] Adaptive time: 500ms, depth: 4, reason: midgame, opening, emergency: false
[DEBUG] 19:13:44.461 [AiEngine] Using JS Search
[DEBUG] 19:13:44.461 [AiEngine] Adaptive time: 500ms, depth: 4, reason: midgame, opening, tactical, emergency: false
[DEBUG] 19:13:44.461 [AiEngine] Using JS Search
[DEBUG] 19:13:44.461 [AiEngine] Adaptive time: 500ms, depth: 4, reason: midgame, opening, emergency: false
[DEBUG] 19:13:44.461 [AiEngine] Using JS Search
[DEBUG] 19:13:44.462 [AiEngine] Adaptive time: 500ms, depth: 4, reason: midgame, opening, tactical, emergency: false
[DEBUG] 19:13:44.462 [AiEngine] Using JS Search
[DEBUG] 19:13:44.462 [AiEngine] Adaptive time: 500ms, depth: 4, reason: midgame, opening, emergency: false
[DEBUG] 19:13:44.462 [AiEngine] Using JS Search
[DEBUG] 19:13:44.462 [AiEngine] Adaptive time: 500ms, depth: 4, reason: midgame, opening, tactical, emergency: false
[DEBUG] 19:13:44.462 [AiEngine] Using JS Search
[DEBUG] 19:13:44.462 [AiEngine] Adaptive time: 500ms, depth: 4, reason: midgame, opening, emergency: false
[DEBUG] 19:13:44.462 [AiEngine] Using JS Search
[DEBUG] 19:13:44.462 [AiEngine] Adaptive time: 500ms, depth: 4, reason: midgame, opening, tactical, emergency: false
[DEBUG] 19:13:44.462 [AiEngine] Using JS Search
[DEBUG] 19:13:44.463 [AiEngine] Adaptive time: 500ms, depth: 4, reason: midgame, opening, emergency: false
[DEBUG] 19:13:44.463 [AiEngine] Using JS Search
[DEBUG] 19:13:44.463 [AiEngine] Adaptive time: 500ms, depth: 4, reason: midgame, opening, tactical, emergency: false
[DEBUG] 19:13:44.463 [AiEngine] Using JS Search
[DEBUG] 19:13:44.463 [AiEngine] Adaptive time: 500ms, depth: 4, reason: midgame, opening, emergency: false
[DEBUG] 19:13:44.463 [AiEngine] Using JS Search
[DEBUG] 19:13:44.463 [AiEngine] Adaptive time: 500ms, depth: 4, reason: midgame, opening, tactical, emergency: false
[DEBUG] 19:13:44.463 [AiEngine] Using JS Search
[DEBUG] 19:13:44.463 [AiEngine] Adaptive time: 500ms, depth: 4, reason: midgame, opening, emergency: false
[DEBUG] 19:13:44.463 [AiEngine] Using JS Search
[DEBUG] 19:13:44.464 [AiEngine] Adaptive time: 500ms, depth: 4, reason: midgame, opening, tactical, emergency: false
[DEBUG] 19:13:44.464 [AiEngine] Using JS Search
[DEBUG] 19:13:44.464 [AiEngine] Adaptive time: 500ms, depth: 4, reason: midgame, opening, emergency: false
[DEBUG] 19:13:44.464 [AiEngine] Using JS Search
[DEBUG] 19:13:44.464 [AiEngine] Adaptive time: 500ms, depth: 4, reason: midgame, opening, tactical, emergency: false
[DEBUG] 19:13:44.464 [AiEngine] Using JS Search
[DEBUG] 19:13:44.464 [AiEngine] Adaptive time: 500ms, depth: 4, reason: midgame, opening, emergency: false
[DEBUG] 19:13:44.464 [AiEngine] Using JS Search
[DEBUG] 19:13:44.464 [AiEngine] Adaptive time: 500ms, depth: 4, reason: midgame, opening, tactical, emergency: false
[DEBUG] 19:13:44.464 [AiEngine] Using JS Search
[DEBUG] 19:13:44.465 [AiEngine] Adaptive time: 500ms, depth: 4, reason: midgame, opening, emergency: false
[DEBUG] 19:13:44.465 [AiEngine] Using JS Search
[DEBUG] 19:13:44.465 [AiEngine] Adaptive time: 500ms, depth: 4, reason: midgame, opening, tactical, emergency: false
[DEBUG] 19:13:44.465 [AiEngine] Using JS Search
[DEBUG] 19:13:44.465 [AiEngine] Adaptive time: 3000ms, depth: 5, reason: midgame, emergency: false
[DEBUG] 19:13:44.465 [AiEngine] Using JS Search
[DEBUG] 19:13:44.465 [AiEngine] Adaptive time: 3000ms, depth: 5, reason: midgame, tactical, emergency: false
[DEBUG] 19:13:44.465 [AiEngine] Using JS Search
[DEBUG] 19:13:44.465 [AiEngine] Adaptive time: 3000ms, depth: 5, reason: midgame, emergency: false
[DEBUG] 19:13:44.465 [AiEngine] Using JS Search
[DEBUG] 19:13:44.466 [AiEngine] Adaptive time: 3000ms, depth: 5, reason: midgame, tactical, emergency: false
[DEBUG] 19:13:44.466 [AiEngine] Using JS Search
[DEBUG] 19:13:44.466 [AiEngine] Adaptive time: 3000ms, depth: 5, reason: midgame, emergency: false
[DEBUG] 19:13:44.466 [AiEngine] Using JS Search
[DEBUG] 19:13:44.466 [AiEngine] Adaptive time: 3000ms, depth: 5, reason: midgame, tactical, emergency: false
[DEBUG] 19:13:44.466 [AiEngine] Using JS Search
[DEBUG] 19:13:44.466 [AiEngine] Adaptive time: 3000ms, depth: 5, reason: midgame, emergency: false
[DEBUG] 19:13:44.466 [AiEngine] Using JS Search
[DEBUG] 19:13:44.466 [AiEngine] Adaptive time: 3000ms, depth: 5, reason: midgame, tactical, emergency: false
[DEBUG] 19:13:44.466 [AiEngine] Using JS Search
[DEBUG] 19:13:44.467 [AiEngine] Adaptive time: 3000ms, depth: 5, reason: midgame, emergency: false
[DEBUG] 19:13:44.467 [AiEngine] Using JS Search
[DEBUG] 19:13:44.467 [AiEngine] Adaptive time: 3000ms, depth: 5, reason: midgame, tactical, emergency: false
[DEBUG] 19:13:44.467 [AiEngine] Using JS Search
[DEBUG] 19:13:44.467 [AiEngine] Adaptive time: 3000ms, depth: 5, reason: midgame, emergency: false
[DEBUG] 19:13:44.467 [AiEngine] Using JS Search
[DEBUG] 19:13:44.467 [AiEngine] Adaptive time: 3000ms, depth: 5, reason: midgame, tactical, emergency: false
[DEBUG] 19:13:44.467 [AiEngine] Using JS Search
[DEBUG] 19:13:44.468 [AiEngine] Adaptive time: 3000ms, depth: 5, reason: midgame, emergency: false
[DEBUG] 19:13:44.468 [AiEngine] Using JS Search
[DEBUG] 19:13:44.468 [AiEngine] Adaptive time: 3000ms, depth: 5, reason: midgame, tactical, emergency: false
[DEBUG] 19:13:44.468 [AiEngine] Using JS Search
[DEBUG] 19:13:44.468 [AiEngine] Adaptive time: 3000ms, depth: 5, reason: midgame, emergency: false
[DEBUG] 19:13:44.468 [AiEngine] Using JS Search
[DEBUG] 19:13:44.468 [AiEngine] Adaptive time: 3000ms, depth: 5, reason: midgame, tactical, emergency: false
[DEBUG] 19:13:44.468 [AiEngine] Using JS Search
[DEBUG] 19:13:44.468 [AiEngine] Adaptive time: 3000ms, depth: 5, reason: midgame, emergency: false
[DEBUG] 19:13:44.468 [AiEngine] Using JS Search
[DEBUG] 19:13:44.469 [AiEngine] Adaptive time: 3000ms, depth: 5, reason: midgame, tactical, emergency: false
[DEBUG] 19:13:44.469 [AiEngine] Using JS Search
[DEBUG] 19:13:44.469 [AiEngine] Adaptive time: 3000ms, depth: 5, reason: midgame, emergency: false
[DEBUG] 19:13:44.469 [AiEngine] Using JS Search
[DEBUG] 19:13:44.469 [AiEngine] Adaptive time: 3000ms, depth: 5, reason: midgame, tactical, emergency: false
[DEBUG] 19:13:44.469 [AiEngine] Using JS Search
[DEBUG] 19:13:44.469 [AiEngine] Adaptive time: 3000ms, depth: 5, reason: midgame, emergency: false
[DEBUG] 19:13:44.469 [AiEngine] Using JS Search
[DEBUG] 19:13:44.469 [AiEngine] Adaptive time: 3000ms, depth: 5, reason: midgame, tactical, emergency: false
[DEBUG] 19:13:44.469 [AiEngine] Using JS Search
[DEBUG] 19:13:44.470 [AiEngine] Adaptive time: 3000ms, depth: 5, reason: midgame, emergency: false
[DEBUG] 19:13:44.470 [AiEngine] Using JS Search
[DEBUG] 19:13:44.470 [AiEngine] Adaptive time: 3000ms, depth: 5, reason: midgame, tactical, emergency: false
[DEBUG] 19:13:44.470 [AiEngine] Using JS Search
[DEBUG] 19:13:44.470 [AiEngine] Adaptive time: 3000ms, depth: 5, reason: midgame, emergency: false
[DEBUG] 19:13:44.470 [AiEngine] Using JS Search
[DEBUG] 19:13:44.470 [AiEngine] Adaptive time: 3000ms, depth: 5, reason: midgame, tactical, emergency: false
[DEBUG] 19:13:44.470 [AiEngine] Using JS Search
[DEBUG] 19:13:44.470 [AiEngine] Adaptive time: 3000ms, depth: 5, reason: midgame, emergency: false
[DEBUG] 19:13:44.470 [AiEngine] Using JS Search
[DEBUG] 19:13:44.471 [AiEngine] Adaptive time: 3000ms, depth: 5, reason: midgame, tactical, emergency: false
[DEBUG] 19:13:44.471 [AiEngine] Using JS Search
[DEBUG] 19:13:44.471 [AiEngine] Adaptive time: 3000ms, depth: 5, reason: midgame, emergency: false
[DEBUG] 19:13:44.471 [AiEngine] Using JS Search
[DEBUG] 19:13:44.471 [AiEngine] Adaptive time: 3000ms, depth: 5, reason: midgame, tactical, emergency: false
[DEBUG] 19:13:44.471 [AiEngine] Using JS Search
[DEBUG] 19:13:44.471 [AiEngine] Adaptive time: 3000ms, depth: 5, reason: midgame, emergency: false
[DEBUG] 19:13:44.471 [AiEngine] Using JS Search
[DEBUG] 19:13:44.472 [AiEngine] Adaptive time: 3000ms, depth: 5, reason: midgame, tactical, emergency: false
[DEBUG] 19:13:44.472 [AiEngine] Using JS Search
[DEBUG] 19:13:44.472 [AiEngine] Adaptive time: 3000ms, depth: 5, reason: midgame, emergency: false
[DEBUG] 19:13:44.472 [AiEngine] Using JS Search
[DEBUG] 19:13:44.472 [AiEngine] Adaptive time: 3000ms, depth: 5, reason: midgame, tactical, emergency: false
[DEBUG] 19:13:44.472 [AiEngine] Using JS Search
[DEBUG] 19:13:44.472 [AiEngine] Adaptive time: 3000ms, depth: 5, reason: midgame, emergency: false
[DEBUG] 19:13:44.472 [AiEngine] Using JS Search
[DEBUG] 19:13:44.473 [AiEngine] Adaptive time: 3000ms, depth: 5, reason: midgame, tactical, emergency: false
[DEBUG] 19:13:44.473 [AiEngine] Using JS Search
[DEBUG] 19:13:44.473 [AiEngine] Adaptive time: 3000ms, depth: 5, reason: midgame, emergency: false
[DEBUG] 19:13:44.473 [AiEngine] Using JS Search
[DEBUG] 19:13:44.473 [AiEngine] Adaptive time: 3000ms, depth: 5, reason: midgame, tactical, emergency: false
[DEBUG] 19:13:44.473 [AiEngine] Using JS Search
[DEBUG] 19:13:44.473 [AiEngine] Adaptive time: 3000ms, depth: 5, reason: midgame, emergency: false
[DEBUG] 19:13:44.473 [AiEngine] Using JS Search
[DEBUG] 19:13:44.473 [AiEngine] Adaptive time: 3000ms, depth: 5, reason: midgame, tactical, emergency: false
[DEBUG] 19:13:44.473 [AiEngine] Using JS Search
[DEBUG] 19:13:44.473 [AiEngine] Adaptive time: 3000ms, depth: 5, reason: midgame, emergency: false
[DEBUG] 19:13:44.473 [AiEngine] Using JS Search
[DEBUG] 19:13:44.474 [AiEngine] Adaptive time: 3000ms, depth: 5, reason: midgame, tactical, emergency: false
[DEBUG] 19:13:44.474 [AiEngine] Using JS Search
[DEBUG] 19:13:44.474 [AiEngine] Adaptive time: 3000ms, depth: 5, reason: midgame, emergency: false
[DEBUG] 19:13:44.474 [AiEngine] Using JS Search
[DEBUG] 19:13:44.474 [AiEngine] Adaptive time: 3000ms, depth: 5, reason: midgame, tactical, emergency: false
[DEBUG] 19:13:44.474 [AiEngine] Using JS Search
[DEBUG] 19:13:44.474 [AiEngine] Adaptive time: 3000ms, depth: 5, reason: midgame, emergency: false
[DEBUG] 19:13:44.474 [AiEngine] Using JS Search
[DEBUG] 19:13:44.474 [AiEngine] Adaptive time: 3000ms, depth: 5, reason: midgame, tactical, emergency: false
[DEBUG] 19:13:44.474 [AiEngine] Using JS Search
[DEBUG] 19:13:44.475 [AiEngine] Adaptive time: 3000ms, depth: 5, reason: midgame, emergency: false
[DEBUG] 19:13:44.475 [AiEngine] Using JS Search
[DEBUG] 19:13:44.475 [AiEngine] Adaptive time: 3000ms, depth: 5, reason: midgame, tactical, emergency: false
[DEBUG] 19:13:44.475 [AiEngine] Using JS Search
[DEBUG] 19:13:44.475 [AiEngine] Adaptive time: 3000ms, depth: 5, reason: midgame, emergency: false
[DEBUG] 19:13:44.475 [AiEngine] Using JS Search
[DEBUG] 19:13:44.475 [AiEngine] Adaptive time: 3000ms, depth: 5, reason: midgame, tactical, emergency: false
[DEBUG] 19:13:44.475 [AiEngine] Using JS Search
[DEBUG] 19:13:44.475 [AiEngine] Adaptive time: 3000ms, depth: 5, reason: midgame, emergency: false
[DEBUG] 19:13:44.475 [AiEngine] Using JS Search
[DEBUG] 19:13:44.476 [AiEngine] Adaptive time: 3000ms, depth: 5, reason: midgame, tactical, emergency: false
[DEBUG] 19:13:44.476 [AiEngine] Using JS Search
[DEBUG] 19:13:44.476 [AiEngine] Adaptive time: 3000ms, depth: 5, reason: midgame, emergency: false
[DEBUG] 19:13:44.476 [AiEngine] Using JS Search
[DEBUG] 19:13:44.476 [AiEngine] Adaptive time: 3000ms, depth: 5, reason: midgame, tactical, emergency: false
[DEBUG] 19:13:44.476 [AiEngine] Using JS Search
[DEBUG] 19:13:44.476 [AiEngine] Adaptive time: 3000ms, depth: 5, reason: midgame, emergency: false
[DEBUG] 19:13:44.476 [AiEngine] Using JS Search
[DEBUG] 19:13:44.476 [AiEngine] Adaptive time: 3000ms, depth: 5, reason: midgame, tactical, emergency: false
[DEBUG] 19:13:44.476 [AiEngine] Using JS Search
[DEBUG] 19:13:44.477 [AiEngine] Adaptive time: 3000ms, depth: 5, reason: midgame, emergency: false
[DEBUG] 19:13:44.477 [AiEngine] Using JS Search
[DEBUG] 19:13:44.477 [AiEngine] Adaptive time: 3000ms, depth: 5, reason: midgame, tactical, emergency: false
[DEBUG] 19:13:44.477 [AiEngine] Using JS Search
[DEBUG] 19:13:44.477 [AiEngine] Adaptive time: 3000ms, depth: 5, reason: midgame, emergency: false
[DEBUG] 19:13:44.477 [AiEngine] Using JS Search
[DEBUG] 19:13:44.477 [AiEngine] Adaptive time: 3000ms, depth: 5, reason: midgame, tactical, emergency: false
[DEBUG] 19:13:44.477 [AiEngine] Using JS Search
[DEBUG] 19:13:44.477 [AiEngine] Adaptive time: 500ms, depth: 4, reason: midgame, opening, emergency: false
[DEBUG] 19:13:44.477 [AiEngine] Using JS Search
[DEBUG] 19:13:44.478 [AiEngine] Adaptive time: 500ms, depth: 4, reason: midgame, opening, emergency: false
[DEBUG] 19:13:44.478 [AiEngine] Using JS Search
[DEBUG] 19:13:44.478 [AiEngine] Adaptive time: 500ms, depth: 4, reason: midgame, opening, emergency: false
[DEBUG] 19:13:44.478 [AiEngine] Using JS Search
[DEBUG] 19:13:44.478 [AiEngine] Adaptive time: 500ms, depth: 4, reason: midgame, opening, tactical, emergency: false
[DEBUG] 19:13:44.478 [AiEngine] Using JS Search
[DEBUG] 19:13:44.478 [AiEngine] Adaptive time: 500ms, depth: 4, reason: midgame, opening, emergency: false
[DEBUG] 19:13:44.478 [AiEngine] Using JS Search
[DEBUG] 19:13:44.478 [AiEngine] Adaptive time: 500ms, depth: 4, reason: midgame, opening, tactical, emergency: false
[DEBUG] 19:13:44.478 [AiEngine] Using JS Search
[DEBUG] 19:13:44.479 [AiEngine] Adaptive time: 500ms, depth: 4, reason: midgame, opening, emergency: false
[DEBUG] 19:13:44.479 [AiEngine] Using JS Search
[DEBUG] 19:13:44.479 [AiEngine] Adaptive time: 500ms, depth: 4, reason: midgame, opening, tactical, emergency: false
[DEBUG] 19:13:44.479 [AiEngine] Using JS Search
[DEBUG] 19:13:44.479 [AiEngine] Adaptive time: 500ms, depth: 4, reason: midgame, opening, emergency: false
[DEBUG] 19:13:44.479 [AiEngine] Using JS Search
[DEBUG] 19:13:44.479 [AiEngine] Adaptive time: 500ms, depth: 4, reason: midgame, opening, tactical, emergency: false
[DEBUG] 19:13:44.479 [AiEngine] Using JS Search
[DEBUG] 19:13:44.479 [AiEngine] Adaptive time: 500ms, depth: 4, reason: midgame, opening, emergency: false
[DEBUG] 19:13:44.479 [AiEngine] Using JS Search
[DEBUG] 19:13:44.480 [AiEngine] Adaptive time: 500ms, depth: 4, reason: midgame, opening, tactical, emergency: false
[DEBUG] 19:13:44.480 [AiEngine] Using JS Search
[DEBUG] 19:13:44.480 [AiEngine] Adaptive time: 500ms, depth: 4, reason: midgame, opening, emergency: false
[DEBUG] 19:13:44.480 [AiEngine] Using JS Search
[DEBUG] 19:13:44.480 [AiEngine] Adaptive time: 500ms, depth: 4, reason: midgame, opening, tactical, emergency: false
[DEBUG] 19:13:44.480 [AiEngine] Using JS Search
[DEBUG] 19:13:44.480 [AiEngine] Adaptive time: 500ms, depth: 4, reason: midgame, opening, emergency: false
[DEBUG] 19:13:44.480 [AiEngine] Using JS Search
[DEBUG] 19:13:44.480 [AiEngine] Adaptive time: 500ms, depth: 4, reason: midgame, opening, tactical, emergency: false
[DEBUG] 19:13:44.480 [AiEngine] Using JS Search
[DEBUG] 19:13:44.481 [AiEngine] Adaptive time: 500ms, depth: 4, reason: midgame, opening, emergency: false
[DEBUG] 19:13:44.481 [AiEngine] Using JS Search
[DEBUG] 19:13:44.481 [AiEngine] Adaptive time: 500ms, depth: 4, reason: midgame, opening, tactical, emergency: false
[DEBUG] 19:13:44.481 [AiEngine] Using JS Search
[DEBUG] 19:13:44.481 [AiEngine] Adaptive time: 500ms, depth: 4, reason: midgame, opening, emergency: false
[DEBUG] 19:13:44.481 [AiEngine] Using JS Search
[DEBUG] 19:13:44.481 [AiEngine] Adaptive time: 500ms, depth: 4, reason: midgame, opening, tactical, emergency: false
[DEBUG] 19:13:44.481 [AiEngine] Using JS Search
[DEBUG] 19:13:44.481 [AiEngine] Adaptive time: 500ms, depth: 4, reason: midgame, opening, emergency: false
[DEBUG] 19:13:44.481 [AiEngine] Using JS Search
[DEBUG] 19:13:44.482 [AiEngine] Adaptive time: 500ms, depth: 4, reason: midgame, opening, tactical, emergency: false
[DEBUG] 19:13:44.482 [AiEngine] Using JS Search
[DEBUG] 19:13:44.482 [AiEngine] Adaptive time: 500ms, depth: 4, reason: midgame, opening, emergency: false
[DEBUG] 19:13:44.482 [AiEngine] Using JS Search
[DEBUG] 19:13:44.482 [AiEngine] Adaptive time: 500ms, depth: 4, reason: midgame, opening, tactical, emergency: false
[DEBUG] 19:13:44.482 [AiEngine] Using JS Search
[DEBUG] 19:13:44.483 [AiEngine] Adaptive time: 500ms, depth: 4, reason: midgame, opening, emergency: false
[DEBUG] 19:13:44.483 [AiEngine] Using JS Search
[DEBUG] 19:13:44.483 [AiEngine] Adaptive time: 500ms, depth: 4, reason: midgame, opening, tactical, emergency: false
[DEBUG] 19:13:44.483 [AiEngine] Using JS Search
[DEBUG] 19:13:44.483 [AiEngine] Adaptive time: 500ms, depth: 4, reason: midgame, opening, emergency: false
[DEBUG] 19:13:44.483 [AiEngine] Using JS Search
[DEBUG] 19:13:44.483 [AiEngine] Adaptive time: 500ms, depth: 4, reason: midgame, opening, tactical, emergency: false
[DEBUG] 19:13:44.483 [AiEngine] Using JS Search
[DEBUG] 19:13:44.483 [AiEngine] Adaptive time: 500ms, depth: 4, reason: midgame, opening, emergency: false
[DEBUG] 19:13:44.483 [AiEngine] Using JS Search
[DEBUG] 19:13:44.484 [AiEngine] Adaptive time: 500ms, depth: 4, reason: midgame, opening, tactical, emergency: false
[DEBUG] 19:13:44.484 [AiEngine] Using JS Search
[DEBUG] 19:13:44.484 [AiEngine] Adaptive time: 500ms, depth: 4, reason: midgame, opening, emergency: false
[DEBUG] 19:13:44.484 [AiEngine] Using JS Search
[DEBUG] 19:13:44.484 [AiEngine] Adaptive time: 500ms, depth: 4, reason: midgame, opening, tactical, emergency: false
[DEBUG] 19:13:44.484 [AiEngine] Using JS Search
[DEBUG] 19:13:44.484 [AiEngine] Adaptive time: 500ms, depth: 4, reason: midgame, opening, emergency: false
[DEBUG] 19:13:44.484 [AiEngine] Using JS Search
[DEBUG] 19:13:44.484 [AiEngine] Adaptive time: 500ms, depth: 4, reason: midgame, opening, tactical, emergency: false
[DEBUG] 19:13:44.484 [AiEngine] Using JS Search
[DEBUG] 19:13:44.485 [AiEngine] Adaptive time: 500ms, depth: 4, reason: midgame, opening, emergency: false
[DEBUG] 19:13:44.485 [AiEngine] Using JS Search
[DEBUG] 19:13:44.485 [AiEngine] Adaptive time: 500ms, depth: 4, reason: midgame, opening, tactical, emergency: false
[DEBUG] 19:13:44.485 [AiEngine] Using JS Search
[DEBUG] 19:13:44.485 [AiEngine] Adaptive time: 500ms, depth: 4, reason: midgame, opening, emergency: false
[DEBUG] 19:13:44.485 [AiEngine] Using JS Search
[DEBUG] 19:13:44.485 [AiEngine] Adaptive time: 500ms, depth: 4, reason: midgame, opening, tactical, emergency: false
[DEBUG] 19:13:44.485 [AiEngine] Using JS Search
[DEBUG] 19:13:44.485 [AiEngine] Adaptive time: 500ms, depth: 4, reason: midgame, opening, emergency: false
[DEBUG] 19:13:44.485 [AiEngine] Using JS Search
[DEBUG] 19:13:44.486 [AiEngine] Adaptive time: 500ms, depth: 4, reason: midgame, opening, tactical, emergency: false
[DEBUG] 19:13:44.486 [AiEngine] Using JS Search
[DEBUG] 19:13:44.486 [AiEngine] Adaptive time: 3000ms, depth: 5, reason: midgame, emergency: false
[DEBUG] 19:13:44.486 [AiEngine] Using JS Search
[DEBUG] 19:13:44.486 [AiEngine] Adaptive time: 3000ms, depth: 5, reason: midgame, tactical, emergency: false
[DEBUG] 19:13:44.486 [AiEngine] Using JS Search
[DEBUG] 19:13:44.486 [AiEngine] Adaptive time: 3000ms, depth: 5, reason: midgame, emergency: false
[DEBUG] 19:13:44.486 [AiEngine] Using JS Search
[DEBUG] 19:13:44.486 [AiEngine] Adaptive time: 3000ms, depth: 5, reason: midgame, tactical, emergency: false
[DEBUG] 19:13:44.486 [AiEngine] Using JS Search
[DEBUG] 19:13:44.487 [AiEngine] Adaptive time: 3000ms, depth: 5, reason: midgame, emergency: false
[DEBUG] 19:13:44.487 [AiEngine] Using JS Search
[DEBUG] 19:13:44.487 [AiEngine] Adaptive time: 3000ms, depth: 5, reason: midgame, tactical, emergency: false
[DEBUG] 19:13:44.487 [AiEngine] Using JS Search
[DEBUG] 19:13:44.487 [AiEngine] Adaptive time: 3000ms, depth: 5, reason: midgame, emergency: false
[DEBUG] 19:13:44.487 [AiEngine] Using JS Search
[DEBUG] 19:13:44.487 [AiEngine] Adaptive time: 3000ms, depth: 5, reason: midgame, tactical, emergency: false
[DEBUG] 19:13:44.487 [AiEngine] Using JS Search
[DEBUG] 19:13:44.487 [AiEngine] Adaptive time: 3000ms, depth: 5, reason: midgame, emergency: false
[DEBUG] 19:13:44.487 [AiEngine] Using JS Search
[DEBUG] 19:13:44.488 [AiEngine] Adaptive time: 3000ms, depth: 5, reason: midgame, tactical, emergency: false
[DEBUG] 19:13:44.488 [AiEngine] Using JS Search
[DEBUG] 19:13:44.488 [AiEngine] Adaptive time: 3000ms, depth: 5, reason: midgame, emergency: false
[DEBUG] 19:13:44.488 [AiEngine] Using JS Search
[DEBUG] 19:13:44.488 [AiEngine] Adaptive time: 3000ms, depth: 5, reason: midgame, tactical, emergency: false
[DEBUG] 19:13:44.488 [AiEngine] Using JS Search
[DEBUG] 19:13:44.488 [AiEngine] Adaptive time: 3000ms, depth: 5, reason: midgame, emergency: false
[DEBUG] 19:13:44.488 [AiEngine] Using JS Search
[DEBUG] 19:13:44.489 [AiEngine] Adaptive time: 3000ms, depth: 5, reason: midgame, tactical, emergency: false
[DEBUG] 19:13:44.489 [AiEngine] Using JS Search
[DEBUG] 19:13:44.489 [AiEngine] Adaptive time: 3000ms, depth: 5, reason: midgame, emergency: false
[DEBUG] 19:13:44.489 [AiEngine] Using JS Search
[DEBUG] 19:13:44.489 [AiEngine] Adaptive time: 3000ms, depth: 5, reason: midgame, tactical, emergency: false
[DEBUG] 19:13:44.489 [AiEngine] Using JS Search
[DEBUG] 19:13:44.489 [AiEngine] Adaptive time: 3000ms, depth: 5, reason: midgame, emergency: false
[DEBUG] 19:13:44.489 [AiEngine] Using JS Search
[DEBUG] 19:13:44.489 [AiEngine] Adaptive time: 3000ms, depth: 5, reason: midgame, tactical, emergency: false
[DEBUG] 19:13:44.489 [AiEngine] Using JS Search
[DEBUG] 19:13:44.489 [AiEngine] Adaptive time: 3000ms, depth: 5, reason: midgame, emergency: false
[DEBUG] 19:13:44.490 [AiEngine] Using JS Search
[DEBUG] 19:13:44.490 [AiEngine] Adaptive time: 3000ms, depth: 5, reason: midgame, tactical, emergency: false
[DEBUG] 19:13:44.490 [AiEngine] Using JS Search
[DEBUG] 19:13:44.490 [AiEngine] Adaptive time: 3000ms, depth: 5, reason: midgame, emergency: false
[DEBUG] 19:13:44.490 [AiEngine] Using JS Search
[DEBUG] 19:13:44.490 [AiEngine] Adaptive time: 3000ms, depth: 5, reason: midgame, tactical, emergency: false
[DEBUG] 19:13:44.490 [AiEngine] Using JS Search
[DEBUG] 19:13:44.490 [AiEngine] Adaptive time: 3000ms, depth: 5, reason: midgame, emergency: false
[DEBUG] 19:13:44.490 [AiEngine] Using JS Search
[DEBUG] 19:13:44.491 [AiEngine] Adaptive time: 3000ms, depth: 5, reason: midgame, tactical, emergency: false
[DEBUG] 19:13:44.491 [AiEngine] Using JS Search
[DEBUG] 19:13:44.491 [AiEngine] Adaptive time: 3000ms, depth: 5, reason: midgame, emergency: false
[DEBUG] 19:13:44.491 [AiEngine] Using JS Search
[DEBUG] 19:13:44.491 [AiEngine] Adaptive time: 3000ms, depth: 5, reason: midgame, tactical, emergency: false
[DEBUG] 19:13:44.491 [AiEngine] Using JS Search
[DEBUG] 19:13:44.491 [AiEngine] Adaptive time: 3000ms, depth: 5, reason: midgame, emergency: false
[DEBUG] 19:13:44.491 [AiEngine] Using JS Search
[DEBUG] 19:13:44.491 [AiEngine] Adaptive time: 3000ms, depth: 5, reason: midgame, tactical, emergency: false
[DEBUG] 19:13:44.491 [AiEngine] Using JS Search
[DEBUG] 19:13:44.492 [AiEngine] Adaptive time: 3000ms, depth: 5, reason: midgame, emergency: false
[DEBUG] 19:13:44.492 [AiEngine] Using JS Search
[DEBUG] 19:13:44.492 [AiEngine] Adaptive time: 3000ms, depth: 5, reason: midgame, tactical, emergency: false
[DEBUG] 19:13:44.492 [AiEngine] Using JS Search
[DEBUG] 19:13:44.492 [AiEngine] Adaptive time: 3000ms, depth: 5, reason: midgame, emergency: false
[DEBUG] 19:13:44.492 [AiEngine] Using JS Search
[DEBUG] 19:13:44.492 [AiEngine] Adaptive time: 3000ms, depth: 5, reason: midgame, tactical, emergency: false
[DEBUG] 19:13:44.492 [AiEngine] Using JS Search
[DEBUG] 19:13:44.492 [AiEngine] Adaptive time: 3000ms, depth: 5, reason: midgame, emergency: false
[DEBUG] 19:13:44.492 [AiEngine] Using JS Search
[DEBUG] 19:13:44.492 [AiEngine] Adaptive time: 3000ms, depth: 5, reason: midgame, tactical, emergency: false
[DEBUG] 19:13:44.492 [AiEngine] Using JS Search
[DEBUG] 19:13:44.493 [AiEngine] Adaptive time: 3000ms, depth: 5, reason: midgame, emergency: false
[DEBUG] 19:13:44.493 [AiEngine] Using JS Search
[DEBUG] 19:13:44.493 [AiEngine] Adaptive time: 3000ms, depth: 5, reason: midgame, tactical, emergency: false
[DEBUG] 19:13:44.493 [AiEngine] Using JS Search
[DEBUG] 19:13:44.494 [AiEngine] Adaptive time: 3000ms, depth: 5, reason: midgame, emergency: false
[DEBUG] 19:13:44.494 [AiEngine] Using JS Search
[DEBUG] 19:13:44.494 [AiEngine] Adaptive time: 3000ms, depth: 5, reason: midgame, tactical, emergency: false
[DEBUG] 19:13:44.494 [AiEngine] Using JS Search
[DEBUG] 19:13:44.494 [AiEngine] Adaptive time: 3000ms, depth: 5, reason: midgame, emergency: false
[DEBUG] 19:13:44.494 [AiEngine] Using JS Search
[DEBUG] 19:13:44.494 [AiEngine] Adaptive time: 3000ms, depth: 5, reason: midgame, tactical, emergency: false
[DEBUG] 19:13:44.494 [AiEngine] Using JS Search
[DEBUG] 19:13:44.494 [AiEngine] Adaptive time: 3000ms, depth: 5, reason: midgame, emergency: false
[DEBUG] 19:13:44.494 [AiEngine] Using JS Search
[DEBUG] 19:13:44.495 [AiEngine] Adaptive time: 3000ms, depth: 5, reason: midgame, tactical, emergency: false
[DEBUG] 19:13:44.495 [AiEngine] Using JS Search
[DEBUG] 19:13:44.495 [AiEngine] Adaptive time: 3000ms, depth: 5, reason: midgame, emergency: false
[DEBUG] 19:13:44.495 [AiEngine] Using JS Search
[DEBUG] 19:13:44.495 [AiEngine] Adaptive time: 3000ms, depth: 5, reason: midgame, tactical, emergency: false
[DEBUG] 19:13:44.495 [AiEngine] Using JS Search
[DEBUG] 19:13:44.495 [AiEngine] Adaptive time: 3000ms, depth: 5, reason: midgame, emergency: false
[DEBUG] 19:13:44.495 [AiEngine] Using JS Search
[DEBUG] 19:13:44.495 [AiEngine] Adaptive time: 3000ms, depth: 5, reason: midgame, tactical, emergency: false
[DEBUG] 19:13:44.495 [AiEngine] Using JS Search
[DEBUG] 19:13:44.495 [AiEngine] Adaptive time: 3000ms, depth: 5, reason: midgame, emergency: false
[DEBUG] 19:13:44.495 [AiEngine] Using JS Search
[DEBUG] 19:13:44.496 [AiEngine] Adaptive time: 3000ms, depth: 5, reason: midgame, tactical, emergency: false
[DEBUG] 19:13:44.496 [AiEngine] Using JS Search
[DEBUG] 19:13:44.496 [AiEngine] Adaptive time: 3000ms, depth: 5, reason: midgame, emergency: false
[DEBUG] 19:13:44.496 [AiEngine] Using JS Search
[DEBUG] 19:13:44.496 [AiEngine] Adaptive time: 3000ms, depth: 5, reason: midgame, tactical, emergency: false
[DEBUG] 19:13:44.496 [AiEngine] Using JS Search
[DEBUG] 19:13:44.496 [AiEngine] Adaptive time: 3000ms, depth: 5, reason: midgame, emergency: false
[DEBUG] 19:13:44.496 [AiEngine] Using JS Search
[DEBUG] 19:13:44.496 [AiEngine] Adaptive time: 3000ms, depth: 5, reason: midgame, tactical, emergency: false
[DEBUG] 19:13:44.496 [AiEngine] Using JS Search
[DEBUG] 19:13:44.497 [AiEngine] Adaptive time: 3000ms, depth: 5, reason: midgame, emergency: false
[DEBUG] 19:13:44.497 [AiEngine] Using JS Search
[DEBUG] 19:13:44.497 [AiEngine] Adaptive time: 3000ms, depth: 5, reason: midgame, tactical, emergency: false
[DEBUG] 19:13:44.497 [AiEngine] Using JS Search
[DEBUG] 19:13:44.497 [AiEngine] Adaptive time: 3000ms, depth: 5, reason: midgame, emergency: false
[DEBUG] 19:13:44.497 [AiEngine] Using JS Search
[DEBUG] 19:13:44.497 [AiEngine] Adaptive time: 3000ms, depth: 5, reason: midgame, tactical, emergency: false
[DEBUG] 19:13:44.497 [AiEngine] Using JS Search
[DEBUG] 19:13:44.497 [AiEngine] Adaptive time: 3000ms, depth: 5, reason: midgame, emergency: false
[DEBUG] 19:13:44.497 [AiEngine] Using JS Search
[DEBUG] 19:13:44.498 [AiEngine] Adaptive time: 3000ms, depth: 5, reason: midgame, tactical, emergency: false
[DEBUG] 19:13:44.498 [AiEngine] Using JS Search
[DEBUG] 19:13:44.498 [AiEngine] Adaptive time: 3000ms, depth: 5, reason: midgame, emergency: false
[DEBUG] 19:13:44.498 [AiEngine] Using JS Search
[DEBUG] 19:13:44.498 [AiEngine] Adaptive time: 3000ms, depth: 5, reason: midgame, tactical, emergency: false
[DEBUG] 19:13:44.498 [AiEngine] Using JS Search
[DEBUG] 19:13:44.498 [AiEngine] Adaptive time: 500ms, depth: 4, reason: midgame, opening, emergency: false
[DEBUG] 19:13:44.498 [AiEngine] Using JS Search
[DEBUG] 19:13:44.498 [AiEngine] Adaptive time: 500ms, depth: 4, reason: midgame, opening, emergency: false
[DEBUG] 19:13:44.498 [AiEngine] Using JS Search
[DEBUG] 19:13:44.499 [AiEngine] Adaptive time: 500ms, depth: 4, reason: midgame, opening, emergency: false
[DEBUG] 19:13:44.499 [AiEngine] Using JS Search
[DEBUG] 19:13:44.499 [AiEngine] Adaptive time: 500ms, depth: 4, reason: midgame, opening, tactical, emergency: false
[DEBUG] 19:13:44.499 [AiEngine] Using JS Search
[DEBUG] 19:13:44.499 [AiEngine] Adaptive time: 500ms, depth: 4, reason: midgame, opening, emergency: false
[DEBUG] 19:13:44.499 [AiEngine] Using JS Search
[DEBUG] 19:13:44.499 [AiEngine] Adaptive time: 500ms, depth: 4, reason: midgame, opening, tactical, emergency: false
[DEBUG] 19:13:44.499 [AiEngine] Using JS Search
[DEBUG] 19:13:44.499 [AiEngine] Adaptive time: 500ms, depth: 4, reason: midgame, opening, emergency: false
[DEBUG] 19:13:44.499 [AiEngine] Using JS Search
[DEBUG] 19:13:44.500 [AiEngine] Adaptive time: 500ms, depth: 4, reason: midgame, opening, tactical, emergency: false
[DEBUG] 19:13:44.500 [AiEngine] Using JS Search
[DEBUG] 19:13:44.500 [AiEngine] Adaptive time: 500ms, depth: 4, reason: midgame, opening, emergency: false
[DEBUG] 19:13:44.500 [AiEngine] Using JS Search
[DEBUG] 19:13:44.500 [AiEngine] Adaptive time: 500ms, depth: 4, reason: midgame, opening, tactical, emergency: false
[DEBUG] 19:13:44.500 [AiEngine] Using JS Search
[DEBUG] 19:13:44.500 [AiEngine] Adaptive time: 500ms, depth: 4, reason: midgame, opening, emergency: false
[DEBUG] 19:13:44.500 [AiEngine] Using JS Search
[DEBUG] 19:13:44.500 [AiEngine] Adaptive time: 500ms, depth: 4, reason: midgame, opening, tactical, emergency: false
[DEBUG] 19:13:44.500 [AiEngine] Using JS Search
[DEBUG] 19:13:44.501 [AiEngine] Adaptive time: 500ms, depth: 4, reason: midgame, opening, emergency: false
[DEBUG] 19:13:44.501 [AiEngine] Using JS Search
[DEBUG] 19:13:44.501 [AiEngine] Adaptive time: 500ms, depth: 4, reason: midgame, opening, tactical, emergency: false
[DEBUG] 19:13:44.501 [AiEngine] Using JS Search
[DEBUG] 19:13:44.501 [AiEngine] Adaptive time: 500ms, depth: 4, reason: midgame, opening, emergency: false
[DEBUG] 19:13:44.501 [AiEngine] Using JS Search
[DEBUG] 19:13:44.501 [AiEngine] Adaptive time: 500ms, depth: 4, reason: midgame, opening, tactical, emergency: false
[DEBUG] 19:13:44.501 [AiEngine] Using JS Search
[DEBUG] 19:13:44.501 [AiEngine] Adaptive time: 500ms, depth: 4, reason: midgame, opening, emergency: false
[DEBUG] 19:13:44.501 [AiEngine] Using JS Search
[DEBUG] 19:13:44.502 [AiEngine] Adaptive time: 500ms, depth: 4, reason: midgame, opening, tactical, emergency: false
[DEBUG] 19:13:44.502 [AiEngine] Using JS Search
[DEBUG] 19:13:44.502 [AiEngine] Adaptive time: 500ms, depth: 4, reason: midgame, opening, emergency: false
[DEBUG] 19:13:44.502 [AiEngine] Using JS Search
[DEBUG] 19:13:44.502 [AiEngine] Adaptive time: 500ms, depth: 4, reason: midgame, opening, tactical, emergency: false
[DEBUG] 19:13:44.502 [AiEngine] Using JS Search
[DEBUG] 19:13:44.502 [AiEngine] Adaptive time: 500ms, depth: 4, reason: midgame, opening, emergency: false
[DEBUG] 19:13:44.502 [AiEngine] Using JS Search
[DEBUG] 19:13:44.502 [AiEngine] Adaptive time: 500ms, depth: 4, reason: midgame, opening, tactical, emergency: false
[DEBUG] 19:13:44.502 [AiEngine] Using JS Search
[DEBUG] 19:13:44.503 [AiEngine] Adaptive time: 500ms, depth: 4, reason: midgame, opening, emergency: false
[DEBUG] 19:13:44.503 [AiEngine] Using JS Search
[DEBUG] 19:13:44.503 [AiEngine] Adaptive time: 500ms, depth: 4, reason: midgame, opening, tactical, emergency: false
[DEBUG] 19:13:44.503 [AiEngine] Using JS Search
[DEBUG] 19:13:44.503 [AiEngine] Adaptive time: 500ms, depth: 4, reason: midgame, opening, emergency: false
[DEBUG] 19:13:44.503 [AiEngine] Using JS Search
[DEBUG] 19:13:44.503 [AiEngine] Adaptive time: 500ms, depth: 4, reason: midgame, opening, tactical, emergency: false
[DEBUG] 19:13:44.503 [AiEngine] Using JS Search
[DEBUG] 19:13:44.503 [AiEngine] Adaptive time: 500ms, depth: 4, reason: midgame, opening, emergency: false
[DEBUG] 19:13:44.503 [AiEngine] Using JS Search
[DEBUG] 19:13:44.504 [AiEngine] Adaptive time: 500ms, depth: 4, reason: midgame, opening, tactical, emergency: false
[DEBUG] 19:13:44.504 [AiEngine] Using JS Search
[DEBUG] 19:13:44.504 [AiEngine] Adaptive time: 500ms, depth: 4, reason: midgame, opening, emergency: false
[DEBUG] 19:13:44.504 [AiEngine] Using JS Search
[DEBUG] 19:13:44.504 [AiEngine] Adaptive time: 500ms, depth: 4, reason: midgame, opening, tactical, emergency: false
[DEBUG] 19:13:44.504 [AiEngine] Using JS Search
[DEBUG] 19:13:44.504 [AiEngine] Adaptive time: 500ms, depth: 4, reason: midgame, opening, emergency: false
[DEBUG] 19:13:44.505 [AiEngine] Using JS Search
[DEBUG] 19:13:44.505 [AiEngine] Adaptive time: 500ms, depth: 4, reason: midgame, opening, tactical, emergency: false
[DEBUG] 19:13:44.505 [AiEngine] Using JS Search
[DEBUG] 19:13:44.505 [AiEngine] Adaptive time: 500ms, depth: 4, reason: midgame, opening, emergency: false
[DEBUG] 19:13:44.505 [AiEngine] Using JS Search
[DEBUG] 19:13:44.505 [AiEngine] Adaptive time: 500ms, depth: 4, reason: midgame, opening, tactical, emergency: false
[DEBUG] 19:13:44.505 [AiEngine] Using JS Search
[DEBUG] 19:13:44.505 [AiEngine] Adaptive time: 500ms, depth: 4, reason: midgame, opening, emergency: false
[DEBUG] 19:13:44.505 [AiEngine] Using JS Search
[DEBUG] 19:13:44.506 [AiEngine] Adaptive time: 500ms, depth: 4, reason: midgame, opening, tactical, emergency: false
[DEBUG] 19:13:44.506 [AiEngine] Using JS Search
[DEBUG] 19:13:44.506 [AiEngine] Adaptive time: 500ms, depth: 4, reason: midgame, opening, emergency: false
[DEBUG] 19:13:44.506 [AiEngine] Using JS Search
[DEBUG] 19:13:44.506 [AiEngine] Adaptive time: 500ms, depth: 4, reason: midgame, opening, tactical, emergency: false
[DEBUG] 19:13:44.506 [AiEngine] Using JS Search
[DEBUG] 19:13:44.506 [AiEngine] Adaptive time: 500ms, depth: 4, reason: midgame, opening, emergency: false
[DEBUG] 19:13:44.506 [AiEngine] Using JS Search
[DEBUG] 19:13:44.506 [AiEngine] Adaptive time: 500ms, depth: 4, reason: midgame, opening, tactical, emergency: false
[DEBUG] 19:13:44.506 [AiEngine] Using JS Search
[DEBUG] 19:13:44.507 [AiEngine] Adaptive time: 3000ms, depth: 5, reason: midgame, emergency: false
[DEBUG] 19:13:44.507 [AiEngine] Using JS Search
[DEBUG] 19:13:44.507 [AiEngine] Adaptive time: 3000ms, depth: 5, reason: midgame, tactical, emergency: false
[DEBUG] 19:13:44.507 [AiEngine] Using JS Search
[DEBUG] 19:13:44.507 [AiEngine] Adaptive time: 3000ms, depth: 5, reason: midgame, emergency: false
[DEBUG] 19:13:44.507 [AiEngine] Using JS Search
[DEBUG] 19:13:44.507 [AiEngine] Adaptive time: 3000ms, depth: 5, reason: midgame, tactical, emergency: false
[DEBUG] 19:13:44.507 [AiEngine] Using JS Search
[DEBUG] 19:13:44.507 [AiEngine] Adaptive time: 3000ms, depth: 5, reason: midgame, emergency: false
[DEBUG] 19:13:44.507 [AiEngine] Using JS Search
[DEBUG] 19:13:44.508 [AiEngine] Adaptive time: 3000ms, depth: 5, reason: midgame, tactical, emergency: false
[DEBUG] 19:13:44.508 [AiEngine] Using JS Search
[DEBUG] 19:13:44.508 [AiEngine] Adaptive time: 3000ms, depth: 5, reason: midgame, emergency: false
[DEBUG] 19:13:44.508 [AiEngine] Using JS Search
[DEBUG] 19:13:44.508 [AiEngine] Adaptive time: 3000ms, depth: 5, reason: midgame, tactical, emergency: false
[DEBUG] 19:13:44.508 [AiEngine] Using JS Search
[DEBUG] 19:13:44.508 [AiEngine] Adaptive time: 3000ms, depth: 5, reason: midgame, emergency: false
[DEBUG] 19:13:44.508 [AiEngine] Using JS Search
[DEBUG] 19:13:44.508 [AiEngine] Adaptive time: 3000ms, depth: 5, reason: midgame, tactical, emergency: false
[DEBUG] 19:13:44.508 [AiEngine] Using JS Search
[DEBUG] 19:13:44.509 [AiEngine] Adaptive time: 3000ms, depth: 5, reason: midgame, emergency: false
[DEBUG] 19:13:44.509 [AiEngine] Using JS Search
[DEBUG] 19:13:44.509 [AiEngine] Adaptive time: 3000ms, depth: 5, reason: midgame, tactical, emergency: false
[DEBUG] 19:13:44.509 [AiEngine] Using JS Search
[DEBUG] 19:13:44.509 [AiEngine] Adaptive time: 3000ms, depth: 5, reason: midgame, emergency: false
[DEBUG] 19:13:44.509 [AiEngine] Using JS Search
[DEBUG] 19:13:44.509 [AiEngine] Adaptive time: 3000ms, depth: 5, reason: midgame, tactical, emergency: false
[DEBUG] 19:13:44.509 [AiEngine] Using JS Search
[DEBUG] 19:13:44.509 [AiEngine] Adaptive time: 3000ms, depth: 5, reason: midgame, emergency: false
[DEBUG] 19:13:44.509 [AiEngine] Using JS Search
[DEBUG] 19:13:44.510 [AiEngine] Adaptive time: 3000ms, depth: 5, reason: midgame, tactical, emergency: false
[DEBUG] 19:13:44.510 [AiEngine] Using JS Search
[DEBUG] 19:13:44.510 [AiEngine] Adaptive time: 3000ms, depth: 5, reason: midgame, emergency: false
[DEBUG] 19:13:44.510 [AiEngine] Using JS Search
[DEBUG] 19:13:44.510 [AiEngine] Adaptive time: 3000ms, depth: 5, reason: midgame, tactical, emergency: false
[DEBUG] 19:13:44.510 [AiEngine] Using JS Search
[DEBUG] 19:13:44.510 [AiEngine] Adaptive time: 3000ms, depth: 5, reason: midgame, emergency: false
[DEBUG] 19:13:44.510 [AiEngine] Using JS Search
[DEBUG] 19:13:44.510 [AiEngine] Adaptive time: 3000ms, depth: 5, reason: midgame, tactical, emergency: false
[DEBUG] 19:13:44.511 [AiEngine] Using JS Search
[DEBUG] 19:13:44.511 [AiEngine] Adaptive time: 3000ms, depth: 5, reason: midgame, emergency: false
[DEBUG] 19:13:44.511 [AiEngine] Using JS Search
[DEBUG] 19:13:44.511 [AiEngine] Adaptive time: 3000ms, depth: 5, reason: midgame, tactical, emergency: false
[DEBUG] 19:13:44.511 [AiEngine] Using JS Search
[DEBUG] 19:13:44.511 [AiEngine] Adaptive time: 3000ms, depth: 5, reason: midgame, emergency: false
[DEBUG] 19:13:44.511 [AiEngine] Using JS Search
[DEBUG] 19:13:44.511 [AiEngine] Adaptive time: 3000ms, depth: 5, reason: midgame, tactical, emergency: false
[DEBUG] 19:13:44.511 [AiEngine] Using JS Search
[DEBUG] 19:13:44.511 [AiEngine] Adaptive time: 3000ms, depth: 5, reason: midgame, emergency: false
[DEBUG] 19:13:44.512 [AiEngine] Using JS Search
[DEBUG] 19:13:44.512 [AiEngine] Adaptive time: 3000ms, depth: 5, reason: midgame, tactical, emergency: false
[DEBUG] 19:13:44.512 [AiEngine] Using JS Search
[DEBUG] 19:13:44.512 [AiEngine] Adaptive time: 3000ms, depth: 5, reason: midgame, emergency: false
[DEBUG] 19:13:44.512 [AiEngine] Using JS Search
[DEBUG] 19:13:44.512 [AiEngine] Adaptive time: 3000ms, depth: 5, reason: midgame, tactical, emergency: false
[DEBUG] 19:13:44.512 [AiEngine] Using JS Search
[DEBUG] 19:13:44.512 [AiEngine] Adaptive time: 3000ms, depth: 5, reason: midgame, emergency: false
[DEBUG] 19:13:44.512 [AiEngine] Using JS Search
[DEBUG] 19:13:44.512 [AiEngine] Adaptive time: 3000ms, depth: 5, reason: midgame, tactical, emergency: false
[DEBUG] 19:13:44.512 [AiEngine] Using JS Search
[DEBUG] 19:13:44.513 [AiEngine] Adaptive time: 3000ms, depth: 5, reason: midgame, emergency: false
[DEBUG] 19:13:44.513 [AiEngine] Using JS Search
[DEBUG] 19:13:44.513 [AiEngine] Adaptive time: 3000ms, depth: 5, reason: midgame, tactical, emergency: false
[DEBUG] 19:13:44.513 [AiEngine] Using JS Search
[DEBUG] 19:13:44.513 [AiEngine] Adaptive time: 3000ms, depth: 5, reason: midgame, emergency: false
[DEBUG] 19:13:44.513 [AiEngine] Using JS Search
[DEBUG] 19:13:44.513 [AiEngine] Adaptive time: 3000ms, depth: 5, reason: midgame, tactical, emergency: false
[DEBUG] 19:13:44.513 [AiEngine] Using JS Search
[DEBUG] 19:13:44.513 [AiEngine] Adaptive time: 3000ms, depth: 5, reason: midgame, emergency: false
[DEBUG] 19:13:44.513 [AiEngine] Using JS Search
[DEBUG] 19:13:44.514 [AiEngine] Adaptive time: 3000ms, depth: 5, reason: midgame, tactical, emergency: false
[DEBUG] 19:13:44.514 [AiEngine] Using JS Search
[DEBUG] 19:13:44.514 [AiEngine] Adaptive time: 3000ms, depth: 5, reason: midgame, emergency: false
[DEBUG] 19:13:44.514 [AiEngine] Using JS Search
[DEBUG] 19:13:44.514 [AiEngine] Adaptive time: 3000ms, depth: 5, reason: midgame, tactical, emergency: false
[DEBUG] 19:13:44.514 [AiEngine] Using JS Search
[DEBUG] 19:13:44.514 [AiEngine] Adaptive time: 3000ms, depth: 5, reason: midgame, emergency: false
[DEBUG] 19:13:44.514 [AiEngine] Using JS Search
[DEBUG] 19:13:44.514 [AiEngine] Adaptive time: 3000ms, depth: 5, reason: midgame, tactical, emergency: false
[DEBUG] 19:13:44.514 [AiEngine] Using JS Search
[DEBUG] 19:13:44.515 [AiEngine] Adaptive time: 3000ms, depth: 5, reason: midgame, emergency: false
[DEBUG] 19:13:44.515 [AiEngine] Using JS Search
[DEBUG] 19:13:44.515 [AiEngine] Adaptive time: 3000ms, depth: 5, reason: midgame, tactical, emergency: false
[DEBUG] 19:13:44.515 [AiEngine] Using JS Search
[DEBUG] 19:13:44.515 [AiEngine] Adaptive time: 3000ms, depth: 5, reason: midgame, emergency: false
[DEBUG] 19:13:44.515 [AiEngine] Using JS Search
[DEBUG] 19:13:44.515 [AiEngine] Adaptive time: 3000ms, depth: 5, reason: midgame, tactical, emergency: false
[DEBUG] 19:13:44.515 [AiEngine] Using JS Search
[DEBUG] 19:13:44.516 [AiEngine] Adaptive time: 3000ms, depth: 5, reason: midgame, emergency: false
[DEBUG] 19:13:44.516 [AiEngine] Using JS Search
[DEBUG] 19:13:44.516 [AiEngine] Adaptive time: 3000ms, depth: 5, reason: midgame, tactical, emergency: false
[DEBUG] 19:13:44.516 [AiEngine] Using JS Search
[DEBUG] 19:13:44.516 [AiEngine] Adaptive time: 3000ms, depth: 5, reason: midgame, emergency: false
[DEBUG] 19:13:44.516 [AiEngine] Using JS Search
[DEBUG] 19:13:44.516 [AiEngine] Adaptive time: 3000ms, depth: 5, reason: midgame, tactical, emergency: false
[DEBUG] 19:13:44.516 [AiEngine] Using JS Search
[DEBUG] 19:13:44.516 [AiEngine] Adaptive time: 3000ms, depth: 5, reason: midgame, emergency: false
[DEBUG] 19:13:44.516 [AiEngine] Using JS Search
[DEBUG] 19:13:44.516 [AiEngine] Adaptive time: 3000ms, depth: 5, reason: midgame, tactical, emergency: false
[DEBUG] 19:13:44.516 [AiEngine] Using JS Search
[DEBUG] 19:13:44.517 [AiEngine] Adaptive time: 3000ms, depth: 5, reason: midgame, emergency: false
[DEBUG] 19:13:44.517 [AiEngine] Using JS Search
[DEBUG] 19:13:44.517 [AiEngine] Adaptive time: 3000ms, depth: 5, reason: midgame, tactical, emergency: false
[DEBUG] 19:13:44.517 [AiEngine] Using JS Search
[DEBUG] 19:13:44.517 [AiEngine] Adaptive time: 3000ms, depth: 5, reason: midgame, emergency: false
[DEBUG] 19:13:44.517 [AiEngine] Using JS Search
[DEBUG] 19:13:44.517 [AiEngine] Adaptive time: 3000ms, depth: 5, reason: midgame, tactical, emergency: false
[DEBUG] 19:13:44.517 [AiEngine] Using JS Search
[DEBUG] 19:13:44.517 [AiEngine] Adaptive time: 3000ms, depth: 5, reason: midgame, emergency: false
[DEBUG] 19:13:44.517 [AiEngine] Using JS Search
[DEBUG] 19:13:44.518 [AiEngine] Adaptive time: 3000ms, depth: 5, reason: midgame, tactical, emergency: false
[DEBUG] 19:13:44.518 [AiEngine] Using JS Search
[DEBUG] 19:13:44.518 [AiEngine] Adaptive time: 3000ms, depth: 5, reason: midgame, emergency: false
[DEBUG] 19:13:44.518 [AiEngine] Using JS Search
[DEBUG] 19:13:44.518 [AiEngine] Adaptive time: 3000ms, depth: 5, reason: midgame, tactical, emergency: false
[DEBUG] 19:13:44.518 [AiEngine] Using JS Search
[DEBUG] 19:13:44.518 [AiEngine] Adaptive time: 3000ms, depth: 5, reason: midgame, emergency: false
[DEBUG] 19:13:44.518 [AiEngine] Using JS Search
[DEBUG] 19:13:44.518 [AiEngine] Adaptive time: 3000ms, depth: 5, reason: midgame, tactical, emergency: false
[DEBUG] 19:13:44.518 [AiEngine] Using JS Search
[DEBUG] 19:13:44.519 [AiEngine] Adaptive time: 500ms, depth: 4, reason: midgame, opening, emergency: false
[DEBUG] 19:13:44.519 [AiEngine] Using JS Search
[DEBUG] 19:13:44.519 [AiEngine] Adaptive time: 500ms, depth: 4, reason: midgame, opening, emergency: false
[DEBUG] 19:13:44.519 [AiEngine] Using JS Search
[DEBUG] 19:13:44.519 [AiEngine] Adaptive time: 500ms, depth: 4, reason: midgame, opening, emergency: false
[DEBUG] 19:13:44.519 [AiEngine] Using JS Search
[DEBUG] 19:13:44.519 [AiEngine] Adaptive time: 500ms, depth: 4, reason: midgame, opening, tactical, emergency: false
[DEBUG] 19:13:44.519 [AiEngine] Using JS Search
[DEBUG] 19:13:44.519 [AiEngine] Adaptive time: 500ms, depth: 4, reason: midgame, opening, emergency: false
[DEBUG] 19:13:44.519 [AiEngine] Using JS Search
[DEBUG] 19:13:44.519 [AiEngine] Adaptive time: 500ms, depth: 4, reason: midgame, opening, tactical, emergency: false
[DEBUG] 19:13:44.519 [AiEngine] Using JS Search
[DEBUG] 19:13:44.520 [AiEngine] Adaptive time: 500ms, depth: 4, reason: midgame, opening, emergency: false
[DEBUG] 19:13:44.520 [AiEngine] Using JS Search
[DEBUG] 19:13:44.520 [AiEngine] Adaptive time: 500ms, depth: 4, reason: midgame, opening, tactical, emergency: false
[DEBUG] 19:13:44.520 [AiEngine] Using JS Search
[DEBUG] 19:13:44.520 [AiEngine] Adaptive time: 500ms, depth: 4, reason: midgame, opening, emergency: false
[DEBUG] 19:13:44.520 [AiEngine] Using JS Search
[DEBUG] 19:13:44.520 [AiEngine] Adaptive time: 500ms, depth: 4, reason: midgame, opening, tactical, emergency: false
[DEBUG] 19:13:44.520 [AiEngine] Using JS Search
[DEBUG] 19:13:44.520 [AiEngine] Adaptive time: 500ms, depth: 4, reason: midgame, opening, emergency: false
[DEBUG] 19:13:44.520 [AiEngine] Using JS Search
[DEBUG] 19:13:44.521 [AiEngine] Adaptive time: 500ms, depth: 4, reason: midgame, opening, tactical, emergency: false
[DEBUG] 19:13:44.521 [AiEngine] Using JS Search
[DEBUG] 19:13:44.521 [AiEngine] Adaptive time: 500ms, depth: 4, reason: midgame, opening, emergency: false
[DEBUG] 19:13:44.521 [AiEngine] Using JS Search
[DEBUG] 19:13:44.521 [AiEngine] Adaptive time: 500ms, depth: 4, reason: midgame, opening, tactical, emergency: false
[DEBUG] 19:13:44.521 [AiEngine] Using JS Search
[DEBUG] 19:13:44.521 [AiEngine] Adaptive time: 500ms, depth: 4, reason: midgame, opening, emergency: false
[DEBUG] 19:13:44.521 [AiEngine] Using JS Search
[DEBUG] 19:13:44.521 [AiEngine] Adaptive time: 500ms, depth: 4, reason: midgame, opening, tactical, emergency: false
[DEBUG] 19:13:44.521 [AiEngine] Using JS Search
[DEBUG] 19:13:44.522 [AiEngine] Adaptive time: 500ms, depth: 4, reason: midgame, opening, emergency: false
[DEBUG] 19:13:44.522 [AiEngine] Using JS Search
[DEBUG] 19:13:44.522 [AiEngine] Adaptive time: 500ms, depth: 4, reason: midgame, opening, tactical, emergency: false
[DEBUG] 19:13:44.522 [AiEngine] Using JS Search
[DEBUG] 19:13:44.522 [AiEngine] Adaptive time: 500ms, depth: 4, reason: midgame, opening, emergency: false
[DEBUG] 19:13:44.522 [AiEngine] Using JS Search
[DEBUG] 19:13:44.522 [AiEngine] Adaptive time: 500ms, depth: 4, reason: midgame, opening, tactical, emergency: false
[DEBUG] 19:13:44.522 [AiEngine] Using JS Search
[DEBUG] 19:13:44.522 [AiEngine] Adaptive time: 500ms, depth: 4, reason: midgame, opening, emergency: false
[DEBUG] 19:13:44.522 [AiEngine] Using JS Search
[DEBUG] 19:13:44.522 [AiEngine] Adaptive time: 500ms, depth: 4, reason: midgame, opening, tactical, emergency: false
[DEBUG] 19:13:44.522 [AiEngine] Using JS Search
[DEBUG] 19:13:44.523 [AiEngine] Adaptive time: 500ms, depth: 4, reason: midgame, opening, emergency: false
[DEBUG] 19:13:44.523 [AiEngine] Using JS Search
[DEBUG] 19:13:44.523 [AiEngine] Adaptive time: 500ms, depth: 4, reason: midgame, opening, tactical, emergency: false
[DEBUG] 19:13:44.523 [AiEngine] Using JS Search
[DEBUG] 19:13:44.523 [AiEngine] Adaptive time: 500ms, depth: 4, reason: midgame, opening, emergency: false
[DEBUG] 19:13:44.523 [AiEngine] Using JS Search
[DEBUG] 19:13:44.523 [AiEngine] Adaptive time: 500ms, depth: 4, reason: midgame, opening, tactical, emergency: false
[DEBUG] 19:13:44.523 [AiEngine] Using JS Search
[DEBUG] 19:13:44.523 [AiEngine] Adaptive time: 500ms, depth: 4, reason: midgame, opening, emergency: false
[DEBUG] 19:13:44.523 [AiEngine] Using JS Search
[DEBUG] 19:13:44.524 [AiEngine] Adaptive time: 500ms, depth: 4, reason: midgame, opening, tactical, emergency: false
[DEBUG] 19:13:44.524 [AiEngine] Using JS Search
[DEBUG] 19:13:44.524 [AiEngine] Adaptive time: 500ms, depth: 4, reason: midgame, opening, emergency: false
[DEBUG] 19:13:44.524 [AiEngine] Using JS Search
[DEBUG] 19:13:44.524 [AiEngine] Adaptive time: 500ms, depth: 4, reason: midgame, opening, tactical, emergency: false
[DEBUG] 19:13:44.524 [AiEngine] Using JS Search
[DEBUG] 19:13:44.524 [AiEngine] Adaptive time: 500ms, depth: 4, reason: midgame, opening, emergency: false
[DEBUG] 19:13:44.524 [AiEngine] Using JS Search
[DEBUG] 19:13:44.524 [AiEngine] Adaptive time: 500ms, depth: 4, reason: midgame, opening, tactical, emergency: false
[DEBUG] 19:13:44.524 [AiEngine] Using JS Search
[DEBUG] 19:13:44.524 [AiEngine] Adaptive time: 500ms, depth: 4, reason: midgame, opening, emergency: false
[DEBUG] 19:13:44.525 [AiEngine] Using JS Search
[DEBUG] 19:13:44.525 [AiEngine] Adaptive time: 500ms, depth: 4, reason: midgame, opening, tactical, emergency: false
[DEBUG] 19:13:44.525 [AiEngine] Using JS Search
[DEBUG] 19:13:44.525 [AiEngine] Adaptive time: 500ms, depth: 4, reason: midgame, opening, emergency: false
[DEBUG] 19:13:44.525 [AiEngine] Using JS Search
[DEBUG] 19:13:44.525 [AiEngine] Adaptive time: 500ms, depth: 4, reason: midgame, opening, tactical, emergency: false
[DEBUG] 19:13:44.525 [AiEngine] Using JS Search
[DEBUG] 19:13:44.525 [AiEngine] Adaptive time: 500ms, depth: 4, reason: midgame, opening, emergency: false
[DEBUG] 19:13:44.525 [AiEngine] Using JS Search
[DEBUG] 19:13:44.526 [AiEngine] Adaptive time: 500ms, depth: 4, reason: midgame, opening, tactical, emergency: false
[DEBUG] 19:13:44.526 [AiEngine] Using JS Search
[DEBUG] 19:13:44.526 [AiEngine] Adaptive time: 500ms, depth: 4, reason: midgame, opening, emergency: false
[DEBUG] 19:13:44.526 [AiEngine] Using JS Search
[DEBUG] 19:13:44.526 [AiEngine] Adaptive time: 500ms, depth: 4, reason: midgame, opening, tactical, emergency: false
[DEBUG] 19:13:44.526 [AiEngine] Using JS Search
[DEBUG] 19:13:44.526 [AiEngine] Adaptive time: 3000ms, depth: 5, reason: midgame, emergency: false
[DEBUG] 19:13:44.526 [AiEngine] Using JS Search
[DEBUG] 19:13:44.526 [AiEngine] Adaptive time: 3000ms, depth: 5, reason: midgame, tactical, emergency: false
[DEBUG] 19:13:44.526 [AiEngine] Using JS Search
[DEBUG] 19:13:44.527 [AiEngine] Adaptive time: 3000ms, depth: 5, reason: midgame, emergency: false
[DEBUG] 19:13:44.527 [AiEngine] Using JS Search
[DEBUG] 19:13:44.527 [AiEngine] Adaptive time: 3000ms, depth: 5, reason: midgame, tactical, emergency: false
[DEBUG] 19:13:44.527 [AiEngine] Using JS Search
[DEBUG] 19:13:44.527 [AiEngine] Adaptive time: 3000ms, depth: 5, reason: midgame, emergency: false
[DEBUG] 19:13:44.527 [AiEngine] Using JS Search
[DEBUG] 19:13:44.527 [AiEngine] Adaptive time: 3000ms, depth: 5, reason: midgame, tactical, emergency: false
[DEBUG] 19:13:44.527 [AiEngine] Using JS Search
[DEBUG] 19:13:44.527 [AiEngine] Adaptive time: 3000ms, depth: 5, reason: midgame, emergency: false
[DEBUG] 19:13:44.527 [AiEngine] Using JS Search
[DEBUG] 19:13:44.528 [AiEngine] Adaptive time: 3000ms, depth: 5, reason: midgame, tactical, emergency: false
[DEBUG] 19:13:44.528 [AiEngine] Using JS Search
[DEBUG] 19:13:44.528 [AiEngine] Adaptive time: 3000ms, depth: 5, reason: midgame, emergency: false
[DEBUG] 19:13:44.528 [AiEngine] Using JS Search
[DEBUG] 19:13:44.528 [AiEngine] Adaptive time: 3000ms, depth: 5, reason: midgame, tactical, emergency: false
[DEBUG] 19:13:44.528 [AiEngine] Using JS Search
[DEBUG] 19:13:44.528 [AiEngine] Adaptive time: 3000ms, depth: 5, reason: midgame, emergency: false
[DEBUG] 19:13:44.528 [AiEngine] Using JS Search
[DEBUG] 19:13:44.528 [AiEngine] Adaptive time: 3000ms, depth: 5, reason: midgame, tactical, emergency: false
[DEBUG] 19:13:44.528 [AiEngine] Using JS Search
[DEBUG] 19:13:44.528 [AiEngine] Adaptive time: 3000ms, depth: 5, reason: midgame, emergency: false
[DEBUG] 19:13:44.528 [AiEngine] Using JS Search
[DEBUG] 19:13:44.529 [AiEngine] Adaptive time: 3000ms, depth: 5, reason: midgame, tactical, emergency: false
[DEBUG] 19:13:44.529 [AiEngine] Using JS Search
[DEBUG] 19:13:44.529 [AiEngine] Adaptive time: 3000ms, depth: 5, reason: midgame, emergency: false
[DEBUG] 19:13:44.529 [AiEngine] Using JS Search
[DEBUG] 19:13:44.529 [AiEngine] Adaptive time: 3000ms, depth: 5, reason: midgame, tactical, emergency: false
[DEBUG] 19:13:44.529 [AiEngine] Using JS Search
[DEBUG] 19:13:44.529 [AiEngine] Adaptive time: 3000ms, depth: 5, reason: midgame, emergency: false
[DEBUG] 19:13:44.529 [AiEngine] Using JS Search
[DEBUG] 19:13:44.529 [AiEngine] Adaptive time: 3000ms, depth: 5, reason: midgame, tactical, emergency: false
[DEBUG] 19:13:44.529 [AiEngine] Using JS Search
[DEBUG] 19:13:44.530 [AiEngine] Adaptive time: 3000ms, depth: 5, reason: midgame, emergency: false
[DEBUG] 19:13:44.530 [AiEngine] Using JS Search
[DEBUG] 19:13:44.530 [AiEngine] Adaptive time: 3000ms, depth: 5, reason: midgame, tactical, emergency: false
[DEBUG] 19:13:44.530 [AiEngine] Using JS Search
[DEBUG] 19:13:44.530 [AiEngine] Adaptive time: 3000ms, depth: 5, reason: midgame, emergency: false
[DEBUG] 19:13:44.530 [AiEngine] Using JS Search
[DEBUG] 19:13:44.530 [AiEngine] Adaptive time: 3000ms, depth: 5, reason: midgame, tactical, emergency: false
[DEBUG] 19:13:44.530 [AiEngine] Using JS Search
[DEBUG] 19:13:44.530 [AiEngine] Adaptive time: 3000ms, depth: 5, reason: midgame, emergency: false
[DEBUG] 19:13:44.530 [AiEngine] Using JS Search
[DEBUG] 19:13:44.530 [AiEngine] Adaptive time: 3000ms, depth: 5, reason: midgame, tactical, emergency: false
[DEBUG] 19:13:44.531 [AiEngine] Using JS Search
[DEBUG] 19:13:44.531 [AiEngine] Adaptive time: 3000ms, depth: 5, reason: midgame, emergency: false
[DEBUG] 19:13:44.531 [AiEngine] Using JS Search
[DEBUG] 19:13:44.531 [AiEngine] Adaptive time: 3000ms, depth: 5, reason: midgame, tactical, emergency: false
[DEBUG] 19:13:44.531 [AiEngine] Using JS Search
[DEBUG] 19:13:44.531 [AiEngine] Adaptive time: 3000ms, depth: 5, reason: midgame, emergency: false
[DEBUG] 19:13:44.531 [AiEngine] Using JS Search
[DEBUG] 19:13:44.531 [AiEngine] Adaptive time: 3000ms, depth: 5, reason: midgame, tactical, emergency: false
[DEBUG] 19:13:44.531 [AiEngine] Using JS Search
[DEBUG] 19:13:44.532 [AiEngine] Adaptive time: 3000ms, depth: 5, reason: midgame, emergency: false
[DEBUG] 19:13:44.532 [AiEngine] Using JS Search
[DEBUG] 19:13:44.532 [AiEngine] Adaptive time: 3000ms, depth: 5, reason: midgame, tactical, emergency: false
[DEBUG] 19:13:44.532 [AiEngine] Using JS Search
[DEBUG] 19:13:44.532 [AiEngine] Adaptive time: 3000ms, depth: 5, reason: midgame, emergency: false
[DEBUG] 19:13:44.532 [AiEngine] Using JS Search
[DEBUG] 19:13:44.532 [AiEngine] Adaptive time: 3000ms, depth: 5, reason: midgame, tactical, emergency: false
[DEBUG] 19:13:44.532 [AiEngine] Using JS Search
[DEBUG] 19:13:44.532 [AiEngine] Adaptive time: 3000ms, depth: 5, reason: midgame, emergency: false
[DEBUG] 19:13:44.532 [AiEngine] Using JS Search
[DEBUG] 19:13:44.533 [AiEngine] Adaptive time: 3000ms, depth: 5, reason: midgame, tactical, emergency: false
[DEBUG] 19:13:44.533 [AiEngine] Using JS Search
[DEBUG] 19:13:44.533 [AiEngine] Adaptive time: 3000ms, depth: 5, reason: midgame, emergency: false
[DEBUG] 19:13:44.533 [AiEngine] Using JS Search
[DEBUG] 19:13:44.533 [AiEngine] Adaptive time: 3000ms, depth: 5, reason: midgame, tactical, emergency: false
[DEBUG] 19:13:44.533 [AiEngine] Using JS Search
[DEBUG] 19:13:44.533 [AiEngine] Adaptive time: 3000ms, depth: 5, reason: midgame, emergency: false
[DEBUG] 19:13:44.533 [AiEngine] Using JS Search
[DEBUG] 19:13:44.533 [AiEngine] Adaptive time: 3000ms, depth: 5, reason: midgame, tactical, emergency: false
[DEBUG] 19:13:44.533 [AiEngine] Using JS Search
[DEBUG] 19:13:44.534 [AiEngine] Adaptive time: 3000ms, depth: 5, reason: midgame, emergency: false
[DEBUG] 19:13:44.534 [AiEngine] Using JS Search
[DEBUG] 19:13:44.534 [AiEngine] Adaptive time: 3000ms, depth: 5, reason: midgame, tactical, emergency: false
[DEBUG] 19:13:44.534 [AiEngine] Using JS Search
[DEBUG] 19:13:44.534 [AiEngine] Adaptive time: 3000ms, depth: 5, reason: midgame, emergency: false
[DEBUG] 19:13:44.534 [AiEngine] Using JS Search
[DEBUG] 19:13:44.534 [AiEngine] Adaptive time: 3000ms, depth: 5, reason: midgame, tactical, emergency: false
[DEBUG] 19:13:44.534 [AiEngine] Using JS Search
[DEBUG] 19:13:44.534 [AiEngine] Adaptive time: 3000ms, depth: 5, reason: midgame, emergency: false
[DEBUG] 19:13:44.534 [AiEngine] Using JS Search
[DEBUG] 19:13:44.535 [AiEngine] Adaptive time: 3000ms, depth: 5, reason: midgame, tactical, emergency: false
[DEBUG] 19:13:44.535 [AiEngine] Using JS Search
[DEBUG] 19:13:44.535 [AiEngine] Adaptive time: 3000ms, depth: 5, reason: midgame, emergency: false
[DEBUG] 19:13:44.535 [AiEngine] Using JS Search
[DEBUG] 19:13:44.535 [AiEngine] Adaptive time: 3000ms, depth: 5, reason: midgame, tactical, emergency: false
[DEBUG] 19:13:44.535 [AiEngine] Using JS Search
[DEBUG] 19:13:44.535 [AiEngine] Adaptive time: 3000ms, depth: 5, reason: midgame, emergency: false
[DEBUG] 19:13:44.535 [AiEngine] Using JS Search
[DEBUG] 19:13:44.535 [AiEngine] Adaptive time: 3000ms, depth: 5, reason: midgame, tactical, emergency: false
[DEBUG] 19:13:44.536 [AiEngine] Using JS Search
[DEBUG] 19:13:44.536 [AiEngine] Adaptive time: 3000ms, depth: 5, reason: midgame, emergency: false
[DEBUG] 19:13:44.536 [AiEngine] Using JS Search
[DEBUG] 19:13:44.536 [AiEngine] Adaptive time: 3000ms, depth: 5, reason: midgame, tactical, emergency: false
[DEBUG] 19:13:44.536 [AiEngine] Using JS Search
[DEBUG] 19:13:44.536 [AiEngine] Adaptive time: 3000ms, depth: 5, reason: midgame, emergency: false
[DEBUG] 19:13:44.536 [AiEngine] Using JS Search
[DEBUG] 19:13:44.537 [AiEngine] Adaptive time: 3000ms, depth: 5, reason: midgame, tactical, emergency: false
[DEBUG] 19:13:44.537 [AiEngine] Using JS Search
[DEBUG] 19:13:44.537 [AiEngine] Adaptive time: 3000ms, depth: 5, reason: midgame, emergency: false
[DEBUG] 19:13:44.537 [AiEngine] Using JS Search
[DEBUG] 19:13:44.537 [AiEngine] Adaptive time: 3000ms, depth: 5, reason: midgame, tactical, emergency: false
[DEBUG] 19:13:44.537 [AiEngine] Using JS Search
[DEBUG] 19:13:44.537 [AiEngine] Adaptive time: 3000ms, depth: 5, reason: midgame, emergency: false
[DEBUG] 19:13:44.537 [AiEngine] Using JS Search
[DEBUG] 19:13:44.537 [AiEngine] Adaptive time: 3000ms, depth: 5, reason: midgame, tactical, emergency: false
[DEBUG] 19:13:44.537 [AiEngine] Using JS Search
[DEBUG] 19:13:44.538 [AiEngine] Adaptive time: 3000ms, depth: 5, reason: midgame, emergency: false
[DEBUG] 19:13:44.538 [AiEngine] Using JS Search
[DEBUG] 19:13:44.538 [AiEngine] Adaptive time: 3000ms, depth: 5, reason: midgame, tactical, emergency: false
[DEBUG] 19:13:44.538 [AiEngine] Using JS Search
[DEBUG] 19:13:44.538 [AiEngine] Adaptive time: 3000ms, depth: 5, reason: midgame, emergency: false
[DEBUG] 19:13:44.538 [AiEngine] Using JS Search
[DEBUG] 19:13:44.538 [AiEngine] Adaptive time: 3000ms, depth: 5, reason: midgame, tactical, emergency: false
[DEBUG] 19:13:44.538 [AiEngine] Using JS Search
[DEBUG] 19:13:44.538 [AiEngine] Adaptive time: 500ms, depth: 4, reason: midgame, opening, emergency: false
[DEBUG] 19:13:44.538 [AiEngine] Using JS Search
[DEBUG] 19:13:44.539 [AiEngine] Adaptive time: 500ms, depth: 4, reason: midgame, opening, emergency: false
[DEBUG] 19:13:44.539 [AiEngine] Using JS Search
[DEBUG] 19:13:44.539 [AiEngine] Adaptive time: 500ms, depth: 4, reason: midgame, opening, emergency: false
[DEBUG] 19:13:44.539 [AiEngine] Using JS Search
[DEBUG] 19:13:44.539 [AiEngine] Adaptive time: 500ms, depth: 4, reason: midgame, opening, tactical, emergency: false
[DEBUG] 19:13:44.539 [AiEngine] Using JS Search
[DEBUG] 19:13:44.539 [AiEngine] Adaptive time: 500ms, depth: 4, reason: midgame, opening, emergency: false
[DEBUG] 19:13:44.539 [AiEngine] Using JS Search
[DEBUG] 19:13:44.539 [AiEngine] Adaptive time: 500ms, depth: 4, reason: midgame, opening, tactical, emergency: false
[DEBUG] 19:13:44.539 [AiEngine] Using JS Search
[DEBUG] 19:13:44.539 [AiEngine] Adaptive time: 500ms, depth: 4, reason: midgame, opening, emergency: false
[DEBUG] 19:13:44.539 [AiEngine] Using JS Search
[DEBUG] 19:13:44.540 [AiEngine] Adaptive time: 500ms, depth: 4, reason: midgame, opening, tactical, emergency: false
[DEBUG] 19:13:44.540 [AiEngine] Using JS Search
[DEBUG] 19:13:44.540 [AiEngine] Adaptive time: 500ms, depth: 4, reason: midgame, opening, emergency: false
[DEBUG] 19:13:44.540 [AiEngine] Using JS Search
[DEBUG] 19:13:44.540 [AiEngine] Adaptive time: 500ms, depth: 4, reason: midgame, opening, tactical, emergency: false
[DEBUG] 19:13:44.540 [AiEngine] Using JS Search
[DEBUG] 19:13:44.540 [AiEngine] Adaptive time: 500ms, depth: 4, reason: midgame, opening, emergency: false
[DEBUG] 19:13:44.540 [AiEngine] Using JS Search
[DEBUG] 19:13:44.540 [AiEngine] Adaptive time: 500ms, depth: 4, reason: midgame, opening, tactical, emergency: false
[DEBUG] 19:13:44.540 [AiEngine] Using JS Search
[DEBUG] 19:13:44.541 [AiEngine] Adaptive time: 500ms, depth: 4, reason: midgame, opening, emergency: false
[DEBUG] 19:13:44.541 [AiEngine] Using JS Search
[DEBUG] 19:13:44.541 [AiEngine] Adaptive time: 500ms, depth: 4, reason: midgame, opening, tactical, emergency: false
[DEBUG] 19:13:44.541 [AiEngine] Using JS Search
[DEBUG] 19:13:44.541 [AiEngine] Adaptive time: 500ms, depth: 4, reason: midgame, opening, emergency: false
[DEBUG] 19:13:44.541 [AiEngine] Using JS Search
[DEBUG] 19:13:44.541 [AiEngine] Adaptive time: 500ms, depth: 4, reason: midgame, opening, tactical, emergency: false
[DEBUG] 19:13:44.541 [AiEngine] Using JS Search
[DEBUG] 19:13:44.541 [AiEngine] Adaptive time: 500ms, depth: 4, reason: midgame, opening, emergency: false
[DEBUG] 19:13:44.541 [AiEngine] Using JS Search
[DEBUG] 19:13:44.542 [AiEngine] Adaptive time: 500ms, depth: 4, reason: midgame, opening, tactical, emergency: false
[DEBUG] 19:13:44.542 [AiEngine] Using JS Search
[DEBUG] 19:13:44.542 [AiEngine] Adaptive time: 500ms, depth: 4, reason: midgame, opening, emergency: false
[DEBUG] 19:13:44.542 [AiEngine] Using JS Search
[DEBUG] 19:13:44.542 [AiEngine] Adaptive time: 500ms, depth: 4, reason: midgame, opening, tactical, emergency: false
[DEBUG] 19:13:44.542 [AiEngine] Using JS Search
[DEBUG] 19:13:44.542 [AiEngine] Adaptive time: 500ms, depth: 4, reason: midgame, opening, emergency: false
[DEBUG] 19:13:44.542 [AiEngine] Using JS Search
[DEBUG] 19:13:44.542 [AiEngine] Adaptive time: 500ms, depth: 4, reason: midgame, opening, tactical, emergency: false
[DEBUG] 19:13:44.542 [AiEngine] Using JS Search
[DEBUG] 19:13:44.543 [AiEngine] Adaptive time: 500ms, depth: 4, reason: midgame, opening, emergency: false
[DEBUG] 19:13:44.543 [AiEngine] Using JS Search
[DEBUG] 19:13:44.543 [AiEngine] Adaptive time: 500ms, depth: 4, reason: midgame, opening, tactical, emergency: false
[DEBUG] 19:13:44.543 [AiEngine] Using JS Search
[DEBUG] 19:13:44.543 [AiEngine] Adaptive time: 500ms, depth: 4, reason: midgame, opening, emergency: false
[DEBUG] 19:13:44.543 [AiEngine] Using JS Search
[DEBUG] 19:13:44.543 [AiEngine] Adaptive time: 500ms, depth: 4, reason: midgame, opening, tactical, emergency: false
[DEBUG] 19:13:44.543 [AiEngine] Using JS Search
[DEBUG] 19:13:44.543 [AiEngine] Adaptive time: 500ms, depth: 4, reason: midgame, opening, emergency: false
[DEBUG] 19:13:44.543 [AiEngine] Using JS Search
[DEBUG] 19:13:44.544 [AiEngine] Adaptive time: 500ms, depth: 4, reason: midgame, opening, tactical, emergency: false
[DEBUG] 19:13:44.544 [AiEngine] Using JS Search
[DEBUG] 19:13:44.544 [AiEngine] Adaptive time: 500ms, depth: 4, reason: midgame, opening, emergency: false
[DEBUG] 19:13:44.544 [AiEngine] Using JS Search
[DEBUG] 19:13:44.544 [AiEngine] Adaptive time: 500ms, depth: 4, reason: midgame, opening, tactical, emergency: false
[DEBUG] 19:13:44.544 [AiEngine] Using JS Search
[DEBUG] 19:13:44.544 [AiEngine] Adaptive time: 500ms, depth: 4, reason: midgame, opening, emergency: false
[DEBUG] 19:13:44.544 [AiEngine] Using JS Search
[DEBUG] 19:13:44.544 [AiEngine] Adaptive time: 500ms, depth: 4, reason: midgame, opening, tactical, emergency: false
[DEBUG] 19:13:44.544 [AiEngine] Using JS Search
[DEBUG] 19:13:44.545 [AiEngine] Adaptive time: 500ms, depth: 4, reason: midgame, opening, emergency: false
[DEBUG] 19:13:44.545 [AiEngine] Using JS Search
[DEBUG] 19:13:44.545 [AiEngine] Adaptive time: 500ms, depth: 4, reason: midgame, opening, tactical, emergency: false
[DEBUG] 19:13:44.545 [AiEngine] Using JS Search
[DEBUG] 19:13:44.545 [AiEngine] Adaptive time: 500ms, depth: 4, reason: midgame, opening, emergency: false
[DEBUG] 19:13:44.545 [AiEngine] Using JS Search
[DEBUG] 19:13:44.545 [AiEngine] Adaptive time: 500ms, depth: 4, reason: midgame, opening, tactical, emergency: false
[DEBUG] 19:13:44.545 [AiEngine] Using JS Search
[DEBUG] 19:13:44.545 [AiEngine] Adaptive time: 500ms, depth: 4, reason: midgame, opening, emergency: false
[DEBUG] 19:13:44.545 [AiEngine] Using JS Search
[DEBUG] 19:13:44.546 [AiEngine] Adaptive time: 500ms, depth: 4, reason: midgame, opening, tactical, emergency: false
[DEBUG] 19:13:44.546 [AiEngine] Using JS Search
[DEBUG] 19:13:44.546 [AiEngine] Adaptive time: 500ms, depth: 4, reason: midgame, opening, emergency: false
[DEBUG] 19:13:44.546 [AiEngine] Using JS Search
[DEBUG] 19:13:44.546 [AiEngine] Adaptive time: 500ms, depth: 4, reason: midgame, opening, tactical, emergency: false
[DEBUG] 19:13:44.546 [AiEngine] Using JS Search
[DEBUG] 19:13:44.546 [AiEngine] Adaptive time: 3000ms, depth: 5, reason: midgame, emergency: false
[DEBUG] 19:13:44.546 [AiEngine] Using JS Search
[DEBUG] 19:13:44.546 [AiEngine] Adaptive time: 3000ms, depth: 5, reason: midgame, tactical, emergency: false
[DEBUG] 19:13:44.547 [AiEngine] Using JS Search
[DEBUG] 19:13:44.547 [AiEngine] Adaptive time: 3000ms, depth: 5, reason: midgame, emergency: false
[DEBUG] 19:13:44.547 [AiEngine] Using JS Search
[DEBUG] 19:13:44.547 [AiEngine] Adaptive time: 3000ms, depth: 5, reason: midgame, tactical, emergency: false
[DEBUG] 19:13:44.547 [AiEngine] Using JS Search
[DEBUG] 19:13:44.547 [AiEngine] Adaptive time: 3000ms, depth: 5, reason: midgame, emergency: false
[DEBUG] 19:13:44.547 [AiEngine] Using JS Search
[DEBUG] 19:13:44.548 [AiEngine] Adaptive time: 3000ms, depth: 5, reason: midgame, tactical, emergency: false
[DEBUG] 19:13:44.548 [AiEngine] Using JS Search
[DEBUG] 19:13:44.548 [AiEngine] Adaptive time: 3000ms, depth: 5, reason: midgame, emergency: false
[DEBUG] 19:13:44.548 [AiEngine] Using JS Search
[DEBUG] 19:13:44.548 [AiEngine] Adaptive time: 3000ms, depth: 5, reason: midgame, tactical, emergency: false
[DEBUG] 19:13:44.548 [AiEngine] Using JS Search
[DEBUG] 19:13:44.548 [AiEngine] Adaptive time: 3000ms, depth: 5, reason: midgame, emergency: false
[DEBUG] 19:13:44.548 [AiEngine] Using JS Search
[DEBUG] 19:13:44.548 [AiEngine] Adaptive time: 3000ms, depth: 5, reason: midgame, tactical, emergency: false
[DEBUG] 19:13:44.548 [AiEngine] Using JS Search
[DEBUG] 19:13:44.549 [AiEngine] Adaptive time: 3000ms, depth: 5, reason: midgame, emergency: false
[DEBUG] 19:13:44.549 [AiEngine] Using JS Search
[DEBUG] 19:13:44.549 [AiEngine] Adaptive time: 3000ms, depth: 5, reason: midgame, tactical, emergency: false
[DEBUG] 19:13:44.549 [AiEngine] Using JS Search
[DEBUG] 19:13:44.549 [AiEngine] Adaptive time: 3000ms, depth: 5, reason: midgame, emergency: false
[DEBUG] 19:13:44.549 [AiEngine] Using JS Search
[DEBUG] 19:13:44.549 [AiEngine] Adaptive time: 3000ms, depth: 5, reason: midgame, tactical, emergency: false
[DEBUG] 19:13:44.549 [AiEngine] Using JS Search
[DEBUG] 19:13:44.549 [AiEngine] Adaptive time: 3000ms, depth: 5, reason: midgame, emergency: false
[DEBUG] 19:13:44.549 [AiEngine] Using JS Search
[DEBUG] 19:13:44.549 [AiEngine] Adaptive time: 3000ms, depth: 5, reason: midgame, tactical, emergency: false
[DEBUG] 19:13:44.549 [AiEngine] Using JS Search
[DEBUG] 19:13:44.550 [AiEngine] Adaptive time: 3000ms, depth: 5, reason: midgame, emergency: false
[DEBUG] 19:13:44.550 [AiEngine] Using JS Search
[DEBUG] 19:13:44.550 [AiEngine] Adaptive time: 3000ms, depth: 5, reason: midgame, tactical, emergency: false
[DEBUG] 19:13:44.550 [AiEngine] Using JS Search
[DEBUG] 19:13:44.550 [AiEngine] Adaptive time: 3000ms, depth: 5, reason: midgame, emergency: false
[DEBUG] 19:13:44.550 [AiEngine] Using JS Search
[DEBUG] 19:13:44.550 [AiEngine] Adaptive time: 3000ms, depth: 5, reason: midgame, tactical, emergency: false
[DEBUG] 19:13:44.550 [AiEngine] Using JS Search
[DEBUG] 19:13:44.551 [AiEngine] Adaptive time: 3000ms, depth: 5, reason: midgame, emergency: false
[DEBUG] 19:13:44.551 [AiEngine] Using JS Search
[DEBUG] 19:13:44.551 [AiEngine] Adaptive time: 3000ms, depth: 5, reason: midgame, tactical, emergency: false
[DEBUG] 19:13:44.551 [AiEngine] Using JS Search
[DEBUG] 19:13:44.551 [AiEngine] Adaptive time: 3000ms, depth: 5, reason: midgame, emergency: false
[DEBUG] 19:13:44.551 [AiEngine] Using JS Search
[DEBUG] 19:13:44.552 [AiEngine] Adaptive time: 3000ms, depth: 5, reason: midgame, tactical, emergency: false
[DEBUG] 19:13:44.552 [AiEngine] Using JS Search
[DEBUG] 19:13:44.552 [AiEngine] Adaptive time: 3000ms, depth: 5, reason: midgame, emergency: false
[DEBUG] 19:13:44.552 [AiEngine] Using JS Search
[DEBUG] 19:13:44.552 [AiEngine] Adaptive time: 3000ms, depth: 5, reason: midgame, tactical, emergency: false
[DEBUG] 19:13:44.552 [AiEngine] Using JS Search
[DEBUG] 19:13:44.552 [AiEngine] Adaptive time: 3000ms, depth: 5, reason: midgame, emergency: false
[DEBUG] 19:13:44.552 [AiEngine] Using JS Search
[DEBUG] 19:13:44.553 [AiEngine] Adaptive time: 3000ms, depth: 5, reason: midgame, tactical, emergency: false
[DEBUG] 19:13:44.553 [AiEngine] Using JS Search
[DEBUG] 19:13:44.553 [AiEngine] Adaptive time: 3000ms, depth: 5, reason: midgame, emergency: false
[DEBUG] 19:13:44.553 [AiEngine] Using JS Search
[DEBUG] 19:13:44.553 [AiEngine] Adaptive time: 3000ms, depth: 5, reason: midgame, tactical, emergency: false
[DEBUG] 19:13:44.553 [AiEngine] Using JS Search
[DEBUG] 19:13:44.553 [AiEngine] Adaptive time: 3000ms, depth: 5, reason: midgame, emergency: false
[DEBUG] 19:13:44.553 [AiEngine] Using JS Search
[DEBUG] 19:13:44.553 [AiEngine] Adaptive time: 3000ms, depth: 5, reason: midgame, tactical, emergency: false
[DEBUG] 19:13:44.553 [AiEngine] Using JS Search
[DEBUG] 19:13:44.554 [AiEngine] Adaptive time: 3000ms, depth: 5, reason: midgame, emergency: false
[DEBUG] 19:13:44.554 [AiEngine] Using JS Search
[DEBUG] 19:13:44.554 [AiEngine] Adaptive time: 3000ms, depth: 5, reason: midgame, tactical, emergency: false
[DEBUG] 19:13:44.554 [AiEngine] Using JS Search
[DEBUG] 19:13:44.554 [AiEngine] Adaptive time: 3000ms, depth: 5, reason: midgame, emergency: false
[DEBUG] 19:13:44.554 [AiEngine] Using JS Search
[DEBUG] 19:13:44.554 [AiEngine] Adaptive time: 3000ms, depth: 5, reason: midgame, tactical, emergency: false
[DEBUG] 19:13:44.554 [AiEngine] Using JS Search
[DEBUG] 19:13:44.554 [AiEngine] Adaptive time: 3000ms, depth: 5, reason: midgame, emergency: false
[DEBUG] 19:13:44.554 [AiEngine] Using JS Search
[DEBUG] 19:13:44.555 [AiEngine] Adaptive time: 3000ms, depth: 5, reason: midgame, tactical, emergency: false
[DEBUG] 19:13:44.555 [AiEngine] Using JS Search
[DEBUG] 19:13:44.555 [AiEngine] Adaptive time: 3000ms, depth: 5, reason: midgame, emergency: false
[DEBUG] 19:13:44.555 [AiEngine] Using JS Search
[DEBUG] 19:13:44.555 [AiEngine] Adaptive time: 3000ms, depth: 5, reason: midgame, tactical, emergency: false
[DEBUG] 19:13:44.555 [AiEngine] Using JS Search
[DEBUG] 19:13:44.555 [AiEngine] Adaptive time: 3000ms, depth: 5, reason: midgame, emergency: false
[DEBUG] 19:13:44.555 [AiEngine] Using JS Search
[DEBUG] 19:13:44.555 [AiEngine] Adaptive time: 3000ms, depth: 5, reason: midgame, tactical, emergency: false
[DEBUG] 19:13:44.555 [AiEngine] Using JS Search
[DEBUG] 19:13:44.556 [AiEngine] Adaptive time: 3000ms, depth: 5, reason: midgame, emergency: false
[DEBUG] 19:13:44.556 [AiEngine] Using JS Search
[DEBUG] 19:13:44.556 [AiEngine] Adaptive time: 3000ms, depth: 5, reason: midgame, tactical, emergency: false
[DEBUG] 19:13:44.556 [AiEngine] Using JS Search
[DEBUG] 19:13:44.556 [AiEngine] Adaptive time: 3000ms, depth: 5, reason: midgame, emergency: false
[DEBUG] 19:13:44.556 [AiEngine] Using JS Search
[DEBUG] 19:13:44.556 [AiEngine] Adaptive time: 3000ms, depth: 5, reason: midgame, tactical, emergency: false
[DEBUG] 19:13:44.556 [AiEngine] Using JS Search
[DEBUG] 19:13:44.556 [AiEngine] Adaptive time: 3000ms, depth: 5, reason: midgame, emergency: false
[DEBUG] 19:13:44.556 [AiEngine] Using JS Search
[DEBUG] 19:13:44.557 [AiEngine] Adaptive time: 3000ms, depth: 5, reason: midgame, tactical, emergency: false
[DEBUG] 19:13:44.557 [AiEngine] Using JS Search
[DEBUG] 19:13:44.557 [AiEngine] Adaptive time: 3000ms, depth: 5, reason: midgame, emergency: false
[DEBUG] 19:13:44.557 [AiEngine] Using JS Search
[DEBUG] 19:13:44.557 [AiEngine] Adaptive time: 3000ms, depth: 5, reason: midgame, tactical, emergency: false
[DEBUG] 19:13:44.557 [AiEngine] Using JS Search
[DEBUG] 19:13:44.557 [AiEngine] Adaptive time: 3000ms, depth: 5, reason: midgame, emergency: false
[DEBUG] 19:13:44.557 [AiEngine] Using JS Search
[DEBUG] 19:13:44.557 [AiEngine] Adaptive time: 3000ms, depth: 5, reason: midgame, tactical, emergency: false
[DEBUG] 19:13:44.557 [AiEngine] Using JS Search
[DEBUG] 19:13:44.557 [AiEngine] Adaptive time: 3000ms, depth: 5, reason: midgame, emergency: false
[DEBUG] 19:13:44.557 [AiEngine] Using JS Search
[DEBUG] 19:13:44.558 [AiEngine] Adaptive time: 3000ms, depth: 5, reason: midgame, tactical, emergency: false
[DEBUG] 19:13:44.558 [AiEngine] Using JS Search
[DEBUG] 19:13:44.558 [AiEngine] Adaptive time: 3000ms, depth: 5, reason: midgame, emergency: false
[DEBUG] 19:13:44.558 [AiEngine] Using JS Search
[DEBUG] 19:13:44.558 [AiEngine] Adaptive time: 3000ms, depth: 5, reason: midgame, tactical, emergency: false
[DEBUG] 19:13:44.558 [AiEngine] Using JS Search
[DEBUG] 19:13:44.558 [AiEngine] Adaptive time: 3000ms, depth: 5, reason: midgame, emergency: false
[DEBUG] 19:13:44.558 [AiEngine] Using JS Search
[DEBUG] 19:13:44.559 [AiEngine] Adaptive time: 3000ms, depth: 5, reason: midgame, tactical, emergency: false
[DEBUG] 19:13:44.559 [AiEngine] Using JS Search
[DEBUG] 19:13:44.559 [AiEngine] Adaptive time: 3000ms, depth: 5, reason: midgame, emergency: false
[DEBUG] 19:13:44.559 [AiEngine] Using JS Search
[DEBUG] 19:13:44.559 [AiEngine] Adaptive time: 3000ms, depth: 5, reason: midgame, tactical, emergency: false
[DEBUG] 19:13:44.559 [AiEngine] Using JS Search
[DEBUG] 19:13:44.559 [AiEngine] Adaptive time: 500ms, depth: 4, reason: midgame, opening, emergency: false
[DEBUG] 19:13:44.559 [AiEngine] Using JS Search
[DEBUG] 19:13:44.560 [AiEngine] Adaptive time: 500ms, depth: 4, reason: midgame, opening, emergency: false
[DEBUG] 19:13:44.560 [AiEngine] Using JS Search
[DEBUG] 19:13:44.560 [AiEngine] Adaptive time: 500ms, depth: 4, reason: midgame, opening, emergency: false
[DEBUG] 19:13:44.560 [AiEngine] Using JS Search
[DEBUG] 19:13:44.560 [AiEngine] Adaptive time: 500ms, depth: 4, reason: midgame, opening, tactical, emergency: false
[DEBUG] 19:13:44.560 [AiEngine] Using JS Search
[DEBUG] 19:13:44.560 [AiEngine] Adaptive time: 500ms, depth: 4, reason: midgame, opening, emergency: false
[DEBUG] 19:13:44.560 [AiEngine] Using JS Search
[DEBUG] 19:13:44.560 [AiEngine] Adaptive time: 500ms, depth: 4, reason: midgame, opening, tactical, emergency: false
[DEBUG] 19:13:44.560 [AiEngine] Using JS Search
[DEBUG] 19:13:44.561 [AiEngine] Adaptive time: 500ms, depth: 4, reason: midgame, opening, emergency: false
[DEBUG] 19:13:44.561 [AiEngine] Using JS Search
[DEBUG] 19:13:44.561 [AiEngine] Adaptive time: 500ms, depth: 4, reason: midgame, opening, tactical, emergency: false
[DEBUG] 19:13:44.561 [AiEngine] Using JS Search
[DEBUG] 19:13:44.561 [AiEngine] Adaptive time: 500ms, depth: 4, reason: midgame, opening, emergency: false
[DEBUG] 19:13:44.561 [AiEngine] Using JS Search
[DEBUG] 19:13:44.561 [AiEngine] Adaptive time: 500ms, depth: 4, reason: midgame, opening, tactical, emergency: false
[DEBUG] 19:13:44.561 [AiEngine] Using JS Search
[DEBUG] 19:13:44.561 [AiEngine] Adaptive time: 500ms, depth: 4, reason: midgame, opening, emergency: false
[DEBUG] 19:13:44.561 [AiEngine] Using JS Search
[DEBUG] 19:13:44.561 [AiEngine] Adaptive time: 500ms, depth: 4, reason: midgame, opening, tactical, emergency: false
[DEBUG] 19:13:44.561 [AiEngine] Using JS Search
[DEBUG] 19:13:44.562 [AiEngine] Adaptive time: 500ms, depth: 4, reason: midgame, opening, emergency: false
[DEBUG] 19:13:44.562 [AiEngine] Using JS Search
[DEBUG] 19:13:44.562 [AiEngine] Adaptive time: 500ms, depth: 4, reason: midgame, opening, tactical, emergency: false
[DEBUG] 19:13:44.562 [AiEngine] Using JS Search
[DEBUG] 19:13:44.562 [AiEngine] Adaptive time: 500ms, depth: 4, reason: midgame, opening, emergency: false
[DEBUG] 19:13:44.562 [AiEngine] Using JS Search
[DEBUG] 19:13:44.562 [AiEngine] Adaptive time: 500ms, depth: 4, reason: midgame, opening, tactical, emergency: false
[DEBUG] 19:13:44.562 [AiEngine] Using JS Search
[DEBUG] 19:13:44.562 [AiEngine] Adaptive time: 500ms, depth: 4, reason: midgame, opening, emergency: false
[DEBUG] 19:13:44.562 [AiEngine] Using JS Search
[DEBUG] 19:13:44.563 [AiEngine] Adaptive time: 500ms, depth: 4, reason: midgame, opening, tactical, emergency: false
[DEBUG] 19:13:44.563 [AiEngine] Using JS Search
[DEBUG] 19:13:44.563 [AiEngine] Adaptive time: 500ms, depth: 4, reason: midgame, opening, emergency: false
[DEBUG] 19:13:44.563 [AiEngine] Using JS Search
[DEBUG] 19:13:44.563 [AiEngine] Adaptive time: 500ms, depth: 4, reason: midgame, opening, tactical, emergency: false
[DEBUG] 19:13:44.563 [AiEngine] Using JS Search
[DEBUG] 19:13:44.563 [AiEngine] Adaptive time: 500ms, depth: 4, reason: midgame, opening, emergency: false
[DEBUG] 19:13:44.563 [AiEngine] Using JS Search
[DEBUG] 19:13:44.563 [AiEngine] Adaptive time: 500ms, depth: 4, reason: midgame, opening, tactical, emergency: false
[DEBUG] 19:13:44.563 [AiEngine] Using JS Search
[DEBUG] 19:13:44.564 [AiEngine] Adaptive time: 500ms, depth: 4, reason: midgame, opening, emergency: false
[DEBUG] 19:13:44.564 [AiEngine] Using JS Search
[DEBUG] 19:13:44.564 [AiEngine] Adaptive time: 500ms, depth: 4, reason: midgame, opening, tactical, emergency: false
[DEBUG] 19:13:44.564 [AiEngine] Using JS Search
[DEBUG] 19:13:44.564 [AiEngine] Adaptive time: 500ms, depth: 4, reason: midgame, opening, emergency: false
[DEBUG] 19:13:44.564 [AiEngine] Using JS Search
[DEBUG] 19:13:44.564 [AiEngine] Adaptive time: 500ms, depth: 4, reason: midgame, opening, tactical, emergency: false
[DEBUG] 19:13:44.564 [AiEngine] Using JS Search
[DEBUG] 19:13:44.564 [AiEngine] Adaptive time: 500ms, depth: 4, reason: midgame, opening, emergency: false
[DEBUG] 19:13:44.564 [AiEngine] Using JS Search
[DEBUG] 19:13:44.564 [AiEngine] Adaptive time: 500ms, depth: 4, reason: midgame, opening, tactical, emergency: false
[DEBUG] 19:13:44.564 [AiEngine] Using JS Search
[DEBUG] 19:13:44.565 [AiEngine] Adaptive time: 500ms, depth: 4, reason: midgame, opening, emergency: false
[DEBUG] 19:13:44.565 [AiEngine] Using JS Search
[DEBUG] 19:13:44.565 [AiEngine] Adaptive time: 500ms, depth: 4, reason: midgame, opening, tactical, emergency: false
[DEBUG] 19:13:44.565 [AiEngine] Using JS Search
[DEBUG] 19:13:44.565 [AiEngine] Adaptive time: 500ms, depth: 4, reason: midgame, opening, emergency: false
[DEBUG] 19:13:44.565 [AiEngine] Using JS Search
[DEBUG] 19:13:44.565 [AiEngine] Adaptive time: 500ms, depth: 4, reason: midgame, opening, tactical, emergency: false
[DEBUG] 19:13:44.565 [AiEngine] Using JS Search
[DEBUG] 19:13:44.565 [AiEngine] Adaptive time: 500ms, depth: 4, reason: midgame, opening, emergency: false
[DEBUG] 19:13:44.565 [AiEngine] Using JS Search
[DEBUG] 19:13:44.566 [AiEngine] Adaptive time: 500ms, depth: 4, reason: midgame, opening, tactical, emergency: false
[DEBUG] 19:13:44.566 [AiEngine] Using JS Search
[DEBUG] 19:13:44.566 [AiEngine] Adaptive time: 500ms, depth: 4, reason: midgame, opening, emergency: false
[DEBUG] 19:13:44.566 [AiEngine] Using JS Search
[DEBUG] 19:13:44.566 [AiEngine] Adaptive time: 500ms, depth: 4, reason: midgame, opening, tactical, emergency: false
[DEBUG] 19:13:44.566 [AiEngine] Using JS Search
[DEBUG] 19:13:44.566 [AiEngine] Adaptive time: 500ms, depth: 4, reason: midgame, opening, emergency: false
[DEBUG] 19:13:44.566 [AiEngine] Using JS Search
[DEBUG] 19:13:44.566 [AiEngine] Adaptive time: 500ms, depth: 4, reason: midgame, opening, tactical, emergency: false
[DEBUG] 19:13:44.566 [AiEngine] Using JS Search
[DEBUG] 19:13:44.566 [AiEngine] Adaptive time: 500ms, depth: 4, reason: midgame, opening, emergency: false
[DEBUG] 19:13:44.566 [AiEngine] Using JS Search
[DEBUG] 19:13:44.567 [AiEngine] Adaptive time: 500ms, depth: 4, reason: midgame, opening, tactical, emergency: false
[DEBUG] 19:13:44.567 [AiEngine] Using JS Search
[DEBUG] 19:13:44.567 [AiEngine] Adaptive time: 3000ms, depth: 5, reason: midgame, emergency: false
[DEBUG] 19:13:44.567 [AiEngine] Using JS Search
[DEBUG] 19:13:44.567 [AiEngine] Adaptive time: 3000ms, depth: 5, reason: midgame, tactical, emergency: false
[DEBUG] 19:13:44.567 [AiEngine] Using JS Search
[DEBUG] 19:13:44.567 [AiEngine] Adaptive time: 3000ms, depth: 5, reason: midgame, emergency: false
[DEBUG] 19:13:44.567 [AiEngine] Using JS Search
[DEBUG] 19:13:44.567 [AiEngine] Adaptive time: 3000ms, depth: 5, reason: midgame, tactical, emergency: false
[DEBUG] 19:13:44.567 [AiEngine] Using JS Search
[DEBUG] 19:13:44.568 [AiEngine] Adaptive time: 3000ms, depth: 5, reason: midgame, emergency: false
[DEBUG] 19:13:44.568 [AiEngine] Using JS Search
[DEBUG] 19:13:44.568 [AiEngine] Adaptive time: 3000ms, depth: 5, reason: midgame, tactical, emergency: false
[DEBUG] 19:13:44.568 [AiEngine] Using JS Search
[DEBUG] 19:13:44.568 [AiEngine] Adaptive time: 3000ms, depth: 5, reason: midgame, emergency: false
[DEBUG] 19:13:44.568 [AiEngine] Using JS Search
[DEBUG] 19:13:44.568 [AiEngine] Adaptive time: 3000ms, depth: 5, reason: midgame, tactical, emergency: false
[DEBUG] 19:13:44.568 [AiEngine] Using JS Search
[DEBUG] 19:13:44.568 [AiEngine] Adaptive time: 3000ms, depth: 5, reason: midgame, emergency: false
[DEBUG] 19:13:44.568 [AiEngine] Using JS Search
[DEBUG] 19:13:44.569 [AiEngine] Adaptive time: 3000ms, depth: 5, reason: midgame, tactical, emergency: false
[DEBUG] 19:13:44.569 [AiEngine] Using JS Search
[DEBUG] 19:13:44.569 [AiEngine] Adaptive time: 3000ms, depth: 5, reason: midgame, emergency: false
[DEBUG] 19:13:44.569 [AiEngine] Using JS Search
[DEBUG] 19:13:44.569 [AiEngine] Adaptive time: 3000ms, depth: 5, reason: midgame, tactical, emergency: false
[DEBUG] 19:13:44.569 [AiEngine] Using JS Search
[DEBUG] 19:13:44.569 [AiEngine] Adaptive time: 3000ms, depth: 5, reason: midgame, emergency: false
[DEBUG] 19:13:44.569 [AiEngine] Using JS Search
[DEBUG] 19:13:44.570 [AiEngine] Adaptive time: 3000ms, depth: 5, reason: midgame, tactical, emergency: false
[DEBUG] 19:13:44.570 [AiEngine] Using JS Search
[DEBUG] 19:13:44.570 [AiEngine] Adaptive time: 3000ms, depth: 5, reason: midgame, emergency: false
[DEBUG] 19:13:44.570 [AiEngine] Using JS Search
[DEBUG] 19:13:44.570 [AiEngine] Adaptive time: 3000ms, depth: 5, reason: midgame, tactical, emergency: false
[DEBUG] 19:13:44.570 [AiEngine] Using JS Search
[DEBUG] 19:13:44.570 [AiEngine] Adaptive time: 3000ms, depth: 5, reason: midgame, emergency: false
[DEBUG] 19:13:44.570 [AiEngine] Using JS Search
[DEBUG] 19:13:44.570 [AiEngine] Adaptive time: 3000ms, depth: 5, reason: midgame, tactical, emergency: false
[DEBUG] 19:13:44.570 [AiEngine] Using JS Search
[DEBUG] 19:13:44.571 [AiEngine] Adaptive time: 3000ms, depth: 5, reason: midgame, emergency: false
[DEBUG] 19:13:44.571 [AiEngine] Using JS Search
[DEBUG] 19:13:44.571 [AiEngine] Adaptive time: 3000ms, depth: 5, reason: midgame, tactical, emergency: false
[DEBUG] 19:13:44.571 [AiEngine] Using JS Search
[DEBUG] 19:13:44.571 [AiEngine] Adaptive time: 3000ms, depth: 5, reason: midgame, emergency: false
[DEBUG] 19:13:44.571 [AiEngine] Using JS Search
[DEBUG] 19:13:44.571 [AiEngine] Adaptive time: 3000ms, depth: 5, reason: midgame, tactical, emergency: false
[DEBUG] 19:13:44.571 [AiEngine] Using JS Search
[DEBUG] 19:13:44.571 [AiEngine] Adaptive time: 3000ms, depth: 5, reason: midgame, emergency: false
[DEBUG] 19:13:44.571 [AiEngine] Using JS Search
[DEBUG] 19:13:44.572 [AiEngine] Adaptive time: 3000ms, depth: 5, reason: midgame, tactical, emergency: false
[DEBUG] 19:13:44.572 [AiEngine] Using JS Search
[DEBUG] 19:13:44.572 [AiEngine] Adaptive time: 3000ms, depth: 5, reason: midgame, emergency: false
[DEBUG] 19:13:44.572 [AiEngine] Using JS Search
[DEBUG] 19:13:44.572 [AiEngine] Adaptive time: 3000ms, depth: 5, reason: midgame, tactical, emergency: false
[DEBUG] 19:13:44.572 [AiEngine] Using JS Search
[DEBUG] 19:13:44.572 [AiEngine] Adaptive time: 3000ms, depth: 5, reason: midgame, emergency: false
[DEBUG] 19:13:44.572 [AiEngine] Using JS Search
[DEBUG] 19:13:44.572 [AiEngine] Adaptive time: 3000ms, depth: 5, reason: midgame, tactical, emergency: false
[DEBUG] 19:13:44.572 [AiEngine] Using JS Search
[DEBUG] 19:13:44.573 [AiEngine] Adaptive time: 3000ms, depth: 5, reason: midgame, emergency: false
[DEBUG] 19:13:44.573 [AiEngine] Using JS Search
[DEBUG] 19:13:44.573 [AiEngine] Adaptive time: 3000ms, depth: 5, reason: midgame, tactical, emergency: false
[DEBUG] 19:13:44.573 [AiEngine] Using JS Search
[DEBUG] 19:13:44.573 [AiEngine] Adaptive time: 3000ms, depth: 5, reason: midgame, emergency: false
[DEBUG] 19:13:44.573 [AiEngine] Using JS Search
[DEBUG] 19:13:44.573 [AiEngine] Adaptive time: 3000ms, depth: 5, reason: midgame, tactical, emergency: false
[DEBUG] 19:13:44.573 [AiEngine] Using JS Search
[DEBUG] 19:13:44.573 [AiEngine] Adaptive time: 3000ms, depth: 5, reason: midgame, emergency: false
[DEBUG] 19:13:44.573 [AiEngine] Using JS Search
[DEBUG] 19:13:44.574 [AiEngine] Adaptive time: 3000ms, depth: 5, reason: midgame, tactical, emergency: false
[DEBUG] 19:13:44.574 [AiEngine] Using JS Search
[DEBUG] 19:13:44.574 [AiEngine] Adaptive time: 3000ms, depth: 5, reason: midgame, emergency: false
[DEBUG] 19:13:44.574 [AiEngine] Using JS Search
[DEBUG] 19:13:44.574 [AiEngine] Adaptive time: 3000ms, depth: 5, reason: midgame, tactical, emergency: false
[DEBUG] 19:13:44.574 [AiEngine] Using JS Search
[DEBUG] 19:13:44.574 [AiEngine] Adaptive time: 3000ms, depth: 5, reason: midgame, emergency: false
[DEBUG] 19:13:44.574 [AiEngine] Using JS Search
[DEBUG] 19:13:44.574 [AiEngine] Adaptive time: 3000ms, depth: 5, reason: midgame, tactical, emergency: false
[DEBUG] 19:13:44.574 [AiEngine] Using JS Search
[DEBUG] 19:13:44.575 [AiEngine] Adaptive time: 3000ms, depth: 5, reason: midgame, emergency: false
[DEBUG] 19:13:44.575 [AiEngine] Using JS Search
[DEBUG] 19:13:44.575 [AiEngine] Adaptive time: 3000ms, depth: 5, reason: midgame, tactical, emergency: false
[DEBUG] 19:13:44.575 [AiEngine] Using JS Search
[DEBUG] 19:13:44.575 [AiEngine] Adaptive time: 3000ms, depth: 5, reason: midgame, emergency: false
[DEBUG] 19:13:44.575 [AiEngine] Using JS Search
[DEBUG] 19:13:44.575 [AiEngine] Adaptive time: 3000ms, depth: 5, reason: midgame, tactical, emergency: false
[DEBUG] 19:13:44.575 [AiEngine] Using JS Search
[DEBUG] 19:13:44.575 [AiEngine] Adaptive time: 3000ms, depth: 5, reason: midgame, emergency: false
[DEBUG] 19:13:44.575 [AiEngine] Using JS Search
[DEBUG] 19:13:44.575 [AiEngine] Adaptive time: 3000ms, depth: 5, reason: midgame, tactical, emergency: false
[DEBUG] 19:13:44.575 [AiEngine] Using JS Search
[DEBUG] 19:13:44.576 [AiEngine] Adaptive time: 3000ms, depth: 5, reason: midgame, emergency: false
[DEBUG] 19:13:44.576 [AiEngine] Using JS Search
[DEBUG] 19:13:44.576 [AiEngine] Adaptive time: 3000ms, depth: 5, reason: midgame, tactical, emergency: false
[DEBUG] 19:13:44.576 [AiEngine] Using JS Search
[DEBUG] 19:13:44.576 [AiEngine] Adaptive time: 3000ms, depth: 5, reason: midgame, emergency: false
[DEBUG] 19:13:44.576 [AiEngine] Using JS Search
[DEBUG] 19:13:44.576 [AiEngine] Adaptive time: 3000ms, depth: 5, reason: midgame, tactical, emergency: false
[DEBUG] 19:13:44.576 [AiEngine] Using JS Search
[DEBUG] 19:13:44.576 [AiEngine] Adaptive time: 3000ms, depth: 5, reason: midgame, emergency: false
[DEBUG] 19:13:44.576 [AiEngine] Using JS Search
[DEBUG] 19:13:44.577 [AiEngine] Adaptive time: 3000ms, depth: 5, reason: midgame, tactical, emergency: false
[DEBUG] 19:13:44.577 [AiEngine] Using JS Search
[DEBUG] 19:13:44.577 [AiEngine] Adaptive time: 3000ms, depth: 5, reason: midgame, emergency: false
[DEBUG] 19:13:44.577 [AiEngine] Using JS Search
[DEBUG] 19:13:44.577 [AiEngine] Adaptive time: 3000ms, depth: 5, reason: midgame, tactical, emergency: false
[DEBUG] 19:13:44.577 [AiEngine] Using JS Search
[DEBUG] 19:13:44.577 [AiEngine] Adaptive time: 3000ms, depth: 5, reason: midgame, emergency: false
[DEBUG] 19:13:44.577 [AiEngine] Using JS Search
[DEBUG] 19:13:44.577 [AiEngine] Adaptive time: 3000ms, depth: 5, reason: midgame, tactical, emergency: false
[DEBUG] 19:13:44.577 [AiEngine] Using JS Search
[DEBUG] 19:13:44.577 [AiEngine] Adaptive time: 3000ms, depth: 5, reason: midgame, emergency: false
[DEBUG] 19:13:44.577 [AiEngine] Using JS Search
[DEBUG] 19:13:44.578 [AiEngine] Adaptive time: 3000ms, depth: 5, reason: midgame, tactical, emergency: false
[DEBUG] 19:13:44.578 [AiEngine] Using JS Search
[DEBUG] 19:13:44.578 [AiEngine] Adaptive time: 3000ms, depth: 5, reason: midgame, emergency: false
[DEBUG] 19:13:44.578 [AiEngine] Using JS Search
[DEBUG] 19:13:44.578 [AiEngine] Adaptive time: 3000ms, depth: 5, reason: midgame, tactical, emergency: false
[DEBUG] 19:13:44.578 [AiEngine] Using JS Search
[DEBUG] 19:13:44.578 [AiEngine] Adaptive time: 3000ms, depth: 5, reason: midgame, emergency: false
[DEBUG] 19:13:44.578 [AiEngine] Using JS Search
[DEBUG] 19:13:44.578 [AiEngine] Adaptive time: 3000ms, depth: 5, reason: midgame, tactical, emergency: false
[DEBUG] 19:13:44.578 [AiEngine] Using JS Search
[DEBUG] 19:13:44.579 [AiEngine] Adaptive time: 500ms, depth: 4, reason: midgame, opening, emergency: false
[DEBUG] 19:13:44.579 [AiEngine] Using JS Search
[DEBUG] 19:13:44.579 [AiEngine] Adaptive time: 500ms, depth: 4, reason: midgame, opening, emergency: false
[DEBUG] 19:13:44.579 [AiEngine] Using JS Search
[DEBUG] 19:13:44.579 [AiEngine] Adaptive time: 500ms, depth: 4, reason: midgame, opening, emergency: false
[DEBUG] 19:13:44.579 [AiEngine] Using JS Search
[DEBUG] 19:13:44.579 [AiEngine] Adaptive time: 500ms, depth: 4, reason: midgame, opening, tactical, emergency: false
[DEBUG] 19:13:44.579 [AiEngine] Using JS Search
[DEBUG] 19:13:44.579 [AiEngine] Adaptive time: 500ms, depth: 4, reason: midgame, opening, emergency: false
[DEBUG] 19:13:44.579 [AiEngine] Using JS Search
[DEBUG] 19:13:44.580 [AiEngine] Adaptive time: 500ms, depth: 4, reason: midgame, opening, tactical, emergency: false
[DEBUG] 19:13:44.580 [AiEngine] Using JS Search
[DEBUG] 19:13:44.580 [AiEngine] Adaptive time: 500ms, depth: 4, reason: midgame, opening, emergency: false
[DEBUG] 19:13:44.580 [AiEngine] Using JS Search
[DEBUG] 19:13:44.580 [AiEngine] Adaptive time: 500ms, depth: 4, reason: midgame, opening, tactical, emergency: false
[DEBUG] 19:13:44.580 [AiEngine] Using JS Search
[DEBUG] 19:13:44.580 [AiEngine] Adaptive time: 500ms, depth: 4, reason: midgame, opening, emergency: false
[DEBUG] 19:13:44.580 [AiEngine] Using JS Search
[DEBUG] 19:13:44.581 [AiEngine] Adaptive time: 500ms, depth: 4, reason: midgame, opening, tactical, emergency: false
[DEBUG] 19:13:44.581 [AiEngine] Using JS Search
[DEBUG] 19:13:44.581 [AiEngine] Adaptive time: 500ms, depth: 4, reason: midgame, opening, emergency: false
[DEBUG] 19:13:44.581 [AiEngine] Using JS Search
[DEBUG] 19:13:44.581 [AiEngine] Adaptive time: 500ms, depth: 4, reason: midgame, opening, tactical, emergency: false
[DEBUG] 19:13:44.581 [AiEngine] Using JS Search
[DEBUG] 19:13:44.581 [AiEngine] Adaptive time: 500ms, depth: 4, reason: midgame, opening, emergency: false
[DEBUG] 19:13:44.581 [AiEngine] Using JS Search
[DEBUG] 19:13:44.581 [AiEngine] Adaptive time: 500ms, depth: 4, reason: midgame, opening, tactical, emergency: false
[DEBUG] 19:13:44.581 [AiEngine] Using JS Search
[DEBUG] 19:13:44.581 [AiEngine] Adaptive time: 500ms, depth: 4, reason: midgame, opening, emergency: false
[DEBUG] 19:13:44.581 [AiEngine] Using JS Search
[DEBUG] 19:13:44.582 [AiEngine] Adaptive time: 500ms, depth: 4, reason: midgame, opening, tactical, emergency: false
[DEBUG] 19:13:44.582 [AiEngine] Using JS Search
[DEBUG] 19:13:44.582 [AiEngine] Adaptive time: 500ms, depth: 4, reason: midgame, opening, emergency: false
[DEBUG] 19:13:44.582 [AiEngine] Using JS Search
[DEBUG] 19:13:44.582 [AiEngine] Adaptive time: 500ms, depth: 4, reason: midgame, opening, tactical, emergency: false
[DEBUG] 19:13:44.582 [AiEngine] Using JS Search
[DEBUG] 19:13:44.582 [AiEngine] Adaptive time: 500ms, depth: 4, reason: midgame, opening, emergency: false
[DEBUG] 19:13:44.582 [AiEngine] Using JS Search
[DEBUG] 19:13:44.582 [AiEngine] Adaptive time: 500ms, depth: 4, reason: midgame, opening, tactical, emergency: false
[DEBUG] 19:13:44.582 [AiEngine] Using JS Search
[DEBUG] 19:13:44.583 [AiEngine] Adaptive time: 500ms, depth: 4, reason: midgame, opening, emergency: false
[DEBUG] 19:13:44.583 [AiEngine] Using JS Search
[DEBUG] 19:13:44.583 [AiEngine] Adaptive time: 500ms, depth: 4, reason: midgame, opening, tactical, emergency: false
[DEBUG] 19:13:44.583 [AiEngine] Using JS Search
[DEBUG] 19:13:44.583 [AiEngine] Adaptive time: 500ms, depth: 4, reason: midgame, opening, emergency: false
[DEBUG] 19:13:44.583 [AiEngine] Using JS Search
[DEBUG] 19:13:44.583 [AiEngine] Adaptive time: 500ms, depth: 4, reason: midgame, opening, tactical, emergency: false
[DEBUG] 19:13:44.583 [AiEngine] Using JS Search
[DEBUG] 19:13:44.583 [AiEngine] Adaptive time: 500ms, depth: 4, reason: midgame, opening, emergency: false
[DEBUG] 19:13:44.583 [AiEngine] Using JS Search
[DEBUG] 19:13:44.584 [AiEngine] Adaptive time: 500ms, depth: 4, reason: midgame, opening, tactical, emergency: false
[DEBUG] 19:13:44.584 [AiEngine] Using JS Search
[DEBUG] 19:13:44.584 [AiEngine] Adaptive time: 500ms, depth: 4, reason: midgame, opening, emergency: false
[DEBUG] 19:13:44.584 [AiEngine] Using JS Search
[DEBUG] 19:13:44.584 [AiEngine] Adaptive time: 500ms, depth: 4, reason: midgame, opening, tactical, emergency: false
[DEBUG] 19:13:44.584 [AiEngine] Using JS Search
[DEBUG] 19:13:44.584 [AiEngine] Adaptive time: 500ms, depth: 4, reason: midgame, opening, emergency: false
[DEBUG] 19:13:44.584 [AiEngine] Using JS Search
[DEBUG] 19:13:44.584 [AiEngine] Adaptive time: 500ms, depth: 4, reason: midgame, opening, tactical, emergency: false
[DEBUG] 19:13:44.584 [AiEngine] Using JS Search
[DEBUG] 19:13:44.584 [AiEngine] Adaptive time: 500ms, depth: 4, reason: midgame, opening, emergency: false
[DEBUG] 19:13:44.585 [AiEngine] Using JS Search
[DEBUG] 19:13:44.585 [AiEngine] Adaptive time: 500ms, depth: 4, reason: midgame, opening, tactical, emergency: false
[DEBUG] 19:13:44.585 [AiEngine] Using JS Search
[DEBUG] 19:13:44.585 [AiEngine] Adaptive time: 500ms, depth: 4, reason: midgame, opening, emergency: false
[DEBUG] 19:13:44.585 [AiEngine] Using JS Search
[DEBUG] 19:13:44.585 [AiEngine] Adaptive time: 500ms, depth: 4, reason: midgame, opening, tactical, emergency: false
[DEBUG] 19:13:44.585 [AiEngine] Using JS Search
[DEBUG] 19:13:44.585 [AiEngine] Adaptive time: 500ms, depth: 4, reason: midgame, opening, emergency: false
[DEBUG] 19:13:44.585 [AiEngine] Using JS Search
[DEBUG] 19:13:44.585 [AiEngine] Adaptive time: 500ms, depth: 4, reason: midgame, opening, tactical, emergency: false
[DEBUG] 19:13:44.585 [AiEngine] Using JS Search
[DEBUG] 19:13:44.586 [AiEngine] Adaptive time: 500ms, depth: 4, reason: midgame, opening, emergency: false
[DEBUG] 19:13:44.586 [AiEngine] Using JS Search
[DEBUG] 19:13:44.586 [AiEngine] Adaptive time: 500ms, depth: 4, reason: midgame, opening, tactical, emergency: false
[DEBUG] 19:13:44.586 [AiEngine] Using JS Search
[DEBUG] 19:13:44.586 [AiEngine] Adaptive time: 500ms, depth: 4, reason: midgame, opening, emergency: false
[DEBUG] 19:13:44.586 [AiEngine] Using JS Search
[DEBUG] 19:13:44.586 [AiEngine] Adaptive time: 500ms, depth: 4, reason: midgame, opening, tactical, emergency: false
[DEBUG] 19:13:44.586 [AiEngine] Using JS Search
[DEBUG] 19:13:44.586 [AiEngine] Adaptive time: 3000ms, depth: 5, reason: midgame, emergency: false
[DEBUG] 19:13:44.586 [AiEngine] Using JS Search
[DEBUG] 19:13:44.587 [AiEngine] Adaptive time: 3000ms, depth: 5, reason: midgame, tactical, emergency: false
[DEBUG] 19:13:44.587 [AiEngine] Using JS Search
[DEBUG] 19:13:44.587 [AiEngine] Adaptive time: 3000ms, depth: 5, reason: midgame, emergency: false
[DEBUG] 19:13:44.587 [AiEngine] Using JS Search
[DEBUG] 19:13:44.587 [AiEngine] Adaptive time: 3000ms, depth: 5, reason: midgame, tactical, emergency: false
[DEBUG] 19:13:44.587 [AiEngine] Using JS Search
[DEBUG] 19:13:44.587 [AiEngine] Adaptive time: 3000ms, depth: 5, reason: midgame, emergency: false
[DEBUG] 19:13:44.587 [AiEngine] Using JS Search
[DEBUG] 19:13:44.587 [AiEngine] Adaptive time: 3000ms, depth: 5, reason: midgame, tactical, emergency: false
[DEBUG] 19:13:44.587 [AiEngine] Using JS Search
[DEBUG] 19:13:44.587 [AiEngine] Adaptive time: 3000ms, depth: 5, reason: midgame, emergency: false
[DEBUG] 19:13:44.587 [AiEngine] Using JS Search
[DEBUG] 19:13:44.588 [AiEngine] Adaptive time: 3000ms, depth: 5, reason: midgame, tactical, emergency: false
[DEBUG] 19:13:44.588 [AiEngine] Using JS Search
[DEBUG] 19:13:44.588 [AiEngine] Adaptive time: 3000ms, depth: 5, reason: midgame, emergency: false
[DEBUG] 19:13:44.588 [AiEngine] Using JS Search
[DEBUG] 19:13:44.588 [AiEngine] Adaptive time: 3000ms, depth: 5, reason: midgame, tactical, emergency: false
[DEBUG] 19:13:44.588 [AiEngine] Using JS Search
[DEBUG] 19:13:44.588 [AiEngine] Adaptive time: 3000ms, depth: 5, reason: midgame, emergency: false
[DEBUG] 19:13:44.588 [AiEngine] Using JS Search
[DEBUG] 19:13:44.588 [AiEngine] Adaptive time: 3000ms, depth: 5, reason: midgame, tactical, emergency: false
[DEBUG] 19:13:44.588 [AiEngine] Using JS Search
[DEBUG] 19:13:44.589 [AiEngine] Adaptive time: 3000ms, depth: 5, reason: midgame, emergency: false
[DEBUG] 19:13:44.589 [AiEngine] Using JS Search
[DEBUG] 19:13:44.589 [AiEngine] Adaptive time: 3000ms, depth: 5, reason: midgame, tactical, emergency: false
[DEBUG] 19:13:44.589 [AiEngine] Using JS Search
[DEBUG] 19:13:44.589 [AiEngine] Adaptive time: 3000ms, depth: 5, reason: midgame, emergency: false
[DEBUG] 19:13:44.589 [AiEngine] Using JS Search
[DEBUG] 19:13:44.589 [AiEngine] Adaptive time: 3000ms, depth: 5, reason: midgame, tactical, emergency: false
[DEBUG] 19:13:44.589 [AiEngine] Using JS Search
[DEBUG] 19:13:44.589 [AiEngine] Adaptive time: 3000ms, depth: 5, reason: midgame, emergency: false
[DEBUG] 19:13:44.589 [AiEngine] Using JS Search
[DEBUG] 19:13:44.590 [AiEngine] Adaptive time: 3000ms, depth: 5, reason: midgame, tactical, emergency: false
[DEBUG] 19:13:44.590 [AiEngine] Using JS Search
[DEBUG] 19:13:44.590 [AiEngine] Adaptive time: 3000ms, depth: 5, reason: midgame, emergency: false
[DEBUG] 19:13:44.590 [AiEngine] Using JS Search
[DEBUG] 19:13:44.590 [AiEngine] Adaptive time: 3000ms, depth: 5, reason: midgame, tactical, emergency: false
[DEBUG] 19:13:44.590 [AiEngine] Using JS Search
[DEBUG] 19:13:44.590 [AiEngine] Adaptive time: 3000ms, depth: 5, reason: midgame, emergency: false
[DEBUG] 19:13:44.590 [AiEngine] Using JS Search
[DEBUG] 19:13:44.591 [AiEngine] Adaptive time: 3000ms, depth: 5, reason: midgame, tactical, emergency: false
[DEBUG] 19:13:44.591 [AiEngine] Using JS Search
[DEBUG] 19:13:44.591 [AiEngine] Adaptive time: 3000ms, depth: 5, reason: midgame, emergency: false
[DEBUG] 19:13:44.591 [AiEngine] Using JS Search
[DEBUG] 19:13:44.591 [AiEngine] Adaptive time: 3000ms, depth: 5, reason: midgame, tactical, emergency: false
[DEBUG] 19:13:44.591 [AiEngine] Using JS Search
[DEBUG] 19:13:44.591 [AiEngine] Adaptive time: 3000ms, depth: 5, reason: midgame, emergency: false
[DEBUG] 19:13:44.591 [AiEngine] Using JS Search
[DEBUG] 19:13:44.591 [AiEngine] Adaptive time: 3000ms, depth: 5, reason: midgame, tactical, emergency: false
[DEBUG] 19:13:44.591 [AiEngine] Using JS Search
[DEBUG] 19:13:44.591 [AiEngine] Adaptive time: 3000ms, depth: 5, reason: midgame, emergency: false
[DEBUG] 19:13:44.591 [AiEngine] Using JS Search
[DEBUG] 19:13:44.592 [AiEngine] Adaptive time: 3000ms, depth: 5, reason: midgame, tactical, emergency: false
[DEBUG] 19:13:44.592 [AiEngine] Using JS Search
[DEBUG] 19:13:44.592 [AiEngine] Adaptive time: 3000ms, depth: 5, reason: midgame, emergency: false
[DEBUG] 19:13:44.592 [AiEngine] Using JS Search
[DEBUG] 19:13:44.592 [AiEngine] Adaptive time: 3000ms, depth: 5, reason: midgame, tactical, emergency: false
[DEBUG] 19:13:44.592 [AiEngine] Using JS Search
[DEBUG] 19:13:44.592 [AiEngine] Adaptive time: 3000ms, depth: 5, reason: midgame, emergency: false
[DEBUG] 19:13:44.592 [AiEngine] Using JS Search
[DEBUG] 19:13:44.592 [AiEngine] Adaptive time: 3000ms, depth: 5, reason: midgame, tactical, emergency: false
[DEBUG] 19:13:44.592 [AiEngine] Using JS Search
[DEBUG] 19:13:44.593 [AiEngine] Adaptive time: 3000ms, depth: 5, reason: midgame, emergency: false
[DEBUG] 19:13:44.593 [AiEngine] Using JS Search
[DEBUG] 19:13:44.593 [AiEngine] Adaptive time: 3000ms, depth: 5, reason: midgame, tactical, emergency: false
[DEBUG] 19:13:44.593 [AiEngine] Using JS Search
[DEBUG] 19:13:44.593 [AiEngine] Adaptive time: 3000ms, depth: 5, reason: midgame, emergency: false
[DEBUG] 19:13:44.593 [AiEngine] Using JS Search
[DEBUG] 19:13:44.593 [AiEngine] Adaptive time: 3000ms, depth: 5, reason: midgame, tactical, emergency: false
[DEBUG] 19:13:44.593 [AiEngine] Using JS Search
[DEBUG] 19:13:44.593 [AiEngine] Adaptive time: 3000ms, depth: 5, reason: midgame, emergency: false
[DEBUG] 19:13:44.593 [AiEngine] Using JS Search
[DEBUG] 19:13:44.594 [AiEngine] Adaptive time: 3000ms, depth: 5, reason: midgame, tactical, emergency: false
[DEBUG] 19:13:44.594 [AiEngine] Using JS Search
[DEBUG] 19:13:44.594 [AiEngine] Adaptive time: 3000ms, depth: 5, reason: midgame, emergency: false
[DEBUG] 19:13:44.594 [AiEngine] Using JS Search
[DEBUG] 19:13:44.594 [AiEngine] Adaptive time: 3000ms, depth: 5, reason: midgame, tactical, emergency: false
[DEBUG] 19:13:44.594 [AiEngine] Using JS Search
[DEBUG] 19:13:44.594 [AiEngine] Adaptive time: 3000ms, depth: 5, reason: midgame, emergency: false
[DEBUG] 19:13:44.594 [AiEngine] Using JS Search
[DEBUG] 19:13:44.594 [AiEngine] Adaptive time: 3000ms, depth: 5, reason: midgame, tactical, emergency: false
[DEBUG] 19:13:44.594 [AiEngine] Using JS Search
[DEBUG] 19:13:44.594 [AiEngine] Adaptive time: 3000ms, depth: 5, reason: midgame, emergency: false
[DEBUG] 19:13:44.594 [AiEngine] Using JS Search
[DEBUG] 19:13:44.595 [AiEngine] Adaptive time: 3000ms, depth: 5, reason: midgame, tactical, emergency: false
[DEBUG] 19:13:44.595 [AiEngine] Using JS Search
[DEBUG] 19:13:44.595 [AiEngine] Adaptive time: 3000ms, depth: 5, reason: midgame, emergency: false
[DEBUG] 19:13:44.595 [AiEngine] Using JS Search
[DEBUG] 19:13:44.595 [AiEngine] Adaptive time: 3000ms, depth: 5, reason: midgame, tactical, emergency: false
[DEBUG] 19:13:44.595 [AiEngine] Using JS Search
[DEBUG] 19:13:44.595 [AiEngine] Adaptive time: 3000ms, depth: 5, reason: midgame, emergency: false
[DEBUG] 19:13:44.595 [AiEngine] Using JS Search
[DEBUG] 19:13:44.596 [AiEngine] Adaptive time: 3000ms, depth: 5, reason: midgame, tactical, emergency: false
[DEBUG] 19:13:44.596 [AiEngine] Using JS Search
[DEBUG] 19:13:44.596 [AiEngine] Adaptive time: 3000ms, depth: 5, reason: midgame, emergency: false
[DEBUG] 19:13:44.596 [AiEngine] Using JS Search
[DEBUG] 19:13:44.596 [AiEngine] Adaptive time: 3000ms, depth: 5, reason: midgame, tactical, emergency: false
[DEBUG] 19:13:44.596 [AiEngine] Using JS Search
[DEBUG] 19:13:44.596 [AiEngine] Adaptive time: 3000ms, depth: 5, reason: midgame, emergency: false
[DEBUG] 19:13:44.596 [AiEngine] Using JS Search
[DEBUG] 19:13:44.596 [AiEngine] Adaptive time: 3000ms, depth: 5, reason: midgame, tactical, emergency: false
[DEBUG] 19:13:44.596 [AiEngine] Using JS Search
[DEBUG] 19:13:44.596 [AiEngine] Adaptive time: 3000ms, depth: 5, reason: midgame, emergency: false
[DEBUG] 19:13:44.596 [AiEngine] Using JS Search
[DEBUG] 19:13:44.597 [AiEngine] Adaptive time: 3000ms, depth: 5, reason: midgame, tactical, emergency: false
[DEBUG] 19:13:44.597 [AiEngine] Using JS Search
[DEBUG] 19:13:44.597 [AiEngine] Adaptive time: 3000ms, depth: 5, reason: midgame, emergency: false
[DEBUG] 19:13:44.597 [AiEngine] Using JS Search
[DEBUG] 19:13:44.597 [AiEngine] Adaptive time: 3000ms, depth: 5, reason: midgame, tactical, emergency: false
[DEBUG] 19:13:44.597 [AiEngine] Using JS Search
[DEBUG] 19:13:44.597 [AiEngine] Adaptive time: 3000ms, depth: 5, reason: midgame, emergency: false
[DEBUG] 19:13:44.597 [AiEngine] Using JS Search
[DEBUG] 19:13:44.597 [AiEngine] Adaptive time: 3000ms, depth: 5, reason: midgame, tactical, emergency: false
[DEBUG] 19:13:44.597 [AiEngine] Using JS Search
[DEBUG] 19:13:44.598 [AiEngine] Adaptive time: 3000ms, depth: 5, reason: midgame, emergency: false
[DEBUG] 19:13:44.598 [AiEngine] Using JS Search
[DEBUG] 19:13:44.598 [AiEngine] Adaptive time: 3000ms, depth: 5, reason: midgame, tactical, emergency: false
[DEBUG] 19:13:44.598 [AiEngine] Using JS Search
[DEBUG] 19:13:44.598 [AiEngine] Adaptive time: 500ms, depth: 4, reason: midgame, opening, emergency: false
[DEBUG] 19:13:44.598 [AiEngine] Using JS Search
[DEBUG] 19:13:44.598 [AiEngine] Adaptive time: 500ms, depth: 4, reason: midgame, opening, emergency: false
[DEBUG] 19:13:44.598 [AiEngine] Using JS Search
[DEBUG] 19:13:44.598 [AiEngine] Adaptive time: 500ms, depth: 4, reason: midgame, opening, emergency: false
[DEBUG] 19:13:44.598 [AiEngine] Using JS Search
[DEBUG] 19:13:44.598 [AiEngine] Adaptive time: 500ms, depth: 4, reason: midgame, opening, tactical, emergency: false
[DEBUG] 19:13:44.598 [AiEngine] Using JS Search
[DEBUG] 19:13:44.599 [AiEngine] Adaptive time: 500ms, depth: 4, reason: midgame, opening, emergency: false
[DEBUG] 19:13:44.599 [AiEngine] Using JS Search
[DEBUG] 19:13:44.599 [AiEngine] Adaptive time: 500ms, depth: 4, reason: midgame, opening, tactical, emergency: false
[DEBUG] 19:13:44.599 [AiEngine] Using JS Search
[DEBUG] 19:13:44.599 [AiEngine] Adaptive time: 500ms, depth: 4, reason: midgame, opening, emergency: false
[DEBUG] 19:13:44.599 [AiEngine] Using JS Search
[DEBUG] 19:13:44.599 [AiEngine] Adaptive time: 500ms, depth: 4, reason: midgame, opening, tactical, emergency: false
[DEBUG] 19:13:44.599 [AiEngine] Using JS Search
[DEBUG] 19:13:44.599 [AiEngine] Adaptive time: 500ms, depth: 4, reason: midgame, opening, emergency: false
[DEBUG] 19:13:44.599 [AiEngine] Using JS Search
[DEBUG] 19:13:44.600 [AiEngine] Adaptive time: 500ms, depth: 4, reason: midgame, opening, tactical, emergency: false
[DEBUG] 19:13:44.600 [AiEngine] Using JS Search
[DEBUG] 19:13:44.600 [AiEngine] Adaptive time: 500ms, depth: 4, reason: midgame, opening, emergency: false
[DEBUG] 19:13:44.600 [AiEngine] Using JS Search
[DEBUG] 19:13:44.600 [AiEngine] Adaptive time: 500ms, depth: 4, reason: midgame, opening, tactical, emergency: false
[DEBUG] 19:13:44.600 [AiEngine] Using JS Search
[DEBUG] 19:13:44.600 [AiEngine] Adaptive time: 500ms, depth: 4, reason: midgame, opening, emergency: false
[DEBUG] 19:13:44.600 [AiEngine] Using JS Search
[DEBUG] 19:13:44.601 [AiEngine] Adaptive time: 500ms, depth: 4, reason: midgame, opening, tactical, emergency: false
[DEBUG] 19:13:44.601 [AiEngine] Using JS Search
[DEBUG] 19:13:44.601 [AiEngine] Adaptive time: 500ms, depth: 4, reason: midgame, opening, emergency: false
[DEBUG] 19:13:44.601 [AiEngine] Using JS Search
[DEBUG] 19:13:44.601 [AiEngine] Adaptive time: 500ms, depth: 4, reason: midgame, opening, tactical, emergency: false
[DEBUG] 19:13:44.601 [AiEngine] Using JS Search
[DEBUG] 19:13:44.601 [AiEngine] Adaptive time: 500ms, depth: 4, reason: midgame, opening, emergency: false
[DEBUG] 19:13:44.601 [AiEngine] Using JS Search
[DEBUG] 19:13:44.601 [AiEngine] Adaptive time: 500ms, depth: 4, reason: midgame, opening, tactical, emergency: false
[DEBUG] 19:13:44.601 [AiEngine] Using JS Search
[DEBUG] 19:13:44.602 [AiEngine] Adaptive time: 500ms, depth: 4, reason: midgame, opening, emergency: false
[DEBUG] 19:13:44.602 [AiEngine] Using JS Search
[DEBUG] 19:13:44.602 [AiEngine] Adaptive time: 500ms, depth: 4, reason: midgame, opening, tactical, emergency: false
[DEBUG] 19:13:44.602 [AiEngine] Using JS Search
[DEBUG] 19:13:44.602 [AiEngine] Adaptive time: 500ms, depth: 4, reason: midgame, opening, emergency: false
[DEBUG] 19:13:44.602 [AiEngine] Using JS Search
[DEBUG] 19:13:44.602 [AiEngine] Adaptive time: 500ms, depth: 4, reason: midgame, opening, tactical, emergency: false
[DEBUG] 19:13:44.602 [AiEngine] Using JS Search
[DEBUG] 19:13:44.602 [AiEngine] Adaptive time: 500ms, depth: 4, reason: midgame, opening, emergency: false
[DEBUG] 19:13:44.602 [AiEngine] Using JS Search
[DEBUG] 19:13:44.603 [AiEngine] Adaptive time: 500ms, depth: 4, reason: midgame, opening, tactical, emergency: false
[DEBUG] 19:13:44.603 [AiEngine] Using JS Search
[DEBUG] 19:13:44.603 [AiEngine] Adaptive time: 500ms, depth: 4, reason: midgame, opening, emergency: false
[DEBUG] 19:13:44.603 [AiEngine] Using JS Search
[DEBUG] 19:13:44.603 [AiEngine] Adaptive time: 500ms, depth: 4, reason: midgame, opening, tactical, emergency: false
[DEBUG] 19:13:44.603 [AiEngine] Using JS Search
[DEBUG] 19:13:44.603 [AiEngine] Adaptive time: 500ms, depth: 4, reason: midgame, opening, emergency: false
[DEBUG] 19:13:44.603 [AiEngine] Using JS Search
[DEBUG] 19:13:44.603 [AiEngine] Adaptive time: 500ms, depth: 4, reason: midgame, opening, tactical, emergency: false
[DEBUG] 19:13:44.603 [AiEngine] Using JS Search
[DEBUG] 19:13:44.603 [AiEngine] Adaptive time: 500ms, depth: 4, reason: midgame, opening, emergency: false
[DEBUG] 19:13:44.603 [AiEngine] Using JS Search
[DEBUG] 19:13:44.604 [AiEngine] Adaptive time: 500ms, depth: 4, reason: midgame, opening, tactical, emergency: false
[DEBUG] 19:13:44.604 [AiEngine] Using JS Search
[DEBUG] 19:13:44.604 [AiEngine] Adaptive time: 500ms, depth: 4, reason: midgame, opening, emergency: false
[DEBUG] 19:13:44.604 [AiEngine] Using JS Search
[DEBUG] 19:13:44.604 [AiEngine] Adaptive time: 500ms, depth: 4, reason: midgame, opening, tactical, emergency: false
[DEBUG] 19:13:44.604 [AiEngine] Using JS Search
[DEBUG] 19:13:44.604 [AiEngine] Adaptive time: 500ms, depth: 4, reason: midgame, opening, emergency: false
[DEBUG] 19:13:44.604 [AiEngine] Using JS Search
[DEBUG] 19:13:44.605 [AiEngine] Adaptive time: 500ms, depth: 4, reason: midgame, opening, tactical, emergency: false
[DEBUG] 19:13:44.605 [AiEngine] Using JS Search
[DEBUG] 19:13:44.605 [AiEngine] Adaptive time: 500ms, depth: 4, reason: midgame, opening, emergency: false
[DEBUG] 19:13:44.605 [AiEngine] Using JS Search
[DEBUG] 19:13:44.605 [AiEngine] Adaptive time: 500ms, depth: 4, reason: midgame, opening, tactical, emergency: false
[DEBUG] 19:13:44.605 [AiEngine] Using JS Search
[DEBUG] 19:13:44.605 [AiEngine] Adaptive time: 500ms, depth: 4, reason: midgame, opening, emergency: false
[DEBUG] 19:13:44.605 [AiEngine] Using JS Search
[DEBUG] 19:13:44.605 [AiEngine] Adaptive time: 500ms, depth: 4, reason: midgame, opening, tactical, emergency: false
[DEBUG] 19:13:44.605 [AiEngine] Using JS Search
[DEBUG] 19:13:44.606 [AiEngine] Adaptive time: 500ms, depth: 4, reason: midgame, opening, emergency: false
[DEBUG] 19:13:44.606 [AiEngine] Using JS Search
[DEBUG] 19:13:44.606 [AiEngine] Adaptive time: 500ms, depth: 4, reason: midgame, opening, tactical, emergency: false
[DEBUG] 19:13:44.606 [AiEngine] Using JS Search
[DEBUG] 19:13:44.606 [AiEngine] Adaptive time: 3000ms, depth: 5, reason: midgame, emergency: false
[DEBUG] 19:13:44.606 [AiEngine] Using JS Search
[DEBUG] 19:13:44.606 [AiEngine] Adaptive time: 3000ms, depth: 5, reason: midgame, tactical, emergency: false
[DEBUG] 19:13:44.606 [AiEngine] Using JS Search
[DEBUG] 19:13:44.607 [AiEngine] Adaptive time: 3000ms, depth: 5, reason: midgame, emergency: false
[DEBUG] 19:13:44.607 [AiEngine] Using JS Search
[DEBUG] 19:13:44.607 [AiEngine] Adaptive time: 3000ms, depth: 5, reason: midgame, tactical, emergency: false
[DEBUG] 19:13:44.607 [AiEngine] Using JS Search
[DEBUG] 19:13:44.607 [AiEngine] Adaptive time: 3000ms, depth: 5, reason: midgame, emergency: false
[DEBUG] 19:13:44.607 [AiEngine] Using JS Search
[DEBUG] 19:13:44.607 [AiEngine] Adaptive time: 3000ms, depth: 5, reason: midgame, tactical, emergency: false
[DEBUG] 19:13:44.607 [AiEngine] Using JS Search
[DEBUG] 19:13:44.607 [AiEngine] Adaptive time: 3000ms, depth: 5, reason: midgame, emergency: false
[DEBUG] 19:13:44.607 [AiEngine] Using JS Search
[DEBUG] 19:13:44.608 [AiEngine] Adaptive time: 3000ms, depth: 5, reason: midgame, tactical, emergency: false
[DEBUG] 19:13:44.608 [AiEngine] Using JS Search
[DEBUG] 19:13:44.608 [AiEngine] Adaptive time: 3000ms, depth: 5, reason: midgame, emergency: false
[DEBUG] 19:13:44.608 [AiEngine] Using JS Search
[DEBUG] 19:13:44.608 [AiEngine] Adaptive time: 3000ms, depth: 5, reason: midgame, tactical, emergency: false
[DEBUG] 19:13:44.608 [AiEngine] Using JS Search
[DEBUG] 19:13:44.608 [AiEngine] Adaptive time: 3000ms, depth: 5, reason: midgame, emergency: false
[DEBUG] 19:13:44.608 [AiEngine] Using JS Search
[DEBUG] 19:13:44.609 [AiEngine] Adaptive time: 3000ms, depth: 5, reason: midgame, tactical, emergency: false
[DEBUG] 19:13:44.609 [AiEngine] Using JS Search
[DEBUG] 19:13:44.609 [AiEngine] Adaptive time: 3000ms, depth: 5, reason: midgame, emergency: false
[DEBUG] 19:13:44.609 [AiEngine] Using JS Search
[DEBUG] 19:13:44.609 [AiEngine] Adaptive time: 3000ms, depth: 5, reason: midgame, tactical, emergency: false
[DEBUG] 19:13:44.609 [AiEngine] Using JS Search
[DEBUG] 19:13:44.609 [AiEngine] Adaptive time: 3000ms, depth: 5, reason: midgame, emergency: false
[DEBUG] 19:13:44.609 [AiEngine] Using JS Search
[DEBUG] 19:13:44.609 [AiEngine] Adaptive time: 3000ms, depth: 5, reason: midgame, tactical, emergency: false
[DEBUG] 19:13:44.609 [AiEngine] Using JS Search
[DEBUG] 19:13:44.609 [AiEngine] Adaptive time: 3000ms, depth: 5, reason: midgame, emergency: false
[DEBUG] 19:13:44.609 [AiEngine] Using JS Search
[DEBUG] 19:13:44.610 [AiEngine] Adaptive time: 3000ms, depth: 5, reason: midgame, tactical, emergency: false
[DEBUG] 19:13:44.610 [AiEngine] Using JS Search
[DEBUG] 19:13:44.610 [AiEngine] Adaptive time: 3000ms, depth: 5, reason: midgame, emergency: false
[DEBUG] 19:13:44.610 [AiEngine] Using JS Search
[DEBUG] 19:13:44.610 [AiEngine] Adaptive time: 3000ms, depth: 5, reason: midgame, tactical, emergency: false
[DEBUG] 19:13:44.610 [AiEngine] Using JS Search
[DEBUG] 19:13:44.610 [AiEngine] Adaptive time: 3000ms, depth: 5, reason: midgame, emergency: false
[DEBUG] 19:13:44.610 [AiEngine] Using JS Search
[DEBUG] 19:13:44.610 [AiEngine] Adaptive time: 3000ms, depth: 5, reason: midgame, tactical, emergency: false
[DEBUG] 19:13:44.610 [AiEngine] Using JS Search
[DEBUG] 19:13:44.611 [AiEngine] Adaptive time: 3000ms, depth: 5, reason: midgame, emergency: false
[DEBUG] 19:13:44.611 [AiEngine] Using JS Search
[DEBUG] 19:13:44.611 [AiEngine] Adaptive time: 3000ms, depth: 5, reason: midgame, tactical, emergency: false
[DEBUG] 19:13:44.611 [AiEngine] Using JS Search
[DEBUG] 19:13:44.611 [AiEngine] Adaptive time: 3000ms, depth: 5, reason: midgame, emergency: false
[DEBUG] 19:13:44.611 [AiEngine] Using JS Search
[DEBUG] 19:13:44.611 [AiEngine] Adaptive time: 3000ms, depth: 5, reason: midgame, tactical, emergency: false
[DEBUG] 19:13:44.611 [AiEngine] Using JS Search
[DEBUG] 19:13:44.612 [AiEngine] Adaptive time: 3000ms, depth: 5, reason: midgame, emergency: false
[DEBUG] 19:13:44.612 [AiEngine] Using JS Search
[DEBUG] 19:13:44.612 [AiEngine] Adaptive time: 3000ms, depth: 5, reason: midgame, tactical, emergency: false
[DEBUG] 19:13:44.612 [AiEngine] Using JS Search
[DEBUG] 19:13:44.612 [AiEngine] Adaptive time: 3000ms, depth: 5, reason: midgame, emergency: false
[DEBUG] 19:13:44.612 [AiEngine] Using JS Search
[DEBUG] 19:13:44.612 [AiEngine] Adaptive time: 3000ms, depth: 5, reason: midgame, tactical, emergency: false
[DEBUG] 19:13:44.612 [AiEngine] Using JS Search
[DEBUG] 19:13:44.612 [AiEngine] Adaptive time: 3000ms, depth: 5, reason: midgame, emergency: false
[DEBUG] 19:13:44.612 [AiEngine] Using JS Search
[DEBUG] 19:13:44.613 [AiEngine] Adaptive time: 3000ms, depth: 5, reason: midgame, tactical, emergency: false
[DEBUG] 19:13:44.613 [AiEngine] Using JS Search
[DEBUG] 19:13:44.613 [AiEngine] Adaptive time: 3000ms, depth: 5, reason: midgame, emergency: false
[DEBUG] 19:13:44.613 [AiEngine] Using JS Search
[DEBUG] 19:13:44.613 [AiEngine] Adaptive time: 3000ms, depth: 5, reason: midgame, tactical, emergency: false
[DEBUG] 19:13:44.613 [AiEngine] Using JS Search
[DEBUG] 19:13:44.613 [AiEngine] Adaptive time: 3000ms, depth: 5, reason: midgame, emergency: false
[DEBUG] 19:13:44.613 [AiEngine] Using JS Search
[DEBUG] 19:13:44.613 [AiEngine] Adaptive time: 3000ms, depth: 5, reason: midgame, tactical, emergency: false
[DEBUG] 19:13:44.613 [AiEngine] Using JS Search
[DEBUG] 19:13:44.613 [AiEngine] Adaptive time: 3000ms, depth: 5, reason: midgame, emergency: false
[DEBUG] 19:13:44.613 [AiEngine] Using JS Search
[DEBUG] 19:13:44.614 [AiEngine] Adaptive time: 3000ms, depth: 5, reason: midgame, tactical, emergency: false
[DEBUG] 19:13:44.614 [AiEngine] Using JS Search
[DEBUG] 19:13:44.614 [AiEngine] Adaptive time: 3000ms, depth: 5, reason: midgame, emergency: false
[DEBUG] 19:13:44.614 [AiEngine] Using JS Search
[DEBUG] 19:13:44.614 [AiEngine] Adaptive time: 3000ms, depth: 5, reason: midgame, tactical, emergency: false
[DEBUG] 19:13:44.614 [AiEngine] Using JS Search
[DEBUG] 19:13:44.614 [AiEngine] Adaptive time: 3000ms, depth: 5, reason: midgame, emergency: false
[DEBUG] 19:13:44.614 [AiEngine] Using JS Search
[DEBUG] 19:13:44.614 [AiEngine] Adaptive time: 3000ms, depth: 5, reason: midgame, tactical, emergency: false
[DEBUG] 19:13:44.614 [AiEngine] Using JS Search
[DEBUG] 19:13:44.615 [AiEngine] Adaptive time: 3000ms, depth: 5, reason: midgame, emergency: false
[DEBUG] 19:13:44.615 [AiEngine] Using JS Search
[DEBUG] 19:13:44.615 [AiEngine] Adaptive time: 3000ms, depth: 5, reason: midgame, tactical, emergency: false
[DEBUG] 19:13:44.615 [AiEngine] Using JS Search
[DEBUG] 19:13:44.615 [AiEngine] Adaptive time: 3000ms, depth: 5, reason: midgame, emergency: false
[DEBUG] 19:13:44.615 [AiEngine] Using JS Search
[DEBUG] 19:13:44.615 [AiEngine] Adaptive time: 3000ms, depth: 5, reason: midgame, tactical, emergency: false
[DEBUG] 19:13:44.615 [AiEngine] Using JS Search
[DEBUG] 19:13:44.615 [AiEngine] Adaptive time: 3000ms, depth: 5, reason: midgame, emergency: false
[DEBUG] 19:13:44.615 [AiEngine] Using JS Search
[DEBUG] 19:13:44.615 [AiEngine] Adaptive time: 3000ms, depth: 5, reason: midgame, tactical, emergency: false
[DEBUG] 19:13:44.615 [AiEngine] Using JS Search
[DEBUG] 19:13:44.616 [AiEngine] Adaptive time: 3000ms, depth: 5, reason: midgame, emergency: false
[DEBUG] 19:13:44.616 [AiEngine] Using JS Search
[DEBUG] 19:13:44.616 [AiEngine] Adaptive time: 3000ms, depth: 5, reason: midgame, tactical, emergency: false
[DEBUG] 19:13:44.616 [AiEngine] Using JS Search
[DEBUG] 19:13:44.616 [AiEngine] Adaptive time: 3000ms, depth: 5, reason: midgame, emergency: false
[DEBUG] 19:13:44.616 [AiEngine] Using JS Search
[DEBUG] 19:13:44.616 [AiEngine] Adaptive time: 3000ms, depth: 5, reason: midgame, tactical, emergency: false
[DEBUG] 19:13:44.616 [AiEngine] Using JS Search
[DEBUG] 19:13:44.616 [AiEngine] Adaptive time: 3000ms, depth: 5, reason: midgame, emergency: false
[DEBUG] 19:13:44.616 [AiEngine] Using JS Search
[DEBUG] 19:13:44.617 [AiEngine] Adaptive time: 3000ms, depth: 5, reason: midgame, tactical, emergency: false
[DEBUG] 19:13:44.617 [AiEngine] Using JS Search
[DEBUG] 19:13:44.617 [AiEngine] Adaptive time: 3000ms, depth: 5, reason: midgame, emergency: false
[DEBUG] 19:13:44.617 [AiEngine] Using JS Search
[DEBUG] 19:13:44.617 [AiEngine] Adaptive time: 3000ms, depth: 5, reason: midgame, tactical, emergency: false
[DEBUG] 19:13:44.617 [AiEngine] Using JS Search
[DEBUG] 19:13:44.617 [AiEngine] Adaptive time: 3000ms, depth: 5, reason: midgame, emergency: false
[DEBUG] 19:13:44.617 [AiEngine] Using JS Search
[DEBUG] 19:13:44.617 [AiEngine] Adaptive time: 3000ms, depth: 5, reason: midgame, tactical, emergency: false
[DEBUG] 19:13:44.617 [AiEngine] Using JS Search
[DEBUG] 19:13:44.618 [AiEngine] Adaptive time: 3000ms, depth: 5, reason: midgame, emergency: false
[DEBUG] 19:13:44.618 [AiEngine] Using JS Search
[DEBUG] 19:13:44.618 [AiEngine] Adaptive time: 3000ms, depth: 5, reason: midgame, tactical, emergency: false
[DEBUG] 19:13:44.618 [AiEngine] Using JS Search
MATCH balanced@e2500@d5-d5-vs-aggressive@e2500 | balanced@d2500 vs aggressive@d2500 | GAMES=80 W=12 B=15 D=53 | avgMoves=40.0 avgMaxDepth=4.8 avgNps=10378 | blunders=0 mistakes=0 | eloDiff(W over B)=-13
